trial,k28,k29,k30,k31,sfll,
1,b588,a2e8,801c,7fbe,12ad,
2,6e4c,6f52,9a81,7fbe,53da,
3,214d,a2e8,2269,7fbe,b0d8,
4,0000,4d43,913a,7fbe,a05d,
5,bb9d,a2e8,9f19,7fbe,0da8,
6,6155,a2e8,92b1,7fbe,f209,
7,7241,a2e8,a856,7fbe,3ae7,
8,75d1,a2e8,92b1,7fbe,d978,
9,16c8,22f1,52b0,ffbe,5a04,
10,0000,a2aa,e730,7fbe,7581,
11,5855,6efc,b6b9,7fbe,1a4b,
12,a4fa,a2e8,92b1,7fbe,c5af,
13,83ce,a2e8,b724,7fbe,2595,
14,0000,3880,30f0,7ebe,86ae,
15,c296,e3f8,92b9,7fbe,dfe0,
16,7817,a9ea,9ab1,7bbe,9f6f,
17,0000,d3e8,b2b1,7fbe,985f,
18,ed75,a2e8,92b1,7fbe,8553,
19,0000,763c,9a94,7fbe,c4fa,
20,0000,ca4b,02b5,7fbc,4430,
21,6051,a2e8,92b1,7fbe,65e0,
22,4b1d,a2e8,92b1,7fbe,c409,
23,6555,a2e8,92b1,7fbe,a14b,
24,e155,a2e8,92b1,7fbe,afa8,
25,6e5c,a2e8,bf17,7fbe,2da6,
26,08f6,a3c8,92b1,7fbe,f636,
27,2155,a2e8,92b1,7fbe,de9a,
28,0000,aa64,1e13,7fbe,d6f8,
29,5954,a264,92b5,7fbe,7ff7,
30,0000,8855,92ad,7fbe,2a1d,
31,7090,a2e8,de0f,7fbe,4cbe,
32,120b,d0a5,b1b1,7ebe,9607,
33,eb1f,2f31,d290,7fbe,0db2,
34,5378,a2e8,92b1,7fbe,22bc,
35,7175,a2e8,92b1,7fbe,5777,
36,0000,ad08,9d51,7fbe,0fe0,
37,ab4f,26e9,10b1,7fbe,105c,
38,68a4,228b,92b0,7fbe,c9cb,
39,c00a,a2e8,92b1,7fbe,810f,
40,3a17,a2e8,92b1,7fbe,5b42,
41,3306,a2e8,92b1,7fbe,5253,
42,f0be,a3a9,e298,7fbe,7029,
43,0000,f2e0,52b0,ffbe,9329,
44,0000,25a4,b43b,7fbe,f80e,
45,0000,2489,1291,7fbe,7d41,
46,0000,b2e0,d2b1,7fbe,7ae1,
47,0000,31ef,92b9,7fbe,931b,
48,0000,1209,3298,7fbe,dd93,
49,0d39,aae8,92b1,7fbe,782d,
50,0000,3057,d371,7fbe,10ff,
51,6155,a2e8,92b1,7fbe,9bba,
52,7155,a2e8,92b1,7fbe,4b23,
53,0000,b373,92f1,7fbe,111b,
54,6115,a2e8,92b1,7fbe,b457,
55,9d60,20c0,92a1,7fbe,26c5,
56,0000,4e5e,7e07,7fbe,ecb6,
57,735f,a2e8,92b1,7fbe,36c3,
58,6a06,a2ec,92b1,7fbe,0316,
59,6955,a2e8,92b1,7fbe,bf9e,
60,ccdc,a2e8,3383,7fbe,a132,
61,6755,a2e8,92b1,7fbe,3971,
62,6155,a2e8,92b1,7fbe,38fc,
63,6155,a2e8,92b1,7fbe,21d7,
64,7110,a2e8,bd41,7fbe,2ff0,
65,6157,a2e8,92b1,7fbe,2f26,
66,6155,a2e8,92b1,7fbe,01d2,
67,0000,a2e9,92b1,7fbe,dc77,
68,6155,a2e8,92b1,7fbe,e013,
69,ce75,a479,b0b9,7fbe,6389,
70,6155,a2e8,92b1,7fbe,2664,
71,6555,a2e8,92b1,7fbe,f147,
72,7831,a2e8,761d,7fbe,e4ac,
73,6115,a2e8,92b1,7fbe,05c4,
74,6585,a268,92f1,7fbe,47dc,
75,0000,087e,3827,7fbe,aa96,
76,7155,a2e8,12c2,7fbe,8073,
77,2114,a2e8,92b1,7fbe,7d52,
78,0000,96fa,f2bb,7fbe,b40a,
79,6955,a2e8,92b1,7fbe,3e51,
80,61d5,a2e8,92b1,7fbe,8543,
81,19e3,a2e8,0b91,7fbe,9920,
82,6115,a2e8,92b1,7fbe,a845,
83,1193,a2e8,6390,7fbe,f121,
84,2155,a2e8,92b1,7fbe,7599,
85,7155,a2e8,92b1,7fbe,e6cd,
86,0000,466a,3433,7fbe,a682,
87,2157,a2e8,92b1,7fbe,014f,
88,f7b7,a2e8,92b1,7fbe,96e2,
89,5863,a2e8,92f5,7fbc,336c,
90,74d5,82ea,82b1,7fbe,b0ea,
91,0000,5e18,d6a2,7fbe,36f7,
92,70a1,a2e8,92b1,7fbe,01f4,
93,1902,a2e8,92b1,7fbe,7857,
94,0000,28e3,92b0,7fbe,8228,
95,4219,a2e0,a392,7fbe,3123,
96,0000,d2ec,b2b1,7fbe,c19d,
97,215d,a2e8,92b1,7fbe,91fe,
98,6955,a2e8,92b1,7fbe,03e0,
99,0000,f2e0,52b0,ffbe,9329,
100,3156,204b,96b0,7fbe,00ea,
101,b200,a2e8,92b1,7fbe,d355,
102,3057,a2e8,238d,7fbe,b13c,
103,0000,9439,ba31,7fbe,5fd1,
104,6955,a2e8,92b1,7fbe,b73a,
105,2645,aae8,96b1,7fbe,0202,
106,6115,a2e8,92b1,7fbe,6987,
107,0000,82b5,b2ec,7fbe,205d,
108,5159,a2e8,d5e7,7fbe,4756,
109,0000,6b98,b3bd,7fbe,8a68,
110,046c,397a,92b1,7fbe,9b92,
111,0000,1389,21f0,7fbe,b351,
112,60d5,a2e8,92b1,7fbe,7161,
113,6155,a2e8,92b1,7fbe,af69,
114,862e,b2e8,d26b,7fbe,40da,
115,6322,b2e8,92b1,7fbe,2a15,
116,6115,a2e8,92b1,7fbe,6359,
117,6155,a2e8,92b1,7fbe,a333,
118,4768,a698,9281,7fbe,6f38,
119,bb10,aac0,3005,7fbe,a2b4,
120,7155,a2e8,92b1,7fbe,792d,
121,ce75,a479,b0b9,7fbe,6389,
122,0000,f79e,ff6a,7fbe,66e2,
123,59db,e2ec,b2b1,7fbe,d960,
124,0985,87ba,92b1,7fbe,2552,
125,6155,a2e8,92b1,7fbe,b7f1,
126,0000,1a17,8aa1,77be,1c30,
127,6145,a2e8,92b1,7fbe,2f88,
128,7051,a2e8,92b1,7fbe,2f6b,
129,0000,3400,f270,7fbe,e760,
130,2e26,a2e8,5ddf,7fbe,cf6e,
131,83f4,22e8,db9d,7fbe,492c,
132,38b9,b2ec,92b1,7fbe,61a5,
133,7115,a2e8,92b1,7fbe,f617,
134,6115,a2e8,92b1,7fbe,8ccb,
135,f377,bae8,9ab1,7fbe,3484,
136,0000,d577,b6b1,7fbe,1f9f,
137,0000,3ba2,7889,7fbe,8b25,
138,1532,a2e8,92b1,7fbe,7527,
139,d010,a2e8,70c2,7fbe,e273,
140,75d5,92ea,82b1,7fbe,9ad2,
141,4454,fe04,12b1,7fbe,dced,
142,6116,a2e8,92b1,7fbe,a5e9,
143,1532,a2e8,92b1,7fbe,7527,
144,eed5,a6e8,92b1,7fbe,24d2,
145,6957,a2e8,92b1,7fbe,e7d8,
146,6155,a2e8,92b1,7fbe,a0e1,
147,a7e4,76d5,9291,7fbe,d45d,
148,0000,8b0c,523b,3fbe,3926,
149,6155,a2e8,92b1,7fbe,4838,
150,e1d5,a2e8,92b1,7fbe,315d,
151,1b85,a2e8,92b1,7fbe,7ad0,
152,0000,f3ec,b0b1,7ebe,8ec6,
153,2979,62e0,d2b1,7fbe,960b,
154,6555,a2e8,92b1,7fbe,ac3a,
155,4155,a2e8,92b1,7fbe,a0c6,
156,aa63,a2e8,cdbc,7fbe,5f0d,
157,b544,a2cb,92b0,7fbe,4999,
158,0000,7489,92b1,7fbe,d6e1,
159,6115,a2e8,92b1,7fbe,9eed,
160,6c15,a2e8,92b1,7fbe,8c28,
161,189a,82e8,02c6,7fbe,9077,
162,6b64,a2ea,92b0,7fbe,ef84,
163,0000,83b0,14f8,7fbe,2a7d,
164,0000,a269,7bcb,7fbe,e97a,
165,c9c9,82e8,92b1,7fbe,d898,
166,1921,e2f9,12b1,7fbe,d449,
167,6155,a2e8,92b1,7fbe,2712,
168,9d7d,a2e8,92b1,7fbe,fc28,
169,0000,1a84,9ad1,7fbe,a8ec,
170,6891,a2e8,92b1,7fbe,0bc4,
171,6157,a2e8,92b1,7fbe,9983,
172,c4b0,a2e8,92b1,7fbe,27e5,
173,1035,e1ec,b3b1,7fbe,9de3,
174,a01b,a2e8,92b1,7fbe,c34e,
175,6ab5,d7b9,93b1,7fbe,7751,
176,61f5,a2e8,b7cd,7fbe,257c,
177,6151,a2e8,92b1,7fbe,631e,
178,fcad,a368,9231,7fbe,75c8,
179,0000,fd1a,82b1,7fbe,6ff0,
180,e10e,a2e8,92b1,7fbe,811a,
181,2c73,a2e8,9228,7fbe,0099,
182,0000,0050,96b0,7fbe,aabb,
183,baa3,a2e8,92b1,7fbe,dbb6,
184,0000,aaea,5c5c,7fbe,ceed,
185,7155,a2e8,92b1,7fbe,e9d8,
186,981e,02f6,9ab3,7fbe,b019,
187,0000,b2e8,92b1,7fbe,d542,
188,5cc3,a2e8,f090,7fbe,6221,
189,6115,a2e8,92b1,7fbe,7451,
190,7155,a2e8,92b1,7fbe,ffab,
191,1c35,22e0,d2b1,7fbe,635b,
192,4c24,a2e8,92b1,7fbe,ad51,
193,6115,a2e8,92b1,7fbe,e6c3,
194,2177,a2f9,12b1,7fbe,133a,
195,6155,a2e8,92b1,7fbe,d363,
196,0000,f14b,9a11,7fbe,4b41,
197,0000,7edd,4e84,7fbe,dc35,
198,6934,a2ef,92b3,7fbe,a95c,
199,6175,a2e8,92b1,7fbe,255b,
200,0000,906d,341b,7fbe,86f3,
201,0000,8a5b,be42,7fbe,bda0,
202,2fee,b2a8,5819,7fbe,caa8,
203,728e,aaec,13a2,7fbe,8113,
204,0000,137a,2323,7fbe,b192,
205,654f,a288,9291,7fbe,0f11,
206,2320,a0e8,7af8,7fbe,e849,
207,6b55,a2e8,92b1,7fbe,d983,
208,0000,0fe8,d2b5,3fbe,361a,
209,e2a6,900a,96f1,77be,bfc4,
210,0000,fafc,12b9,3fbe,816f,
211,0000,baca,6e55,7fbe,fce4,
212,6115,a2e8,92b1,7fbe,9f0a,
213,f8f1,a2e9,f4a6,7fbe,6617,
214,e115,b2e8,9ab1,7fbe,df74,
215,3070,a2f8,1292,7fbf,133c,
216,6155,a2e8,92b1,7fbe,2588,
217,6575,a2e8,92b1,7fbe,17b2,
218,37c6,2ad8,56a0,ffbe,baba,
219,6155,a2e8,92b1,7fbe,8ed8,
220,0000,127c,d2b1,7fbe,709c,
221,57fc,26e8,90b1,7fbe,4a96,
222,12e5,a2e8,92b1,7fbe,73b2,
223,0000,fe37,ce6e,7fbe,5cdf,
224,705d,a2e8,92b1,7fbe,1884,
225,0000,a268,cd53,7fbe,5fe2,
226,0000,b2f0,90b9,7ebe,2227,
227,6155,a2e8,92b1,7fbe,30ba,
228,0000,304e,f3a1,7fbe,700e,
229,e45d,a2e8,8d65,7fbe,1fd4,
230,5d4f,f3ec,b231,7fbe,da40,
231,6155,a2e8,92b1,7fbe,778b,
232,7155,a2e8,92b1,7fbe,f57e,
233,c531,a2e8,92b1,7fbe,a464,
234,6155,a2e8,92b1,7fbe,06e2,
235,f055,a2e8,92b1,7fbe,79b7,
236,d348,a2e8,b14f,7fbe,23fe,
237,7b3d,d876,e82f,7fbe,7a9e,
238,38d0,a2e8,92b1,7fbe,5985,
239,ecb8,a0e8,93b1,7fbe,f4ef,
240,8a31,a2e8,70de,7fbe,e26f,
241,0000,eb20,5b79,7fbe,c9c8,
242,f875,a268,92b1,7fbe,cf13,
243,0000,6108,92b1,7fbe,c3e0,
244,7bed,a2e8,92b1,7fbe,4bed,
245,6155,a2e8,92b1,7fbe,621d,
246,0000,c1c2,cbd2,77be,2ce5,
247,7504,a32e,9233,7fbe,0aac,
248,6155,a2e8,92b1,7fbe,1b8d,
249,0000,e0c0,8331,7f3e,523a,
250,f973,a2e8,7b57,7fbe,e9e6,
251,7102,a2e8,8671,7fbe,14c0,
252,7145,a2e8,92b1,7fbe,d0c0,
253,b585,a2e8,92b1,7fbe,d4d0,
254,7155,a2e8,92b1,7fbe,4377,
255,6155,a2e8,92b1,7fbe,d595,
256,81d3,a2e8,a66c,7fbe,34dd,
257,6155,a2e8,92b1,7fbe,d1b2,
258,6355,a2e8,92b1,7fbe,59f2,
259,4fe6,9002,a05b,7fbe,32ea,
260,c1fe,bae8,9ab1,7fbe,c579,
261,f8e1,a6e8,90b1,7fbe,9bf4,
262,6851,ace8,96b1,7fbe,0733,
263,0000,1a13,90b5,7fbe,fcf7,
264,7114,a2e8,92b1,7fbe,381b,
265,2b4f,a2e8,2ddd,7fbe,bf6c,
266,b0da,71b9,98b1,7fbe,b7a8,
267,6055,a2e8,92b1,7fbe,5d40,
268,7355,a2e8,92b1,7fbe,dd88,
269,0000,5098,9233,7fbe,f336,
270,6308,2cc8,96b1,7fbe,3c33,
271,ab20,a2e8,92b1,7fbe,ca75,
272,6155,a2e8,92b1,7fbe,578c,
273,4074,a2e8,2d0b,7fbe,bfba,
274,6105,a2e8,92b1,7fbe,6c71,
275,6355,a2e8,92b1,7fbe,83fd,
276,615d,a2e8,92b1,7fbe,472d,
277,6994,a2e8,92b1,7fbe,6139,
278,3604,e2e8,92b1,7fbe,fbab,
279,2536,a2e8,92b1,7fbe,c063,
280,6c54,a259,9271,7ffe,61fb,
281,7155,a2e8,92b1,7fbe,5bfe,
282,0000,5114,929d,7fbe,d280,
283,7455,a2e8,cdd3,7fbe,5f62,
284,6155,a2e8,92b1,7fbe,d20f,
285,f245,a2e8,1b45,7fbe,89f4,
286,41db,a2e8,b926,7fbe,2b97,
287,6155,a2e8,92b1,7fbe,55cd,
288,da51,a2e8,92b1,7fbe,3a24,
289,f7e1,b2ce,8ab3,77be,50e6,
290,79be,b82b,92b1,7fbe,1ac3,
291,6155,a2e8,92b1,7fbe,1d30,
292,6150,a264,92b5,7fbe,42a3,
293,3177,826a,92b1,7fbe,0eb8,
294,6155,a2e8,92b1,7fbe,ec92,
295,0000,a2a8,fbe1,7fbe,6950,
296,019e,a2a9,92b1,7fbe,f2ef,
297,6155,a2e8,92b1,7fbe,2582,
298,7619,a2e8,6a59,7fbe,f8e8,
299,671d,a2e8,ec36,7fbe,7e87,
300,635d,a2e8,92b1,7fbe,e8b4,
301,6355,22e9,12b1,7fbe,8afc,
302,615d,a2e8,92b1,7fbe,6b21,
303,6155,a2e8,92b1,7fbe,554c,
304,7541,a2e8,92b1,7fbe,2162,
305,39d1,b3e8,9231,7fbe,27be,
306,6945,a2e8,92b1,7fbe,71b4,
307,60e3,d758,e701,7fbe,75b0,
308,6111,a2e8,92b1,7fbe,56ef,
309,4505,a248,93b1,7f3e,6758,
310,ea2a,a2e8,92b1,7fbe,8b3f,
311,7990,a2e8,92b1,7fbe,09c4,
312,6355,a2e8,92b1,7fbe,046f,
313,0bbf,02c8,92b1,7fbe,9e1e,
314,699c,a2e8,a8a4,7fbe,3a15,
315,6155,a2e8,92b1,7fbe,e158,
316,0063,a2e8,879a,7fbe,152b,
317,5d2b,a2e8,a594,7fbe,3725,
318,993e,a2e8,92b1,7fbe,da6b,
319,0000,aefb,92b1,7fbe,787e,
320,6155,a2e8,92b1,7fbe,bfac,
321,0000,f84b,c816,7fbe,5aa7,
322,d295,4123,92d3,7fbe,e72e,
323,0000,d716,9285,7fbe,7386,
324,6155,a2e8,92b1,7fbe,8efc,
325,399e,22ea,92b0,7fbe,4d16,
326,f25a,a2e8,bbcd,7fbe,297c,
327,6151,a2e8,92b1,7fbe,ae05,
328,6c50,62e0,d2b1,7fbe,cef0,
329,0000,3b95,9251,7fbe,80bd,
330,0000,ca23,92b1,7fbe,1770,
331,f151,a2e8,92b1,7fbe,b696,
332,105e,a228,92f1,7fbe,79fe,
333,69d7,a2e8,92b1,7fbe,3755,
334,0000,a45f,82b1,7fbe,3695,
335,0000,a2c8,4377,7fbe,d1c6,
336,7075,a2f8,92b1,7fbe,6e66,
337,6155,a2e8,92b1,7fbe,5124,
338,0000,a2c8,8708,7fbe,15b9,
339,0000,6667,9223,7fbe,d579,
340,0000,75f9,d3a1,7fbe,37a1,
341,0000,b673,9291,7fbe,10fb,
342,d64c,a2e8,92b1,7fbe,b749,
343,761a,a26a,40d1,7fbe,d260,
344,7055,a2e8,92b1,7fbe,8c7e,
345,6075,a2e8,92b1,7fbe,d3cf,
346,6155,a2e8,92b1,7fbe,cb24,
347,6155,a2e8,92b1,7fbe,d3ea,
348,6115,a2e8,92b1,7fbe,1a65,
349,6155,a2e8,92b1,7fbe,4b63,
350,8c1d,a2e8,92b1,7fbe,ed49,
351,0000,c6f2,80f5,7fbe,5850,
352,0000,e801,5aa1,7fbe,90d8,
353,5b19,e3e8,b2b1,7fbe,c939,
354,ecff,a2e9,12b1,7fbe,2c79,
355,7155,a2e8,92b1,7fbe,960c,
356,0000,989f,80c6,7fbe,1277,
357,0000,a2eb,92b0,7fbe,e6a7,
358,f378,a2e8,e03e,7fbe,728f,
359,3fdf,a2e8,92b1,7fbe,5f8b,
360,6001,a2e8,827d,7fbe,10cc,
361,eda1,a2e0,92b5,7fbe,e140,
362,7105,a2d8,92a1,7fbe,e83f,
363,27c6,a2e8,d6ca,7fbe,447b,
364,6575,a2e8,92b1,7fbe,c560,
365,6155,a2e8,92b1,7fbe,274d,
366,6155,a2e8,92b1,7fbe,fff6,
367,6155,a2e8,92b1,7fbe,aaf1,
368,0000,d498,9021,7fbe,2010,
369,0000,e216,d24f,7fbe,40fe,
370,6155,a2e8,92b1,7fbe,50c6,
371,7af1,a2e8,92b1,7fbe,99a4,
372,6155,a2e8,92b1,7fbe,901e,
373,6115,a2e8,92b1,7fbe,52b4,
374,7d25,a2e8,92b1,7fbe,0870,
375,941c,d4ec,96b4,7fbe,faae,
376,604d,e6e8,90b1,7fbe,200a,
377,90fa,a2e9,92b1,7fbe,ad11,
378,205d,a2e8,92b1,7fbe,bc08,
379,eb17,92e8,82b1,7fbe,713d,
380,0000,8f03,9a93,7fbe,318e,
381,d669,a2e8,92b1,7fbe,a7b8,
382,e155,a2e8,92b1,7fbe,9459,
383,0000,6b36,5b6f,7fbe,c9de,
384,112e,a2e8,d2ac,7fbe,401d,
385,7155,a2e8,92b1,7fbe,8aa9,
386,0000,03fa,21bf,7fbe,2601,
387,6951,a2e8,92b1,7fbe,48f2,
388,0000,a0e8,92b1,7fbe,e5e5,
389,e1a5,5687,92b0,7fbe,746c,
390,0c3d,a089,92a1,7fbe,b2f7,
391,f95c,a2e8,918e,7fbe,033f,
392,6b8c,e7b3,90b0,7fbe,0378,
393,a9f2,a2e8,92b1,7fbe,c8a7,
394,6155,a2e8,92b1,7fbe,4800,
395,4957,b2e8,92b1,7fbe,ed9e,
396,6145,a2e8,92b1,7fbe,98d9,
397,0000,a2e1,3443,7fbe,a6f2,
398,2114,a2e8,92b1,7fbe,ef71,
399,6115,a2e8,92b1,7fbe,3db2,
400,6315,a2e8,92b1,7fbe,8971,
401,7155,a2e8,92b1,7fbe,2c7d,
402,e627,92ca,82f1,7fbe,b182,
403,e115,a2e8,92b1,7fbe,c961,
404,632e,32fc,92f1,7fbe,9094,
405,0000,f6f7,dea1,7fbe,c436,
406,2d10,a2e8,92b1,7fbe,4c47,
407,d1d1,a2e8,92b1,7fbe,b084,
408,6106,c2ec,b2b1,7fbe,0652,
409,0000,2ccc,da13,7ffe,f466,
410,8e49,b2a0,92b5,7fbe,9f98,
411,6155,a2e8,92b1,7fbe,2044,
412,6055,a2e8,92b1,7fbe,a515,
413,0b1f,787d,92b1,7fbe,da95,
414,378d,3481,92b1,7fbe,9669,
415,c7cc,a4e8,90b1,7fbe,9105,
416,7510,a2e8,9f8e,7fbe,0d3f,
417,6544,a228,92f1,7fbe,7ed7,
418,b977,a2f0,92b9,7fbe,c33c,
419,6155,a2e8,92b1,7fbe,9d0b,
420,6155,a2e8,92b1,7fbe,af8e,
421,1895,a2e8,92b1,7fbe,69c0,
422,6155,a2e8,92b1,7fbe,acb1,
423,6155,a2e8,92b1,7fbe,fd1e,
424,a774,2648,1a91,7fbe,10d0,
425,2115,a2e8,92b1,7fbe,d044,
426,615d,a2e8,92b1,7fbe,2498,
427,6e1d,fbd6,cb8f,7fbe,593e,
428,7175,a2e8,92b1,7fbe,2efb,
429,6115,a2e8,92b1,7fbe,5294,
430,881f,a2e8,92b1,7fbe,e94a,
431,6175,a2e8,92b1,7fbe,ddbb,
432,1514,b01d,b099,7fbe,0385,
433,2145,a2e8,92b1,7fbe,6967,
434,2eb0,a2ca,92b0,7fbe,962b,
435,03c0,a0e8,345c,7fbe,a6ed,
436,6144,a2e8,92b1,7fbe,b917,
437,4032,a2e8,92b1,7fbe,2167,
438,8459,a2e8,92b1,7fbe,a40c,
439,611d,a2e8,92b1,7fbe,d26e,
440,6155,a2e8,92b1,7fbe,4ae3,
441,6155,a2e8,92b1,7fbe,15bf,
442,6155,a2e8,92b1,7fbe,fb97,
443,e155,a2e8,92b1,7fbe,fb69,
444,6175,a2e8,92b1,7fbe,587c,
445,3939,8abc,bae5,7fbe,2854,
446,74d9,b2e8,92b1,7fbe,2d9a,
447,0000,dba1,fafe,7fbe,684f,
448,29c5,a2e8,acd4,7fbe,3e65,
449,0000,b2ae,92b1,7fbe,88da,
450,0000,687b,11bc,7fbe,4f8d,
451,6115,a2e8,92b1,7fbe,54cc,
452,a451,a0d0,92a1,7fbe,91a7,
453,6115,a2e8,92b1,7fbe,4ebe,
454,0000,f834,5019,7fbe,9d14,
455,20d5,aa28,92f1,7fbe,e0a1,
456,3265,e2e0,92b1,7fbe,e236,
457,40b5,bc2e,82b5,7fbe,264e,
458,a0d9,a2e8,15cf,7fbe,877e,
459,61d5,a2e8,92b1,7fbe,0d99,
460,7155,a2e8,92b1,7fbe,7010,
461,6155,a2e8,92b1,7fbe,4ae8,
462,975a,6080,3cf2,7fbe,ae43,
463,6175,a2e8,92b1,7fbe,df9d,
464,0000,2e3a,1e63,7fbe,8cd2,
465,f308,a26e,bae1,7fbe,2850,
466,6557,a2e8,92b1,7fbe,2dbe,
467,2812,9ae4,82b5,7fbe,8637,
468,6555,a2e8,92b1,7fbe,c591,
469,6155,a2e8,92b1,7fbe,9f01,
470,0000,26e2,77a4,7fbe,0bb1,
471,0000,a4ce,94b7,7fbe,4faa,
472,0000,6309,82b5,7fbe,f1eb,
473,d693,92ea,82b1,7fbe,ed62,
474,f97c,46f0,b8b9,7fbe,d145,
475,405d,a2e8,92b1,7fbe,88df,
476,2616,8ca9,92b1,7fbe,2e41,
477,0e92,00c1,92b3,7fbf,ceb4,
478,7377,a2e8,ba20,7fbe,2891,
479,2010,a2e8,92b1,7fbe,215f,
480,f947,3f68,9631,7fbe,9f70,
481,5dd4,c3e8,b231,7fbe,f056,
482,8d22,a2e8,5601,7fbe,c4b0,
483,7551,a2e8,92b1,7fbe,f569,
484,6155,a2e8,92b1,7fbe,bb60,
485,3f73,a2e8,92b1,7fbe,7e2e,
486,1155,82e8,92b1,7fbe,8714,
487,6155,a2e8,92b1,7fbe,a484,
488,e135,e4e8,90b1,7fbe,232c,
489,6155,a2e8,92b1,7fbe,d33d,
490,0000,9f0d,af5c,7fbe,3ded,
491,6955,a2e8,92b1,7fbe,17d9,
492,0000,3564,b231,7fbe,f68c,
493,a7ee,a2e8,92b1,7fbe,c2ba,
494,2d17,aaf8,d6a1,7fbe,4de2,
495,862d,b289,9a31,7ffe,82d4,
496,0000,a2e8,8626,7fbe,1497,
497,7041,a2e8,92b1,7fbe,dd0d,
498,54ad,a2e8,911d,7fbe,03ac,
499,a5df,a2e8,5a2f,7fbe,c89e,
500,0000,967f,92b1,7fbe,5907,
501,6055,a2e8,92b1,7fbe,3def,
502,3222,b2e8,9ab1,7fbe,6ccb,
503,6175,a2e8,92b1,7fbe,8e12,
504,6155,a2e8,92b1,7fbe,cb16,
505,6155,a2e8,92b1,7fbe,8eaf,
506,e115,a2e8,92b1,7fbe,fd47,
507,70d7,a268,92b1,7fbe,a2f5,
508,a81d,f624,11b1,7fbe,b0dd,
509,1004,a2e8,83c0,7fbe,1171,
510,0000,8596,9231,7fbe,26fe,
511,5ca0,a2e8,92b1,7fbe,3db4,
512,6155,a2e8,92b1,7fbe,700c,
513,0000,085f,90b1,7fbe,eeb7,
514,61d5,a2e8,92b1,7fbe,436e,
515,0000,a2d2,928b,7fbe,003a,
516,e155,a2e8,92b1,7fbe,06ac,
517,c987,a2e8,a1ad,7fbe,331c,
518,6154,a2e8,92b1,7fbe,27de,
519,0000,35ec,d011,7fbe,a24c,
520,41d5,a2e8,92b1,7fbe,c447,
521,629f,a2e8,92b1,7fbe,03e2,
522,ecba,d268,d40a,7fbe,46bb,
523,0000,f78c,92b1,7fbe,2c43,
524,6155,a2e8,92b1,7fbe,8c87,
525,ebe6,7c4a,92b0,7fbe,dea1,
526,0510,82e8,92b1,7fbe,39d0,
527,8ba1,a2e8,92b1,7fbe,aaf4,
528,905b,a2e8,f9b5,7fbe,6b04,
529,615d,a2e8,92b1,7fbe,e44e,
530,1112,a2e9,b464,7fbe,26d5,
531,ff78,a2e8,0bf7,7fbe,9946,
532,6151,a2e8,92b1,7fbe,8597,
533,5055,a2e8,92b1,7fbe,9786,
534,2d65,a2e8,a096,7fbe,3227,
535,0000,d018,04d1,7fbe,c363,
536,6055,a2e8,92b1,7fbe,f322,
537,6115,a2e8,92b1,7fbe,3f5b,
538,e025,a2e8,76dc,7fbe,e46d,
539,690f,4de5,92b1,7fbe,ef0d,
540,2320,a2ea,2640,7fbe,b4f1,
541,a5f4,49c2,3391,7fbe,0c6a,
542,8815,a308,92f1,7fbe,ac5b,
543,014d,a2e8,de2b,7fbe,4c9a,
544,754c,a228,92f1,7fbe,84ef,
545,4a51,a2e8,1fc1,7fbe,8d70,
546,e39c,a2e8,3de1,7fbe,af50,
547,614f,a2e8,92b1,7fbe,8c81,
548,e135,aee8,96b1,7fbe,dc8d,
549,2250,a2e8,0616,7fbe,94a7,
550,9154,66b9,1291,7fbe,3972,
551,7155,a2e8,92b1,7fbe,69c5,
552,2304,bbc0,92f0,7fbe,19aa,
553,6154,a2e8,92b1,7fbe,64d6,
554,4b7f,bea9,92b1,7fbe,1c41,
555,4151,a2e8,92b1,7fbe,0c5c,
556,6155,a2e8,92b1,7fbe,cff1,
557,6155,a2e8,92b1,7fbe,b302,
558,e214,a2e8,92b1,7fbe,2a9e,
559,6154,a2e8,92b1,7fbe,3b16,
560,0000,b019,90b9,7fbe,55e9,
561,2545,a2e8,92b1,7fbe,411e,
562,0000,fde5,bbb7,7fbe,25c4,
563,15dd,b2e8,92b1,7fbe,540c,
564,6155,a2e8,92b1,7fbe,9c36,
565,414e,a2e8,92b1,7fbe,201b,
566,6155,a2e8,92b1,7fbe,afdc,
567,6155,a2e8,92b1,7fbe,ab1d,
568,cbff,a248,da80,7fbe,4831,
569,9440,784b,92b1,7fbe,daa3,
570,2055,a2e8,92b1,7fbe,0dba,
571,dbf8,a2e8,faa1,7fbe,6810,
572,b014,02e8,d2b1,7fbe,bd04,
573,61f5,a368,9231,7fbe,8681,
574,0000,0f82,1899,7fbe,f81a,
575,0000,0074,42b1,7fbe,1297,
576,0000,24fe,d6f4,7fbe,42d0,
577,6155,a2e8,92b1,7fbe,ac29,
578,a557,26b8,9291,7fbe,5566,
579,7314,a2e8,92b1,7fbe,ed0e,
580,3745,a2e8,19db,7fbe,8b6a,
581,f448,42e8,98f3,7fbe,fe86,
582,6175,a2e8,92b1,7fbe,41da,
583,6115,a2e8,92b1,7fbe,9ad3,
584,2155,a2e8,92b1,7fbe,9830,
585,d27d,a3e8,9231,7fbe,7fea,
586,13bd,4659,92bb,7fbe,e4af,
587,6114,a2e8,92b1,7fbe,00fd,
588,6155,a2e8,92b1,7fbe,b779,
589,c838,a2e8,3a5b,7fbe,a8ea,
590,6555,a2e8,92b1,7fbe,7b24,
591,e155,a2e8,92b1,7fbe,5544,
592,6155,a2e8,92b1,7fbe,cd39,
593,7155,a2e8,92b1,7fbe,4869,
594,6151,a2e8,92b1,7fbe,ab29,
595,2155,a2e8,92b1,7fbe,890b,
596,6155,a2e8,92b1,7fbe,bce7,
597,66b3,a2e8,92b1,7fbe,07e6,
598,34a1,20e0,92b1,7fbe,587e,
599,6117,a2e8,92b1,7fbe,56b3,
600,2155,a2e8,92b1,7fbe,5d45,
601,0000,2e53,92e9,7fbe,ce4b,
602,c1df,a2e8,92b1,7fbe,a08a,
603,11e4,b060,92b1,7fbe,5900,
604,c71c,a2e8,d8f3,7fbe,4a42,
605,6955,a2e8,92b1,7fbe,9aab,
606,7357,a2e8,45f6,7fbe,d747,
607,eab6,a2e8,0f0c,7fbe,9dbd,
608,6155,a2e8,92b1,7fbe,0e7b,
609,5155,a2e8,92b1,7fbe,0d2a,
610,6e54,bae8,9ab1,7fbe,8592,
611,0000,8d8c,b6b0,7fbe,47e7,
612,afdf,b0e8,92b1,7fbe,8889,
613,4161,a2e8,00ea,7fbe,925b,
614,4088,8aca,82f1,7fbe,be1f,
615,483d,a2ec,92b1,7fbe,435b,
616,2355,a2e8,92b1,7fbe,acf4,
617,7915,a2e8,92b1,7fbe,ed36,
618,f155,a2e8,92b1,7fbe,5277,
619,718d,a2e8,3f5a,7fbe,adeb,
620,6115,a2e8,92b1,7fbe,6c2e,
621,b541,a2e8,92b1,7fbe,f494,
622,7115,a2e8,92b1,7fbe,0735,
623,61d5,a2e8,92b1,7fbe,6035,
624,6115,a2e8,92b1,7fbe,ca1b,
625,54fd,f36c,b231,7fbe,9136,
626,41d3,a2e8,92b1,7fbe,50e0,
627,0000,a486,94df,7fbe,066e,
628,0000,0280,92b1,7fbe,3c3c,
629,0000,7fb7,12b2,7fbe,c558,
630,0000,f3ec,b0b1,7ebe,8ec6,
631,6564,a2e8,92b1,7fbe,81b6,
632,0000,6fab,3536,7fbe,14fe,
633,0000,ea39,da60,7fbe,48d1,
634,d9d1,a2e8,afe7,7fbe,3d56,
635,06e7,a2e8,92b1,7fbe,67b2,
636,c35d,a2e8,92b1,7fbe,57cc,
637,0000,96cf,0255,7fbe,955c,
638,e313,a2e8,2026,7fbe,b297,
639,0000,e63d,0e91,7fbe,f885,
640,0000,e201,1291,7fbe,c488,
641,0000,9267,9ab1,7fbe,583b,
642,bb49,96fb,d3f1,7fbe,9693,
643,6015,a2e8,92b1,7fbe,c990,
644,7cde,a2e8,92b1,7fbe,1d8b,
645,8e6a,e3ec,b73e,7fbe,258f,
646,0215,a0e8,3a87,7fbe,a836,
647,6555,a2e8,92b1,7fbe,7743,
648,6014,a2e8,92b1,7fbe,5ac8,
649,1119,a2e8,2314,7fbe,b1a5,
650,3157,a2e8,92b1,7fbe,fade,
651,68ca,b2e9,9ab1,7fbe,98b1,
652,6155,a2e8,92b1,7fbe,7a7b,
653,4957,a2e8,92b1,7fbe,80ff,
654,65dc,a2e8,92b1,7fbe,1489,
655,7151,a2e8,92b1,7fbe,c502,
656,799f,c2e8,b2b1,7fbe,382c,
657,0000,2ac8,62b2,7fbe,f003,
658,c35d,a2e8,92b1,7fbe,def6,
659,f791,a2e8,92b1,7fbe,96c4,
660,2155,a2e8,92b1,7fbe,0e7a,
661,e155,a2e8,92b1,7fbe,124b,
662,6514,0a3c,8231,7fbe,9954,
663,6155,a2e8,92b1,7fbe,72e3,
664,0000,3d94,9233,7fbe,8efa,
665,d028,9b37,92f1,7fbe,395f,
666,6a54,a2e8,5eb6,7fbe,cc07,
667,5bb5,ccae,92b7,7fbe,6e88,
668,4c38,a2e9,92bb,7fba,2fe6,
669,7155,a2e8,92b1,7fbe,fe10,
670,7010,9248,82b1,7fbe,2917,
671,a5c5,9aea,8ab1,7fbe,4790,
672,0000,8a6a,92b1,7fbe,4a8c,
673,0000,8dba,4191,7fbe,db13,
674,7df8,e2e8,d814,7fbe,4aa5,
675,67e7,a2e8,92b1,7fbe,bc90,
676,b8a3,b2e8,92b1,7fbe,3154,
677,0853,d394,b231,7fbe,30fc,
678,0000,01e1,92b1,7fbe,6952,
679,6157,a2e8,92b1,7fbe,bf8f,
680,6155,a2e8,92b1,7fbe,0d09,
681,6157,a2e8,92b1,7fbe,c9da,
682,7477,a2c8,92b1,7fbe,c4b4,
683,0000,5730,6769,7fbe,f5d8,
684,6a06,a0c8,92a1,7fbe,1d57,
685,ca38,a26d,92b3,7fbe,1e59,
686,7155,a2e8,92b1,7fbe,9c50,
687,7155,a2e8,92b1,7fbe,069a,
688,6155,a2e8,92b1,7fbe,6d4e,
689,6155,a2e8,92b1,7fbe,b72b,
690,0000,573b,d221,7fbe,66bb,
691,265a,a1e0,93b1,7fbe,16c2,
692,9561,8598,30b9,3fbe,db0d,
693,6115,a2e8,92b1,7fbe,d085,
694,a030,a2e8,1d3f,7fbe,8f8e,
695,4e66,aaea,a9ee,7fbe,3b5f,
696,7051,a2e8,92b1,7fbe,d807,
697,6115,a2e8,92b1,7fbe,0707,
698,0000,1761,5194,7fbe,f07c,
699,6541,eda7,d3f0,7fbe,e5cc,
700,e115,a2e8,92b1,7fbe,2473,
701,61d7,a2e8,92b1,7fbe,faa9,
702,6151,a2e8,92b1,7fbe,2c62,
703,0000,3afc,99f9,7fbe,c46c,
704,62db,38a1,8ab1,77be,d3c0,
705,3916,aaea,92b0,7fbe,c813,
706,e278,31ac,82b1,7fbe,a344,
707,7155,a2e8,92b1,7fbe,4a04,
708,6151,a2e8,92b1,7fbe,2883,
709,7908,a2e8,92b1,7fbe,995d,
710,6116,a2e8,92b1,7fbe,665f,
711,f1d5,a2e8,92b1,7fbe,6f8f,
712,5292,a2f0,92b9,7fbe,e7b1,
713,611d,a2e8,92b1,7fbe,b139,
714,8552,c8c4,92f2,7fbe,62ea,
715,e155,a2e8,92b1,7fbe,a79c,
716,9b0a,a2e8,92b1,7fbe,fa5f,
717,6546,a2e8,c4f7,7fbe,5646,
718,0a59,8ae8,92b1,7fbe,3b01,
719,6912,a2e8,c47f,7fbe,56ce,
720,fd1e,2bea,92a1,7fbe,8922,
721,e115,a2e8,92b1,7fbe,30b6,
722,509d,a168,93b1,7fbe,8cab,
723,4117,a2e8,92b1,7fbe,459b,
724,f3d0,a2e8,d9ab,7fbe,4b1a,
725,0000,98f7,5b95,7fbe,8952,
726,715d,a2e8,92b1,7fbe,6f07,
727,41d5,a2e8,92b1,7fbe,39a2,
728,0000,9755,31f9,7fbe,1875,
729,2177,a2e8,92b1,7fbe,4bcb,
730,60d5,a2eb,92b0,7fbe,1902,
731,6155,a2e8,92b1,7fbe,fba8,
732,7832,a2a8,9291,7fbe,0748,
733,2175,a2e8,92b1,7fbe,13cb,
734,4f1d,a2ef,92b3,7fbe,4e35,
735,7870,a2f9,12b1,7fbe,20ea,
736,f176,aaad,9a93,7fbe,6f8d,
737,0000,6be0,94b1,7fbe,530b,
738,6914,a2e8,92b1,7fbe,f83b,
739,1e79,a0e8,92b1,7fbe,ce8c,
740,0000,a2e8,0c36,7fbe,9e87,
741,4974,aa68,92f1,7fbe,ab49,
742,0000,0841,9233,7fbe,abad,
743,e355,a2e8,92b1,7fbe,7db4,
744,6155,a2e8,92b1,7fbe,7716,
745,6155,a2e8,92b1,7fbe,bdb2,
746,0000,8766,8af3,7fbe,1d68,
747,4557,d30c,9231,7fbe,70e4,
748,6975,a2e8,92b1,7fbe,82e1,
749,0000,a599,9333,7fbe,05b1,
750,f575,e260,1eae,7fbe,8c1f,
751,6145,a2e8,92b1,7fbe,06c9,
752,0000,3cf8,0ca1,7fbe,9e10,
753,3e96,a2e8,782d,7fbe,ea9c,
754,9ac7,a2e8,92b1,7fbe,0339,
755,6155,a2e8,92b1,7fbe,c0b4,
756,7155,a2e8,92b1,7fbe,4717,
757,0000,50e4,92a1,7fbe,f22c,
758,6155,a2e8,92b1,7fbe,a5e8,
759,0000,0b11,3b40,7fbe,a9f1,
760,f830,4536,96b5,7fbe,6f56,
761,6155,a2e8,92b1,7fbe,7e95,
762,e545,a2d8,92a1,7fbe,dd4e,
763,6145,a2e8,92b1,7fbe,b628,
764,0000,52cc,96b3,7fbe,7822,
765,6114,a2e8,92b1,7fbe,f637,
766,0000,2ac4,18b9,7bbe,dbfc,
767,6b55,a2e8,92b1,7fbe,c107,
768,81fd,22f9,12b1,7fbe,de04,
769,0000,4cac,92f1,7fbe,e686,
770,6155,a2e8,92b1,7fbe,5c74,
771,2156,a7c6,92b1,7fbe,052e,
772,de24,a2c8,92b1,7fbe,bf21,
773,6255,a2e8,92b1,7fbe,e681,
774,6cb2,a2e8,ae91,7fbe,3c20,
775,0000,245b,d3b5,7fbe,453b,
776,6791,a2e8,0478,7fbe,96c9,
777,8053,a2e8,92b1,7fbe,e106,
778,0000,aae8,92b1,7fbe,c4ab,
779,714f,f993,92b1,7fbe,5b7b,
780,0000,a4a5,b21b,7fbe,76b5,
781,29c6,a2e8,7efa,7fbe,ec4b,
782,6055,a2e8,92b1,7fbe,d8ec,
783,1065,a2e8,8e32,7fbe,1c83,
784,6125,a2e8,92b1,7fbe,d337,
785,cca4,a1e8,93b1,7fbe,8cb1,
786,57fc,26e8,90b1,7fbe,4a96,
787,c40b,aae8,96b1,7fbe,392f,
788,79c4,a2ea,9b8d,7fbe,093c,
789,4f05,a2e8,92b1,7fbe,2e50,
790,6155,a2e8,92b1,7fbe,3ff3,
791,4d5f,a2e8,c3da,7fbe,516b,
792,0000,6ec8,b233,7fbe,9d22,
793,6114,a2e8,92b1,7fbe,2fe2,
794,816b,a2c8,92b1,7fbe,e84e,
795,7051,a2e8,92b1,7fbe,1797,
796,615d,a2e8,92b1,7fbe,eb43,
797,43bc,a2e8,92b1,7fbe,b269,
798,a215,a2e8,7adf,7fbe,e86e,
799,7155,a2e8,92b1,7fbe,bc70,
800,0000,de66,d0a1,7fbe,bab6,
801,0000,a03b,8ac0,77be,5e71,
802,0000,a2e8,190c,7fbe,8bbd,
803,c475,f885,b233,7fbe,0b69,
804,6115,a2e8,92b1,7fbe,b02d,
805,1111,42e8,d2b1,7fbe,253c,
806,38b9,b2ec,92b1,7fbe,61a5,
807,042d,c271,92a0,ffbe,5821,
808,e754,2ee8,96b1,7fbe,e029,
809,6255,a2e8,92b1,7fbe,84a0,
810,6155,a2e8,92b1,7fbe,a909,
811,af41,a2e8,79c3,7fbe,eb72,
812,7155,a2e8,92b1,7fbe,6731,
813,6097,a2e8,d5ec,7fbe,475d,
814,8271,a2e8,92b1,7fbe,a22c,
815,6155,a2e8,92b1,7fbe,5c40,
816,6d4e,a3a9,9271,7fbe,cbd1,
817,6155,a2e8,92b1,7fbe,b80c,
818,0000,0d0f,9233,7fbe,bea1,
819,3517,71ea,2c4f,7fbe,befe,
820,7071,a2e8,92b1,7fbe,9ccb,
821,8621,a2e8,92b1,7fbe,f374,
822,5357,b2ac,9112,7fbe,03a3,
823,5396,e6e8,90b1,7fbe,4200,
824,2cd4,5dc1,92b1,7fbe,ff29,
825,01cb,82e0,92b1,7fbe,595c,
826,6155,a2e8,92b1,7fbe,2d77,
827,71e3,a2ea,92b1,7fbe,c942,
828,0000,a2e8,3f1b,7fbe,adaa,
829,58c6,b2aa,92b0,7fbe,9fef,
830,0000,edba,1490,7fbe,4d21,
831,0589,62e8,d2b1,7fbe,ecfc,
832,7113,a2e8,89c1,7fbe,1b70,
833,0000,5b7b,92bd,7fbe,f80b,
834,0000,36d3,a239,7fbe,e425,
835,6155,a2e8,92b1,7fbe,ef79,
836,8ae7,a262,7812,7fbe,eaa3,
837,631d,a2e8,92b1,7fbe,8ae4,
838,741b,a2e8,8efe,7fbe,1c4f,
839,6b75,a2e8,92b1,7fbe,ee59,
840,6251,a2a8,9291,7fbe,dc34,
841,6155,a2e8,92b1,7fbe,7395,
842,3c04,39b2,92b1,7fbe,9b5a,
843,4915,a2e8,0da8,7fbe,9f19,
844,6115,a2e8,92b1,7fbe,4195,
845,d0e3,a2e8,e690,7fbe,7421,
846,5335,a288,9291,7fbe,8b07,
847,7155,a2e8,92b1,7fbe,44bf,
848,0000,a4e8,90b1,7fbe,bab3,
849,6a94,a3e8,92b1,7fbe,cafa,
850,0000,a288,d3a3,7fbe,4112,
851,7035,e5e8,90b1,7fbe,3447,
852,3fdf,a2e8,92b1,7fbe,5f8b,
853,6154,a2e8,92b1,7fbe,f51d,
854,45d7,b368,9231,7fbe,41d8,
855,0000,15a0,9ab1,7fbe,f15f,
856,6155,a2e8,92b1,7fbe,6268,
857,5588,4169,10b1,7fbe,2680,
858,d7ad,a2e8,92b1,7fbe,34f8,
859,7154,a2e8,a862,7fbe,3ad3,
860,7117,a2e8,92b1,7fbe,f479,
861,fdac,a2e8,92b1,7fbe,8cb5,
862,6155,a2e8,92b1,7fbe,631c,
863,c801,9200,9375,7f3e,3e1f,
864,dc2e,a2e8,92b1,7fbe,af7b,
865,021d,a2e8,a30d,7fbe,31bc,
866,6115,a2e8,92b1,7fbe,416c,
867,6145,a2e8,92b1,7fbe,f3e4,
868,4457,b2e8,92b1,7fbe,1d00,
869,1148,89e4,38aa,7fbe,aa1b,
870,2314,aee8,96b1,7fbe,9840,
871,635d,a2e8,92b1,7fbe,c99e,
872,0a04,a2e8,92b1,7fbe,6f50,
873,6555,a2e8,92b1,7fbe,5616,
874,6155,a2e8,92b1,7fbe,2f94,
875,6115,a2e8,92b1,7fbe,0381,
876,a136,a2e8,92b1,7fbe,c065,
877,6115,a2e8,92b1,7fbe,2e88,
878,1d59,a2e8,92b1,7fbe,7c0c,
879,a7ee,a368,92b1,7fbe,fd7b,
880,6157,a2e8,92b1,7fbe,76a5,
881,f1f5,a2e8,1582,7fbe,8733,
882,6055,a2e8,92b1,7fbe,4a2e,
883,6155,a2e8,92b1,7fbe,01cb,
884,0000,b6fd,92b1,7fbe,dfd7,
885,6155,a2e8,92b1,7fbe,d707,
886,7051,a2e8,92b1,7fbe,fef5,
887,a74c,b3e0,8235,7fbe,30c6,
888,0000,8c63,90b1,7fbe,298b,
889,c1c4,a2e8,3dd0,7fbe,af61,
890,6145,a2e8,92b1,7fbe,1787,
891,0000,d8f9,f8a4,7fbe,6a15,
892,2165,a2e8,92b1,7fbe,9f69,
893,7155,a2e8,92b1,7fbe,7bf0,
894,0000,c834,92b1,7fbe,6adc,
895,7155,a2e8,92b1,7fbe,bea3,
896,7151,a2e8,92b1,7fbe,e27e,
897,35ba,a2e8,92b1,7fbe,70ff,
898,e978,b2ad,92b1,7fbe,d121,
899,6815,a2e8,1755,7fbe,85e4,
900,887f,b2e8,5248,7fbe,c0f9,
901,0000,aacc,92f5,7fbc,8fb5,
902,6155,a2e8,92b1,7fbe,641c,
903,6954,a2e8,92b1,7fbe,4103,
904,71d7,a2e8,92b1,7fbe,a219,
905,615d,a2e8,92b1,7fbe,180b,
906,6175,a2e8,92b1,7fbe,a32b,
907,f111,a2e8,92b1,7fbe,3262,
908,1a6b,a2e8,92b1,7fbe,3b3e,
909,6155,a2e8,92b1,7fbe,b263,
910,47ec,a2e8,92b1,7fbe,36b9,
911,4f09,a2e8,80ea,7fbe,125b,
912,599d,b2ec,a2b3,6fbe,4aaa,
913,5533,838c,83f1,7f3e,70e2,
914,96d4,a2e8,92b1,7fbe,f401,
915,6155,a2e8,92b1,7fbe,0e03,
916,6155,a2e8,92b1,7fbe,d382,
917,0000,2a88,9691,7fbe,4dd3,
918,69de,a2e8,5994,7fbe,cb25,
919,6175,a2e8,92b1,7fbe,7e41,
920,6155,a2e8,92b1,7fbe,cd28,
921,efbb,f841,8215,7fbe,6f69,
922,0000,47ee,96e0,7f9e,bef9,
923,0000,2ba6,b633,7fbe,5209,
924,0000,afa7,b7fe,7fbe,254f,
925,0000,bcc9,db80,7fbe,cc51,
926,7155,a2e8,92b1,7fbe,9e70,
927,8da0,b2a3,92b3,7fbe,a9cb,
928,617d,a2e8,92b1,7fbe,7528,
929,6155,a2e8,92b1,7fbe,2dd3,
930,7975,a2e8,92b1,7fbe,c0a2,
931,6275,a2a8,9291,7fbe,ca81,
932,0000,67e7,9ab1,7fbe,dd0f,
933,a71f,a2e8,92b1,7fbe,c64a,
934,2555,a2e8,92b1,7fbe,02f7,
935,5fe4,a2e8,92b1,7fbe,3eb1,
936,c995,a2a8,92b1,7fbe,a112,
937,4959,a2e8,92b1,7fbe,2a0c,
938,1dbe,a2c8,789a,7fbe,ea2b,
939,6441,7188,9aa1,7fbe,c340,
940,253a,a2e8,8634,7fbe,1485,
941,0000,062e,c3a5,7fbe,0ef6,
942,e145,a2e8,92b1,7fbe,b683,
943,6997,a2e8,92b1,7fbe,a460,
944,7155,a2e8,92b1,7fbe,e2f0,
945,0000,c1bb,36b1,7fbe,ae42,
946,6155,a2e8,92b1,7fbe,9a81,
947,4975,a2e8,92b1,7fbe,c17f,
948,f151,a2e8,92b1,7fbe,1068,
949,e155,a2e8,92b1,7fbe,74db,
950,6283,a2e9,b165,7fbe,23d4,
951,6155,a2e8,92b1,7fbe,d0ea,
952,ae4a,a2e8,92b1,7fbe,cf5f,
953,d0d4,bae8,9ab1,7fbe,07e7,
954,61d7,a2e8,92b1,7fbe,2357,
955,7154,a2e8,92b1,7fbe,cf76,
956,5299,9110,92b1,7fbe,33f8,
957,8dd7,a2e8,92b1,7fbe,ec82,
958,6155,a2e8,92b1,7fbe,5060,
959,6355,a2e8,92b1,7fbe,4204,
960,4917,ba28,92f1,7fbe,a0f4,
961,7314,a2e8,92b1,7fbe,1a87,
962,5cf6,66e8,90b1,7fbe,5b44,
963,429c,a2e8,b3c4,7fbe,2175,
964,0000,c301,91b1,7fbe,26e9,
965,6155,a2e8,92b1,7fbe,0758,
966,6115,a2e8,92b1,7fbe,9316,
967,6117,a2e8,92b1,7fbe,56b3,
968,611d,a2e8,92b1,7fbe,2e05,
969,e679,a2e8,ee99,7fbe,7c28,
970,e546,a2e8,92b1,7fbe,4797,
971,0000,6da3,b620,7fbe,36bd,
972,6155,a2e8,92b1,7fbe,02db,
973,a279,2248,92b1,7fbe,844d,
974,2107,a2e8,92b1,7fbe,12b9,
975,7155,a2e8,92b1,7fbe,5fc3,
976,274d,a2e8,92b1,7fbe,b8fe,
977,d9cf,13d5,33cc,7fbe,a17d,
978,256b,a2e8,f6c9,7fbe,6478,
979,1a66,a2e8,92b1,7fbe,7b73,
980,465f,00e8,d2b1,7fbe,d147,
981,6955,a2e8,92b1,7fbe,5049,
982,0165,a2e8,4dcb,7fbe,df7a,
983,2155,a2e8,92b1,7fbe,52d7,
984,6355,a2e8,92b1,7fbe,00da,
985,eb16,a6a8,9291,7fbe,539b,
986,6155,a2e8,92b1,7fbe,323f,
987,4093,a2e8,8003,7fbe,12b2,
988,0000,7be7,96b1,7fbe,d50f,
989,635d,a2e8,92b1,7fbe,0f43,
990,e5c2,2ace,b249,7fbe,20f8,
991,6114,a2e8,92b1,7fbe,7f2d,
992,f666,a2e8,92b1,7fbe,9f33,
993,1000,a2ea,b25e,7fbe,20ef,
994,156e,f3b2,8274,7fbe,6814,
995,4155,a2e8,92b1,7fbe,068a,
996,0000,9945,b271,7fbe,5a6d,
997,6d55,a2e8,92b1,7fbe,2a9a,
998,0001,a2be,92b9,7fbe,4042,
999,0000,f4e1,92b1,7fbe,5609,
1000,e957,a2e8,b6ff,7fbe,244e,
1001,0000,a2e8,dcad,7fbe,4e1c,
1002,6116,a2e8,92b1,7fbe,02e5,
1003,61da,92ea,82b1,7fbe,0403,
1004,4155,a2e8,92b1,7fbe,9f9e,
1005,2155,a2e8,92b1,7fbe,5b36,
1006,6171,a2e8,92b1,7fbe,2741,
1007,88cd,926a,82b1,7fbe,2bec,
1008,53d9,a2e8,92b1,7fbe,2ae5,
1009,e0a3,a2e8,92b1,7fbe,81f6,
1010,0000,a2e8,4bd7,7fbe,d966,
1011,0000,aaea,031f,7fbe,91ae,
1012,6115,a2e8,92b1,7fbe,ac3f,
1013,6955,a2e8,92b1,7fbe,028a,
1014,6155,a2e8,92b1,7fbe,754e,
1015,f9b7,a2a8,92b1,7fbe,d544,
1016,fb1b,a2e8,92b1,7fbe,9a4a,
1017,4155,a2e8,92b1,7fbe,7b96,
1018,7155,a2e8,92b1,7fbe,155a,
1019,6114,a2e8,92b1,7fbe,0aaf,
1020,6155,a2e8,92b1,7fbe,4cbf,
1021,6155,a2e8,92b1,7fbe,65d2,
1022,13f2,82e8,92b1,7fbe,12a3,
1023,0093,8068,93b1,7fbe,4967,
1024,0000,13cd,9691,7fbe,3d45,
1025,3b50,1b64,92b1,7fbe,b98c,
1026,54c0,a2e8,92b1,7fbe,3795,
1027,dbef,a2e8,92b1,7fbe,fada,
1028,f125,6b23,92f1,7fbe,c90b,
1029,6115,a2e8,92b1,7fbe,eefe,
1030,c5a5,a2e8,0a60,7fbe,98d1,
1031,3842,a048,94a1,7dbe,25fb,
1032,330e,a2eb,92b0,7fbe,7848,
1033,6e7b,a2e8,92b1,7fbe,0b67,
1034,6355,a2e8,92b1,7fbe,898d,
1035,0000,73e0,9abd,7fbe,e01d,
1036,487e,a368,9231,7fbe,cd8d,
1037,0000,dc35,9a99,7fbe,6689,
1038,6155,a2e8,92b1,7fbe,cfb5,
1039,6011,a2e8,92b1,7fbe,a9a1,
1040,6114,a2e8,92b1,7fbe,c39a,
1041,2295,a2e8,7a70,7fbe,e8c1,
1042,6155,a2e8,92b1,7fbe,d9cd,
1043,0000,a2c8,bc91,7fbe,2e20,
1044,6575,a2e8,92b1,7fbe,d414,
1045,a707,02e0,d2b1,7fbe,8c16,
1046,6155,a2e8,92b1,7fbe,7ae2,
1047,6155,a2e8,92b1,7fbe,a261,
1048,2155,a2e8,92b1,7fbe,cfb1,
1049,6175,a2e8,92b1,7fbe,98cb,
1050,9b4f,a2e8,92b1,7fbe,fa1a,
1051,b208,a2e8,288f,7fbe,ba3e,
1052,aa36,9ae1,9ab5,7fbe,8fb3,
1053,716d,82e8,92b1,7fbe,0734,
1054,8978,a2e8,92b1,7fbe,f828,
1055,6155,a2e8,92b1,7fbe,0ec0,
1056,5989,a2e8,7577,7fbe,e7c6,
1057,7115,a2e8,92b1,7fbe,ccd2,
1058,7155,a2e8,92b1,7fbe,b42d,
1059,7a58,33cc,92b1,7fbe,5827,
1060,e76e,a2e9,efa3,7fbe,7d12,
1061,6157,a2e8,92b1,7fbe,f9f4,
1062,5335,a288,9291,7fbe,5392,
1063,6155,a2e8,92b1,7fbe,9c6f,
1064,027b,42ec,95b1,7dbe,2936,
1065,0000,a2e8,c1c0,7fbe,5371,
1066,df3c,a2e8,92b1,7fbe,be29,
1067,0000,26b0,93b6,7fbc,88d7,
1068,6755,a2e8,92b1,7fbe,c9e9,
1069,68d6,a2e8,d51f,7fbe,47ae,
1070,6155,a2e8,92b1,7fbe,d537,
1071,6f8d,a2e8,0639,7fbe,9488,
1072,90bc,22e8,2345,7fbe,b1f4,
1073,41a5,a2e8,92b1,7fbe,20e0,
1074,6521,a22a,92f1,7fbe,52a4,
1075,6157,a2e8,92b1,7fbe,9661,
1076,6155,a2e8,92b1,7fbe,3489,
1077,0000,30f0,b270,7fbe,ebdb,
1078,73c5,a6e8,90b1,7fbe,d77d,
1079,0000,9e81,7291,7fbe,2c20,
1080,cfdd,a2e8,92b1,7fbe,ae88,
1081,4865,8e46,be1f,7fbe,2cae,
1082,6145,a2e8,92b1,7fbe,c175,
1083,0000,c3ed,44ef,7fbe,d65e,
1084,b5ce,a2e8,92b1,7fbe,d499,
1085,7e35,9a2a,e3fb,7fbe,610a,
1086,be1a,a2e8,92b1,7fbe,df4f,
1087,6115,a2e8,92b1,7fbe,c1cf,
1088,0000,b2ea,92b1,7fbe,df2f,
1089,e075,a2f9,12b1,7fbe,8f0c,
1090,0000,c0dd,9263,7fbe,79d1,
1091,7e5a,d46a,92b0,7fbe,7681,
1092,0000,598b,9223,7fbe,ea54,
1093,6155,a2e8,92b1,7fbe,adb6,
1094,e145,a2e8,92b1,7fbe,c70f,
1095,6054,a2e8,92b1,7fbe,8080,
1096,0000,22c8,92b1,7fbe,891b,
1097,7157,a2e8,92b1,7fbe,9217,
1098,6314,a6e8,92b1,7fbe,02b7,
1099,3861,a2e8,d53f,7fbe,478e,
1100,d171,a2e8,92b1,7fbe,5f37,
1101,0000,a2c8,92b1,7fbe,3d76,
1102,0000,bfc6,8f9f,7fbe,1d2e,
1103,0000,b2ec,92b1,7fbe,97d3,
1104,4358,a2e8,92b1,7fbe,330f,
1105,bbbe,a2e8,92b1,7fbe,daeb,
1106,17eb,a2e8,92b1,7fbe,76be,
1107,7154,a2e8,92b1,7fbe,57ff,
1108,5b6c,a2e8,92b1,7fbe,ba19,
1109,2cca,496c,7935,7fbe,eb84,
1110,0000,0618,92b1,7fbe,e6b5,
1111,09ef,8e91,92a1,7fbe,2c59,
1112,6155,a2e8,92b1,7fbe,5295,
1113,6115,a2e8,92b1,7fbe,a3a8,
1114,7155,a2e8,92b1,7fbe,c188,
1115,0000,770c,7681,7fbe,d9b9,
1116,0000,a3e8,f62d,7fbe,649c,
1117,f241,a2e8,34c1,7fbe,a670,
1118,6555,a2e8,92b1,7fbe,7806,
1119,6bd1,c3e8,b2b1,7fbe,5fc1,
1120,6155,a2e8,92b1,7fbe,81b0,
1121,605d,a2e8,92b1,7fbe,ca55,
1122,7345,a2e8,92b1,7fbe,4643,
1123,0000,0109,d3b1,7fbe,61e1,
1124,628e,a2e8,97ac,7fbe,051d,
1125,eb3d,a2e8,9962,7fbe,0bd3,
1126,0000,a2c8,cfbc,7fbe,5d0d,
1127,6355,a2e8,92b1,7fbe,462c,
1128,a89b,a2e8,92b1,7fbe,cdce,
1129,0000,d44b,e412,7fbe,76a3,
1130,0000,610b,5152,7fbe,c3e3,
1131,0000,fafc,12b9,3fbe,816f,
1132,d010,145f,24b9,7fbe,08ba,
1133,5135,a2e8,92b1,7fbe,aa72,
1134,666d,a2e8,a67a,7fbe,34cb,
1135,6117,a2e8,92b1,7fbe,9785,
1136,0000,01cb,30b1,7fbe,4532,
1137,7011,a2e8,92b1,7fbe,90c8,
1138,6155,a2e8,92b1,7fbe,627c,
1139,2010,cf6a,d2b1,7fbe,cd82,
1140,0000,78ac,48f5,7fbe,da44,
1141,6155,a2e8,92b1,7fbe,003c,
1142,7555,a2e8,92b1,7fbe,5697,
1143,6155,a2e8,92b1,7fbe,7f1e,
1144,41d5,a2e8,92b1,7fbe,e0dc,
1145,6115,a2e8,92b1,7fbe,4d2b,
1146,7ba2,a2e8,fca9,7fbe,6e18,
1147,65c5,a2e8,3770,7fbe,a5c1,
1148,0000,a2e8,09fe,7fbe,9b4f,
1149,a566,a2e8,92b1,7fbe,c433,
1150,aaf5,f54c,92b1,7fbe,57a4,
1151,0000,3450,b288,7fbe,f5e6,
1152,3863,7560,92b5,7fbe,d780,
1153,0000,72bb,91b1,7fbe,9653,
1154,d829,8a2a,82f1,7fbe,723b,
1155,0000,f9ca,a2f4,7fbe,1b6e,
1156,2bad,a2e8,92b1,7fbe,4af8,
1157,6195,a2e8,92b1,7fbe,13a7,
1158,6155,a2e8,92b1,7fbe,9c26,
1159,6514,a2e8,92b1,7fbe,8b53,
1160,6155,a2e8,92b1,7fbe,36e5,
1161,0000,35ec,d011,7fbe,a24c,
1162,4d7d,a6e8,92b1,7fbe,6466,
1163,2f41,a2e8,5a95,7fbe,c824,
1164,0000,0609,a17c,7fbe,fb54,
1165,1603,44b8,10b9,7fbe,e341,
1166,a1af,a2e8,92b1,7fbe,c0ea,
1167,c50c,12b0,9a91,7fbe,a01a,
1168,e965,a2e8,92b1,7fbe,2ac5,
1169,3b1d,a2e8,9a57,7fbe,08e6,
1170,0000,4399,cbe5,7fbe,91a8,
1171,7145,3e9a,92b1,7fbe,9c72,
1172,6195,a2e8,92b1,7fbe,8cc0,
1173,0463,f2d0,92e1,7fbe,50c8,
1174,9675,a2e8,92b1,7fbe,f761,
1175,61f7,a2e8,92b1,7fbe,523b,
1176,fb50,a2e8,5cdb,7fbe,ce6a,
1177,65fd,a708,9211,7fbe,777b,
1178,d822,3152,9233,7fbe,827c,
1179,01fd,a2e8,92b1,7fbe,2459,
1180,12ef,a2e8,a9c3,7fbe,3b72,
1181,2355,a2e8,92b1,7fbe,acf4,
1182,6155,a2e8,92b1,7fbe,0b5d,
1183,0000,ad6a,92f1,7fbe,0f62,
1184,e41d,a2e8,92b1,7fbe,8548,
1185,f67c,a2e8,92b1,7fbe,1729,
1186,6151,a2e8,92b1,7fbe,9381,
1187,a155,a2e8,92b1,7fbe,3ff1,
1188,7c92,229e,12b1,7fbe,0277,
1189,a8f0,a0d8,92a1,7fbe,a5a2,
1190,275e,617c,9ab7,7fbe,d31b,
1191,6375,a2a8,9291,7fbe,05b3,
1192,c935,a2e8,92b1,7fbe,a860,
1193,6555,a2e8,92b1,7fbe,6b42,
1194,c81d,a2e8,92b1,7fbe,b948,
1195,f25a,a2e8,bbcd,7fbe,297c,
1196,ef74,b2e8,9ab1,7fbe,19b1,
1197,9a54,a2e8,92b1,7fbe,fb01,
1198,74c7,a2e8,0c82,7fbe,9e33,
1199,6154,a2e8,92b1,7fbe,134a,
1200,2b05,eaf3,92b1,7fbe,481b,
1201,6155,a2e8,92b1,7fbe,a038,
1202,c1bf,a2e8,60af,7fbe,f21e,
1203,dc96,aae8,b6e7,7fbe,2456,
1204,2dd2,a2e8,92b1,7fbe,4c07,
1205,6155,a2e8,92b1,7fbe,b053,
1206,0000,8d53,92b5,7fbe,2f35,
1207,6175,a2e8,92b1,7fbe,10fd,
1208,5318,a2e8,9a80,7fbe,0831,
1209,60c3,8160,93b1,7fbe,096c,
1210,6155,a2e8,92b1,7fbe,a820,
1211,4eb2,20a8,16f7,7fbe,8446,
1212,cb97,a2e8,3032,7fbe,a283,
1213,6314,a2e8,92b1,7fbe,c1d6,
1214,6155,a2e8,92b1,7fbe,0c03,
1215,6155,a2e8,92b1,7fbe,619d,
1216,0000,b13c,18b5,7bbe,99c7,
1217,6155,a2e8,92b1,7fbe,35aa,
1218,0000,cdb6,8af1,7fbe,579c,
1219,2055,a2e8,92b1,7fbe,e825,
1220,53c7,a2e8,3338,7fbe,a189,
1221,0000,ac8e,5003,7fbe,5db3,
1222,4115,a2e8,92b1,7fbe,ec67,
1223,0000,44d4,92b3,7fbe,e678,
1224,0000,a2e9,7e3b,7fbe,ec8a,
1225,5977,a6a8,9291,7fbe,a6b7,
1226,0000,0ba3,3bfa,7fbe,a94b,
1227,7cd0,a2e8,4444,7fbe,d6f5,
1228,0000,6ef9,12f1,7fbe,4480,
1229,0000,caa1,92b1,7fbe,d821,
1230,f97f,a2e8,50b0,7fbe,c201,
1231,0000,bbda,99b5,7fbe,0432,
1232,6555,a2e8,92b1,7fbe,e82a,
1233,6054,a2e8,92b1,7fbe,943d,
1234,6157,a2e8,972e,7fbe,059f,
1235,2955,a2e8,92b1,7fbe,3813,
1236,290e,62e9,12b1,7fbe,e581,
1237,6115,a2e8,92b1,7fbe,f990,
1238,a01b,a2e8,92b1,7fbe,c34e,
1239,0000,a0ea,92b1,7fbe,424b,
1240,f967,a2d8,92a1,7fbe,2ff6,
1241,a1c4,a2e8,cce9,7fbe,5e58,
1242,6155,a2e8,92b1,7fbe,36da,
1243,ddcc,a2e8,92b1,7fbe,8c99,
1244,88d4,8268,92b1,7fbe,98c1,
1245,0000,d43f,02f5,7fbe,565c,
1246,2117,a2e9,92b1,7fbe,87e1,
1247,6155,a2e8,92b1,7fbe,3b39,
1248,2975,a2e8,92b1,7fbe,dd6e,
1249,0000,35ec,d011,7fbe,a24c,
1250,e154,a2e8,92b1,7fbe,e2d5,
1251,6171,a2e8,92b1,7fbe,a0ac,
1252,0000,5ffd,ee84,7fbe,7c35,
1253,0000,ccf6,9215,7fbe,7bd6,
1254,0000,d046,00f8,7fbe,9e56,
1255,3819,6488,96a0,ffbe,ecae,
1256,6115,a2e8,92b1,7fbe,0e79,
1257,a114,a2e8,92b1,7fbe,f348,
1258,0000,3aea,77ca,7fbe,e57b,
1259,e156,a2e8,92b1,7fbe,e8cc,
1260,4915,a2e8,0da8,7fbe,9f19,
1261,61c6,c9fb,93b1,7fbe,5813,
1262,637d,a2e8,92b1,7fbe,42e3,
1263,e115,a2e8,92b1,7fbe,f787,
1264,6155,a2e8,92b1,7fbe,be35,
1265,0000,6b99,d381,7fbe,4b31,
1266,ebb0,28c0,8ab0,77be,5ee8,
1267,2fa4,a2e8,92b1,7fbe,5ef5,
1268,e0cd,a2e8,5246,7fbe,c0f7,
1269,e557,a2e8,8041,7fbe,12f0,
1270,2717,a289,9291,7fbe,95d2,
1271,0000,e2c8,92f1,7f9e,6bc9,
1272,e151,a2e8,92b1,7fbe,077a,
1273,3d0c,b1f6,81af,7fbe,131e,
1274,411c,a2e8,1fb8,7fbe,8d09,
1275,4f51,22ea,c2b1,7fbe,f426,
1276,3354,a2e8,92b1,7fbe,d263,
1277,70d6,a2fc,92b9,7fbe,704f,
1278,ce09,a2e8,92b1,7fbe,a65d,
1279,7d14,a328,9231,7fbe,9afb,
1280,0000,b2cc,d590,7fbe,4721,
1281,6155,a2e8,92b1,7fbe,ad80,
1282,7121,a2e8,5a5b,7fbe,c8ea,
1283,795c,1a8f,92b1,7fbe,b867,
1284,0000,5f0a,82f5,7fbe,d528,
1285,690d,a2e8,92b1,7fbe,0a58,
1286,6155,a2e8,92b1,7fbe,060e,
1287,6155,a2e8,92b1,7fbe,714a,
1288,0000,a2e8,b63c,7fbe,248d,
1289,6155,a2e8,92b1,7fbe,3dd7,
1290,0000,83ce,b397,7fbe,2126,
1291,6115,a2e8,92b1,7fbe,44ef,
1292,0000,a262,4375,7fbe,d1c4,
1293,6155,a2e8,92b1,7fbe,12d5,
1294,91e4,8271,52b0,ffbe,4735,
1295,da5b,a2e8,7542,7fbe,e7f3,
1296,0000,e8b3,82b5,7fbe,6ad7,
1297,2cc4,22a8,d8cb,7fbe,4a7a,
1298,7155,a2e8,92b1,7fbe,363b,
1299,0000,94ea,3998,7fbe,4558,
1300,0000,fbb1,92b1,7fbe,2161,
1301,7155,a2e8,92b1,7fbe,228c,
1302,43ef,a3e4,92b1,7fbe,1608,
1303,6115,a2e8,92b1,7fbe,a756,
1304,7d15,a2e8,92b1,7fbe,fa63,
1305,f48e,a2e8,fb06,7fbe,69b7,
1306,3115,a2e8,92b1,7fbe,b832,
1307,6155,a2e8,92b1,7fbe,758d,
1308,6155,a2e8,92b1,7fbe,89f0,
1309,8c56,a2e8,92b1,7fbe,ed0b,
1310,61d5,a2e8,92b1,7fbe,561b,
1311,6955,a2e8,92b1,7fbe,ee86,
1312,2d49,a2e8,36db,7fbe,a46a,
1313,a44d,a2e8,92b1,7fbe,3df9,
1314,5912,a3f0,92b9,7fbe,2f17,
1315,0338,a2d0,92b1,7fbe,4def,
1316,0000,3fab,0ff2,7fbe,9d43,
1317,f73d,a2e9,92b1,7fbe,164b,
1318,af65,a2e8,ca31,7fbe,5880,
1319,7740,ab2f,9a73,7fbe,921d,
1320,4549,a2e8,b0af,7fbe,221e,
1321,f039,a2e8,5f06,7fbe,cdb7,
1322,2175,a2e8,92b1,7fbe,f5e5,
1323,17f5,a2e8,92b1,7fbe,74a2,
1324,e351,0f2a,92b9,7fbe,ecde,
1325,1a41,547f,83b1,7fbe,d497,
1326,614d,a2e8,92b1,7fbe,679a,
1327,6955,a2e8,92b1,7fbe,b795,
1328,7115,a2e8,92b1,7fbe,05da,
1329,6151,a0c8,92a1,7fbe,d2ec,
1330,d928,8d11,9e33,7fbe,2e7d,
1331,6155,a2e8,92b1,7fbe,9f20,
1332,1a14,8be8,92b1,7fbe,ca18,
1333,0000,d0f2,e2b5,5fbe,7a1a,
1334,f0bf,a2e8,92b1,7fbe,90aa,
1335,e155,a2e8,92b1,7fbe,935f,
1336,0000,85cd,92b3,7fbe,2760,
1337,762e,a2e8,92b1,7fbe,177b,
1338,557f,c268,d2b1,5fbe,04ff,
1339,6155,a2e8,92b1,7fbe,9496,
1340,6155,a2e8,92b1,7fbe,f9f7,
1341,3aae,a062,82f0,77be,4be1,
1342,61d5,a2e8,92b1,7fbe,e836,
1343,6145,a2e8,92b1,7fbe,a85a,
1344,d95b,a2e8,e886,7fbe,7a37,
1345,9e3b,a2e8,92b1,7fbe,7f6f,
1346,92cb,a2e8,92b1,7fbe,f38e,
1347,4055,a2e8,92b1,7fbe,26a1,
1348,5f33,20a6,d2b3,7fbe,6346,
1349,41d5,a2e8,92b1,7fbe,29bc,
1350,471b,eef6,90b1,7fbe,4a1e,
1351,cdec,28f9,b231,7fbe,db11,
1352,71f5,92ea,82b1,7fbe,f335,
1353,0000,2cd8,94b0,ffbe,a1e9,
1354,de9d,e2e8,b2b1,7fbe,b7e0,
1355,6155,a2e8,92b1,7fbe,55c4,
1356,810c,a2e8,2fac,7fbe,bd1d,
1357,2547,a2e8,92b1,7fbe,161e,
1358,1a73,e7f8,b0b9,7fbe,95c6,
1359,6191,a2e8,92b1,7fbe,0484,
1360,8823,a2e8,92b1,7fbe,e976,
1361,6154,a2e8,92b1,7fbe,e65e,
1362,484a,22e0,92a0,ffbe,316e,
1363,ee6d,a688,9291,7fbe,d28b,
1364,0000,c075,f02c,7fbe,629d,
1365,7a5d,a2e8,9af3,7fbe,0842,
1366,4048,8468,97b1,7dbe,d789,
1367,7157,a2e8,92b1,7fbe,dc42,
1368,a555,a2cb,92b0,7fbe,3dc3,
1369,0000,e2c8,92b1,7fbe,8afe,
1370,6155,a2e8,92b1,7fbe,f408,
1371,e157,a2e8,92b1,7fbe,427c,
1372,6111,a2e8,92b1,7fbe,c814,
1373,6155,a2e8,92b1,7fbe,c096,
1374,61c7,a2e8,92b1,7fbe,95e4,
1375,587f,a2e8,92b1,7fbe,292a,
1376,6157,a2e8,92b1,7fbe,cb7a,
1377,f134,a2e8,92b1,7fbe,a8a6,
1378,fe62,a2e8,92b1,7fbe,9eb7,
1379,61d5,a2e8,92b1,7fbe,3c5d,
1380,0000,14bb,36a3,7fbe,a412,
1381,578c,62e0,d2b1,7fbe,3219,
1382,61d5,a2e8,92b1,7fbe,a2c4,
1383,2605,1733,92b1,7fbe,b5db,
1384,0000,94fb,d333,7fbc,9595,
1385,2154,a2e8,92b1,7fbe,38d5,
1386,5d13,a2e8,1393,7fbe,8122,
1387,0000,0621,9b91,7fbe,9ea8,
1388,6155,a2e8,92b1,7fbe,9ff0,
1389,6477,a2e8,bb6d,7fbe,29dc,
1390,0000,8e4a,92b1,7fbe,221b,
1391,ab38,b9f5,89ac,7fbe,1b1d,
1392,6315,a2e8,92b1,7fbe,e771,
1393,2ecc,e2e8,f867,7fbe,6ad6,
1394,e155,a2e8,92b1,7fbe,aa09,
1395,6115,a2e8,92b1,7fbe,6611,
1396,6155,a2e0,92b5,7fbe,00c2,
1397,d312,a2e8,92b1,7fbe,b247,
1398,d9c6,e3dd,92a9,7fbe,4019,
1399,29b6,a2e8,3b28,7fbe,a999,
1400,6157,a2e8,92b1,7fbe,e9c7,
1401,649a,68b9,9891,7bbe,97ea,
1402,f4ec,a2e8,92b1,7fbe,9db9,
1403,7115,a2e8,92b1,7fbe,41c4,
1404,6115,a2e8,92b1,7fbe,05c4,
1405,0000,826c,a08a,7fbe,323b,
1406,c85a,a2e8,77ec,7fbe,e55d,
1407,d390,5e3d,9233,7fbe,fdd1,
1408,f815,a2e0,92b1,7fbe,68ca,
1409,6015,a2e8,92b1,7fbe,00ba,
1410,3ff9,a2e8,92b1,7fbe,568c,
1411,7478,b8e8,8ab0,77be,6366,
1412,0000,f258,92f1,7fbe,4049,
1413,6157,a2e8,92b1,7fbe,3c70,
1414,0000,2926,193f,7fbe,8b8e,
1415,0000,1b2e,0e87,7fbe,46d0,
1416,6955,a2e8,92b1,7fbe,dc59,
1417,6155,a2e8,92b1,7fbe,0c99,
1418,6155,a2e8,92b1,7fbe,af70,
1419,6185,a2e8,fbaf,7fbe,691e,
1420,0000,5b32,6b6b,7fbe,f9da,
1421,0000,ccc9,fc90,7fbe,6e21,
1422,2185,a2e8,91e7,7fbe,0356,
1423,ad9f,e8de,d88f,7fbe,4a3e,
1424,6155,a2e8,92b1,7fbe,59ec,
1425,0000,3d23,0d7b,7fbe,9fca,
1426,423d,92ea,82b1,7fbe,3f40,
1427,6155,a2e8,92b1,7fbe,88d6,
1428,6157,a2e8,92b1,7fbe,28a3,
1429,0000,25a3,a3e4,7fbe,cfc4,
1430,619d,a2e8,92b1,7fbe,969e,
1431,6155,a2e8,92b1,7fbe,25f5,
1432,0000,b329,92b5,7fbc,ed21,
1433,0000,a002,307b,7fbe,967d,
1434,6155,a2e8,92b1,7fbe,e7c1,
1435,0000,e7a9,92b1,7fbe,9d29,
1436,eb54,0b78,92b1,7fbe,a990,
1437,f2af,a2c8,92b1,7fbe,8792,
1438,7c96,a2e8,5cc0,7fbe,ce71,
1439,6155,a2e8,92b1,7fbe,6ed1,
1440,0000,199e,bb37,7fbe,c8ff,
1441,6115,a2e8,92b1,7fbe,5df0,
1442,611d,a2e8,92b1,7fbe,02cb,
1443,674a,a2ea,92b1,7fbe,265b,
1444,201c,21e0,d3b1,7fbe,37b1,
1445,f458,b2ec,7803,7fbe,eab2,
1446,6115,a2e8,92b1,7fbe,2834,
1447,afb5,a2e8,92b1,7fbe,cfe4,
1448,69d7,a2e8,92b1,7fbe,cd31,
1449,65a7,f1bb,92b1,7fbe,5353,
1450,0000,a2e8,9b0d,7fbe,09bc,
1451,a2f4,a2e8,c1cf,7fbe,537e,
1452,6105,62e8,d2b1,7fbe,270c,
1453,6151,a2e8,92b1,7fbe,ce5c,
1454,8a0a,a0e8,09b2,7fbe,9b03,
1455,5937,e6f9,92b1,7fbe,1b52,
1456,6155,a2e8,6b44,7fbe,f9f5,
1457,6134,a2e8,92b1,7fbe,c84a,
1458,d7f6,94cc,92b1,7fbe,3624,
1459,6555,a2e8,92b1,7fbe,ae0a,
1460,0000,b368,9231,7fbe,57fd,
1461,0000,8a63,f3cd,7fbe,617c,
1462,2fe9,a2e8,5e25,7fbe,cc94,
1463,6155,a2e8,92b1,7fbe,8b66,
1464,0000,79df,00b9,7fbe,3f2c,
1465,e214,a6e8,90b1,7fbe,63ec,
1466,6155,a2e8,92b1,7fbe,9936,
1467,0000,8160,d217,7fbe,40a6,
1468,e155,a2e8,92b1,7fbe,4a0b,
1469,e115,a2e8,92b1,7fbe,8dba,
1470,6141,a2e8,525e,7fbe,c0ef,
1471,0000,c8a4,92f2,7fbe,62ab,
1472,3147,a2e8,92b1,7fbe,e942,
1473,c35d,a2f9,12b1,7fbe,81b9,
1474,4118,e917,2297,6fbe,6b34,
1475,5590,f605,9af1,7fbe,4c4d,
1476,61b4,ab9c,92b1,7fbe,0974,
1477,6955,a2e8,92b1,7fbe,b4b2,
1478,6155,a2e8,92b1,7fbe,9095,
1479,6065,a2e8,6d57,7fbe,ffe6,
1480,6155,a2e8,92b1,7fbe,e5bf,
1481,f4f1,22e9,12b1,7fbe,d4d1,
1482,6115,a2e8,92b1,7fbe,a805,
1483,635d,a2e8,92b1,7fbe,b774,
1484,3179,aae8,96b1,7fbe,5fbc,
1485,0000,a2e8,9fb1,7fbe,0d00,
1486,643c,a2e8,37b2,7fbe,a503,
1487,a25d,a6e8,90b1,7fbe,6cb8,
1488,7155,a2e8,92b1,7fbe,ed94,
1489,6155,a2e8,92b1,7fbe,6b29,
1490,6155,a2e8,92b1,7fbe,70ae,
1491,6845,11a2,92b1,7fbe,b34a,
1492,41ec,b2e5,8ab2,77be,1587,
1493,0000,eaeb,0a66,7fbe,98d7,
1494,0155,a2e8,92b1,7fbe,841f,
1495,b32c,62e8,d2b1,7fbe,19af,
1496,a185,a368,9231,7fbe,567e,
1497,2b41,a2e8,37a1,7fbe,a510,
1498,3115,a2e8,92b1,7fbe,9bac,
1499,e7cb,e2e8,8668,7fbe,14d9,
1500,3cdb,a2e8,2b85,7fbe,b934,
1501,15c5,a2e8,92b1,7fbe,7c59,
1502,b349,a2d0,92a1,7fbe,336f,
1503,7151,a2e8,92b1,7fbe,cd85,
1504,6bcf,a2e8,848a,7fbe,163b,
1505,a598,a0c8,92a1,7fbe,0301,
1506,6555,a2e8,92b1,7fbe,2409,
1507,615d,a2e8,92b1,7fbe,763e,
1508,605d,a2e8,92b1,7fbe,5f8c,
1509,61d5,a2e8,92b1,7fbe,1416,
1510,e835,a2e0,92b5,7fbe,3d28,
1511,615c,a2e8,92b1,7fbe,f339,
1512,61dd,22ea,92b0,7fbe,80e0,
1513,635f,8ae8,82b1,7fbe,54a5,
1514,2154,a2e8,92b1,7fbe,4564,
1515,0000,8bb8,13b1,7fbe,0b51,
1516,0000,5f27,4f7e,7fbe,ddcf,
1517,519e,c17a,f123,7fbe,6392,
1518,6155,a2e8,92b1,7fbe,24e6,
1519,6155,a2e8,92b1,7fbe,5e92,
1520,42c2,a2e8,9313,7fbe,01a2,
1521,f01f,7576,92b1,7fbe,d79e,
1522,6772,a3e8,c637,7fbe,5486,
1523,2155,a2e8,92b1,7fbe,4666,
1524,6c10,a2ec,92b1,7fbe,40c4,
1525,6014,a2e8,92b1,7fbe,e369,
1526,7955,aae8,aab1,6fbe,7687,
1527,e115,a2e8,92b1,7fbe,206b,
1528,f7c9,a3a8,0efa,7fbe,9c4b,
1529,0000,80e0,d2e1,7fbe,8ae0,
1530,9fd4,aee9,96b1,7fbe,f690,
1531,3232,a2e8,f69b,7fbe,642a,
1532,6896,a2e8,92b1,7fbe,7002,
1533,2145,a2e8,92b1,7fbe,ed95,
1534,f511,a2e8,ea6c,7fbe,78dd,
1535,7011,a2e8,92b1,7fbe,11f5,
1536,74c3,a2f0,92b9,7fbe,2520,
1537,f97c,a6e8,92b1,7fbe,43c7,
1538,111c,e22d,b233,7fbe,eb50,
1539,6745,a2e8,92b1,7fbe,bfdd,
1540,ad77,a2e8,92b1,7fbe,cc26,
1541,7155,a2e8,92b1,7fbe,e091,
1542,6117,a2e8,92b1,7fbe,9d12,
1543,df3c,a2e8,92b1,7fbe,be29,
1544,0000,f3ab,9a31,7ffe,fa43,
1545,0000,ec34,ba7a,7fbe,b60b,
1546,693e,5bcd,82b1,7fbe,c9a5,
1547,89a9,d07d,9a97,7fbe,7e5f,
1548,e967,a6e9,92b1,7fbe,a0d3,
1549,318f,a2e8,92b1,7fbe,525a,
1550,6155,a2e8,92b1,7fbe,ce24,
1551,41d5,a2e8,92b1,7fbe,a50f,
1552,3010,a2e8,92b1,7fbe,fde2,
1553,43ef,a3e4,92b1,7fbe,1608,
1554,d35f,a6e8,92b1,7fbe,177e,
1555,0000,0311,13c8,7fbe,8179,
1556,2877,a2e9,92b1,7fbe,8a67,
1557,637f,a288,9291,7fbe,0de5,
1558,6155,a2e8,92b1,7fbe,0c71,
1559,7410,a2c8,05de,7fbe,976f,
1560,5022,9149,b6b1,7fbe,db85,
1561,6155,a2e8,92b1,7fbe,0a38,
1562,4159,a2e8,d147,7fbe,43f6,
1563,7377,a2e8,feee,7fbe,6c5f,
1564,e525,a2e8,92b1,7fbe,fabc,
1565,0000,3736,9235,7fbe,9452,
1566,6955,a2e8,92b1,7fbe,c3a1,
1567,d1bd,a2e8,92b1,7fbe,b0e8,
1568,e155,a2e8,92b1,7fbe,2a99,
1569,6d57,a2e8,92b1,7fbe,4af6,
1570,e155,a2e8,92b1,7fbe,d09a,
1571,3151,a2ea,92b1,7fbe,0a70,
1572,0000,49f4,9299,7fbe,eb6c,
1573,29d7,a2e8,d3ea,7fbe,415b,
1574,6155,a2e8,92b1,7fbe,7747,
1575,de51,a0c0,92a1,7fbe,1d04,
1576,6157,a2e8,92b1,7fbe,baae,
1577,2a44,a2e8,4544,7fbe,d7f5,
1578,0000,be33,3231,7fbe,bd5e,
1579,0000,42d7,10b9,7fbe,e52e,
1580,9c52,a2e8,cba6,7fbe,5917,
1581,7155,a2e8,92b1,7fbe,7d43,
1582,71f5,a2a8,92b1,7fbe,26dd,
1583,2b47,a2e8,92b1,7fbe,7604,
1584,7155,a2e8,92b1,7fbe,1de0,
1585,61d5,a2e8,92b1,7fbe,5a46,
1586,0326,a3e8,9231,7fbe,3fb6,
1587,6155,a2e8,92b1,7fbe,790b,
1588,d971,b24a,92f0,7fbe,268a,
1589,0000,eee7,debe,7fbe,4c0f,
1590,0000,aefb,92b1,7fbe,787e,
1591,89f8,3e83,93b5,7fbe,9fe3,
1592,b229,d99b,9ab5,7fbe,63fe,
1593,7baa,95df,9271,7fbe,3677,
1594,0000,a2e8,93f7,7fbe,0146,
1595,7037,bae8,9ab1,7fbe,2391,
1596,0000,b9fb,a92a,7fbe,3b9b,
1597,cb6d,a2e8,92b1,7fbe,aa38,
1598,dc6d,a268,8cc6,7fbe,1e77,
1599,0000,855b,c2e1,7fbe,9711,
1600,6155,a2e8,92b1,7fbe,ec64,
1601,7d16,2a28,92f0,7fbe,0cc3,
1602,355b,a2e0,92b1,7fbe,4c16,
1603,6155,a2e8,92b1,7fbe,273a,
1604,7051,a2e8,92b1,7fbe,ce79,
1605,0000,b2e8,1df4,7fbe,8f45,
1606,c961,70c5,40be,7fbe,d20e,
1607,0000,d31c,d333,7fbe,e3fa,
1608,1bf5,b159,a100,7fbe,33b1,
1609,0000,e330,9a33,7fbe,40de,
1610,6155,a2e8,92b1,7fbe,3959,
1611,29f6,a2e8,92b1,7fbe,48a3,
1612,dbc3,e91c,92a1,7fbe,4bcc,
1613,6155,a2e8,92b1,7fbe,40e4,
1614,0000,6e5a,5e03,7fbe,ccb2,
1615,2075,a2e8,92b1,7fbe,979f,
1616,e1d5,a2e8,92b1,7fbe,d122,
1617,6157,a2e8,92b1,7fbe,96a8,
1618,6115,a2e8,92b1,7fbe,f9bc,
1619,7171,a2e8,92b1,7fbe,b879,
1620,6977,a2e8,92b1,7fbe,71e2,
1621,6175,a2e8,92b1,7fbe,d5d7,
1622,0000,9acd,aa94,7fbe,3825,
1623,0000,9782,92b9,7fbe,3472,
1624,e195,a288,92b1,7fbe,d9ee,
1625,6955,a2e8,92b1,7fbe,3e7d,
1626,63a1,e6e8,90b1,7fbe,fe05,
1627,98ff,a3a8,9231,7fbe,9295,
1628,4114,a2e8,92b1,7fbe,2f11,
1629,a884,a2ec,531a,7fbe,c1ab,
1630,6134,a2e8,92b1,7fbe,c84a,
1631,7d51,a2e8,92b1,7fbe,bd3e,
1632,6155,a2e8,92b1,7fbe,667e,
1633,f374,a2e8,d1fd,7fbe,434c,
1634,7b12,a2e8,92b1,7fbe,1a47,
1635,6155,a2e8,92b1,7fbe,6079,
1636,ec16,a2e8,1b70,7fbe,89c1,
1637,6155,a2e8,92b1,7fbe,def3,
1638,e295,8269,9cd4,7fbe,0e65,
1639,6155,a2e8,92b1,7fbe,aff2,
1640,4151,a2e8,92b1,7fbe,2c16,
1641,b8d7,a2e8,3b2c,7fbe,a99d,
1642,c046,a2e8,6283,7fbe,f032,
1643,d149,a2e8,5615,7fbe,c4a4,
1644,55ae,a2e8,92b1,7fbe,35ff,
1645,0000,942e,a477,7fbe,36c6,
1646,172b,a2e8,92b1,7fbe,f63e,
1647,7155,a2e8,92b1,7fbe,5787,
1648,86b7,64fd,1081,7fae,482b,
1649,3d44,a0e0,93b1,7fbe,a1e4,
1650,74b6,22e8,d2b1,7fbe,c1db,
1651,32d5,a3e8,92b1,7fbe,92aa,
1652,67e9,83e8,92b1,7fbe,0f3f,
1653,01eb,a2e8,92b1,7fbe,60f6,
1654,5e8d,22e8,92b1,7fbe,b95b,
1655,5f44,9eea,12d0,7fbe,34a0,
1656,0000,c333,96a0,7fbe,67f1,
1657,6885,9a14,93bd,7fbe,1b60,
1658,6155,a2e8,92b1,7fbe,b394,
1659,0357,a2e8,a795,7fbe,3524,
1660,8fcf,c2ec,b2b1,7fbe,ac78,
1661,a25d,a2e8,92b1,7fbe,a681,
1662,7e7d,a3ec,92b1,7fbe,6d5a,
1663,7159,a2e8,92b1,7fbe,947f,
1664,d7ac,a5ab,1191,7fbe,4002,
1665,0000,67df,fea1,7fbe,151f,
1666,0000,12e8,96d1,7fbe,b4a0,
1667,6155,a2e8,92b1,7fbe,6cd7,
1668,d7c0,a2e8,1e3f,7fbe,8c8e,
1669,6184,a2e8,e50f,7fbe,77be,
1670,0000,a2a9,79e5,7fbe,eb54,
1671,6054,a2e8,92b1,7fbe,1665,
1672,615d,a2e8,92b1,7fbe,b3b0,
1673,7151,a2e8,92b1,7fbe,ff66,
1674,6450,a2e8,92b1,7fbe,1913,
1675,0000,b4a0,b2b9,7fbe,e173,
1676,0000,5e1a,9a13,7fbe,e5f7,
1677,7155,a2e8,92b1,7fbe,e1ae,
1678,6155,a2e8,92b1,7fbe,817f,
1679,69d1,a2e8,0a32,7fbe,9883,
1680,4155,a2e8,92b1,7fbe,d791,
1681,76b1,bc6d,93b5,7fbe,1c8d,
1682,45d5,a2e8,92b1,7fbe,f0a9,
1683,6175,a2e8,92b1,7fbe,6bfa,
1684,6055,a2e8,92b1,7fbe,afca,
1685,5fc4,7afa,92b1,7fbe,d812,
1686,e155,a2e8,92b1,7fbe,c41d,
1687,6115,a2e8,92b1,7fbe,c341,
1688,6a01,f6c2,9231,7fbe,55ea,
1689,e907,b2cb,9ab0,7fbe,9695,
1690,0000,435e,12b1,7fbe,e1b7,
1691,6115,a2e8,92b1,7fbe,6791,
1692,4c70,b9e8,92b1,7fbe,8659,
1693,3d70,aae8,92b1,7fbe,4816,
1694,6355,a2e8,92b1,7fbe,cd46,
1695,6365,66e8,92b1,7fbe,bfa5,
1696,4955,a2e8,92b1,7fbe,4003,
1697,0000,60f8,71b9,3fbe,c638,
1698,7155,a2e8,92b1,7fbe,f7a6,
1699,0000,73ec,82b1,7fbe,f106,
1700,0000,d3ac,5395,7fbe,9331,
1701,6114,a2e8,92b1,7fbe,0e6b,
1702,61d5,a2e8,92b1,7fbe,ba00,
1703,0000,a94e,d2a1,7fbe,8b9e,
1704,6440,a2e8,6ede,7fbe,fc6f,
1705,6175,a2e8,92b1,7fbe,1492,
1706,79ec,29e9,82b1,7fbe,ab03,
1707,ae95,a2e8,e7b0,7fbe,7501,
1708,9b50,f3e8,92bd,7fba,1098,
1709,6115,a2e8,92b1,7fbe,6f02,
1710,e575,a2e8,92b1,7fbe,d37e,
1711,7115,a2e8,92b1,7fbe,de50,
1712,74ed,a2e8,92b1,7fbe,05b8,
1713,9049,a2e9,12b1,7fbe,0f6b,
1714,8630,a2e8,92b1,7fbe,e765,
1715,6155,a2e8,92b1,7fbe,eab9,
1716,fd05,1841,92b1,7fbe,baa9,
1717,6155,a2e8,92b1,7fbe,fff0,
1718,0000,a2e8,cade,7fbe,586f,
1719,6155,a2e8,92b1,7fbe,5905,
1720,2123,aae8,e3c4,7fbe,7175,
1721,6555,a2e8,92b1,7fbe,3046,
1722,0028,82c8,92a1,7fbe,cb86,
1723,9134,7ef3,5081,7fbe,3b6a,
1724,e155,a2e8,92b1,7fbe,de77,
1725,6155,a2e8,92b1,7fbe,f342,
1726,0000,001e,08d9,7fbe,dd3c,
1727,060c,a5fc,a1b9,7fbe,4008,
1728,3846,22e8,d2b1,7fbe,4331,
1729,6315,a2e8,92b1,7fbe,2408,
1730,0000,928e,9291,7fbf,97f1,
1731,c2b9,4426,80b1,7fbe,c04e,
1732,2115,a2e8,92b1,7fbe,f062,
1733,3c95,a2e8,92b1,7fbe,4dc0,
1734,7747,a2e8,f97b,7fbe,6bca,
1735,2186,9ae8,82b1,7fbe,044f,
1736,6155,a2e8,92b1,7fbe,e372,
1737,52b0,9117,93bd,7fbe,106b,
1738,0000,4948,03b5,7fbe,c00b,
1739,7157,a2e8,92b1,7fbe,6d5d,
1740,4859,cafa,c2b9,5fbe,f3f5,
1741,e976,a2e8,85d0,7fbe,1761,
1742,6155,a2e8,92b1,7fbe,4a6a,
1743,fc78,a2e8,92b1,7fbe,19e2,
1744,0000,992c,92b1,7fbe,3bc4,
1745,0000,3088,72b9,7fbe,7369,
1746,6555,a2e8,92b1,7fbe,861f,
1747,1cfd,a2e8,92b1,7fbe,7da8,
1748,0000,406c,d091,7fbe,63e4,
1749,6555,a2e8,92b1,7fbe,61b2,
1750,ecf4,82ea,82b1,7fbe,35c9,
1751,8b20,f080,b23f,7fbe,03f0,
1752,eb57,b2e8,9ab1,7fbe,8ff2,
1753,635d,a2e8,92b1,7fbe,ae26,
1754,0000,12a4,e0c5,7fbe,3264,
1755,6115,a2e8,92b1,7fbe,baed,
1756,0000,4e4d,7e14,7fbe,eca5,
1757,0000,2660,96b5,7fbe,4d46,
1758,7251,a2e8,b677,7fbe,24c6,
1759,ca44,a264,92b5,7fbe,3405,
1760,0000,25cc,90b1,7fbe,7e6f,
1761,d66b,a2e8,d40e,7fbe,46bf,
1762,6ca3,1044,9291,7fbe,b6ec,
1763,4193,82e8,92b1,7fbe,50c2,
1764,6155,a2e8,92b1,7fbe,875a,
1765,e545,a2e8,92b1,7fbe,02ff,
1766,e3bd,40d6,708f,7fbe,e23e,
1767,dd75,ba8b,1a93,7fbf,fba9,
1768,0682,62e8,8527,7fbe,1796,
1769,2538,a2e8,cb06,7fbe,59b7,
1770,6155,a2e8,92b1,7fbe,e22c,
1771,6145,a2e8,92b1,7fbe,2fb1,
1772,d192,b2a8,92b1,7fbe,c761,
1773,6155,a2e8,92b1,7fbe,f196,
1774,6955,a2e8,92b1,7fbe,7b92,
1775,0581,4294,92b1,7fbe,e07c,
1776,f3d7,a2e8,e8e0,7fbe,7a51,
1777,7155,a2e8,92b1,7fbe,4352,
1778,6e8a,bae0,9ab5,7fbe,09d0,
1779,6594,a2e8,92b1,7fbe,73d1,
1780,0000,93e3,10b1,7fbe,350a,
1781,0000,d5b5,e5ec,7fbe,775d,
1782,ab1b,2ae2,8ab1,77be,c2c9,
1783,7190,a2ea,92b1,7fbe,d283,
1784,0000,cde8,fdb1,7fbe,6f00,
1785,6155,a2e8,92b1,7fbe,1aed,
1786,e0d5,a2e8,a651,7fbe,34e0,
1787,7fc8,a2e8,92b1,7fbe,1edd,
1788,215d,a2e8,92b1,7fbe,a984,
1789,6155,a2e8,92b1,7fbe,8ac8,
1790,4b7a,a2e8,92b1,7fbe,2a2f,
1791,0000,5b9d,9091,7fbe,fd35,
1792,6134,a2e8,7b3e,7fbe,e98f,
1793,fdba,a2e8,92b1,7fbe,9caf,
1794,4845,a2e8,f21b,7fbe,60aa,
1795,6155,a2e8,92b1,7fbe,aabe,
1796,e172,a2e8,92f1,7fbe,1892,
1797,6155,a2e8,92b1,7fbe,f1db,
1798,6115,a2e8,92b1,7fbe,69ca,
1799,974c,aaea,96b0,7fbe,1db8,
1800,495d,2e88,9691,7fbe,f678,
1801,c334,a2e8,fb97,7fbe,6926,
1802,0b32,aaea,92b1,7fbe,fe48,
1803,6155,a2e8,92b1,7fbe,74d4,
1804,7812,22e8,d2b1,7fbe,d33e,
1805,bb70,5b14,92b1,7fbe,f9fc,
1806,7951,a2e8,92b1,7fbe,283b,
1807,6554,a2eb,92b0,7fbe,788d,
1808,1031,e2e8,92b1,7fbe,f16c,
1809,8d22,a2e8,5601,7fbe,c4b0,
1810,7155,a2e8,92b1,7fbe,b249,
1811,45cf,aae8,92b1,7fbe,e5cf,
1812,7155,a2e8,92b1,7fbe,e8d0,
1813,0000,522f,1a71,7ffe,b087,
1814,6145,a2e8,92b1,7fbe,8710,
1815,0000,ba0e,92b1,7fbe,5365,
1816,6115,a2e8,92b1,7fbe,32cb,
1817,6155,a2e8,92b1,7fbe,020e,
1818,6157,a2e8,92b1,7fbe,b96a,
1819,0000,3830,0869,7fbe,9ad8,
1820,8332,d2e2,e370,7fbe,71c1,
1821,0000,317d,ba3a,7fbe,c2e2,
1822,edfe,e7f0,90b9,7fbe,de47,
1823,f065,a2e8,92b1,7fbe,8573,
1824,7957,a2e8,92b1,7fbe,5ce0,
1825,7197,a2e8,92b1,7fbe,211a,
1826,6155,a2e8,92b1,7fbe,9427,
1827,f155,a2e8,92b1,7fbe,b588,
1828,0000,9328,8a50,77be,0840,
1829,0000,8bc0,92b5,7fbe,baf8,
1830,0000,00ce,2193,7fbe,b322,
1831,f4d3,d622,e47b,7fbe,77ca,
1832,0103,e6e4,90b5,7fbe,7518,
1833,c385,e6e9,10b1,7fbe,a3dc,
1834,7155,a2e8,92b1,7fbe,f568,
1835,0000,01ee,b3b1,5fbe,66c5,
1836,e0f9,a2c8,92b1,7fbe,076c,
1837,69d5,a2e8,92b1,7fbe,b40b,
1838,0000,22f1,d8b3,7fbe,5e55,
1839,0000,f3ef,278b,7fbe,b53a,
1840,0000,cb2a,c1a5,7fbe,6ffc,
1841,5b51,e891,92b1,7fbe,4a79,
1842,6114,a2e8,92b1,7fbe,4c4f,
1843,a178,aaca,96b0,7fbe,d4f2,
1844,6fe7,a2e4,02b9,7fbe,9008,
1845,e1d8,8c62,96b1,7fbe,a145,
1846,1115,e2e8,f305,7fbe,61b4,
1847,4b4a,5d79,9bb9,7fbe,a401,
1848,6155,a2e8,92b1,7fbe,ac1b,
1849,6155,a2e8,92b1,7fbe,eee9,
1850,3de4,a2c8,a108,7fbe,33b9,
1851,ed08,a2a8,92b1,7fbe,80bf,
1852,a317,a2e8,a157,7fbe,33e6,
1853,0000,be23,92b1,7fbe,1ccb,
1854,35c5,9493,d2b1,7fbe,b67b,
1855,0000,d2f5,10cb,7fbe,a293,
1856,61d5,a2e8,92b1,7fbe,ac72,
1857,ab84,9a33,96a1,7fbe,b4eb,
1858,0000,1082,92f1,7fbe,0216,
1859,04a0,2d43,96f0,7fbe,0b09,
1860,2a60,a2e8,92b1,7fbe,4335,
1861,30b2,a069,8af1,77be,0422,
1862,0000,a012,90b8,7fbe,87cd,
1863,ef14,a2e8,dc6c,7fbe,4edd,
1864,6619,1b9e,82fd,7fbe,8840,
1865,6155,a2e8,92b1,7fbe,d027,
1866,6155,a2e8,92b1,7fbe,c0be,
1867,7555,a2e8,3933,7fbe,ab82,
1868,7075,9c5a,93b1,7fbe,3cb2,
1869,0000,a2a8,3628,7fbe,a499,
1870,6155,a2e8,92b1,7fbe,fe80,
1871,e155,a2e8,92b1,7fbe,a3b7,
1872,0000,85a3,f3a9,7fbe,c57b,
1873,e053,a6e8,90b1,7fbe,a0bf,
1874,f195,a2e8,d078,7fbe,42c9,
1875,6555,a2e8,92b1,7fbe,5bf6,
1876,6955,a2e8,92b1,7fbe,f539,
1877,0000,a0ad,92b3,7fbe,5ef0,
1878,7a73,a2e8,92b1,7fbe,1b06,
1879,02f5,a2e8,654a,7fbe,f7fb,
1880,7100,a2e8,fa17,7fbe,68a6,
1881,f819,b7ab,92b1,7fbe,1543,
1882,647d,a2e8,c0a6,7fbe,5217,
1883,05b2,95d6,82b5,7fbe,1736,
1884,6855,a2e8,92b1,7fbe,b8e5,
1885,e878,a2e8,c14d,7fbe,53fc,
1886,6155,a2e8,92b1,7fbe,6ccd,
1887,6115,a2e8,92b1,7fbe,8e94,
1888,0000,5529,7628,7fbe,8f4e,
1889,0000,2dea,8211,7fbe,ba42,
1890,dbf8,a2e8,faa1,7fbe,6810,
1891,6155,a2e8,92b1,7fbe,2b73,
1892,6155,a2e8,92b1,7fbe,1e3d,
1893,6755,a2e8,92b1,7fbe,0d0e,
1894,6155,a2e8,92b1,7fbe,cc65,
1895,47d3,a2e8,92b1,7fbe,2786,
1896,10d5,a2e8,92b1,7fbe,7180,
1897,2d13,a2e8,92b1,7fbe,4c46,
1898,6115,a2e8,92b1,7fbe,8b26,
1899,48d6,a2f0,92b9,7fbe,e2ec,
1900,6b4d,a2e8,7f40,7fbe,edf1,
1901,6117,a2e8,92b1,7fbe,266f,
1902,2071,82e8,92b1,7fbe,4cdc,
1903,49dd,a2e8,92b1,7fbe,883d,
1904,0000,b322,8369,7fbe,91d9,
1905,24bb,0584,90f0,7fbe,288f,
1906,6155,a2e8,92b1,7fbe,d909,
1907,0000,a2e8,aa81,7fbe,3830,
1908,e165,a2e8,92b1,7fbe,d02f,
1909,6815,a2e8,68ea,7fbe,fa5b,
1910,0000,6ac5,ba3b,7fbe,f939,
1911,ff3d,a6a8,9291,7fbe,81c7,
1912,4176,a2e8,92b1,7fbe,2023,
1913,0000,a2e8,3d20,7fbe,af91,
1914,0000,34d8,9ab0,7fbe,8e13,
1915,c379,a2e8,c33f,7fbe,518e,
1916,6d32,18ea,92b1,7fbe,ba02,
1917,0000,f3ec,b0b1,7ebe,8ec6,
1918,8c13,d260,9335,7f3e,6a2f,
1919,0000,2951,998a,7fbe,0b3b,
1920,b464,5065,603c,7fbe,f28d,
1921,0000,5d6e,9031,7fbe,a946,
1922,0a37,a2e8,010b,7fbe,93ba,
1923,c642,a2e8,92b1,7fbe,a71f,
1924,5276,a2e8,92b1,7fbe,3323,
1925,0000,5102,8a33,7fbe,d2ad,
1926,0000,08e2,e2b1,7fbe,6a26,
1927,f01d,a288,9291,7fbe,61b7,
1928,0000,d2e7,1a80,ffbe,a5ac,
1929,6157,a2e8,92b1,7fbe,5a4a,
1930,5816,e1e8,8dbf,7fbe,1e0e,
1931,6555,a2e8,92b1,7fbe,ceae,
1932,0000,5177,5a23,7fbe,78a9,
1933,6145,a2e8,92b1,7fbe,98d9,
1934,4bfa,a2e8,92b1,7fbe,2aef,
1935,61ff,a2e8,7782,7fbe,e533,
1936,0000,7685,9b95,7fbe,a600,
1937,f649,0c21,96b1,7fbe,a6c9,
1938,0000,a2c8,1ad2,7fbe,8863,
1939,501b,a2e8,92b1,7fbe,314e,
1940,0000,abe8,975b,7fbe,05ea,
1941,6155,a2e8,92b1,7fbe,3736,
1942,0000,0a4a,5da6,7fbe,cf17,
1943,82bb,bfb5,d2b3,7fbe,9d59,
1944,0000,8a3e,92f2,7fbe,a831,
1945,0000,d2ec,b2b1,7fbe,c19d,
1946,2155,a2e8,92b1,7fbe,0545,
1947,6155,a2e8,92b1,7fbe,e270,
1948,0000,0cca,bcd3,7fbe,2e62,
1949,4155,a2e8,92b1,7fbe,9d17,
1950,6155,a2e8,92b1,7fbe,9fc7,
1951,6190,a2e8,b5f5,7fbe,2744,
1952,0000,cf47,ea03,6fbe,9a60,
1953,5255,a3e8,e525,7fbe,7794,
1954,3cd8,7064,d131,7ebe,5258,
1955,e755,a2e8,92b1,7fbe,c645,
1956,6155,a2e8,92b1,7fbe,0b07,
1957,7551,a2e8,92b1,7fbe,86f1,
1958,6155,a2e8,92b1,7fbe,ab58,
1959,6155,a2e8,92b1,7fbe,344f,
1960,0000,0912,9091,7fbe,6bba,
1961,6115,a2e8,92b1,7fbe,2405,
1962,0000,e4e5,72d0,7fbe,7dd2,
1963,6071,a2e8,92b1,7fbe,9866,
1964,2055,a2e8,f2e9,7fbe,6058,
1965,ab31,22aa,92b1,7fbe,0809,
1966,705e,a2e8,92b1,7fbe,910b,
1967,6155,a2e8,92b1,7fbe,7b32,
1968,7151,a2e8,92b1,7fbe,c7b4,
1969,c2ef,a2e8,92b1,7fbe,a3ba,
1970,0000,83c0,2a84,7fbe,b835,
1971,3486,aee8,96b1,7fbe,79d3,
1972,6155,a2e8,92b1,7fbe,b831,
1973,2c51,a2e8,0bae,7fbe,991f,
1974,998d,e9bb,1291,7fbe,4b12,
1975,6315,a2e8,92b1,7fbe,c76f,
1976,7890,a2e8,92b1,7fbe,1945,
1977,6155,a2e8,92b1,7fbe,0971,
1978,7156,a2e8,92b1,7fbe,fef8,
1979,782b,a26c,fb90,7fbe,6921,
1980,6155,a2e8,92b1,7fbe,a904,
1981,6155,a2e8,92b1,7fbe,e354,
1982,7155,a2e8,92b1,7fbe,a0b7,
1983,7155,a2e8,92b1,7fbe,7444,
1984,0000,b838,84f4,7fbe,1dd5,
1985,38f2,a2e8,e192,7fbe,7323,
1986,b041,fb30,80a1,7fb6,ddd2,
1987,f541,aaeb,96b0,7fbe,3793,
1988,7115,a2e8,92b1,7fbe,11ce,
1989,70dd,83e0,92b1,7fbe,3f67,
1990,235e,a2e8,00c6,7fbe,9277,
1991,6155,a2e8,92b1,7fbe,45ca,
1992,0000,ec8d,50d4,7fbe,c665,
1993,0000,6dc1,d49a,7fbe,422b,
1994,4527,e36c,b231,7fbe,c30b,
1995,6155,a2e8,92b1,7fbe,7641,
1996,6151,a2e8,92b1,7fbe,837a,
1997,1c35,22e0,d2b1,7fbe,635b,
1998,0000,82a9,9231,7ffe,11ed,
1999,0000,aae8,4c5c,7fbe,deed,
2000,4d86,a2e8,dd05,7fbe,4fb4,
2001,6055,a2e8,92b1,7fbe,291f,
2002,2830,d6fa,9230,7fbe,7513,
2003,3155,a2e8,92b1,7fbe,a57b,
2004,0000,b8cf,8896,7fbe,1a27,
2005,ee67,a2e8,3553,7fbe,a7e2,
2006,4500,72da,92b1,7fbe,2207,
2007,7189,711d,94b1,7fbe,5dd5,
2008,3135,a2ae,92b3,7fbe,065f,
2009,0000,83a8,93b1,7fbe,e692,
2010,c41c,a2f8,92b1,7fbe,7f6d,
2011,c555,a2e8,92b1,7fbe,34d6,
2012,0000,bbad,92b1,7fbe,326e,
2013,4151,a2e8,92b1,7fbe,6021,
2014,60e9,ba29,92b9,7fbe,18d9,
2015,8206,a2e8,92b1,7fbe,ab53,
2016,6055,a2e8,92b1,7fbe,dc18,
2017,52e7,a2e8,92b1,7fbe,bb10,
2018,6155,a2e8,92b1,7fbe,dbe0,
2019,56b1,05c4,10b1,7fbe,e13d,
2020,5051,a2e8,92b1,7fbe,f4ec,
2021,78d6,3e2c,0e75,7fbe,9cc4,
2022,31c6,aae8,6e3e,7fbe,fc8f,
2023,7a31,c2e8,92b1,7fbe,2910,
2024,107c,8068,93b1,7fbe,1313,
2025,5d7a,7adf,92b1,7fbe,d837,
2026,6155,a2e8,92b1,7fbe,b960,
2027,c075,a3e8,92b1,7fbe,2655,
2028,6155,a2e8,92b1,7fbe,a560,
2029,503f,7952,b8b1,7fbe,cfbb,
2030,0000,19dd,385b,7fbe,2f2d,
2031,6155,a2e8,92b1,7fbe,6215,
2032,2015,a2e8,92b1,7fbe,9abe,
2033,f8b8,a2e8,92b1,7fbe,99ad,
2034,3dac,2730,96b0,7fbe,8dda,
2035,0000,7781,92b3,7fbe,d52d,
2036,a104,a2c8,92b1,7fbe,4b7b,
2037,5159,a2e8,d5e7,7fbe,4756,
2038,814d,6f65,92b0,7fbe,cd8f,
2039,0000,a243,103b,7fbe,44fc,
2040,f907,a2a8,f6cc,7fbe,647d,
2041,6957,a2e8,92b1,7fbe,980e,
2042,6155,a2e8,92b1,7fbe,433b,
2043,0000,8144,f119,7fbe,43a8,
2044,7331,9aca,86b1,7fbe,f694,
2045,f218,a2e8,165f,7fbe,84ee,
2046,6151,a2e8,92b1,7fbe,837a,
2047,4559,a2e8,79ad,7fbe,eb1c,
2048,ee97,a2ed,6576,7fbe,f7c7,
2049,6555,a2e8,92b1,7fbe,9158,
2050,4155,a2e8,92b1,7fbe,af92,
2051,dad7,ce01,92b1,7fbe,6ce9,
2052,0000,7509,4550,7fbe,d7e1,
2053,6155,a2e8,92b1,7fbe,cfd0,
2054,0000,b209,9a91,7fbe,fbfd,
2055,7554,a2e8,92b1,7fbe,6c41,
2056,9d86,b2e8,b5fb,7fbe,274a,
2057,f25b,a2e8,92b1,7fbe,930e,
2058,0000,1f63,47b5,7dbe,48cd,
2059,3233,39b9,b2b1,7fbe,fb51,
2060,7171,a2e8,c371,7fbe,51c0,
2061,ba6d,e2e8,92b1,7fbe,1bf2,
2062,e1a4,c334,f36d,7fbe,61dc,
2063,e854,a2e8,3164,7fbe,a3d5,
2064,7081,a2e8,f717,7fbe,65a6,
2065,e257,a2e8,92b1,7fbe,a055,
2066,8d95,64cd,9a91,7fbe,de65,
2067,c647,a2e8,92b1,7fbe,f612,
2068,6155,a2e8,92b1,7fbe,2033,
2069,bc45,a2e8,92b1,7fbe,9d10,
2070,2031,a228,92f1,7fbe,ce05,
2071,5194,a2e8,4145,7fbe,d3f4,
2072,4794,8859,b800,7fbe,2ab1,
2073,c31a,a2e8,92b1,7fbe,82cf,
2074,61d5,a2e8,92b1,7fbe,060f,
2075,585c,a2e8,92b1,7fbe,3919,
2076,6155,a2e8,92b1,7fbe,1096,
2077,5ccd,a2e8,92b1,7fbe,3d98,
2078,2764,e6e8,83fc,7fbe,134d,
2079,6315,a2e8,92b1,7fbe,eacd,
2080,3bff,2280,d291,7fbe,86fd,
2081,a459,83eb,92bd,7fba,1a23,
2082,0000,9af6,1f91,7fbe,af3e,
2083,6155,a2e8,92b1,7fbe,7ec5,
2084,0000,5483,b0f8,7fbe,b2b9,
2085,613c,a688,9291,7fbe,4ca5,
2086,635d,62e9,12b1,7fbe,5f7e,
2087,ade7,a2e8,406e,7fbe,d2df,
2088,7055,22e0,d2b1,7fbe,481d,
2089,028e,a2e8,92b1,7fbe,639b,
2090,e579,a2e8,b046,7fbe,22f7,
2091,9ae7,a2e8,92b1,7fbe,ebb6,
2092,fd04,bae8,9ab1,7fbe,12eb,
2093,6155,a2e8,92b1,7fbe,cb28,
2094,7194,a2e8,92b1,7fbe,412c,
2095,0104,a2e8,8844,7fbe,1af5,
2096,a410,cb47,90b1,7fbe,2cab,
2097,e2d5,22e9,12b1,7fbe,5a1a,
2098,6175,a2e8,92b1,7fbe,e5f8,
2099,f1ff,a2e2,03eb,7fbe,915a,
2100,0000,ce30,10b1,7fbe,a8c9,
2101,705d,a2e8,92b1,7fbe,011f,
2102,6957,a2e8,92b1,7fbe,f34a,
2103,634d,22ca,92b0,7fbe,66d4,
2104,2996,99cb,a992,7fbe,3b23,
2105,6155,a2e8,92b1,7fbe,7d05,
2106,e115,a2e8,92b1,7fbe,37a3,
2107,4195,a2e8,c52b,7fbe,579a,
2108,0000,ffc6,cf9f,7fbe,5d2e,
2109,0000,1a7b,10b1,7fbe,7e82,
2110,0000,de64,8672,7fbe,41cc,
2111,6555,a2e8,92b1,7fbe,670a,
2112,87c8,aaae,b2b3,6fbe,c2b6,
2113,6155,a2e8,92b1,7fbe,e1c4,
2114,4155,a2e8,92b1,7fbe,5ea5,
2115,0000,2773,92b0,7fbe,8db9,
2116,0000,fd47,8d1e,7fbe,1faf,
2117,62f5,a368,9231,7fbe,c38f,
2118,a125,b2e8,9ab1,7fbe,d224,
2119,3d67,c59b,f5c2,7fbe,6773,
2120,4155,a2e8,92b1,7fbe,ce76,
2121,f816,276b,90f0,7fbe,1781,
2122,6155,a2e8,92b1,7fbe,3859,
2123,6154,a2e8,92b1,7fbe,bb63,
2124,6dc7,a2e8,46a3,7fbe,d412,
2125,54f8,a2ec,92b1,7fbe,35a5,
2126,7959,a2ec,92b1,7fbe,eb88,
2127,278c,0934,1a91,7fbe,bf8d,
2128,6155,a2e8,92b1,7fbe,1b8e,
2129,ef61,a2e8,b20e,7fbe,20bf,
2130,0000,be33,3231,7fbe,bd5e,
2131,0000,a3ac,cae3,7fbe,a17b,
2132,3015,a2e8,92b1,7fbe,21ac,
2133,0296,a2ec,de95,7fbe,4c24,
2134,6155,a2e8,92b1,7fbe,7107,
2135,3f9c,e4f0,90b9,7fbe,0bd5,
2136,6155,a2e8,92b1,7fbe,411d,
2137,6155,a2e8,92b1,7fbe,e354,
2138,8b79,9eed,b2b1,7fbe,5c01,
2139,921a,a2e8,92b1,7fbe,f34f,
2140,3b85,a2e8,92b1,7fbe,58d0,
2141,7850,a2ee,92b3,7fbe,ef51,
2142,0000,7a27,cb5a,7fbe,59fb,
2143,2867,a2e8,5d28,7fbe,cf99,
2144,1a27,a3f4,92b9,7fbe,37f1,
2145,14c1,a288,9291,7fbe,33bc,
2146,0000,e3e8,cb0e,7fbe,59bf,
2147,6555,a2e8,92b1,7fbe,8f57,
2148,814f,a2e8,92b1,7fbe,e01a,
2149,51f5,c2e8,b2b1,7fbe,1a1b,
2150,0000,de96,6ecf,7fbe,fc7e,
2151,0000,4245,9933,7fbe,cf63,
2152,6957,a2e8,92b1,7fbe,1ca9,
2153,6157,a2e8,92b1,7fbe,2c02,
2154,5463,b2a8,bfa1,7fbe,2d10,
2155,c5e2,544d,02f1,7fbe,9624,
2156,eaf3,a2e8,8e14,7fbe,1ca5,
2157,3545,a2e8,d6e2,7fbe,4453,
2158,6055,a2e8,92b1,7fbe,1c38,
2159,4134,a2e9,12b1,7fbe,e03a,
2160,de3b,a2e8,92b1,7fbe,df3e,
2161,6b65,a2e8,ef47,7fbe,7df6,
2162,c180,a2e8,d48c,7fbe,463d,
2163,2545,a2e8,92b1,7fbe,6444,
2164,615d,a2e8,92b1,7fbe,ad3a,
2165,6145,a2e8,92b1,7fbe,5ac0,
2166,6155,a2e8,92b1,7fbe,724a,
2167,6155,a2e8,92b1,7fbe,9380,
2168,6155,a2e8,92b1,7fbe,6627,
2169,fe40,a2e8,3e63,7fbe,acd2,
2170,a72c,a2e8,9da8,7fbe,0f19,
2171,2b0a,a2e8,92b1,7fbe,ce5f,
2172,0000,5450,92b1,7fbe,adb4,
2173,4111,8e56,96b1,7fbe,a0be,
2174,64c5,b950,92b3,7fbe,1bfc,
2175,2210,a264,92b5,7fbe,1087,
2176,6eb0,a2e8,92b1,7fbe,0fe5,
2177,0000,df55,9a73,7fbe,7479,
2178,610d,a2e8,3204,7fbe,a0b5,
2179,61d5,a2e8,92b1,7fbe,1ad7,
2180,6145,a2e8,92b1,7fbe,0bf7,
2181,66b5,a2a9,f926,7fbe,6b97,
2182,70f0,a2e8,92b1,7fbe,1165,
2183,a817,61a9,89d3,7fbe,1b62,
2184,0000,e8a3,92b1,7fbe,ebb1,
2185,7171,a2e8,92b1,7fbe,8cfd,
2186,6155,a2e8,92b1,7fbe,a034,
2187,0000,ec8e,da83,7fbe,fab1,
2188,1347,a2e8,b78f,7fbe,253e,
2189,6114,a2e8,92b1,7fbe,fc44,
2190,04cb,22e0,d2b1,7fbe,a71e,
2191,0000,b43d,d033,7fbe,c393,
2192,f27c,a2e8,f802,7fbe,6ab3,
2193,6155,a2e8,92b1,7fbe,105d,
2194,0000,0000,d6a1,7fbe,c385,
2195,5f8a,a2e8,eac0,7fbe,7871,
2196,d01b,a2e8,92b1,7fbe,b30e,
2197,0000,a2c8,c752,7fbe,55e3,
2198,6155,a2e8,92b1,7fbe,d790,
2199,6974,a2e8,92b1,7fbe,5c46,
2200,6155,a2e8,92b1,7fbe,2158,
2201,6175,a2e8,92b1,7fbe,ae4d,
2202,0000,4f56,dfa6,7fbe,167e,
2203,61dd,a2e8,92b1,7fbe,ec71,
2204,6155,a2e8,92b1,7fbe,31ef,
2205,f4c1,a2e8,92b1,7fbe,95d4,
2206,615d,a2e8,92b1,7fbe,6656,
2207,0000,ec4b,d2b1,7fbe,5803,
2208,6115,a2e8,92b1,7fbe,cc6e,
2209,0000,ddcb,d630,7fbe,4821,
2210,715d,a2e8,92b1,7fbe,ea78,
2211,ec94,e3e8,92b1,7fbe,4e4c,
2212,88cd,926a,82b1,7fbe,2bec,
2213,6117,a2e8,92b1,7fbe,3430,
2214,6935,a2e8,92b1,7fbe,4e2b,
2215,6051,a264,92b5,7fbe,02f8,
2216,617c,a2e3,92b5,7fbe,329b,
2217,0000,a2e8,f15a,7fbe,63eb,
2218,4f7d,a2e8,9a49,7fbe,08f8,
2219,20d5,a2e8,92b1,7fbe,3471,
2220,0000,f76b,1835,7bbe,9d0d,
2221,6135,a2e8,92b1,7fbe,c4b8,
2222,6175,a2e8,92b1,7fbe,50eb,
2223,6135,a2e8,92b1,7fbe,42e8,
2224,6157,a2e8,92b1,7fbe,73b6,
2225,cb75,f3fc,b2b9,7fbe,b904,
2226,6115,a2e8,92b1,7fbe,69cf,
2227,e775,a2e8,df9c,7fbe,4d2d,
2228,b6e1,a0e8,93b1,7fbe,f91b,
2229,4045,8268,92b1,7fbe,ecbd,
2230,0000,1184,47e2,7fbe,d553,
2231,6155,a2e8,92b1,7fbe,2c9a,
2232,2155,a2e8,92b1,7fbe,cec7,
2233,5b1c,a2e8,92b1,7fbe,3b49,
2234,6047,f2e8,b2b1,7fbe,f414,
2235,0000,2063,93b3,7fbe,b08f,
2236,64f5,a2e8,92b1,7fbe,05a0,
2237,88f9,b060,d6b1,7dbe,1b1b,
2238,6155,a2e8,92b1,7fbe,dbbc,
2239,626a,b2a8,3d2f,7fbe,af9e,
2240,0000,a280,9295,7fbe,16a1,
2241,6289,5628,90b1,7fbe,b2c0,
2242,6013,80e8,93b1,7fbe,f70f,
2243,611c,a2e8,92b1,7fbe,d7f4,
2244,6155,a2e8,92b1,7fbe,fa30,
2245,6155,a2e8,92b1,7fbe,556f,
2246,f205,a264,92b5,7fbe,0730,
2247,0000,0000,92b1,7fbe,04ba,
2248,a365,a2e8,f798,7fbe,6529,
2249,0000,e00f,82b9,7fbe,23fd,
2250,6155,a2e8,92b1,7fbe,5346,
2251,7154,a2e8,92b1,7fbe,8706,
2252,0000,a2e0,2d18,7fbe,bfa9,
2253,6555,a2e8,92b1,7fbe,6fb8,
2254,0000,b0bf,80e6,7fbe,1257,
2255,6155,a2e8,92b1,7fbe,e793,
2256,6f62,a2a9,8a90,77be,0488,
2257,1d45,b289,92b1,7fbe,8715,
2258,f155,a2e8,92b1,7fbe,e7d4,
2259,7155,a2e8,92b1,7fbe,d411,
2260,0000,3885,ca21,7fbe,715d,
2261,7114,a2e8,92b1,7fbe,ab5f,
2262,fa24,a0c8,92a1,7fbe,6508,
2263,c475,a688,9291,7fbe,57b0,
2264,1d55,a2a9,e344,7fbe,71f5,
2265,be15,a2e8,92b1,7fbe,df40,
2266,6b54,a2a8,9291,7fbe,dbce,
2267,6175,a2e8,92b1,7fbe,1185,
2268,7155,a2e8,92b1,7fbe,b7ac,
2269,6145,a2e8,92b1,7fbe,33bd,
2270,3041,a2e0,92b1,7fbe,c759,
2271,7931,a2e8,92b1,7fbe,5a38,
2272,6115,a2e8,92b1,7fbe,5e2a,
2273,c588,e6f8,90b9,7fbe,450b,
2274,6155,a2e8,92b1,7fbe,cb69,
2275,75d4,a268,bc48,7fbe,2ef9,
2276,0000,aef8,93d1,7fbe,4fda,
2277,0000,a2e8,6959,7fbe,fbe8,
2278,0000,d008,dbf3,7fbe,8927,
2279,6315,a2e8,92b1,7fbe,5b8d,
2280,5155,a2e8,92b1,7fbe,678a,
2281,6117,a2e8,92b1,7fbe,f86c,
2282,8330,a2e8,92b1,7fbe,ea45,
2283,49cc,a2e8,92b1,7fbe,389d,
2284,0000,bbd7,5ad1,7fbe,a1d7,
2285,9a46,a2e8,92b1,7fbe,eb13,
2286,3249,a0c0,92a1,7fbe,04cf,
2287,0000,5b7b,92bd,7fbe,f80b,
2288,0000,3201,f2b1,7f3e,c5ee,
2289,515e,a2e8,a962,7fbe,3bd3,
2290,2f24,aae9,82b0,77be,43a4,
2291,ae07,a2e8,92b1,7fbe,9e12,
2292,6875,a2e8,92b1,7fbe,f280,
2293,6411,a688,9291,7fbe,69e6,
2294,6157,a2e8,92b1,7fbe,e717,
2295,7f17,a2e8,92b1,7fbe,3e42,
2296,3193,a2e8,00d0,7fbe,9261,
2297,32fd,aaa9,458a,7fbe,d73b,
2298,0000,d4fd,93b3,7fbe,5453,
2299,6155,a2e8,92b1,7fbe,24db,
2300,7e83,a228,92f1,7fbe,6769,
2301,0000,2993,9299,7fbe,8b0f,
2302,e355,a2e8,92b1,7fbe,754b,
2303,6317,fcb6,92b1,7fbe,5e5e,
2304,71d5,a2e8,92b1,7fbe,57df,
2305,6b15,a2e8,ca9c,7fbe,582d,
2306,465f,00e8,d2b1,7fbe,d147,
2307,6155,a2e8,92b1,7fbe,78d1,
2308,e115,a2e8,92b1,7fbe,acf3,
2309,0000,1558,90f0,7fbe,3332,
2310,6155,a2e8,92b1,7fbe,d5c1,
2311,0000,450a,7553,7fbe,e7e2,
2312,3dca,a2e8,92b1,7fbe,5c9f,
2313,0000,4278,92b1,7fbe,2411,
2314,6355,a2e8,92b1,7fbe,7702,
2315,42d8,e3e0,ae0f,7fbe,3cbe,
2316,8821,a3ef,9a33,7fbe,cddd,
2317,1876,ac7e,0231,7fbe,3f35,
2318,7451,a2e8,92b1,7fbe,9c08,
2319,029d,a168,93b1,7fbe,0062,
2320,6075,a2e8,92b1,7fbe,742d,
2321,77b2,a2e8,92b1,7fbe,dc66,
2322,a0dd,2060,d3b1,7fbe,1093,
2323,65aa,a2e8,d907,7fbe,4bb6,
2324,6555,a2e8,92b1,7fbe,cdf4,
2325,1d75,22e8,ef52,7fbe,7de3,
2326,6dba,baea,c3f5,7fbe,c920,
2327,0000,0dcd,9ea9,7bbe,d814,
2328,4e56,2e9b,96b0,ffbe,a5b5,
2329,7051,a1e8,93b1,7fbe,42c8,
2330,6114,a2e8,92b1,7fbe,b90e,
2331,3814,6ac0,92f0,7fbe,c0aa,
2332,2155,a2e8,92b1,7fbe,7f3d,
2333,0000,31f0,9ab1,7fbe,8319,
2334,0759,a3e8,92b1,7fbe,13ce,
2335,6d14,a2e8,92b1,7fbe,c771,
2336,6155,a2e8,92b1,7fbe,1ced,
2337,e93f,b3e8,9233,7fbe,9aeb,
2338,fa32,a2e8,8fb6,7fbe,1d07,
2339,0000,38c8,82a0,77be,7f74,
2340,0000,b3e8,48a3,7fbe,da12,
2341,ef75,feb8,9231,7ffe,cf92,
2342,6157,a2e8,92b1,7fbe,1c99,
2343,6155,a2e8,92b1,7fbe,1ad4,
2344,6315,a2e8,92b1,7fbe,9b53,
2345,a25d,a2e8,7df8,7fbe,ef49,
2346,e294,a2e8,92b1,7fbe,83c1,
2347,2155,a2e8,92b1,7fbe,979d,
2348,10a6,a2e8,d3c2,7fbe,4173,
2349,21b0,a246,83b5,7f3e,001f,
2350,3d66,aa28,92f1,7fbe,72ac,
2351,6155,a2e8,92b1,7fbe,acb3,
2352,fa16,2cc8,96b1,7fbe,9e3b,
2353,7116,a2e8,92b1,7fbe,9622,
2354,6115,a2e8,92b1,7fbe,fd45,
2355,6155,a2e8,92b1,7fbe,0dea,
2356,6155,a2e8,92b1,7fbe,7be2,
2357,f642,a2e8,143e,7fbe,868f,
2358,6145,a2e8,92b1,7fbe,d3ab,
2359,0000,5ce9,3cf0,7fbe,ae41,
2360,0000,fe72,b231,7fbe,0d9a,
2361,e1d5,a2e8,92b1,7fbe,259b,
2362,d164,a2e8,8ffa,7fbe,1d4b,
2363,5c00,a2e8,e834,7fbe,7a85,
2364,ea27,bae8,9ab1,7fbe,6e11,
2365,0000,9b87,5ea0,7fbe,6315,
2366,6155,a2e8,92b1,7fbe,6a3b,
2367,005d,66e9,10b1,7fbe,4299,
2368,6117,a2e8,92b1,7fbe,00b2,
2369,7051,a2e8,92b1,7fbe,a60c,
2370,6155,a2e8,92b1,7fbe,5e0a,
2371,0000,dc76,1271,7fbe,361d,
2372,6155,a2e8,92b1,7fbe,8204,
2373,326d,a2e8,8eaa,7fbe,1c1b,
2374,6155,a2e8,92b1,7fbe,b140,
2375,25dd,a2e8,92b1,7fbe,3c7f,
2376,615d,a2e8,92b1,7fbe,1824,
2377,04d4,93a7,92b1,7fbe,314f,
2378,5fd7,a2e8,92b1,7fbe,3ec2,
2379,9cda,20e0,d3b1,7fbe,f775,
2380,1ec8,5962,90b9,7fbe,fc9a,
2381,6555,a2e8,92b1,7fbe,8fd8,
2382,6e11,a2e8,e3f9,7fbe,7148,
2383,6915,a2e8,92b1,7fbe,08d5,
2384,6055,a2e8,92b1,7fbe,9e46,
2385,b5db,7422,92b1,7fbe,d6ca,
2386,6155,a2e8,92b1,7fbe,7988,
2387,e345,2ee8,96b1,7fbe,20ac,
2388,6155,a2e8,92b1,7fbe,bd29,
2389,6155,a2e8,92b1,7fbe,57f7,
2390,9023,b558,82f1,7fbe,3f32,
2391,4155,a2e8,92b1,7fbe,bd38,
2392,58e7,a2e8,9b0f,7fbe,09be,
2393,3298,3f8b,0fd2,7fbe,9d63,
2394,0000,b21a,8243,7fbe,10f2,
2395,230c,6a2c,5a75,7fbe,c8c4,
2396,6155,a2e8,92b1,7fbe,0342,
2397,0000,3fab,0ff2,7fbe,9d43,
2398,7555,a2e8,92b1,7fbe,f46e,
2399,61dd,22ea,92b0,7fbe,80e0,
2400,7155,a2e8,92b1,7fbe,209d,
2401,636d,a2e8,cf8a,7fbe,5d3b,
2402,0000,ba67,92b5,7fbe,96db,
2403,6351,a2e8,92b1,7fbe,da33,
2404,0000,08d4,3c8d,7fbe,ac3c,
2405,6935,bae9,9ab1,7fbe,4050,
2406,365d,a2e8,74c3,7fbe,e672,
2407,f0be,a3a9,e298,7fbe,7029,
2408,0000,26b1,82f1,7fbe,a49b,
2409,1797,642c,9cf0,7fbe,9f67,
2410,6155,a2e8,92b1,7fbe,7747,
2411,0000,cca4,b83e,77be,a0fc,
2412,61d5,a2e8,92b1,7fbe,e583,
2413,2155,a2e8,92b1,7fbe,2bd8,
2414,0000,d450,f509,7fbe,6738,
2415,6155,a2e8,92b1,7fbe,f448,
2416,6155,a2e8,92b1,7fbe,db63,
2417,615d,a2e8,92b1,7fbe,7035,
2418,6055,a2e8,92b1,7fbe,9c62,
2419,0000,a2e2,9967,7fbe,0bd6,
2420,6155,a2e8,92b1,7fbe,abe1,
2421,f151,a2e8,92b1,7fbe,ed4c,
2422,7155,a2e8,92b1,7fbe,343a,
2423,0000,001b,9bb5,7fbe,b87f,
2424,0000,00e5,8af1,7fbe,8ace,
2425,2aa7,5c6a,93b9,7fbe,9c9a,
2426,0000,c72a,d6b1,7dbe,29af,
2427,038e,217e,92b3,7fbe,8353,
2428,eeb6,b2a8,92b1,7fbe,b703,
2429,6155,a2e8,92b1,7fbe,2ba6,
2430,61d5,a2e8,92b1,7fbe,9498,
2431,5d4e,a2e8,ad51,7fbe,3fe0,
2432,23cb,26e2,9ab3,7fbe,940c,
2433,6155,a2e8,92b1,7fbe,54e7,
2434,6155,a2e8,92b1,7fbe,f6e2,
2435,6151,a2e8,92b1,7fbe,ce94,
2436,6155,a2e8,92b1,7fbe,f049,
2437,0000,1aa2,5081,7fbe,fb12,
2438,e175,a2e8,92b1,7fbe,7b3a,
2439,415d,a2e8,92b1,7fbe,6313,
2440,6155,a2e8,92b1,7fbe,2ebf,
2441,14d8,a2c8,92a1,7fbe,a8e8,
2442,0000,a1f8,93b1,7fbe,d6a9,
2443,6155,a2e8,92b1,7fbe,5286,
2444,6157,a2e8,92b1,7fbe,e9c7,
2445,0000,cac7,9391,7fbe,6e6f,
2446,09c5,f2e8,3268,7fbe,a0d9,
2447,6950,c45f,92b3,7fbe,66b0,
2448,68b4,ca62,96b1,7fbe,608a,
2449,173e,a2e8,92b1,7fbe,766b,
2450,387d,a2e8,92b1,7fbe,5909,
2451,0000,f3cf,c396,7fbe,5127,
2452,4545,a2e8,92b1,7fbe,8ffe,
2453,7645,c2e8,b2b1,7fbe,f1d0,
2454,0000,47ab,a2f4,7fbe,04ad,
2455,8221,a2e8,92b1,7fbe,f334,
2456,0000,c3f4,51a5,7fbe,a525,
2457,0000,d194,92b1,7fbe,b636,
2458,ccd5,a6a8,92b1,7fbe,df6c,
2459,c6c4,b36d,9233,7fbe,1af9,
2460,6555,a2e8,92b1,7fbe,8f09,
2461,6704,2ac8,96b1,7fbe,7638,
2462,6155,a2e8,92b1,7fbe,3c80,
2463,ac9f,b2ad,de1a,7fbe,4cab,
2464,6115,a2e8,92b1,7fbe,1351,
2465,3a91,a2e8,a497,7fbe,3626,
2466,3bdd,a2e8,92b1,7fbe,5a88,
2467,411c,a2e8,1fb8,7fbe,8d09,
2468,bfc6,b2aa,92b1,7fbe,a7d2,
2469,6154,a2e8,92b1,7fbe,ba03,
2470,0000,5344,d2b1,7fbe,51ac,
2471,c461,a2e8,92b1,7fbe,a531,
2472,04a0,a2e8,779b,7fbe,e52a,
2473,c5bc,2699,1291,7fbe,2609,
2474,1151,a2e8,92b1,7fbe,7006,
2475,0319,055a,92b5,7fbe,87ba,
2476,6155,a2e8,92b1,7fbe,0837,
2477,d55e,a2e8,6e85,7fbe,fc34,
2478,2fe6,3088,b0f1,7fbe,2240,
2479,7115,a2e8,92b1,7fbe,0628,
2480,cbce,a2c8,92b1,7fbe,a4c9,
2481,f15d,07d0,9ad3,7fbe,b9be,
2482,0000,d24c,82b5,7fbe,58ac,
2483,31fa,a2e8,92b1,7fbe,50af,
2484,7061,07a6,37ff,7fbe,a54e,
2485,617d,a2e8,92b1,7fbe,4080,
2486,c5b4,a2e8,b649,7fbe,24f8,
2487,20d8,a2e8,92b1,7fbe,518d,
2488,40f5,a2e8,ec8e,7fbe,7e3f,
2489,0000,fb5b,b2bd,7fbe,79ad,
2490,615d,a2e8,92b1,7fbe,eb7b,
2491,47c5,a2e8,bacc,7fbe,287d,
2492,0000,4210,7249,7fbe,e0f8,
2493,9251,eaea,6578,7fbe,f7c9,
2494,67e3,c34b,f312,7fbe,61a3,
2495,6a4d,a2e8,92b1,7fbe,6be8,
2496,6155,a2e8,92b1,7fbe,ce4c,
2497,5bad,a2e8,92b1,7fbe,3ab8,
2498,6154,a2e8,92b1,7fbe,50c0,
2499,f449,66a9,1291,7fbe,27db,
2500,7824,b368,9231,7fbe,29b8,
2501,f0fd,a2e8,973e,7fbe,058f,
2502,75d2,a2e8,92b1,7fbe,1487,
2503,6155,a2e8,92b1,7fbe,1fda,
2504,d0e0,a2e8,92b1,7fbe,b137,
2505,f97c,a6e8,92b1,7fbe,43c7,
2506,67f8,a2e8,92b1,7fbe,06a5,
2507,e51a,a2e8,92b1,7fbe,844f,
2508,6545,a2e8,92b1,7fbe,e452,
2509,2464,a2c8,92b1,7fbe,3c07,
2510,6155,a2e8,92b1,7fbe,5055,
2511,6134,a2e8,92b1,7fbe,4371,
2512,a17d,a2e8,553b,7fbe,c78a,
2513,7155,a2e8,92b1,7fbe,81dd,
2514,4048,8468,97b1,7dbe,d789,
2515,615d,a2e8,92b1,7fbe,b7a7,
2516,6115,a2e8,92b1,7fbe,501c,
2517,0000,c8a4,92f2,7fbe,62ab,
2518,7155,a2e8,92b1,7fbe,0b6e,
2519,0000,a3a9,3057,7fbe,a2e6,
2520,0000,e2ea,92b1,7fbe,6a98,
2521,7145,a2e8,92b1,7fbe,0b3d,
2522,8caa,8f2a,12b1,7fbe,adc3,
2523,2a6f,a2e8,f7f1,7fbe,6540,
2524,0000,a2e8,22bb,7fbe,b00a,
2525,6155,a2e8,92b1,7fbe,9835,
2526,6115,a2e8,92b1,7fbe,3f79,
2527,6157,a2e8,92b1,7fbe,c5f7,
2528,b230,e2e8,92b1,7fbe,7375,
2529,0000,30f4,72b9,3fbe,e16a,
2530,2155,a2e8,92b1,7fbe,df44,
2531,0000,8766,8af3,7fbe,1d68,
2532,e145,a2e8,92b1,7fbe,bb9e,
2533,5305,a2e8,2eb2,7fbe,bc03,
2534,6155,a2e8,92b1,7fbe,a481,
2535,01ed,a2e8,b8ef,7fbe,2a5e,
2536,7145,a0d8,92a1,7fbe,fce9,
2537,617c,a2e8,def4,7fbe,4c45,
2538,0000,2589,12b1,7fbe,0760,
2539,e134,a2e8,92b1,7fbe,c509,
2540,6115,a2e8,92b1,7fbe,71dc,
2541,152b,a2f0,92b9,7fbe,61d9,
2542,e165,a2e8,287f,7fbe,bace,
2543,0000,53ad,a8bd,7fbe,d45b,
2544,948b,dd78,92a1,7fbe,7fb0,
2545,6117,a2e8,92b1,7fbe,4bd1,
2546,6355,a2e8,92b1,7fbe,35ad,
2547,6115,a2e8,92b1,7fbe,6bf2,
2548,7155,a2e8,92b1,7fbe,515a,
2549,15cb,b2e8,92b1,7fbe,f700,
2550,f1e1,a2c8,364c,7fbe,a4fd,
2551,aa45,a2e8,cef6,7fbe,5c47,
2552,64d1,b2ec,92b1,7fbe,3987,
2553,8c20,a2e8,c47d,7fbe,56cc,
2554,6843,9a6a,82b1,7fbe,54c8,
2555,0350,a2e8,e2fd,7fbe,704c,
2556,6155,a2e8,92b1,7fbe,e181,
2557,0000,5072,602b,7fbe,f29a,
2558,e535,a2e8,3e22,7fbe,ac93,
2559,6155,a2e8,92b1,7fbe,e5dd,
2560,0000,30cb,9a93,7fbe,8264,
2561,6155,a2e8,92b1,7fbe,b779,
2562,fd33,a2e8,99dd,7fbe,0b6c,
2563,9da8,b2ac,92b1,7fbe,ec34,
2564,0728,087f,96b8,7fbe,26a4,
2565,6155,a2e8,92b1,7fbe,2dfb,
2566,03ff,a2e8,aaac,7fbe,381d,
2567,f5d5,82e8,82b1,7fbe,ce83,
2568,6659,d8f9,b233,7fbe,2b15,
2569,6355,a2e8,92b1,7fbe,089e,
2570,e135,a2e8,92b1,7fbe,6d4b,
2571,0000,6b8a,83b5,7fbe,ca6e,
2572,0000,c123,1098,7fbe,65ad,
2573,6853,a1e8,93b1,7fbe,1396,
2574,0000,3eec,98a1,7fbe,4a14,
2575,0000,f5c0,f813,7fbe,af6b,
2576,88f6,a2e8,92b1,7fbe,61d0,
2577,0000,a7ad,3095,7fbe,e588,
2578,f37e,a2e8,da3a,7fbe,488b,
2579,635d,a2e8,92b1,7fbe,a767,
2580,7005,9260,82b5,7fbe,0604,
2581,3915,a2e8,92b1,7fbe,ff43,
2582,b166,a2e8,92b1,7fbe,d833,
2583,e675,a2e8,36a7,7fbe,a416,
2584,6175,a2e8,92b1,7fbe,a03c,
2585,aa31,b328,9231,7fbe,6b06,
2586,6d77,a248,92f1,7fbe,7cc7,
2587,0000,20b8,92b1,7fbe,a5c3,
2588,3303,02e8,d2b1,7fbe,3a78,
2589,6155,a2e8,92b1,7fbe,fba2,
2590,66a1,bd18,9291,7fbe,1f90,
2591,6115,a2e8,92b1,7fbe,448c,
2592,7155,a2e8,92b1,7fbe,d15c,
2593,c794,a2e8,92b1,7fbe,b681,
2594,604d,e6e8,90b1,7fbe,200a,
2595,0000,60b9,b638,7fbe,8f4a,
2596,397d,a2e8,457c,7fbe,d7cd,
2597,d5fe,3ddf,0d86,7fbe,9f37,
2598,6155,a2e8,92b1,7fbe,7641,
2599,5173,b2e8,43b9,7fbe,d108,
2600,4054,a2e8,f434,7fbe,6685,
2601,6151,a2e8,92b1,7fbe,c45b,
2602,635b,a2e8,92b1,7fbe,c92c,
2603,ab67,a2e0,92b5,7fbe,9f62,
2604,6155,a2e8,92b1,7fbe,7ca1,
2605,0000,8980,83b5,7fbe,21e6,
2606,d103,9074,92a1,7fbe,b0ac,
2607,f975,a2e8,92b1,7fbe,8b34,
2608,ab5e,a288,9291,7fbe,dd58,
2609,0000,2064,380b,7fbe,136e,
2610,6155,a2e8,92b1,7fbe,44a7,
2611,457f,a2e8,92b1,7fbe,306e,
2612,0000,902f,b823,7fbe,e73e,
2613,1705,b65f,92b1,7fbe,14b7,
2614,0000,571f,b731,7fbe,8a73,
2615,2016,a2e8,92b1,7fbe,4141,
2616,6155,a2e8,92b1,7fbe,4250,
2617,6c55,9882,96b1,7fbe,326a,
2618,7141,a2e8,92b1,7fbe,a6a4,
2619,6155,a2e8,92b1,7fbe,18b1,
2620,65c9,13be,10b3,7fbe,b513,
2621,f29c,8ba1,92b3,7fbe,294e,
2622,0000,b4cf,93b4,7fbe,f409,
2623,6155,a2e8,92b1,7fbe,d5dc,
2624,0000,2976,c7a1,7fbe,f3ad,
2625,e155,a2e8,92b1,7fbe,3593,
2626,cd86,42a1,30b9,7fbe,824e,
2627,a5f4,49c2,3391,7fbe,0c6a,
2628,2a7a,a2e8,92b1,7fbe,4b3f,
2629,6154,a2e8,92b1,7fbe,14fb,
2630,2044,a2e8,b4bc,7fbe,260d,
2631,55bd,6bff,5ba6,7fbe,c917,
2632,6555,a2e8,92b1,7fbe,4b4f,
2633,6115,a2e8,92b1,7fbe,2e58,
2634,b3cb,a2e8,92b1,7fbe,d2de,
2635,7155,a2e8,92b1,7fbe,6f9e,
2636,0000,7e98,0754,7bbe,9646,
2637,5937,e6f9,92b1,7fbe,1b52,
2638,6155,a2e8,92b1,7fbe,55da,
2639,a155,a2e8,92b1,7fbe,3ff1,
2640,7051,a2e8,92b1,7fbe,3d3f,
2641,cf78,a2e8,92b1,7fbe,ae2d,
2642,0544,a2cc,1761,7fbe,85d0,
2643,6115,a2e8,92b1,7fbe,7a16,
2644,0000,83cd,b3b4,7fbe,2105,
2645,08d6,fa93,c2b3,7fbe,c837,
2646,7130,a6a8,9291,7fbe,ff46,
2647,fa46,14af,92f1,7fbe,bec7,
2648,2616,8ca9,92b1,7fbe,2e41,
2649,6171,a2e8,92b1,7fbe,be2f,
2650,7555,a2e8,92b1,7fbe,e752,
2651,0000,b717,1c61,7fbe,8ed1,
2652,5596,a2e9,12b1,7fbe,f39b,
2653,b32c,53c2,9a73,7fbe,e8ed,
2654,5155,a2e8,92b1,7fbe,9ea9,
2655,db24,a2f9,12b1,7fbe,39f1,
2656,53bc,a2e8,92b1,7fbe,22e9,
2657,7143,a2e8,f4e8,7fbe,6659,
2658,1d38,a2e8,92b1,7fbe,7c24,
2659,0000,2478,90b1,7fbe,087c,
2660,0000,87f2,8833,7fbe,485f,
2661,5155,a2e8,92b1,7fbe,7005,
2662,6155,a2e8,92b1,7fbe,abc6,
2663,ddfb,a2e8,92b1,7fbe,be2e,
2664,f17c,a2d8,92b1,7fbe,3254,
2665,4045,a2e8,b78e,7fbe,253f,
2666,6155,a2e8,92b1,7fbe,5328,
2667,6084,a2e8,e671,7fbe,74c0,
2668,519b,a2e8,92b1,7fbe,30de,
2669,6155,a2e8,92b1,7fbe,a086,
2670,6114,a2e8,92b1,7fbe,6554,
2671,0000,cf41,b0b9,7fbe,08bd,
2672,0000,d1ea,93b1,7fbe,7082,
2673,ea16,6c5a,92b1,7fbe,ceb2,
2674,0000,a2e8,19b0,7fbe,8b01,
2675,61d5,a2e8,92b1,7fbe,0555,
2676,0000,2088,92b1,7fbe,8260,
2677,fdf6,b6c8,9a91,7fbe,e163,
2678,941c,d4ec,96b4,7fbe,faae,
2679,4b7c,17af,27f6,7fbe,b547,
2680,6135,a2e8,92b1,7fbe,e41f,
2681,68d6,a2e8,d51f,7fbe,47ae,
2682,6bbd,a2e8,92b1,7fbe,0ae8,
2683,6145,a2e8,92b1,7fbe,be75,
2684,d161,a2e0,2ec0,7fbe,bc71,
2685,dee1,a058,92a1,7fbe,fa86,
2686,0000,22c8,c545,7fbe,57f4,
2687,6155,a2e8,92b1,7fbe,0342,
2688,611d,a2e8,92b1,7fbe,b74d,
2689,0000,38da,1051,7fbe,1a70,
2690,0000,ba84,92b1,7fbe,57b2,
2691,49f0,b2a8,92b1,7fbe,bfcf,
2692,1315,22f9,12b1,7fbe,143e,
2693,6034,2ac8,96b1,7fbe,daea,
2694,6155,a2e8,92b1,7fbe,f00d,
2695,243f,1ef2,2eab,7fbe,bc1a,
2696,615d,a2e8,92b1,7fbe,3908,
2697,0000,0ce0,97b1,7fbe,127b,
2698,7155,a2e8,92b1,7fbe,724b,
2699,715d,a2e8,92b1,7fbe,ca3d,
2700,6555,a2e8,92b1,7fbe,3f2e,
2701,7155,a2e8,92b1,7fbe,41c1,
2702,6155,a2e8,92b1,7fbe,6e09,
2703,2e96,a0e8,faae,7fbe,681f,
2704,6155,a2e8,92b1,7fbe,c14f,
2705,1d05,9a5d,92b9,7fbe,3ba1,
2706,6155,a2e8,92b1,7fbe,6472,
2707,6051,a2e8,92b1,7fbe,58f8,
2708,6055,a2e8,92b1,7fbe,38eb,
2709,7155,a2e8,92b1,7fbe,de26,
2710,6515,0da9,92b1,7fbe,af41,
2711,6157,a2e8,92b1,7fbe,d564,
2712,6115,a2e8,92b1,7fbe,c16f,
2713,7155,a2e8,92b1,7fbe,2f0b,
2714,6155,a2e8,92b1,7fbe,7aaa,
2715,ff09,240e,86f1,7fbe,ae46,
2716,4114,a2e8,92b1,7fbe,babe,
2717,4155,a2e8,92b1,7fbe,d2be,
2718,b98a,a2e8,92b1,7fbe,d8df,
2719,0634,a2e8,65b3,7fbe,f702,
2720,f2de,a2e8,92b1,7fbe,97ca,
2721,615d,a2e8,92b1,7fbe,273b,
2722,225d,a0d8,92a1,7fbe,a0dc,
2723,8ef5,e0e9,92b2,7fbf,d816,
2724,bafb,b4e7,92b1,7fbe,164c,
2725,75b4,aa48,92f1,7fbe,58c8,
2726,0000,a2ea,fe0e,7fbe,6cbf,
2727,4955,a2e8,92b1,7fbe,6ebe,
2728,6145,a2e8,92b1,7fbe,633f,
2729,abf9,d8c0,b13f,7fbe,2c32,
2730,04e0,5ac8,d6b0,ffbe,98b8,
2731,0000,628c,3190,7fbe,2017,
2732,0055,a2e8,92b1,7fbe,a9d5,
2733,6155,a2e8,92b1,7fbe,a516,
2734,4514,a2e8,0345,7fbe,91f4,
2735,0000,8fb1,0af5,7fbe,1511,
2736,6155,a2e8,92b1,7fbe,7d71,
2737,6115,a2e8,92b1,7fbe,ebfe,
2738,6155,a2e8,92b1,7fbe,70a1,
2739,6155,a2e8,92b1,7fbe,1e62,
2740,a765,a2e8,92b1,7fbe,c630,
2741,b940,a2e8,bae4,7fbe,2855,
2742,ecbd,a2e8,92b1,7fbe,9da8,
2743,c001,5e45,6e18,7fbe,fca9,
2744,b7fd,a2e8,92b1,7fbe,de28,
2745,6155,a2e8,92b1,7fbe,a191,
2746,e312,a2e8,342f,7fbe,a69e,
2747,7175,b2ee,92b3,7fbe,3caa,
2748,3c79,a2e8,73d7,7fbe,e166,
2749,6155,a2e8,92b1,7fbe,57e7,
2750,6115,a2e8,92b1,7fbe,96f4,
2751,0000,291c,8ab1,7fbe,b3f6,
2752,6355,a2e8,92b1,7fbe,d496,
2753,6157,a2e8,92b1,7fbe,bfb3,
2754,f873,a2ac,92b3,7fbe,6d9e,
2755,0000,8260,3312,7fbe,a1a3,
2756,fcba,4873,d2a1,7fbe,28bb,
2757,0000,c948,1211,7fbe,eec1,
2758,61e4,a2a8,92b1,7fbe,3ebd,
2759,f5b0,a3f8,92b9,7fbe,1ce5,
2760,61d5,a2e8,92b1,7fbe,e496,
2761,695d,a2e8,0b83,7fbe,9932,
2762,1d9c,a6bd,92b3,7fbe,0cbe,
2763,0000,efff,1631,7fbe,c4c6,
2764,2145,a2e8,92b1,7fbe,c03c,
2765,6155,a2e8,92b1,7fbe,7aef,
2766,7516,a2e8,92b1,7fbe,368c,
2767,4355,a2e8,92b1,7fbe,d6a8,
2768,6111,a2e8,92b1,7fbe,922d,
2769,b025,a228,92f1,7fbe,4ae0,
2770,0000,d4c1,9eb0,7fbe,ec2a,
2771,7414,a2e8,8e2a,7fbe,1c9b,
2772,ffcd,a0e8,92b1,7fbe,d9d8,
2773,6155,a2e8,92b1,7fbe,1ea3,
2774,4549,20e0,d2b1,7fbe,e1d9,
2775,15dc,a2e8,92b1,7fbe,7489,
2776,e19e,a2e8,49ca,7fbe,db7b,
2777,d355,a2e8,8799,7fbe,1528,
2778,5410,49da,92b1,7fbe,eb32,
2779,6155,a2e8,92b1,7fbe,7e40,
2780,e3f7,bae8,9ab1,7fbe,20d8,
2781,a875,0509,92a1,7fbe,a7d1,
2782,4155,a2e8,92b1,7fbe,f54a,
2783,0000,d2ca,b2b5,7fbe,302e,
2784,7155,a2e8,92b1,7fbe,b7ee,
2785,0000,0562,92b1,7fbe,088c,
2786,191f,a2e8,98c2,7fbe,0a73,
2787,6154,a2e8,92b1,7fbe,f5db,
2788,6115,a2e8,92b1,7fbe,7439,
2789,04d5,aed8,9499,7fae,f19f,
2790,6165,a2e8,8726,7fbe,1597,
2791,b104,2ce8,96b1,7fbe,b576,
2792,e005,a4e8,90b1,7fbe,a96f,
2793,6955,a2e8,92b1,7fbe,626d,
2794,3193,82e4,92b5,7fbe,d2b2,
2795,6155,a2e8,92b1,7fbe,d10b,
2796,8d2b,d553,8833,7fbe,4afd,
2797,f171,a2f9,12b1,7fbe,ac21,
2798,0000,3efa,86c2,7fbe,1053,
2799,acce,2e2d,9eb0,7fbe,90e6,
2800,7114,a2e8,92b1,7fbe,9082,
2801,0000,a268,92b1,7fbe,744c,
2802,f458,b2ec,7803,7fbe,eab2,
2803,6899,a368,92b1,7fbe,cb80,
2804,7155,a2e8,92b1,7fbe,4111,
2805,4155,a2e8,92b1,7fbe,d584,
2806,6555,a2e8,92b1,7fbe,b3e4,
2807,511a,a2e8,92b1,7fbe,304f,
2808,0000,c8e2,da89,7fbe,9477,
2809,a8f0,a0d8,92a1,7fbe,a5a2,
2810,816b,a2c8,92b1,7fbe,e84e,
2811,0000,9ec2,9211,7fbe,394a,
2812,4edd,a1e8,92b1,7fbe,051e,
2813,b508,a2e8,92b1,7fbe,c418,
2814,0000,63a6,9ab1,7fbe,d14f,
2815,a151,a2e8,92b1,7fbe,2653,
2816,6154,a2e8,92b1,7fbe,56a7,
2817,0000,c162,9e81,7fbe,7fdb,
2818,6044,a2e8,5626,7fbe,c497,
2819,7175,a2e8,92b1,7fbe,3d8c,
2820,0000,51cb,b2b9,7fbe,b13b,
2821,0000,a2e8,1069,7fbe,82d8,
2822,0000,226a,92b1,7fbe,1241,
2823,0000,96ee,82b1,7fbe,4f2e,
2824,0000,e978,9235,7fbe,4a1c,
2825,4c54,a2e8,92b1,7fbe,f2ab,
2826,6155,a2e8,92b1,7fbe,5a98,
2827,6115,a2e8,92b1,7fbe,573d,
2828,6154,a2e8,92b1,7fbe,e9f9,
2829,2514,a2e8,4fa0,7fbe,dd11,
2830,e646,9d6d,ad34,7fbe,3f85,
2831,3093,c2e8,b2b1,7fbe,2082,
2832,4555,a2e8,92b1,7fbe,36c0,
2833,d985,aaca,ea17,7fbe,78a6,
2834,bc5e,a2ea,92b1,7fbe,d92f,
2835,6155,a2e8,92b1,7fbe,8ae8,
2836,7129,18d8,92b1,7fbe,ba30,
2837,2150,f361,c338,7fbe,5189,
2838,6155,a2e8,92b1,7fbe,b6dd,
2839,d1d1,a2e8,6d5e,7fbe,ffef,
2840,0000,cd07,93b5,7fbe,6de7,
2841,e1d5,a2e8,92b1,7fbe,2d71,
2842,0000,d96f,9ab2,7fbe,6380,
2843,005d,a2e8,df7d,7fbe,4dcc,
2844,59bf,a2e8,a275,7fbe,30c4,
2845,f722,61e8,f172,7fbe,63c3,
2846,e1d5,5352,92b1,7fbe,f1ba,
2847,61b5,a2e8,92b1,7fbe,7972,
2848,6157,a2e8,92b1,7fbe,82e2,
2849,7907,a2e8,a918,7fbe,3ba9,
2850,0000,c980,b231,7fbe,1a6a,
2851,2155,a2e8,92b1,7fbe,75cb,
2852,1907,02e8,d2b1,7fbe,6456,
2853,6155,a2e8,92b1,7fbe,e56d,
2854,6151,a2e8,92b1,7fbe,1996,
2855,7955,a2e8,92b1,7fbe,2304,
2856,e155,a2e8,92b1,7fbe,0780,
2857,0000,78bd,90b9,7fbe,dd45,
2858,95b2,82e8,82b1,7fbe,7f34,
2859,2e70,01d4,388a,7fbe,aa3b,
2860,6115,a2e8,92b1,7fbe,6185,
2861,6145,a2e8,92b1,7fbe,fb23,
2862,cbbb,a2e8,92b1,7fbe,aaae,
2863,6b55,a2e8,92b1,7fbe,7c7e,
2864,41a8,a2e8,92b1,7fbe,20ed,
2865,6155,a2e8,92b1,7fbe,4e5b,
2866,6915,a2e8,92b1,7fbe,6bcb,
2867,1094,e812,9ab9,7fbe,5aeb,
2868,1081,02e0,d2b1,7fbe,618a,
2869,0000,a28e,92b3,7fbe,3e10,
2870,0000,5c65,9991,7fbe,a4cc,
2871,0000,d444,98b3,7fbe,60ab,
2872,0000,b2ba,92b1,7fbe,db61,
2873,0000,a2e8,9005,7fbe,02b4,
2874,336e,a2e8,92b1,7fbe,537f,
2875,72ff,a2e8,31e2,7fbe,a353,
2876,6151,a2e8,92b1,7fbe,ebab,
2877,8471,a2e8,8c49,7fbe,1ef8,
2878,6155,a2e8,92b1,7fbe,d754,
2879,0000,f9a1,dbd1,7fbe,e0a0,
2880,6117,a2e8,92b1,7fbe,dbd4,
2881,0000,5120,f104,7fbe,63a5,
2882,9196,a2e8,92b1,7fbe,f0c3,
2883,0000,f766,81b7,7fbe,1085,
2884,22d0,a2e8,1603,7fbe,84b2,
2885,0000,0a23,3219,7fbe,eb6e,
2886,6155,a2e8,92b1,7fbe,1bfb,
2887,6155,a2e8,92b1,7fbe,b38f,
2888,5d52,a2ea,92b1,7fbe,e5c9,
2889,a514,a2e8,92b1,7fbe,32fc,
2890,0000,cd4f,12a1,7fbe,ef96,
2891,6115,a2e8,92b1,7fbe,bbcf,
2892,2114,a2e8,92b1,7fbe,bb5f,
2893,7115,a2e8,92b1,7fbe,85c2,
2894,0000,4fda,7f83,7fbe,ed32,
2895,0000,541e,1891,7fbe,26b7,
2896,6555,a2e8,92b1,7fbe,80f3,
2897,7155,a2e8,92b1,7fbe,bc14,
2898,41c4,a2e8,0356,7fbe,91e7,
2899,65c7,a2e8,92b1,7fbe,5c0a,
2900,8e77,a2e8,d173,7fbe,43c2,
2901,03c3,c2c8,b2a1,7fbe,359b,
2902,1909,a2e8,92b1,7fbe,7958,
2903,7953,a2e8,92b1,7fbe,01aa,
2904,a8a0,a2e8,79fa,7fbe,eb4b,
2905,e55f,a2ec,1651,7fbe,84e0,
2906,c1cc,ae4b,92d0,7fbe,658e,
2907,afd8,a2e8,92b1,7fbe,ce8d,
2908,6160,a2e8,ab0c,7fbe,39bd,
2909,efed,a2e8,92b1,7fbe,8ff8,
2910,e164,80ed,b2b7,6fbe,bf0e,
2911,3d82,a2e8,92b1,7fbe,5cd7,
2912,7a10,a2cb,92b0,7fbe,6b35,
2913,e155,a2e8,92b1,7fbe,9fb5,
2914,7155,a2e8,92b1,7fbe,01f3,
2915,6175,a2e8,92b1,7fbe,37ff,
2916,e115,a2e8,92b1,7fbe,05e8,
2917,04f3,f268,49bf,7fbe,db0e,
2918,75c5,a2e8,79db,7fbe,eb6a,
2919,2d07,a0b3,92b1,7fbe,025b,
2920,5bc0,ed28,92f3,7fbe,4744,
2921,695d,a2e8,92b1,7fbe,0c96,
2922,0000,e472,9b9b,7fbe,31ee,
2923,2155,a2e8,92b1,7fbe,4d6b,
2924,e155,a2e8,92b1,7fbe,331d,
2925,6115,a2e8,92b1,7fbe,a389,
2926,7955,a2e8,92b1,7fbe,4f05,
2927,0000,00ce,2193,7fbe,b322,
2928,0000,bed7,d3b8,7fbe,9f24,
2929,4155,a2e8,92b1,7fbe,4dbe,
2930,6155,a2e8,92b1,7fbe,f7e0,
2931,4492,a1e6,93b5,7fbe,1c11,
2932,1235,a2e8,92b1,7fbe,7361,
2933,7151,a2e8,92b1,7fbe,aaec,
2934,7155,a2e8,92b1,7fbe,a28f,
2935,0000,c067,f03e,7fbe,628f,
2936,6115,a2e8,92b1,7fbe,768a,
2937,0000,9102,90b9,7fbe,76fa,
2938,6755,22e8,92b1,7fbe,5e4e,
2939,6111,a2e8,e74e,7fbe,75ff,
2940,7404,a248,92b1,7fbe,ff51,
2941,615d,a2e8,92b1,7fbe,eeff,
2942,0000,aa6b,85b6,7fbe,1707,
2943,613b,a2e8,f14d,7fbe,63fc,
2944,6155,a2e9,12b1,7fbe,8035,
2945,cf75,f32b,c372,7fbe,51c3,
2946,3566,a2e8,ca1c,7fbe,58ad,
2947,3319,a2d0,92a1,7fbe,ca3f,
2948,bde3,a2e8,92b1,7fbe,dc96,
2949,8d69,cc4e,92b3,7fbe,6ee2,
2950,7445,3cf7,12b1,7fbe,de1e,
2951,3dd8,a2e8,92b1,7fbe,4c8f,
2952,0000,767b,ba52,7fbe,3d36,
2953,6155,a2e8,92b1,7fbe,bfe9,
2954,7214,333a,7019,7fbe,829b,
2955,6055,a2e8,92b1,7fbe,585f,
2956,2113,7ee0,82b1,7fbe,fc0a,
2957,7d67,a2e8,c5b5,7fbe,5704,
2958,91f6,a2e8,ea72,7fbe,78c3,
2959,0000,667f,a429,7fbe,3b95,
2960,a559,a2e8,92b1,7fbe,c40c,
2961,6414,a2e8,92b1,7fbe,2934,
2962,cd50,a2e8,92b1,7fbe,a0f6,
2963,3009,a2e8,92b1,7fbe,411c,
2964,6155,a2e8,92b1,7fbe,5ba8,
2965,e0b7,9ae8,82b1,7fbe,58a7,
2966,0000,a2e8,354d,7fbe,a7fc,
2967,e097,a7e8,90b1,7fbe,a72c,
2968,6155,a2e8,92b1,7fbe,194f,
2969,17f5,a2e8,92b1,7fbe,74a2,
2970,6175,a2e8,92b1,7fbe,db07,
2971,348c,4582,93b5,7fbe,e5e2,
2972,f131,a2e8,92b1,7fbe,960a,
2973,2068,a2e8,92b1,7fbe,413d,
2974,6150,a2e8,92b1,7fbe,759f,
2975,7955,a2e8,92b1,7fbe,92ca,
2976,d07a,a2e8,92b1,7fbe,b52f,
2977,615c,a2e8,92b1,7fbe,329a,
2978,6111,a2e8,92b1,7fbe,2b39,
2979,0000,b2e2,900c,7fbe,02bd,
2980,651e,22d0,d2a1,7fbe,a178,
2981,8d60,d58a,9a91,7fbe,6f22,
2982,5119,a2e8,e91c,7fbe,7bad,
2983,6195,a2e8,92b1,7fbe,a5cf,
2984,0000,0b5f,9a85,7fbe,a541,
2985,6155,a2e8,92b1,7fbe,f485,
2986,5636,71fa,1681,7fbe,dd62,
2987,b875,a2e8,c78b,7fbe,553a,
2988,6155,a2e8,92b1,7fbe,7902,
2989,e151,a2e8,92b1,7fbe,5e0e,
2990,f175,a2e8,92b1,7fbe,5bba,
2991,f045,a2e8,8ada,7fbe,186b,
2992,0000,517e,b261,7fbe,b07e,
2993,9097,a2e8,92b1,7fbe,e0a3,
2994,3ae6,a2e8,92b1,7fbe,5ab3,
2995,0000,74d1,32a1,7fbe,966d,
2996,c718,a2e8,527b,7fbe,c0ca,
2997,0000,d856,52b0,3fbe,31ce,
2998,e157,a2e8,92b1,7fbe,0cee,
2999,8648,b2e8,92b1,7fbe,c79f,
3000,710f,a3f0,92b9,7fbe,61a6,
3001,6155,a2e8,92b1,7fbe,48a7,
3002,6519,a2ea,13ea,7fbe,815b,
3003,0000,6b99,d381,7fbe,4b31,
3004,0000,88c3,82b0,77be,1007,
3005,0000,d799,e7c0,7fbe,7571,
3006,0557,a2e8,37d3,7fbe,a562,
3007,0000,00ca,9ab2,7fbe,b205,
3008,dbfd,a2e8,4593,7fbe,d722,
3009,0000,011d,fe33,7fbe,c85a,
3010,f039,a2e8,5f06,7fbe,cdb7,
3011,e135,a2e8,92b1,7fbe,110a,
3012,41d5,a2e8,92b1,7fbe,3506,
3013,6055,a2e8,92b1,7fbe,c903,
3014,0000,4622,92d0,7fbe,ec29,
3015,6155,a2e8,92b1,7fbe,ab4d,
3016,1d75,aac8,92b1,7fbe,3355,
3017,6155,a2e8,92b1,7fbe,e0f3,
3018,0000,af73,dea3,7fbe,152f,
3019,0000,dabf,80b4,7fbe,5c7f,
3020,4f3e,a2e8,92b1,7fbe,2e6b,
3021,e545,a2d8,92a1,7fbe,dd4e,
3022,61d1,a266,92b5,7fbe,d341,
3023,0ba6,a7e3,96a1,7fbe,8d3b,
3024,0000,23dd,6cf4,3fbe,2576,
3025,0000,8419,c370,7fbe,9d30,
3026,3f17,22e9,12b1,7fbe,69fe,
3027,0000,990d,9ea0,7fbe,2dee,
3028,aab0,4088,d391,7fbe,be4c,
3029,6155,a2e8,92b1,7fbe,d8a6,
3030,278b,a2e8,4bad,7fbe,d91c,
3031,1b79,a2e8,92b1,7fbe,7a3c,
3032,7155,a2e8,92b1,7fbe,15b6,
3033,5151,a2e0,92b1,7fbe,959d,
3034,7151,a2e8,92b1,7fbe,e06a,
3035,6111,a2e8,92b1,7fbe,7d47,
3036,2115,a2e8,92b1,7fbe,c39c,
3037,2175,a2e8,92b1,7fbe,f5e5,
3038,6155,a2e8,92b1,7fbe,4ca1,
3039,e155,a2e8,92b1,7fbe,5781,
3040,e717,a2e8,33e7,7fbe,a156,
3041,7504,22e8,92b1,7fbe,105b,
3042,a435,a2e8,92b1,7fbe,4d62,
3043,6115,a2e8,92b1,7fbe,c5e0,
3044,6155,a2e8,92b1,7fbe,c1f0,
3045,f415,8268,82b1,7fbe,2b05,
3046,fb16,a2a9,9634,7fbe,0485,
3047,6155,a2e8,92b1,7fbe,dc1e,
3048,0929,6781,1a51,7fbe,dc19,
3049,6917,a2e8,92b1,7fbe,b106,
3050,435d,22f9,12b1,7fbe,6ef4,
3051,fc65,a2e8,317b,7fbe,a3ca,
3052,79a7,a268,92f1,7fbe,c6c9,
3053,7155,a2e8,92b1,7fbe,3349,
3054,e546,28d3,96e1,7f9e,123b,
3055,51d5,a2e8,92b1,7fbe,431d,
3056,0000,e167,5091,7fbe,01e6,
3057,6115,a2e8,92b1,7fbe,62c7,
3058,0000,372e,c377,7fbe,53c6,
3059,0000,aee9,96b1,7fbe,76df,
3060,411d,a2e8,92b1,7fbe,2818,
3061,8879,a2e8,92b1,7fbe,e9ec,
3062,ec05,aec8,96b1,7fbe,3bca,
3063,df3c,a2e8,92b1,7fbe,be29,
3064,0000,22ac,92f7,7fbc,469b,
3065,42cb,b2e9,9ab1,7fbe,27e9,
3066,3f85,a2e8,f3fe,7fbe,614f,
3067,7b35,21b4,d1b9,7ebe,9bc5,
3068,6155,a2e8,92b1,7fbe,175f,
3069,d1f4,a2e8,3c27,7fbe,ae96,
3070,a885,a2e8,92b1,7fbe,dd90,
3071,2555,a2e8,92b1,7fbe,30ac,
3072,6555,a2e8,92b1,7fbe,eeac,
3073,9bb0,6d30,92b9,7fbe,cec0,
3074,0000,e6e8,90b1,7fbe,f0dc,
3075,a255,44fd,74a4,7fbe,e615,
3076,a685,cad8,d1a1,7dbe,e63f,
3077,0000,a2e8,8f14,7fbe,1da5,
3078,0000,d17c,9eb3,7fbe,6b90,
3079,3cc9,a3ed,f08f,7fbe,623e,
3080,54d1,a2e8,92b1,7fbe,60d0,
3081,715d,a2e8,92b1,7fbe,a5ae,
3082,b6cf,e2e8,4b44,7fbe,d9f5,
3083,6855,a2e8,92b1,7fbe,05ae,
3084,db56,05a7,bbb1,7fbe,dd4f,
3085,6115,a2e8,92b1,7fbe,3e89,
3086,7115,a2e8,92b1,7fbe,7fcd,
3087,0000,4c57,82b7,7fbe,de71,
3088,796b,a2e8,92b1,7fbe,183e,
3089,f155,a2e8,dd65,7fbe,4fd4,
3090,814c,50ec,b2b1,7fbe,b200,
3091,6d75,a2e8,92b1,7fbe,fd7e,
3092,0000,74a1,84a1,7fbe,2d79,
3093,0000,e770,92b1,7fbe,412b,
3094,4195,a2e8,92b1,7fbe,21c3,
3095,0000,e2e8,92b1,7fbe,a79a,
3096,da82,a2e0,92b1,7fbe,fb7b,
3097,6154,a2e8,92b1,7fbe,9758,
3098,6155,a2e8,92b1,7fbe,124c,
3099,c6c4,e2e8,4b93,7fbe,d922,
3100,6857,a2e8,9780,7fbe,0531,
3101,6031,a6a8,9291,7fbe,6938,
3102,6458,92ea,82b1,7fbe,8451,
3103,6155,a2e8,92b1,7fbe,f3e9,
3104,e259,a2e8,1fcf,7fbe,8d7e,
3105,0b89,a78b,9071,7fbe,0821,
3106,6155,a2e8,92b1,7fbe,637a,
3107,617d,a2e8,92b1,7fbe,e77d,
3108,2118,a33f,82f1,7fbe,2955,
3109,4170,a2e8,53f3,7fbe,c142,
3110,7555,a2e8,92b1,7fbe,2d74,
3111,ed14,b2e8,9ab1,7fbe,bb35,
3112,6155,a2e8,92b1,7fbe,157d,
3113,e777,a2e8,2b72,7fbe,b9c3,
3114,395b,a2e8,9388,7fbe,0139,
3115,0000,1e64,d3a1,7fbe,1c3c,
3116,6dc7,a2e8,46a3,7fbe,d412,
3117,7154,a2e8,92b1,7fbe,8b8a,
3118,6155,a2e8,92b1,7fbe,b06d,
3119,69d4,a2e8,92b1,7fbe,204d,
3120,415d,a2e8,92b1,7fbe,041c,
3121,808d,a268,23cb,7fbe,b17a,
3122,db5b,810f,b156,7fbe,23e7,
3123,0801,328f,d3a1,7fbe,334f,
3124,d4cb,26e9,10b1,7fbe,c39b,
3125,7dd9,a2e8,92b1,7fbe,1c0e,
3126,2524,e2eb,1292,7fbf,5105,
3127,e835,a2e8,3e62,7fbe,acd3,
3128,0000,337d,be13,7fbe,ecf0,
3129,0000,91b7,9691,7fbe,b93f,
3130,0000,a2e8,a480,7fbe,3631,
3131,6155,a2e8,92b1,7fbe,0c23,
3132,6115,a2e8,92b1,7fbe,6648,
3133,6955,a2e8,92b1,7fbe,2863,
3134,e455,c6f0,80b9,7fbe,7db5,
3135,6629,22f9,12b1,7fbe,913c,
3136,82d9,5e15,90b1,7fbe,f8fd,
3137,e1d4,a2e8,92b1,7fbe,b2ef,
3138,6155,a2e8,92b1,7fbe,483e,
3139,6155,a2e8,92b1,7fbe,739a,
3140,61d5,a2e8,92b1,7fbe,72d1,
3141,0000,750b,9273,7fbe,ce85,
3142,a7b7,a2c8,5c7f,7fbe,cece,
3143,5e3f,a2e8,92b1,7fbe,3f7a,
3144,e155,a2e8,92b1,7fbe,0677,
3145,d433,a2ac,92b3,7fbe,7330,
3146,0000,e37c,9139,7ebe,917d,
3147,0000,8039,b3b1,7fbe,cb61,
3148,0000,8e6e,df2b,7fbe,6d92,
3149,d686,a2a0,b987,7fbe,2b36,
3150,0000,0c82,3cdb,7fbe,ae6a,
3151,6155,a2e8,92b1,7fbe,ff07,
3152,f48e,a2e8,fb06,7fbe,69b7,
3153,0000,44dc,a0a9,7fbe,8118,
3154,109e,a68b,9290,7fbe,f3a4,
3155,c015,a2e8,9090,7fbe,0221,
3156,7131,a2e8,92b1,7fbe,0847,
3157,3111,a2e8,b561,7fbe,27d0,
3158,6114,a2e8,92b1,7fbe,2689,
3159,6115,a2e8,92b1,7fbe,771d,
3160,ba7c,aae8,598b,7fbe,cb3a,
3161,0000,8a2a,90b3,7fbe,6fc7,
3162,6155,a2e8,92b1,7fbe,9701,
3163,7151,a2e8,92b1,7fbe,5e14,
3164,7377,b2e8,d313,7fbe,41a2,
3165,7115,a2e8,92b1,7fbe,95aa,
3166,6155,a2e8,92b1,7fbe,c77a,
3167,a421,83ea,93f1,7f3e,4fb0,
3168,0000,d6f8,92b1,7fbe,8a1a,
3169,a936,b2e9,9ab1,7fbe,0461,
3170,6151,a2e8,92b1,7fbe,631e,
3171,b417,a2e8,92b1,7fbe,d540,
3172,412b,31b4,3231,7fbe,f3dd,
3173,015d,2160,d3b1,7fbe,24a7,
3174,6114,a2e8,92b1,7fbe,306a,
3175,0000,a3a9,e856,7fbe,7ae7,
3176,1dad,2ee8,96b1,7fbe,6ca9,
3177,6155,a2e8,92b1,7fbe,77ab,
3178,0000,67fd,92b9,7fbe,8505,
3179,6155,a2e8,92b1,7fbe,d206,
3180,435e,a2e8,a38c,7fbe,313d,
3181,411c,a2e8,92b1,7fbe,33c6,
3182,6535,a2e8,92b1,7fbe,8561,
3183,60fa,a2e8,4641,7fbe,d4f0,
3184,21c5,a2e8,92b1,7fbe,5568,
3185,19ac,a2e8,aab0,7fbe,3801,
3186,5b63,a2e8,8c45,7fbe,1ef4,
3187,ef1f,b3cc,9211,7fbe,71cb,
3188,5055,a2e8,92b1,7fbe,df73,
3189,0000,7b22,0d7b,7fbe,9dca,
3190,6650,7e69,82b1,7fbe,fc81,
3191,0000,72ac,cc3f,7fbe,5e8e,
3192,0000,750b,9273,7fbe,ce85,
3193,802c,a0e0,92b1,7fbe,b2bc,
3194,c33b,d238,b239,7fbe,3fc5,
3195,2885,6186,51df,7fbe,c36e,
3196,6155,a2e8,92b1,7fbe,3aa4,
3197,611d,a2e8,92b1,7fbe,3248,
3198,6155,a2e8,92b1,7fbe,caf8,
3199,0da0,a2e8,92b1,7fbe,6cf5,
3200,75ed,8175,d138,7fbe,6381,
3201,0000,a7cc,a07b,7fbe,fa7c,
3202,61dd,22ea,92b0,7fbe,80e0,
3203,bfee,a2e8,92b1,7fbe,dabb,
3204,4640,74b8,d2b1,7fbe,7658,
3205,6155,a2e8,92b1,7fbe,b976,
3206,6155,a2e8,92b1,7fbe,3ae5,
3207,7155,a2e8,92b1,7fbe,da38,
3208,a5c5,80e8,93b1,7fbe,b9d1,
3209,6155,a2e8,92b1,7fbe,d073,
3210,42ef,a2e8,7086,7fbe,e237,
3211,a805,a2e8,82b0,7fbe,1001,
3212,0000,a2e8,a15d,7fbe,33ec,
3213,2955,a2e8,92b1,7fbe,33bf,
3214,6955,a2e8,92b1,7fbe,3741,
3215,70fc,a2e8,92b1,7fbe,13a8,
3216,6155,a2e8,92b1,7fbe,4f72,
3217,d111,c0f8,90bd,7ebe,7f40,
3218,6159,a2e8,92b1,7fbe,54cf,
3219,0000,c703,d3a5,7fbe,a553,
3220,0000,d879,06b5,7fbe,9794,
3221,e5b5,aa0b,92f0,7fbe,af5f,
3222,e1df,a2af,92b3,7fbe,aabf,
3223,8215,006c,92b1,7fbe,a284,
3224,6155,a2e8,92b1,7fbe,1534,
3225,7175,a2e8,92b1,7fbe,2b57,
3226,d1f0,a2e8,92b1,7fbe,2485,
3227,c575,a2f9,12b1,7fbe,9cab,
3228,6055,a2e8,92b1,7fbe,3b98,
3229,49de,a2a8,97da,7fbe,054b,
3230,635d,a2e8,92b1,7fbe,28b1,
3231,cf30,a2e8,92b1,7fbe,a245,
3232,68f5,a3e8,9231,7fbe,8546,
3233,e551,a0d8,92a1,7fbe,399f,
3234,0000,a0a7,98fe,7fbe,0a4f,
3235,0f93,a2a8,9291,7fbe,4f27,
3236,6906,a2e8,03aa,7fbe,911b,
3237,e9f3,87e8,b0b1,7fbe,9518,
3238,651d,a2e8,92b1,7fbe,982f,
3239,6775,a2e8,1369,7fbe,81d8,
3240,6741,a2ae,92b3,7fbe,d689,
3241,b065,a2e8,27e2,7fbe,b553,
3242,7155,a2e8,92b1,7fbe,4b92,
3243,0000,aefb,92b1,7fbe,787e,
3244,e03c,a2e8,7dd9,7fbe,ef68,
3245,0000,076b,cf98,7fbe,1d29,
3246,a857,a2e8,92b1,7fbe,4802,
3247,b4b5,2ac8,92b1,7fbe,d036,
3248,4de2,71ad,915d,7fbe,03ec,
3249,2055,a2e8,92b1,7fbe,a287,
3250,7155,a2e8,92b1,7fbe,bb12,
3251,0000,5b19,2271,7fbe,c0a6,
3252,81c7,e6e8,90b1,7fbe,66fd,
3253,6115,a2e8,92b1,7fbe,b2f8,
3254,0000,1bdc,dab3,7fbe,2938,
3255,fb70,a2e8,7d0f,7fbe,efbe,
3256,6155,a2e8,92b1,7fbe,e4ce,
3257,0000,ba69,b231,7fbe,6945,
3258,4580,a2e8,d6a8,7fbe,4419,
3259,70a9,a2ee,92b1,7fbe,47da,
3260,08df,a2e8,0975,7fbe,9bc4,
3261,257d,9ae8,92b1,7fbe,1f59,
3262,a821,aa68,92f1,7fbe,4b27,
3263,8b3c,92ea,82b1,7fbe,fb4d,
3264,6155,a2e8,92b1,7fbe,e944,
3265,1398,a2e8,92b1,7fbe,72cd,
3266,0447,9e1f,92b1,7fbe,3cf7,
3267,6540,a2e8,c825,7fbe,5a94,
3268,b1f8,54cf,10b1,7fbe,f036,
3269,316d,e299,1291,7fbe,7e3c,
3270,bc64,a2e8,8eb2,7fbe,1c03,
3271,6308,2cc8,96b1,7fbe,3c33,
3272,6155,a2e8,92b1,7fbe,09ab,
3273,615c,69d7,b23b,7fbe,8aaf,
3274,0000,89e6,b9bf,7fbe,2b0e,
3275,6115,a2e8,92b1,7fbe,c47b,
3276,d459,e2e0,92b1,7fbe,b336,
3277,e95b,e2ec,92b1,7fbe,6470,
3278,d467,a2e8,92b1,7fbe,b573,
3279,24f8,a2e8,92b1,7fbe,65a5,
3280,2877,a2e9,92b1,7fbe,8a67,
3281,08f5,b3e8,9231,7fbe,6761,
3282,5851,a266,92b5,7fbe,8136,
3283,0000,a706,e3ad,7fbe,feca,
3284,5b73,f7ca,c793,7fbe,5522,
3285,ab01,a2e0,6f33,7fbe,fd82,
3286,6155,a2e8,92b1,7fbe,73a7,
3287,0000,e309,92f2,7fbf,987c,
3288,7cf7,a2e8,92b1,7fbe,0da6,
3289,6155,a2e8,92b1,7fbe,c6ab,
3290,6175,a2e8,92b1,7fbe,23a5,
3291,6155,a2e8,92b1,7fbe,ec1d,
3292,1011,a2e8,d54d,7fbe,47fc,
3293,3006,aa28,92f1,7fbe,325e,
3294,efe6,e52b,92b1,7fbe,47c3,
3295,50bd,a2e8,db31,7fbe,4980,
3296,e1d1,b68a,9251,7ffe,bad2,
3297,0000,0000,d6a1,7fbe,d179,
3298,0000,b2e8,f266,7fbe,60d7,
3299,2115,aac8,92b1,7fbe,5aa5,
3300,6114,a2e8,92b1,7fbe,38be,
3301,61d5,a2e8,92b1,7fbe,072d,
3302,0000,5049,a255,7fbe,870b,
3303,c61b,a2e8,92b1,7fbe,a74e,
3304,f7e1,b2ce,8ab3,77be,50e6,
3305,f11c,bae9,9ab1,7fbe,2b7f,
3306,0000,c990,9331,7fbe,68fc,
3307,f4b7,b9fd,89a4,7fbe,1b15,
3308,7115,a2e8,92b1,7fbe,8a57,
3309,6155,a2e8,92b1,7fbe,3e0b,
3310,6dc9,a2e8,92b1,7fbe,0c9c,
3311,6d2c,d8c0,e899,7fbe,7a28,
3312,4045,8268,92b1,7fbe,ecbd,
3313,dcb5,a2e8,88cd,7fbe,1a7c,
3314,394d,22e8,4349,7fbe,d1f8,
3315,0000,a0e9,12b1,7fbe,6bf1,
3316,6c21,a2e8,92b1,7fbe,0d64,
3317,7351,a2e8,26b9,7fbe,b408,
3318,6056,a2e8,a276,7fbe,30c7,
3319,3115,a2e8,92b1,7fbe,91c1,
3320,6055,a2e8,92b1,7fbe,8f03,
3321,f9dd,a2e8,84b6,7fbe,1607,
3322,0000,20a2,44aa,7fbe,d61b,
3323,0000,d153,1a92,7fbe,a79f,
3324,d82c,a36c,4718,7fbe,d5a9,
3325,0000,edfc,dda5,7fbe,4f14,
3326,51d5,a2e8,92b1,7fbe,68b3,
3327,6013,80e8,93b1,7fbe,f70f,
3328,83ad,a2e8,92b1,7fbe,e2fa,
3329,1104,a2e8,762a,7fbe,e49b,
3330,2943,2ae8,96b1,7fbe,93e3,
3331,0000,6cec,5cb5,7fbe,ce04,
3332,f782,a2e8,92b1,7fbe,bedf,
3333,0000,aae0,92b9,7fbe,1840,
3334,0000,dc64,9aa1,7fbe,6cbc,
3335,6115,a2e8,92b1,7fbe,d889,
3336,aedf,a2e8,92b1,7fbe,cf9a,
3337,399b,d278,a2bd,7fbe,2e86,
3338,61c5,a2e8,92b1,7fbe,8c19,
3339,c259,375e,92b1,7fbe,95b6,
3340,0000,38b6,d3a1,7fbe,7b6e,
3341,2e04,80c0,f494,7fbe,6625,
3342,0844,bfa7,b23b,7fbe,5c1a,
3343,6155,a2e8,92b1,7fbe,8a00,
3344,6d75,932a,8231,7fbe,997a,
3345,0000,b88c,96e0,7fbe,1cc7,
3346,0000,39d3,298a,7fbe,bb3b,
3347,db5f,a2e8,a1ed,7fbe,335c,
3348,0000,9ff2,afab,7fbe,3d1a,
3349,229c,a2e8,92b1,7fbe,c189,
3350,3855,a2e8,7704,7fbe,e5b5,
3351,6015,a2e8,92b1,7fbe,222e,
3352,6114,a2e8,92b1,7fbe,c39a,
3353,8133,1b59,1099,7fbe,39e8,
3354,2145,a2e8,92b1,7fbe,f65c,
3355,0000,bfca,92b9,7fbe,d64f,
3356,1218,7739,93b1,7fbe,d7d1,
3357,7155,a2e8,92b1,7fbe,2caf,
3358,6155,a2e8,92b1,7fbe,b869,
3359,6157,a2e8,92b1,7fbe,0ebf,
3360,0000,a7f8,90b9,7fbe,b88d,
3361,0000,fc9d,b010,7fbe,0f1e,
3362,d56d,a2e8,92b1,7fbe,b438,
3363,6155,a2e8,92b1,7fbe,5ee2,
3364,0000,4f3f,92b5,7fbe,eddf,
3365,4155,a2e8,92b1,7fbe,6fc9,
3366,5dd1,a2e8,92b1,7fbe,1ec5,
3367,715f,a2e8,92b1,7fbe,18f1,
3368,7155,a2e8,92b1,7fbe,c0c3,
3369,7155,a2e8,92b1,7fbe,bc14,
3370,7bb9,a2e8,92b1,7fbe,1aac,
3371,0000,0ca0,34f9,7fbe,a248,
3372,6175,a2e8,92b1,7fbe,5b57,
3373,4ea9,a2e8,92b1,7fbe,2ffd,
3374,61dd,a2e8,92b1,7fbe,1339,
3375,605d,a2e8,92b1,7fbe,8cf9,
3376,b1d1,a2e8,70a3,7fbe,e212,
3377,0916,82e8,8da3,7fbe,1f12,
3378,0000,a4eb,96b0,7fbe,f149,
3379,4bee,a2e8,3e1d,7fbe,acac,
3380,a19f,a2e8,df7b,7fbe,4dca,
3381,fa14,c5e3,9a91,7fbe,7b4b,
3382,6155,a2e8,92b1,7fbe,b834,
3383,bce2,2ce8,94b1,7fbe,4d5e,
3384,001a,813d,92b1,7fbe,23d5,
3385,2afa,a2e8,92b1,7fbe,4baf,
3386,7155,a2e8,92b1,7fbe,a18b,
3387,6155,a2e8,92b1,7fbe,4e90,
3388,0000,b10b,b668,7fbe,f6fa,
3389,e337,bae8,9ab1,7fbe,0640,
3390,0000,2789,ba72,7fbe,ec84,
3391,6955,a2e8,92b1,7fbe,dc14,
3392,6955,a2e8,92b1,7fbe,07e1,
3393,0000,95b3,d299,7fbe,9403,
3394,e175,a2e8,92b1,7fbe,18eb,
3395,0000,f03b,b23f,7fbe,2241,
3396,0000,7e14,9893,7fbe,d0b8,
3397,6155,a2e8,92b1,7fbe,d9ae,
3398,6155,a2e8,92b1,7fbe,5cee,
3399,a340,20e8,c6b1,77be,da6e,
3400,d136,57ca,96f1,7fbe,f9a2,
3401,6155,a2e8,92b1,7fbe,5df5,
3402,7ef5,a2e8,92b1,7fbe,1fe0,
3403,0451,c2ec,b2b1,7fbe,d31c,
3404,2974,a2cb,92b0,7fbe,53a1,
3405,0000,c2ec,b2b1,7fbe,11d9,
3406,7155,a2e8,92b1,7fbe,d196,
3407,a408,a2e8,2531,7fbe,b780,
3408,033f,a2e8,92b1,7fbe,603a,
3409,0000,3837,24a9,7fbe,36d2,
3410,0000,28f3,9631,7fbe,079f,
3411,d375,a2e8,6fe2,7fbe,fd53,
3412,7114,a2e8,92b1,7fbe,2d40,
3413,0000,d161,eb38,7fbe,7989,
3414,fd60,20c8,92a1,7fbe,12ca,
3415,e57b,a2e8,92b1,7fbe,852e,
3416,72ff,a2e8,31e2,7fbe,a353,
3417,9dc9,82e8,92b1,7fbe,9cb0,
3418,705d,a2e8,92b1,7fbe,00fe,
3419,cb54,a2e8,92b1,7fbe,aa01,
3420,0000,0f03,b231,7fbe,ec6b,
3421,6117,a2e8,92b1,7fbe,e02f,
3422,b200,a2e8,92b1,7fbe,d355,
3423,6051,a2e8,92b1,7fbe,d9fa,
3424,4b37,e728,82e1,7fbe,4d0a,
3425,6155,a2e8,92b1,7fbe,2566,
3426,0000,fc26,b273,7fbe,3708,
3427,0000,32e0,d2b1,7fbe,e67c,
3428,6350,b2e8,9ab1,7fbe,bda4,
3429,0000,4699,b210,7fbe,a913,
3430,6355,a2e8,92b1,7fbe,c56b,
3431,7016,98ff,82b5,7fbe,1a19,
3432,73d9,a2e8,1c21,7fbe,8e90,
3433,1eee,a2e0,92b1,7fbe,0fa3,
3434,7151,3a76,92b1,7fbe,989e,
3435,2151,a2e8,92b1,7fbe,c406,
3436,6155,a2e8,92b1,7fbe,2d3d,
3437,6145,a2e8,92b1,7fbe,fc82,
3438,5058,f5c9,f2b9,7fbe,f639,
3439,6155,a2e8,92b1,7fbe,e3df,
3440,6555,a2e8,92b1,7fbe,7e4c,
3441,0000,bc6a,92b1,7fbe,d5cf,
3442,6055,a2e8,92b1,7fbe,752a,
3443,e115,a2e8,92b1,7fbe,30b6,
3444,f155,a2e8,369a,7fbe,a42b,
3445,6955,a2e8,92b1,7fbe,7388,
3446,221c,a2e8,0f1a,7fbe,9dab,
3447,6d22,a2e8,92b1,7fbe,8c67,
3448,224e,5867,92b0,7fbe,7a8c,
3449,6157,a2e8,92b1,7fbe,2e82,
3450,c7ca,a2e8,acd9,7fbe,3e68,
3451,3004,a2cb,96b0,7fbe,5ec0,
3452,0000,2539,d2d1,7fbe,2f31,
3453,7341,7616,92b1,7fbe,d4fe,
3454,0000,1df7,80b5,7fbe,8391,
3455,7115,a2e8,92b1,7fbe,ec0a,
3456,7509,28e8,97b1,7fbe,dd08,
3457,e155,a2e8,92b1,7fbe,6eb4,
3458,e047,2268,d2b1,7fbe,f0df,
3459,6594,a2e8,92b1,7fbe,f76f,
3460,6115,a2e8,92b1,7fbe,09e6,
3461,1d34,a2e8,92b1,7fbe,6465,
3462,5410,a2e8,fd07,7fbe,6fb6,
3463,0000,ebc8,242e,7fbe,b69f,
3464,a6a5,04ec,34b5,7fbe,a604,
3465,0000,133f,9ab1,7fbe,a9d6,
3466,63ff,b2e9,9ab1,7fbe,9180,
3467,6916,a2e8,92b1,7fbe,77c5,
3468,0000,a6bc,9ab3,7fbe,0412,
3469,e557,a2e8,92b1,7fbe,91bc,
3470,47ec,a0e8,93b1,7fbe,9639,
3471,6155,a2e8,92b1,7fbe,2d47,
3472,3057,a2e8,a6de,7fbe,346f,
3473,6155,a2e8,92b1,7fbe,dda9,
3474,e554,a2e8,92b1,7fbe,2a6e,
3475,9088,a2e8,92b1,7fbe,e1dc,
3476,4131,84e9,92b1,7fbe,3218,
3477,0000,37e2,07bb,7fbe,950a,
3478,9ad5,a2e8,92b1,7fbe,fb80,
3479,55ff,a2e8,92b1,7fbe,34ca,
3480,0000,6e4d,5e14,7fbe,cca5,
3481,6155,a2e8,92b1,7fbe,7e31,
3482,2155,a2e8,92b1,7fbe,fef9,
3483,0000,8a96,bacf,7fbe,287e,
3484,089c,a2e8,92b1,7fbe,69c9,
3485,607f,cf12,90b9,7fbe,28e2,
3486,0000,5008,6051,7fbe,f2e0,
3487,75e7,a2e8,6c62,7fbe,fed3,
3488,26d7,a2e8,ceba,7fbe,5c0b,
3489,71d5,a2e8,92b1,7fbe,4a9a,
3490,0000,09e2,93d0,7fbe,01a9,
3491,6155,a2e8,92b1,7fbe,d166,
3492,f2f4,c4e9,f4b0,7fbe,6601,
3493,6545,a2e8,92b1,7fbe,9894,
3494,7155,a2e8,92b1,7fbe,59a1,
3495,6155,a2e8,92b1,7fbe,e904,
3496,6155,a2e8,92b1,7fbe,8e3d,
3497,671d,a2e8,ec36,7fbe,7e87,
3498,6155,a2e8,92b1,7fbe,8f25,
3499,0000,5295,9b99,7f3e,dcce,
3500,e155,a2e8,92b1,7fbe,d965,
3501,239f,e43b,92b1,7fbe,46d3,
3502,611d,a2e8,92b1,7fbe,e584,
3503,6155,a2e8,92b1,7fbe,7d23,
3504,e155,a2e8,92b1,7fbe,dfa3,
3505,0000,2865,a031,7fbe,bf0b,
3506,7499,a36c,9231,7fbe,9a90,
3507,71c3,e301,b231,7fbe,006d,
3508,6035,aae8,96b1,7fbe,52eb,
3509,e9d6,22aa,92b0,7fbe,f48f,
3510,0000,c1e4,d2b5,7fbe,838c,
3511,4175,a2e8,92b1,7fbe,e613,
3512,0000,006e,7037,7fbe,e286,
3513,676d,a2e8,b324,7fbe,2195,
3514,0000,0210,b0b8,7fbe,86ea,
3515,3057,a2e8,238d,7fbe,b13c,
3516,0000,6c4d,f238,7fbe,3ebb,
3517,6115,a2e8,92b1,7fbe,4662,
3518,0000,a6bc,9ab3,7fbe,0412,
3519,7155,a2e8,92b1,7fbe,726a,
3520,2895,a2e8,92b1,7fbe,0980,
3521,2980,82a0,92b1,7fbe,4c2c,
3522,19ee,9a68,82f1,7fbe,17a3,
3523,6175,a2e8,92b1,7fbe,4622,
3524,0000,6393,18f1,7ffe,649f,
3525,baac,67bb,9ab3,7fbe,d556,
3526,6155,a2e8,92b1,7fbe,0365,
3527,6957,a2e8,92b1,7fbe,f34a,
3528,a1c5,a2e8,6b4b,7fbe,f9fa,
3529,5151,b268,92b1,7fbe,1d95,
3530,9195,587e,1091,7fbe,bed7,
3531,69f3,a3a8,9231,7fbe,2ff7,
3532,e155,a6a8,9291,7fbe,6115,
3533,423b,6214,2235,7fbe,30e3,
3534,615d,a2e8,92b1,7fbe,3d0c,
3535,0000,4e68,51f1,7fbe,ab0b,
3536,e47c,a278,92b1,7fbe,2232,
3537,33f1,1b75,2b2c,7fbe,b99d,
3538,6114,a2e8,92b1,7fbe,7880,
3539,ab4d,7072,92b1,7fbe,d29a,
3540,758e,a2e8,c1f0,7fbe,5341,
3541,16f8,a2e8,92b1,7fbe,77ad,
3542,0000,d854,d6b5,7fb6,b08c,
3543,7151,a2e8,92b1,7fbe,d3b7,
3544,0000,408d,a2d5,7fbe,924b,
3545,0000,eae3,d381,7fbe,ad7b,
3546,af6b,e1e8,3a01,7fbe,a8b0,
3547,6175,a2e8,92b1,7fbe,7e58,
3548,655c,a2e8,92b1,7fbe,7852,
3549,6655,a2e8,92b1,7fbe,932f,
3550,33dd,2068,d7b1,7dbe,d8db,
3551,3135,a2e8,0851,7fbe,9ae0,
3552,009b,e2e8,92b1,7fbe,4610,
3553,6155,a2e8,92b1,7fbe,c997,
3554,61d5,a2e8,92b1,7fbe,a761,
3555,6917,a2e8,92b1,7fbe,6585,
3556,6355,a2e8,92b1,7fbe,cf4c,
3557,6155,a2e8,92b1,7fbe,5c89,
3558,cc51,a2e8,92b1,7fbe,ad14,
3559,7157,a2e8,92b1,7fbe,fc30,
3560,1a79,a2e8,92b1,7fbe,7b2c,
3561,4959,a2e8,92b1,7fbe,2a0c,
3562,0000,7287,1291,7fbe,502f,
3563,6114,a2e8,92b1,7fbe,0e6b,
3564,0000,1b4f,92b1,7fbe,cff9,
3565,71d5,a2e8,92b1,7fbe,3598,
3566,3364,a2e8,92b1,7fbe,5271,
3567,6155,a2e8,92b1,7fbe,fd92,
3568,0000,b7de,8787,7fbe,1536,
3569,50d9,a0e8,93b1,7fbe,63cd,
3570,2073,a2e8,92b1,7fbe,5926,
3571,615d,a2e8,92b1,7fbe,cfa8,
3572,6155,a2e8,92b1,7fbe,641c,
3573,7150,a2e8,92b1,7fbe,5633,
3574,e30d,a2e8,7876,7fbe,eac7,
3575,2155,a2e8,92b1,7fbe,ca40,
3576,6155,a2e8,92b1,7fbe,8219,
3577,6955,a2e8,92b1,7fbe,d478,
3578,6455,a2e8,92b1,7fbe,c38d,
3579,0000,256d,1c00,7fbe,4cd7,
3580,74d8,3e7a,d3b5,7fbe,1d1a,
3581,6a55,a2e8,92b1,7fbe,1980,
3582,6155,a2e8,92b1,7fbe,ed7c,
3583,6315,a2e8,92b1,7fbe,45d9,
3584,6115,a2e8,92b1,7fbe,448c,
3585,0000,6f28,8e27,7fbe,5682,
3586,6355,a2e8,92b1,7fbe,f1f5,
3587,0000,469a,9a33,7fbe,fdb6,
3588,7d2e,aa68,92f1,7fbe,e94e,
3589,4508,a2e8,2b5a,7fbe,b9eb,
3590,0000,99b2,9eb1,7fbe,a95a,
3591,7151,a2e8,92b1,7fbe,5e14,
3592,0000,db40,1891,7fbe,e7f9,
3593,6145,a2e8,92b1,7fbe,c9ff,
3594,4115,a2e8,92b1,7fbe,0c7e,
3595,7114,a2e8,92b1,7fbe,602b,
3596,61d5,a2e8,92b1,7fbe,f531,
3597,f145,a2e8,210b,7fbe,b3ba,
3598,4227,a2e8,92b1,7fbe,2332,
3599,0000,bbf8,9ab9,7fbe,38ea,
3600,0000,a2e8,67de,7fbe,f56f,
3601,211f,26e9,10b1,7fbe,c266,
3602,7155,a2e8,92b1,7fbe,ed18,
3603,611f,a2e8,2756,7fbe,b5e7,
3604,6155,a2e8,92b1,7fbe,a3be,
3605,6151,a2e8,92b1,7fbe,dcd0,
3606,7095,a2e0,92b5,7fbe,f886,
3607,8523,a2e8,92b1,7fbe,f476,
3608,6155,a2e8,92b1,7fbe,0594,
3609,6355,a2e8,92b1,7fbe,7af8,
3610,0b59,b32c,9231,7fbe,6718,
3611,1b60,b2e8,6f8d,7fbe,fd3c,
3612,0000,add8,1491,7fbe,8771,
3613,735d,a2e8,92b1,7fbe,243a,
3614,0000,e3ec,55d1,7fbe,c760,
3615,6155,a2e8,92b1,7fbe,eb52,
3616,a17d,a2e8,553b,7fbe,c78a,
3617,d155,a2e8,92b1,7fbe,c1c3,
3618,8caa,8f2a,12b1,7fbe,adc3,
3619,0000,babc,8ae5,7fbe,1854,
3620,0000,a544,951d,7fbe,07ac,
3621,af54,a2e8,d7ab,7fbe,451a,
3622,4590,a2e8,92b1,7fbe,0407,
3623,c778,a2e8,92b1,7fbe,e62d,
3624,72d7,30a8,92b1,7fbe,094d,
3625,a25d,a6e8,90b1,7fbe,6cb8,
3626,b1b5,6a3d,92b1,7fbe,c8d5,
3627,0000,3a70,9233,7fbe,985c,
3628,4155,a2e8,92b1,7fbe,0d43,
3629,5121,a2e8,92b1,7fbe,1174,
3630,5199,a2e8,92b1,7fbe,9e07,
3631,6155,a2e8,92b1,7fbe,12d7,
3632,e055,a2e8,92b1,7fbe,6836,
3633,6955,a2e8,92b1,7fbe,9548,
3634,6155,a2e8,92b1,7fbe,6010,
3635,6155,a2e8,92b1,7fbe,4965,
3636,1316,f366,9af1,7fbe,494e,
3637,c315,a0e8,93b1,7fbe,8887,
3638,83c3,a2e8,92b1,7fbe,a296,
3639,793f,a2e8,92b1,7fbe,5d7a,
3640,2155,a2e8,92b1,7fbe,a63f,
3641,cfc8,a2cb,92b0,7fbe,ec8c,
3642,0000,a2e0,92b1,7fbe,f80a,
3643,0000,a2e8,48a2,7fbe,da13,
3644,0000,a2e8,c373,7fbe,51c2,
3645,6155,a2e8,92b1,7fbe,a9cf,
3646,0000,f399,c3c0,7fbe,5171,
3647,0000,a2e8,3ccb,7fbe,ae7a,
3648,611d,a2e8,92b1,7fbe,650f,
3649,e866,a2e8,92b1,7fbe,8937,
3650,6954,a2e8,92b1,7fbe,4508,
3651,0000,d2e7,1a80,ffbe,a5ac,
3652,91b1,80e8,93b1,7fbe,5fd9,
3653,ed52,a2e8,bce6,7fbe,2e57,
3654,f74d,a2f9,12b1,7fbe,c5f8,
3655,6155,a2e8,92b1,7fbe,3146,
3656,0000,3a96,2095,7fbe,efa3,
3657,6155,a2e8,92b1,7fbe,701d,
3658,1700,a2e8,7003,7fbe,e2b2,
3659,2194,a2e8,73ff,7fbe,e14e,
3660,0000,b6cc,92b1,7fbe,5862,
3661,21cf,a2e0,92b1,7fbe,b44d,
3662,4d1c,b2e8,e771,7fbe,75c0,
3663,0000,6e93,5ece,7fbe,cc7f,
3664,0000,74c3,449a,7fbe,d62b,
3665,5044,a2e8,92b1,7fbe,3101,
3666,0000,a2e8,d91f,7fbe,4bae,
3667,c3bd,a2e8,cb1c,7fbe,59ad,
3668,0000,a71c,9291,7fbe,01b4,
3669,6155,a2e8,92b1,7fbe,39f4,
3670,0000,b7b3,d3a1,7fbe,9773,
3671,a993,a2e8,92b1,7fbe,c8c6,
3672,6955,a2e8,92b1,7fbe,7e67,
3673,6345,a2e8,92b1,7fbe,a697,
3674,743b,b2c0,92b1,7fbe,07c9,
3675,61d4,a2e8,92b1,7fbe,67f3,
3676,b4d1,baa8,9ab1,7fbe,7b4a,
3677,6555,a2e8,92b1,7fbe,650e,
3678,2464,81e0,93b1,7fbe,2eed,
3679,6555,a2e8,92b1,7fbe,735f,
3680,6014,a2e8,92b1,7fbe,aab8,
3681,21b5,0228,9af9,7fbe,b971,
3682,7115,a2e8,92b1,7fbe,85de,
3683,7695,bae8,9ab1,7fbe,736f,
3684,6155,a2e8,92b1,7fbe,8e74,
3685,615d,a2e8,92b1,7fbe,7dbc,
3686,4155,a2e8,92b1,7fbe,398e,
3687,6155,a2e8,92b1,7fbe,cc72,
3688,6157,a2e8,92b1,7fbe,2e82,
3689,41d5,a2e8,92b1,7fbe,15ef,
3690,f1a6,e2e8,92b1,7fbe,00f3,
3691,2154,a2e8,92b1,7fbe,40bc,
3692,6155,a2e8,92b1,7fbe,e2fd,
3693,0000,8e3d,90f6,7fbf,39d9,
3694,6507,aa28,92f1,7fbe,91f5,
3695,0000,b1ae,f787,7fbe,e537,
3696,635d,a2e8,92b1,7fbe,dd41,
3697,3608,49ee,93b5,7fbe,c90a,
3698,6115,a2e8,92b1,7fbe,3691,
3699,2355,a2e8,92b1,7fbe,28e1,
3700,61d5,a2e8,92b1,7fbe,80e7,
3701,0000,a2e2,9967,7fbe,0bd6,
3702,efac,a6e8,92b1,7fbe,e510,
3703,68d1,a2e8,e02f,7fbe,729e,
3704,0000,196a,1291,7fbe,bbc3,
3705,6155,a2e8,92b1,7fbe,25cc,
3706,9be0,a2e8,92b1,7fbe,b0b5,
3707,e155,a2e8,92b1,7fbe,93f1,
3708,6155,a2e8,92b1,7fbe,d6ad,
3709,02be,0ad1,3a88,7fbe,a839,
3710,ec94,e3e8,92b1,7fbe,4e4c,
3711,6916,a2e8,92b1,7fbe,67bb,
3712,0000,fcd4,8ea4,77be,dab8,
3713,6155,a2e8,92b1,7fbe,f2ff,
3714,6892,826a,92b5,7fbe,8f05,
3715,27ef,8566,92b1,7fbe,278e,
3716,9928,2f4d,1f14,7fbe,8da5,
3717,fdca,a2e8,92b1,7fbe,1e97,
3718,4155,a2e8,92b1,7fbe,2870,
3719,3065,a2e8,92b1,7fbe,3983,
3720,e114,a2e8,92b1,7fbe,0f1b,
3721,7151,a2e8,92b1,7fbe,aa48,
3722,6955,a2e8,92b1,7fbe,0dbe,
3723,2fdd,47ea,1ab3,7fbe,7556,
3724,6d84,a2e8,1674,7fbe,84c5,
3725,515d,a6e8,90b1,7fbe,4145,
3726,615d,a2e8,92b1,7fbe,3240,
3727,0065,a2e8,92b1,7fbe,5e72,
3728,5053,a2e8,92b1,7fbe,28fd,
3729,0000,41d0,b5b8,7fbe,9e26,
3730,6155,a2e8,92b1,7fbe,bab0,
3731,8d1e,a278,92b1,7fbe,860e,
3732,f35c,92ab,92b1,7fbe,3043,
3733,0000,7e14,12b1,7fbe,5cfd,
3734,0000,f190,b2a1,7fbe,315c,
3735,651d,a2e8,92b1,7fbe,982f,
3736,666d,a2e8,a67a,7fbe,34cb,
3737,adff,a2e8,8e62,7fbe,1cd3,
3738,0000,dd3c,b43b,7fbe,91b1,
3739,c95c,2f04,90b1,7fbe,8bec,
3740,6174,a2e8,92b1,7fbe,afe6,
3741,7115,a2e8,92b1,7fbe,9efc,
3742,615d,a2e8,92b1,7fbe,58dd,
3743,41d5,a2e8,92b1,7fbe,9bd1,
3744,9d47,e2e8,319e,7fbe,a32f,
3745,5158,e2e8,92b1,7fbe,d005,
3746,0000,b408,92b9,7fbe,16f4,
3747,6155,a2e8,92b1,7fbe,7c95,
3748,415d,a2e8,92b1,7fbe,63ca,
3749,215d,a2e8,92b1,7fbe,f19e,
3750,6155,a2e8,92b1,7fbe,ff5e,
3751,0000,a4c7,8295,7fbe,3667,
3752,9adf,92e8,a2b3,6fbe,6747,
3753,7155,a2e8,92b1,7fbe,c9a3,
3754,cb71,a2e8,92b1,7fbe,ea34,
3755,7155,a2e8,92b1,7fbe,bf29,
3756,b794,a2e8,92b1,7fbe,ff40,
3757,0000,4ada,f9a3,7fbe,6b10,
3758,6155,a2e8,92b1,7fbe,b779,
3759,d864,e3e8,92b1,7fbe,24ed,
3760,999d,0ba8,9235,7fbe,a8c8,
3761,4155,a2e8,92b1,7fbe,98b5,
3762,d686,a2a0,b987,7fbe,2b36,
3763,7132,a2a8,3f2b,7fbe,ad9a,
3764,6155,a2e8,92b1,7fbe,59bd,
3765,1581,b2e8,184a,7fbe,8afb,
3766,75e0,a2e8,92b1,7fbe,14b5,
3767,6175,a2e8,92b1,7fbe,639c,
3768,2b1a,a2e8,92b1,7fbe,4a4d,
3769,3dbc,a2e8,92b1,7fbe,5ce9,
3770,7155,a2e8,92b1,7fbe,5bfc,
3771,8512,22e8,66b1,7fbe,f400,
3772,8ee9,a2e8,92b1,7fbe,efac,
3773,0000,6b6f,86b3,7fbe,fdc2,
3774,74a6,a268,92b1,7fbe,8017,
3775,0000,ea9b,3991,7fbe,f771,
3776,ad7a,0d92,9af2,7fbe,b79f,
3777,c41f,a2e8,14df,7fbe,866e,
3778,0000,8362,92bb,7fba,895b,
3779,6155,a2e8,92b1,7fbe,cd35,
3780,329e,a2e8,a063,7fbe,32d2,
3781,6d41,a2e8,11f8,7fbe,8349,
3782,0000,0068,92b1,7fbe,0644,
3783,6155,a2e8,92b1,7fbe,de5d,
3784,35dc,a2e8,92b1,7fbe,5689,
3785,21d5,a2e8,92b1,7fbe,ff6b,
3786,6155,a2e8,92b1,7fbe,700c,
3787,a837,2234,92b9,7fbe,80cc,
3788,8f4b,be9e,9ab1,7fbe,0c76,
3789,6336,aa48,92f1,7fbe,8e5a,
3790,88d4,8268,92b1,7fbe,98c1,
3791,6155,a2e8,92b1,7fbe,4e66,
3792,6155,a2e8,92b1,7fbe,58f7,
3793,6355,a2e8,92b1,7fbe,7702,
3794,e155,a2e8,92b1,7fbe,ad72,
3795,6315,a2e8,92b1,7fbe,88f5,
3796,1597,a2e8,92b1,7fbe,74a3,
3797,23d2,a2e8,92b1,7fbe,4685,
3798,7192,a2ec,92b1,7fbe,cb87,
3799,6174,a2e8,92b1,7fbe,ae3e,
3800,e351,a2e8,92b1,7fbe,a9d9,
3801,0000,2661,1638,7fbe,8489,
3802,0000,e34c,92f1,7fbe,b97d,
3803,7164,a2e8,7c05,7fbe,eeb4,
3804,a115,22e0,d2b1,7fbe,ab86,
3805,6155,a2e8,92b1,7fbe,1cab,
3806,6555,a2e8,92b1,7fbe,84d5,
3807,545d,a2e8,34b0,7fbe,a601,
3808,6155,a2e8,92b1,7fbe,2856,
3809,612c,04d0,86a1,77be,9f55,
3810,6055,a2e8,92b1,7fbe,71e4,
3811,bac6,2ee8,96b1,7fbe,fed0,
3812,5d3e,54eb,1031,7fbe,f3c2,
3813,0000,8eb0,a2b1,6fbe,1cf1,
3814,6155,a2e8,92b1,7fbe,a181,
3815,1034,aae8,3391,7fbe,a120,
3816,3061,a2e8,b110,7fbe,23a1,
3817,69d7,a2e8,92b1,7fbe,a417,
3818,6155,a2e8,92b1,7fbe,8585,
3819,9860,7c68,d334,7fbe,5c83,
3820,6115,a2e8,92b1,7fbe,0ba5,
3821,6155,a2e8,92b1,7fbe,e1c2,
3822,25ae,b2e9,9ab1,7fbe,beca,
3823,6115,a2e8,92b1,7fbe,918c,
3824,b6d9,a2e8,92b1,7fbe,c788,
3825,6155,a2e8,92b1,7fbe,2158,
3826,0000,b4a3,93b5,7fbe,3443,
3827,6911,a2e8,92b1,7fbe,a36a,
3828,f965,8c48,bc11,7fbe,2ea0,
3829,0000,d369,3e2f,7fbe,095f,
3830,0000,afe2,93b8,7fbe,0f34,
3831,cae4,a2e8,92b1,7fbe,abb9,
3832,0000,038c,3e50,7fbe,6c82,
3833,0e05,aec8,96a1,7fbe,35a7,
3834,852c,22e9,12b1,7fbe,abb6,
3835,4714,22ca,92b0,7fbe,cfed,
3836,085f,a3f0,92b9,7fbe,78b8,
3837,6155,a2e8,92b1,7fbe,60db,
3838,c950,9ae0,82b5,7fbe,0f70,
3839,f255,a2e8,73f2,7fbe,e143,
3840,7155,a2e8,92b1,7fbe,91e8,
3841,a561,82ea,82b1,7fbe,25f0,
3842,f6dd,baaa,3c7c,7fbe,aecd,
3843,6155,a2e8,92b1,7fbe,e17f,
3844,2410,a2e8,d8f9,7fbe,4a48,
3845,7151,a2e8,92b1,7fbe,9898,
3846,61f5,b368,9231,7fbe,82f9,
3847,a6b5,a2e8,92b1,7fbe,e7e0,
3848,7909,a2e8,92b1,7fbe,184e,
3849,6557,a2e8,92b1,7fbe,d6ff,
3850,0000,4c8c,3233,7fbe,bfb5,
3851,6555,a2e8,92b1,7fbe,2c29,
3852,0000,03f2,e233,7fbe,6119,
3853,dc61,2ef4,9331,7fbe,8f9c,
3854,6155,a2e8,92b1,7fbe,a55f,
3855,6506,22cb,92b0,7fbe,bbcc,
3856,0000,0462,92b1,7fbe,498d,
3857,f875,a268,92b1,7fbe,cf13,
3858,6155,a2e8,92b1,7fbe,5312,
3859,0000,aa87,82bd,7fbe,197d,
3860,e075,a2f9,12b1,7fbe,8f0c,
3861,761d,2a48,93f1,7fbe,4ce1,
3862,c501,41c2,92b1,7fbe,e32a,
3863,0000,457e,714f,7fbe,e3de,
3864,6555,a2e8,92b1,7fbe,2c6c,
3865,4c26,3cb8,a3b5,7fbe,d45c,
3866,6155,a2e8,92b1,7fbe,a584,
3867,6145,a2e8,92b1,7fbe,bef5,
3868,6155,a2e8,92b1,7fbe,f451,
3869,0000,cfe1,b299,7fbe,4c19,
3870,4154,a2e8,d652,7fbe,44e3,
3871,6157,a2e8,92b1,7fbe,33d3,
3872,eb77,a2e8,92b1,7fbe,d1f6,
3873,5043,a2e8,1b3f,7fbe,898e,
3874,7154,a2e8,92b1,7fbe,02ab,
3875,2ab5,a2e8,92b1,7fbe,4be0,
3876,0000,8398,b3c1,7fbe,2170,
3877,7151,a2e8,92b1,7fbe,7475,
3878,4754,e6e8,90b1,7fbe,5152,
3879,6175,a2e8,92b1,7fbe,5783,
3880,6135,a2e8,92b1,7fbe,cac0,
3881,1159,62e8,d2b1,7fbe,6547,
3882,636d,a2e8,cf8a,7fbe,5d3b,
3883,7154,a2e8,92b1,7fbe,8b42,
3884,6955,a2e8,92b1,7fbe,028a,
3885,f951,e2e8,92b1,7fbe,ac4f,
3886,6155,a2e8,92b1,7fbe,19ed,
3887,a2a7,a2a8,9fd6,7fbe,0d67,
3888,7d5a,2571,9eb3,7fbe,9b9d,
3889,3495,a2e8,83d2,7fbe,1163,
3890,61d5,a2e8,92b1,7fbe,714b,
3891,6831,8f69,93b3,7fbe,2f06,
3892,0000,3342,8337,7f3e,424d,
3893,25de,c7f2,f7ab,7fbe,651a,
3894,2155,a2e8,92b1,7fbe,a101,
3895,e1ee,b2ea,a5d9,7fbe,3768,
3896,6155,a2e8,92b1,7fbe,4ca4,
3897,651d,a2e8,ccde,7fbe,5e6f,
3898,2545,a2e8,92b1,7fbe,2e3f,
3899,615d,a2e8,92b1,7fbe,bf58,
3900,22d3,82e8,a8ac,7fbe,3a1d,
3901,abc2,a2e8,92b1,7fbe,dad2,
3902,8b1d,b654,860d,7fbe,14bc,
3903,6154,a2e8,92b1,7fbe,59e8,
3904,e29b,a2e8,6a47,7fbe,f8f6,
3905,6155,a2e8,92b1,7fbe,fa73,
3906,e403,64a1,c3a5,7fbe,376d,
3907,e535,a2e8,3e22,7fbe,ac93,
3908,0000,226c,d2b5,7fbe,8d92,
3909,f4a6,a2e8,92b1,7fbe,95fb,
3910,a001,a2ea,ab4b,7fbe,39fa,
3911,414f,a2e8,92b1,7fbe,e118,
3912,cba9,21a4,9ab9,7fbe,9b54,
3913,0000,1a7f,2a26,7fbe,b897,
3914,4055,a2e8,7fb1,7fbe,ed00,
3915,7efe,a2e8,92b1,7fbe,1faa,
3916,abe7,a4ed,92b1,7fbe,08ef,
3917,6977,a2e8,92b1,7fbe,0057,
3918,caf0,a2e8,92b1,7fbe,ab25,
3919,6cdf,b6e9,aab1,6fbe,c7ea,
3920,6025,a2c8,92a1,7fbe,1124,
3921,6175,a2e8,92b1,7fbe,3217,
3922,6b7d,a2e8,92b1,7fbe,2e40,
3923,6155,a2e8,92b1,7fbe,c521,
3924,6947,aa4a,92f0,7fbe,0476,
3925,6115,a2e8,92b1,7fbe,873f,
3926,22d8,a2e8,92b1,7fbe,4b8d,
3927,7fbe,a2b8,9a71,7ffe,363a,
3928,5db7,a2e8,cb36,7fbe,5987,
3929,2155,a2e8,92b1,7fbe,4803,
3930,6555,a2e8,92b1,7fbe,8f09,
3931,8bfe,a2e8,92b1,7fbe,f8af,
3932,9561,8598,30b9,3fbe,db0d,
3933,0000,8240,93a1,7fbe,1715,
3934,0000,1a84,9ad1,7fbe,a8ec,
3935,4345,b2f0,92b9,7fbe,ba76,
3936,6555,a2e8,92b1,7fbe,9158,
3937,0000,9c34,d0f8,7fbe,fbe6,
3938,6155,a2e8,92b1,7fbe,cad5,
3939,1dc4,a2e8,a2b5,7fbe,3004,
3940,6915,a2e8,92b1,7fbe,0c39,
3941,e35f,bee8,9ab1,7fbe,8110,
3942,7151,a2e8,92b1,7fbe,56b7,
3943,0155,a2e8,92b1,7fbe,e8b8,
3944,6155,a2e8,92b1,7fbe,395d,
3945,735d,a2e8,92b1,7fbe,81d4,
3946,0000,2028,b3c3,7fbe,2172,
3947,61d5,a2e8,92b1,7fbe,bf0d,
3948,6155,a2e8,92b1,7fbe,4351,
3949,6155,a2e8,92b1,7fbe,34cf,
3950,832d,a2e8,c9e0,7fbe,5b51,
3951,d082,f508,9e62,7fbe,7001,
3952,2b51,a3f8,92b9,7fbe,9a76,
3953,2155,a2e8,92b1,7fbe,661b,
3954,b1d1,36eb,b2b1,6fbe,d78c,
3955,61dd,a2ec,92b1,7fbe,4404,
3956,262c,a288,9291,7fbe,cbb1,
3957,6155,a2e8,92b1,7fbe,827a,
3958,e165,a2e8,92b1,7fbe,d02f,
3959,6155,a2e8,92b1,7fbe,e0eb,
3960,f225,a2e8,92b1,7fbe,9378,
3961,6114,a2e8,92b1,7fbe,0f4c,
3962,f7e1,b2ce,8ab3,77be,50e6,
3963,09ef,8e91,92a1,7fbe,2c59,
3964,2b27,a2e0,92b1,7fbe,0b39,
3965,e115,a2e8,92b1,7fbe,cd9b,
3966,7175,a2e8,92b1,7fbe,9043,
3967,2155,a2e8,92b1,7fbe,9bec,
3968,e157,a2e8,92b1,7fbe,12bb,
3969,6555,a2e8,92b1,7fbe,fffb,
3970,e155,a2e8,92b1,7fbe,b48d,
3971,2bc2,a16c,93b5,7fbe,0289,
3972,6155,a2e8,92b1,7fbe,7d16,
3973,0b6f,e2f9,92b1,7fbe,4df6,
3974,0000,59cc,f2b9,7fbe,2a3c,
3975,6115,a2e8,92b1,7fbe,d3a8,
3976,3f6c,a1e8,93b1,7fbe,297b,
3977,6432,20f4,9235,7fbe,8316,
3978,41d5,a2e8,92b1,7fbe,8f20,
3979,4911,9ae8,82b1,7fbe,7022,
3980,6115,a2e8,92b1,7fbe,b286,
3981,01b5,8068,93b1,7fbe,ebb7,
3982,6115,a2e8,92b1,7fbe,9d7c,
3983,61d5,a2e8,92b1,7fbe,1977,
3984,0000,72c6,c6a1,7fbe,3e06,
3985,4114,a2e8,92b1,7fbe,5cfe,
3986,615d,a2e8,92b1,7fbe,5fdc,
3987,b195,a2e8,c5c1,7fbe,5770,
3988,6155,a2e8,92b1,7fbe,6121,
3989,6155,a2e8,92b1,7fbe,8625,
3990,3095,c574,92b1,7fbe,679c,
3991,2154,a2e8,92b1,7fbe,40bc,
3992,6145,a2e8,92b1,7fbe,06c9,
3993,255f,2af8,96a1,7fbe,af55,
3994,0000,012a,7173,7fbe,e3c2,
3995,f155,a2e8,92b1,7fbe,df71,
3996,14c9,82e8,d2b5,5fbe,3362,
3997,ef61,a2e8,b20e,7fbe,20bf,
3998,41d7,a2e8,807c,7fbe,12cd,
3999,b010,a2e8,92b1,7fbe,c145,
4000,6155,a2e8,92b1,7fbe,cf3d,
4001,6155,a2e8,92b1,7fbe,d640,
4002,0000,6e73,86e1,7fbe,f23f,
4003,0000,9d44,3099,7fbe,39e1,
4004,520b,a2e8,92b1,7fbe,335a,
4005,ae18,a2e8,6415,7fbe,f6a4,
4006,7145,a2e8,92b1,7fbe,7344,
4007,1545,e5ca,90b0,7fbe,2747,
4008,7355,a2e8,92b1,7fbe,2a52,
4009,6114,a2e8,92b1,7fbe,02f6,
4010,67ac,7b5d,9291,7fbe,ddf5,
4011,2d45,a2e8,92b1,7fbe,0b8e,
4012,6115,a2e8,92b1,7fbe,d358,
4013,735d,a2e8,92b1,7fbe,e3b2,
4014,ad1e,5837,9a33,7fbe,e21a,
4015,6155,a2e8,92b1,7fbe,0ae0,
4016,6155,a2e8,92b1,7fbe,ba20,
4017,0000,add8,1491,7fbe,8771,
4018,2b4f,a2e8,2ddd,7fbe,bf6c,
4019,6b75,a208,92f1,7fbe,813d,
4020,e335,a2e8,0545,7fbe,97f4,
4021,7293,a3fc,92b9,7fbe,6d20,
4022,b30d,a2e8,1508,7fbe,87b9,
4023,e175,a2e8,92b1,7fbe,3557,
4024,0000,a2e8,d3f2,7fbe,4143,
4025,f075,a2e8,92b1,7fbe,8164,
4026,7514,a2e8,92b1,7fbe,edb9,
4027,29d0,36bf,f3b1,7fbe,7657,
4028,9c57,a2e8,92b1,7fbe,ef02,
4029,0000,fe11,96a1,7fbe,54d9,
4030,0000,8e6e,a2b3,6fbe,b62e,
4031,7157,a2e8,92b1,7fbe,3452,
4032,6dd7,82ea,82b1,7fbe,ae84,
4033,6155,a2e8,92b1,7fbe,fcbb,
4034,2505,34a0,92a1,7fbe,9468,
4035,0000,c1bb,36b1,7fbe,ae42,
4036,6055,a2e8,92b1,7fbe,f950,
4037,5175,a2e8,6bdb,7fbe,f96a,
4038,6155,a2e8,92b1,7fbe,c873,
4039,e151,a2e8,92b1,7fbe,b2af,
4040,2055,a2e8,92b1,7fbe,fad1,
4041,dbda,bae9,9ab1,7fbe,80b9,
4042,50b0,e4f9,10b1,7fbe,1265,
4043,2715,a268,92f1,7fbe,1ecd,
4044,2b75,a3e8,64b9,7fbe,f608,
4045,6155,a2e8,92b1,7fbe,cb14,
4046,6155,a2e8,92b1,7fbe,d231,
4047,fdc1,a3e8,9231,7fbe,9cd1,
4048,0000,062c,3675,7fbe,a4c4,
4049,e155,a2e8,92b1,7fbe,76b3,
4050,4195,a2e8,92b1,7fbe,ac83,
4051,6155,a2e8,92b1,7fbe,da2f,
4052,0000,44ae,30f7,7fbe,a046,
4053,e048,cc76,91b5,7fbe,089a,
4054,405e,a2e8,4448,7fbe,d6f9,
4055,615d,a2e8,92b1,7fbe,5d28,
4056,7bf4,baee,9ab3,7fbe,a5af,
4057,2832,7ef1,96b5,7fbe,d091,
4058,0000,826a,70c4,7fbe,e275,
4059,b111,a2e8,fac9,7fbe,6878,
4060,6175,a2e8,92b1,7fbe,28f3,
4061,6544,a2e8,92b1,7fbe,a324,
4062,0000,537c,a325,7fbe,7194,
4063,f151,a2e0,92b5,7fbe,1cbb,
4064,6516,a2e8,60b6,7fbe,f207,
4065,1f92,e3aa,dc75,7fbe,4ec4,
4066,f017,a2e8,92b1,7fbe,fc80,
4067,4155,a2e8,436e,7fbe,d1df,
4068,e11f,26e8,92f5,7fbc,c769,
4069,2e6b,c2a9,f2f0,7fbe,6041,
4070,0000,26e8,d2b1,7fbe,fefc,
4071,433c,6773,12f1,7fbe,050a,
4072,2115,a2e8,92b1,7fbe,5070,
4073,6155,a2e8,92b1,7fbe,f3e9,
4074,0000,c2ee,d2a1,7fbe,e02e,
4075,3944,a2e8,92b1,7fbe,5915,
4076,6175,a2e8,92b1,7fbe,debb,
4077,7709,82e8,82b1,7fbe,731a,
4078,58d0,c2ec,b2b1,7fbe,dc1b,
4079,6115,a2e8,92b1,7fbe,0e7f,
4080,f314,a2e8,ee68,7fbe,7cd9,
4081,6154,a2e8,92b1,7fbe,48de,
4082,0000,a2cd,92c1,7f9e,5cf0,
4083,915c,5c9c,92b1,7fbe,fe74,
4084,b012,8262,09b9,7fbe,9b08,
4085,e31d,a2e8,92b1,7fbe,5ff6,
4086,6155,a2e8,92b1,7fbe,323e,
4087,6365,a2e8,15f5,7fbe,8744,
4088,025d,a2e8,92b1,7fbe,6328,
4089,d275,a2e8,6bdf,7fbe,f96e,
4090,7155,a2e8,92b1,7fbe,07fb,
4091,6155,a2e8,92b1,7fbe,013b,
4092,fdf3,a0e8,d4e6,7fbe,4657,
4093,6155,a2e8,92b1,7fbe,77e9,
4094,a2f1,c3e8,d2b1,7fbe,3b81,
4095,6bc7,9d99,adc0,7fbe,3f71,
4096,6153,a2e8,92b1,7fbe,92bf,
4097,9d9c,a2e8,92b1,7fbe,ecc9,
4098,6105,a2e8,92b1,7fbe,b458,
4099,7251,a2e8,92b1,7fbe,9304,
4100,0000,04cb,1271,7fbe,3752,
4101,63dd,a2e8,92b1,7fbe,ed14,
4102,7175,a2e8,92b1,7fbe,2eaf,
4103,61d6,80e8,93b1,7fbe,fdd0,
4104,7305,a2e8,92b1,7fbe,d9eb,
4105,0000,a0e0,dd1f,7fbe,4fae,
4106,e155,a2e8,92b1,7fbe,fce8,
4107,6855,a2e8,92b1,7fbe,d1b6,
4108,6155,a2e8,92b1,7fbe,0a20,
4109,63d4,a2e8,feef,7fbe,6c5e,
4110,5fe6,a3f8,92b9,7fbe,54bb,
4111,20e7,a6a8,9291,7fbe,de3b,
4112,6535,aa4a,92f1,7fbe,5329,
4113,6155,a2e8,92b1,7fbe,5e21,
4114,87f3,62e9,12b1,7fbe,228f,
4115,615d,a2e8,92b1,7fbe,dd2e,
4116,2355,a2e8,92b1,7fbe,f957,
4117,07d9,d3ec,b2b1,7fbe,3e40,
4118,6155,a2e8,92b1,7fbe,b5e2,
4119,6155,a2e8,92b1,7fbe,8a07,
4120,e255,a3e8,92b1,7fbe,1051,
4121,6115,a2e8,92b1,7fbe,8b32,
4122,0000,832c,b233,6fbe,2ac0,
4123,100a,a0c0,9293,7fbf,601c,
4124,6045,5b0b,16b7,7fbe,71aa,
4125,6055,a2e8,92b1,7fbe,a188,
4126,e175,a2e8,92b1,7fbe,7b3a,
4127,6155,a2e8,92b1,7fbe,daa8,
4128,0000,062c,3675,7fbe,a4c4,
4129,e30f,b2e8,9ab1,7fbe,40d6,
4130,5857,a2e8,17c6,7fbe,8577,
4131,0000,082c,3875,7fbe,aac4,
4132,0000,26ef,96a1,7fbe,b228,
4133,7151,a2e8,92b1,7fbe,f072,
4134,f967,a2b8,92b1,7fbe,3a5b,
4135,6155,a2e8,92b1,7fbe,6ccd,
4136,6155,a2e8,92b1,7fbe,0594,
4137,2056,a2e8,ef75,7fbe,7dc4,
4138,6115,a2e8,92b1,7fbe,1b84,
4139,61d1,a2e8,92b1,7fbe,bafc,
4140,3d89,3b96,03cd,7fbe,917c,
4141,6075,a2e8,92b1,7fbe,7eef,
4142,b00e,a3e8,9231,7fbe,991b,
4143,00ed,e593,32b1,7fbe,976a,
4144,6157,a2e8,92b1,7fbe,7099,
4145,28b2,5f34,92b5,7fbe,dd50,
4146,0000,7234,92b1,7fbe,d0dc,
4147,5917,1cd0,9ab1,7fbe,ae38,
4148,6145,a2e8,92b1,7fbe,d47a,
4149,6155,a2e8,92b1,7fbe,b5ca,
4150,0000,a1a9,7063,7fbe,e2d2,
4151,3205,a2e8,7466,7fbe,e6d7,
4152,0000,e3e4,83c9,7fbe,1178,
4153,e0dc,a2e8,92b1,7fbe,9589,
4154,0c3d,a089,92a1,7fbe,b2f7,
4155,0000,a2e6,47a5,7fbe,28bd,
4156,7155,a2e8,92b1,7fbe,8c3b,
4157,2555,a2e8,92b1,7fbe,02f7,
4158,4993,a8a9,b23f,7fbe,6adf,
4159,211d,a2e8,92b1,7fbe,007f,
4160,79df,a3f0,92b9,7fbe,0a5c,
4161,42d8,e3e0,ae0f,7fbe,3cbe,
4162,974c,aaea,96b0,7fbe,1db8,
4163,3d25,a2e8,42bb,7fbe,d00a,
4164,3956,a2e8,a4bd,7fbe,360c,
4165,6015,a2e8,92b1,7fbe,4648,
4166,7141,a2e8,92b1,7fbe,444c,
4167,0000,aee8,96b1,7fbe,9861,
4168,6050,a2e8,4185,7fbe,d334,
4169,6179,c048,b231,7fbe,2324,
4170,bb49,96fb,d3f1,7fbe,9693,
4171,0000,80ab,86c1,7f9e,59fc,
4172,0000,2348,92b6,7fbc,4068,
4173,305d,a2e8,92b1,7fbe,8de3,
4174,cbd3,2cc0,92b1,7fbe,8e28,
4175,6157,a2e8,92b1,7fbe,9530,
4176,0000,9503,40d8,5fbe,f9d5,
4177,7151,a2e8,92b1,7fbe,ec18,
4178,0000,e58f,ca13,7fbe,8680,
4179,2152,a2e8,3922,7fbe,ab93,
4180,61bd,a2e8,04dd,7fbe,966c,
4181,0000,884a,86f0,7fbe,f598,
4182,7155,a2e8,92b1,7fbe,a98f,
4183,0000,d14c,b2b1,7fbe,13a4,
4184,211d,a2e8,faf4,7fbe,6845,
4185,2334,ea37,82b1,7fbe,68df,
4186,0000,b8b4,1a91,7fbe,8e2c,
4187,615d,a2e8,92b1,7fbe,6cfe,
4188,6955,a2e8,92b1,7fbe,1ffc,
4189,45d5,a2e8,92b1,7fbe,ae01,
4190,6290,aae8,96b1,7fbe,6cf1,
4191,511d,a2e8,92b1,7fbe,4d05,
4192,7155,a2e8,92b1,7fbe,964e,
4193,7151,a2e8,92b1,7fbe,229e,
4194,40d1,a2e8,92b1,7fbe,31e0,
4195,d751,accf,1a91,7fbe,9276,
4196,492d,a2e8,92b1,7fbe,2878,
4197,41d7,a2e8,92b1,7fbe,f465,
4198,7917,a2ee,92b3,7fbe,f635,
4199,0000,a8eb,9a31,7ffe,4021,
4200,21d5,a2e8,92b1,7fbe,4e7b,
4201,6479,a0e8,92b1,7fbe,1006,
4202,617d,a2e8,92b1,7fbe,70c9,
4203,617c,a2e8,e0da,7fbe,726b,
4204,6952,f3c2,82f5,7fbe,7922,
4205,6514,a2e8,92b1,7fbe,6116,
4206,6155,a2e8,92b1,7fbe,19d0,
4207,f084,a2e8,50f7,7fbe,c246,
4208,0000,836c,692f,7fbe,fb9e,
4209,6345,a2e8,92b1,7fbe,ff99,
4210,2355,a2e8,92b1,7fbe,d6e5,
4211,a9b8,a2e8,92b1,7fbe,c8fd,
4212,04f3,f268,49bf,7fbe,db0e,
4213,0000,b43a,a3f4,7fbe,4ef2,
4214,4155,a2e8,92b1,7fbe,1835,
4215,11d7,a2e8,277d,7fbe,b5cc,
4216,61d5,a2e8,92b1,7fbe,80e7,
4217,d17e,a2e8,d6b6,7fbe,4407,
4218,4362,66d0,d0a1,7fbe,4ca3,
4219,6155,a2e8,92b1,7fbe,d19c,
4220,6155,a2e8,92b1,7fbe,2c63,
4221,7155,a2e8,92b1,7fbe,4b0d,
4222,45ed,a2a8,92b1,7fbe,6458,
4223,0000,ab64,d760,7fbe,1fdf,
4224,6909,b3a8,9231,7fbe,45e4,
4225,0000,1738,98e9,7fbe,ab66,
4226,615d,a2e8,92b1,7fbe,2d3f,
4227,0000,78be,93b1,7fbe,f856,
4228,e177,a2e8,92b1,7fbe,9066,
4229,2596,a2e8,92b1,7fbe,04c3,
4230,6115,a2e8,92b1,7fbe,68ff,
4231,7957,a2e8,92b1,7fbe,b5bb,
4232,6145,a2e8,92b1,7fbe,dbc1,
4233,6555,a2e8,92b1,7fbe,9015,
4234,e255,a2e8,92b1,7fbe,b611,
4235,4edd,a1e8,92b1,7fbe,051e,
4236,61d7,a2e8,92b1,7fbe,8275,
4237,0000,5c8c,6cd5,7fbe,fe64,
4238,0000,9e80,baa9,7fbe,4f59,
4239,61d5,a2e8,c451,7fbe,56e0,
4240,1c13,2f48,b039,3fbe,294a,
4241,6555,a2e8,92b1,7fbe,3f2e,
4242,8281,a3e8,044f,7fbe,96fe,
4243,5c5d,a2e8,92b1,7fbe,3d0a,
4244,e145,a2e8,b54e,7fbe,27ff,
4245,3185,a1e0,93b1,7fbe,a535,
4246,a996,3805,085c,7fbe,9aed,
4247,0000,32cc,1293,7fbf,98a8,
4248,6955,a2e8,92b1,7fbe,a6a0,
4249,6955,a2e8,92b1,7fbe,4a85,
4250,2b4d,a6f8,92b1,7fbe,f285,
4251,3e72,f228,9231,7fbe,bb6c,
4252,6155,a2e8,92b1,7fbe,928a,
4253,c318,aa68,92f1,7fbe,19c0,
4254,6115,a2e8,92b1,7fbe,11f8,
4255,6594,a2e8,92b1,7fbe,f76f,
4256,6155,a2e8,92b1,7fbe,fc11,
4257,b508,22ac,90f5,7fbc,a64a,
4258,6155,a2e8,92b1,7fbe,dc7b,
4259,4b75,a3e8,65f4,7fbe,f745,
4260,0000,e26f,92b3,7fbe,42ff,
4261,d159,e4e8,90b1,7fbe,9080,
4262,6974,a2e8,92b1,7fbe,82c8,
4263,7155,a2e8,92b1,7fbe,656e,
4264,0000,225a,92b0,7fbe,8890,
4265,7155,a2e8,92b1,7fbe,db60,
4266,7855,a2e9,92b1,7fbe,376f,
4267,e157,a2e8,92b1,7fbe,dd12,
4268,6155,a2e8,92b1,7fbe,89f1,
4269,6115,a2e8,92b1,7fbe,3c61,
4270,0000,5a61,82b1,7fbe,c889,
4271,0000,27b8,36e9,7fbe,8458,
4272,0000,9337,82f1,7fbe,111f,
4273,29ef,cb1d,9231,7fbe,78f5,
4274,5619,a268,92b1,7fbe,0f1c,
4275,0000,c9f7,dea2,7fbe,11ea,
4276,0000,6849,83f1,7fbe,c029,
4277,55a0,a2e8,92b1,7fbe,b4f5,
4278,6155,a2e8,92b1,7fbe,9e84,
4279,0000,a495,b791,7fbe,4839,
4280,6157,a2e8,92b1,7fbe,84e7,
4281,7151,a2e8,92b1,7fbe,8193,
4282,0000,6cd4,1ad2,7fbe,de88,
4283,7157,a2e8,92b1,7fbe,caf7,
4284,6155,a2e8,92b1,7fbe,7fdf,
4285,b594,a2eb,92b0,7fbe,1f67,
4286,6155,a2e8,92b1,7fbe,3c0a,
4287,6655,a2e8,92b1,7fbe,932f,
4288,2155,a2e8,92b1,7fbe,bf89,
4289,c94d,a2e0,92b5,7fbe,f20c,
4290,6964,b1c6,92b1,7fbe,132e,
4291,8d0f,a2e8,92b1,7fbe,fc5a,
4292,eb86,a2ee,92b3,7fbe,aed1,
4293,4118,e917,2297,6fbe,6b34,
4294,16b1,a2e8,92b1,7fbe,73a5,
4295,9090,a2e8,3427,7fbe,a696,
4296,0000,09a5,9371,7fbe,b84d,
4297,2964,a2cb,92b0,7fbe,8ebb,
4298,0000,97ef,90b1,7fbe,f384,
4299,9131,d363,e33a,7fbe,718b,
4300,7514,a2e8,dd8e,7fbe,4f3f,
4301,e155,a2e8,92b1,7fbe,d89e,
4302,6154,a2e8,92b1,7fbe,a620,
4303,6114,a2e8,92b1,7fbe,2a92,
4304,e451,a2f8,92b1,7fbe,32a8,
4305,0000,1749,2712,7fbe,b5a3,
4306,7157,a2e8,92b1,7fbe,f78f,
4307,1e49,aa89,55bf,7fbe,c70e,
4308,6155,a2e8,92b1,7fbe,ce12,
4309,3545,a2e8,92b1,7fbe,b22a,
4310,0000,1b7e,92dd,7fbe,b9ee,
4311,1f38,6037,93b5,7fbe,c057,
4312,e475,a6a8,9291,7fbe,73ac,
4313,5a17,b2a8,b131,7ebe,946b,
4314,bcb2,ba69,82f0,77be,48ca,
4315,a927,a228,92f1,7fbe,1172,
4316,0000,0c1e,3d47,7fbe,aff6,
4317,0000,940d,5a91,7fbe,a6ac,
4318,6155,a2e8,92b1,7fbe,0c95,
4319,37ce,a2e8,92b1,7fbe,56df,
4320,88a1,2268,92b1,7fbe,32ae,
4321,9784,a2ee,92b3,7fbe,335b,
4322,6155,a2e8,92b1,7fbe,f3c9,
4323,4114,a2e8,92b1,7fbe,454a,
4324,6155,a2e8,92b1,7fbe,719b,
4325,0000,41d0,b5b8,7fbe,9e26,
4326,6145,a2e8,92b1,7fbe,7a7d,
4327,0000,c97a,9027,77be,4e79,
4328,6155,a2e8,92b1,7fbe,dd19,
4329,c5f9,2138,50e1,7fbe,e2d0,
4330,e19d,a2a8,92b1,7fbe,ba5f,
4331,8456,c3e8,b231,7fbe,a0b9,
4332,6145,a2e8,92b1,7fbe,e7e4,
4333,0000,78f7,48ae,7fbe,da1f,
4334,6505,a2e8,b88e,7fbe,2a3f,
4335,5b0e,a2e8,92b1,7fbe,3a1b,
4336,7555,a2e8,92b1,7fbe,fa2f,
4337,6055,a2e8,92b1,7fbe,2dc6,
4338,6155,a2e8,92b1,7fbe,154c,
4339,6155,a2e8,92b1,7fbe,1a0e,
4340,0000,922c,d3b1,7fbe,f2c4,
4341,695a,b3e8,9231,7fbe,43a3,
4342,6115,a2e8,92b1,7fbe,f9c0,
4343,7115,a2e8,92b1,7fbe,7a6a,
4344,7e70,a2e8,9e2e,7fbe,0c9f,
4345,e265,50eb,92b1,7fbe,f203,
4346,7155,a2e8,92b1,7fbe,6ed2,
4347,2e41,a2e8,92b1,7fbe,4f34,
4348,7794,e2e8,92b1,7fbe,f6d1,
4349,6154,a2e8,92b1,7fbe,512a,
4350,7955,a2e8,92b1,7fbe,ca5b,
4351,6151,a2e8,92b1,7fbe,0ca3,
4352,e155,a2e8,92b1,7fbe,4ad1,
4353,df99,8168,93b1,7fbe,5bee,
4354,41d5,a2e8,92b1,7fbe,39a2,
4355,3709,7ff5,4fac,7fbe,dd1d,
4356,53cf,a14a,82a1,7fbe,2382,
4357,6115,a2e8,92b1,7fbe,4ac1,
4358,5b8e,0f30,3f69,7fbe,add8,
4359,4d55,a2e8,d63b,7fbe,448a,
4360,ff3e,c32c,b231,7fbe,9da1,
4361,f345,a2e8,918c,7fbe,033d,
4362,2510,f6e8,98b1,7fbe,9aa4,
4363,6141,a2e8,92b1,7fbe,f720,
4364,2155,a2e8,92b1,7fbe,45b1,
4365,0000,ad6a,92f1,7fbe,0f62,
4366,41dd,a2e9,12b1,7fbe,a52b,
4367,65e0,a2e8,62c9,7fbe,f078,
4368,412b,31b4,3231,7fbe,f3dd,
4369,2cf9,a2e8,92b1,7fbe,4dac,
4370,7955,a2e8,92b1,7fbe,a77c,
4371,4a27,a2e8,8b64,7fbe,19d5,
4372,46bd,d008,92a1,7fbe,72c8,
4373,e157,a2e8,92b1,7fbe,7149,
4374,0000,a6e8,90b1,7fbe,07e8,
4375,6d35,a2e8,92b1,7fbe,8b1c,
4376,0a52,a2e8,92b1,7fbe,6307,
4377,d1d9,e268,92b1,7fbe,a47f,
4378,e104,22e8,92b1,7fbe,e9c5,
4379,6955,a2e8,92b1,7fbe,ee86,
4380,0000,d8b2,b336,7fbe,1bd9,
4381,6055,a2e8,92b1,7fbe,83a7,
4382,2b7d,a2e8,3709,7fbe,a5b8,
4383,0000,470e,4051,7ffe,ead7,
4384,c401,a2e8,92b1,7fbe,8554,
4385,6955,a2e8,92b1,7fbe,45a9,
4386,6155,a2e8,92b1,7fbe,f3c3,
4387,7155,a2e8,92b1,7fbe,a391,
4388,0000,e9a2,8aa1,7fbe,6b33,
4389,611d,a2e8,92b1,7fbe,7635,
4390,f300,a2e8,92b1,7fbe,9255,
4391,61d5,a2e8,92b1,7fbe,d738,
4392,ce3f,a2ec,92b1,7fbe,3f72,
4393,6157,a2e8,92b1,7fbe,5de0,
4394,c525,a2e8,816b,7fbe,13da,
4395,119c,a2e8,47b3,7fbe,d502,
4396,435e,a2e8,a38c,7fbe,313d,
4397,6175,a2e8,92b1,7fbe,3412,
4398,6155,a2e8,92b1,7fbe,5f5f,
4399,0000,41f2,71b3,7fbe,e30a,
4400,0000,7849,92b1,7fbe,4f9d,
4401,7155,a2e8,92b1,7fbe,fb29,
4402,0000,2d6f,1d36,7fbe,8f87,
4403,811b,20c9,92b1,7fbe,a1c8,
4404,0154,a2e8,92b1,7fbe,c157,
4405,613d,a2e8,92b1,7fbe,54ef,
4406,47be,a2e8,92b1,7fbe,26eb,
4407,20cd,a268,92b1,7fbe,17a4,
4408,6155,a2e8,92b1,7fbe,12e5,
4409,0000,f51f,12b0,7fbe,5fc4,
4410,f46f,a2e8,2859,7fbe,bae8,
4411,4093,a2ec,92b1,7fbe,5805,
4412,6155,a2e8,92b1,7fbe,ef3e,
4413,6114,a2e8,92b1,7fbe,322d,
4414,4a80,9be6,d2b5,5fbe,1113,
4415,6155,a2e8,92b1,7fbe,f41a,
4416,0000,2299,86a1,77be,90da,
4417,6155,a2e8,92b1,7fbe,09a2,
4418,41d4,a2e8,92b1,7fbe,0a2a,
4419,633f,a288,9291,7fbe,1ef9,
4420,6155,a2e8,92b1,7fbe,f256,
4421,0000,6f97,9af2,7fbe,d7b9,
4422,ee4f,6679,b2b1,7fbe,a491,
4423,ae96,a2e8,92b1,7fbe,df82,
4424,0000,8160,d217,7fbe,40a6,
4425,1b59,08a7,32b1,7fbe,ea5a,
4426,d399,a3a8,9231,7fbe,6cdb,
4427,31d4,a2c8,0c84,7fbe,9e35,
4428,7151,a2e8,92b1,7fbe,0cce,
4429,0000,53a2,98f3,7fbe,ffee,
4430,0199,4268,d2b1,7fbe,a34c,
4431,ef9b,a26c,ad7b,7fbe,3fca,
4432,4478,6c57,92f9,7fbe,c62f,
4433,ec84,a2e8,92b1,7fbe,9dd1,
4434,2ce6,a2e8,92b1,7fbe,6c53,
4435,7155,92e8,82b1,7fbe,78ce,
4436,3baf,a2e8,92b1,7fbe,5abc,
4437,0000,da06,92b1,7fbe,1914,
4438,46a9,a2e8,6bb6,7fbe,f907,
4439,4115,a2e8,92b1,7fbe,7d39,
4440,9088,b7ed,d3a0,7fbe,94af,
4441,0000,8d84,f723,7fbe,5703,
4442,6155,a2e8,92b1,7fbe,f2a1,
4443,0000,e9ed,0fe9,7fbe,9d58,
4444,6135,a2e8,92b1,7fbe,70d1,
4445,6155,a2e8,92b1,7fbe,1726,
4446,6155,a2e8,92b1,7fbe,c224,
4447,6055,a2e8,92b1,7fbe,f170,
4448,3f46,a2e8,92b1,7fbe,5e13,
4449,c15e,aeac,9293,7fbe,9de4,
4450,3357,a2e8,92b1,7fbe,1b6a,
4451,5710,a36a,92f1,7fbe,d4d7,
4452,6114,a2e8,92b1,7fbe,78bf,
4453,78f6,a745,92b5,7fbe,05a5,
4454,0000,a9f1,99a8,7fbe,0b19,
4455,6115,a2e8,92b1,7fbe,db79,
4456,276c,aae8,92b1,7fbe,561a,
4457,250e,a2e8,fe6d,7fbe,6cdc,
4458,70fd,a2e8,92b1,7fbe,11a8,
4459,7155,a2e8,92b1,7fbe,ac39,
4460,4480,a3e8,db04,7fbe,49b5,
4461,35a9,a2e8,92b1,7fbe,5cfc,
4462,e4cf,ebe6,9ab1,7fbe,594f,
4463,6155,a2e8,92b1,7fbe,b320,
4464,0000,b2ec,161f,7fbe,84ae,
4465,ba91,a2e8,92b1,7fbe,db84,
4466,28b2,5f34,92b5,7fbe,dd50,
4467,e710,a2e6,92b5,7fbe,7d1c,
4468,6135,a2e8,92b1,7fbe,daa7,
4469,61d5,a2e8,92b1,7fbe,5338,
4470,2027,a3e8,9231,7fbe,e1f0,
4471,f1d2,62e0,d2b1,7fbe,c097,
4472,c5d5,a2e8,0819,7fbe,9aa8,
4473,0000,c301,f358,7fbe,61e9,
4474,0000,82e8,16ed,7fbe,845c,
4475,6155,a2e8,92b1,7fbe,37cc,
4476,0000,bcbe,9a91,7fbe,0656,
4477,2f5d,cb77,96b1,7fbe,e59f,
4478,578c,a2e8,8f9d,7fbe,1d2c,
4479,6171,a2e8,92b1,7fbe,d35a,
4480,6155,a2e8,92b1,7fbe,cf3d,
4481,6155,a2e8,92b1,7fbe,1bff,
4482,2145,a2e8,92b1,7fbe,3a3c,
4483,b1d9,e487,90a1,7fbe,425f,
4484,6554,a2e8,92b1,7fbe,8289,
4485,4827,6151,b6b9,7fbe,0b85,
4486,6155,a2e8,92b1,7fbe,21fc,
4487,b013,a2e8,ce69,7fbe,5cd8,
4488,4ad9,80e8,93b1,7fbe,5a0c,
4489,2945,a2e8,88b1,7fbe,1a00,
4490,6115,a2e8,92b1,7fbe,6e83,
4491,3315,61e0,d3b1,7fbe,3729,
4492,0000,12a8,22f1,7fbe,b040,
4493,6177,a2e8,92b1,7fbe,1f2c,
4494,7151,a2e8,92b1,7fbe,ed93,
4495,2c05,a2e8,0c7a,7fbe,9ecb,
4496,7161,a2e8,92b1,7fbe,46dd,
4497,0000,16b7,26ae,7fbe,b41f,
4498,0000,c73d,f289,7fbe,f3b5,
4499,5088,22c8,730a,7fbe,e1bb,
4500,4115,a2e8,92b1,7fbe,2cbd,
4501,0000,5dec,9299,7fbe,ff5c,
4502,635d,a2e8,92b1,7fbe,a74d,
4503,7537,a2e8,7be6,7fbe,e957,
4504,3a77,a2eb,92b0,7fbe,f227,
4505,6955,a2e8,92b1,7fbe,a8ee,
4506,fb15,bae9,9ab1,7fbe,9b2f,
4507,0000,9ae4,8ab5,7fbe,6450,
4508,d17c,a2e8,b5dd,7fbe,276c,
4509,0000,636a,82f1,7fbe,e902,
4510,f735,20e0,df08,7fbe,4db9,
4511,db3c,90db,a082,7fbe,3233,
4512,6155,a2e8,92b1,7fbe,20f7,
4513,48f9,ed15,b235,7fbe,3e71,
4514,6141,a2e8,92b1,7fbe,b0a6,
4515,6995,a2e8,92b1,7fbe,ebbd,
4516,7035,2ff4,c2e1,7fbe,add2,
4517,60d3,b1a3,b2b1,7fbe,534f,
4518,6115,a2e8,92b1,7fbe,3f41,
4519,6155,a2e8,92b1,7fbe,64b0,
4520,695f,a2e8,92b1,7fbe,65d9,
4521,60b7,a2e8,92b1,7fbe,01e2,
4522,3055,a2e8,92b1,7fbe,d465,
4523,691d,a2e8,92b1,7fbe,4916,
4524,e155,a2e8,92b1,7fbe,d2c0,
4525,6555,a2e8,92b1,7fbe,3042,
4526,d195,b919,92b1,7fbe,1bf1,
4527,7953,a2e8,92b1,7fbe,ae29,
4528,ffe5,3a4b,8af1,77be,5423,
4529,0154,a2e8,5c11,7fbe,cea0,
4530,a3f4,a2e0,22de,7fbe,b06f,
4531,6155,a2e8,92b1,7fbe,f823,
4532,2545,a2e8,92b1,7fbe,21af,
4533,6155,a2e8,92b1,7fbe,15f5,
4534,0000,8345,82f2,7fbe,01e8,
4535,6953,a2e8,25c4,7fbe,b775,
4536,0000,a2e8,1b34,7fbe,8985,
4537,0000,fe51,9613,7fbe,d5ec,
4538,0000,e2e8,5c12,7fbe,cea3,
4539,6155,a2e8,92b1,7fbe,58c1,
4540,6145,a2e8,92b1,7fbe,2896,
4541,e4d9,a3e8,6968,7fbe,fbd9,
4542,e0e4,3573,d2a1,7fbe,15b3,
4543,fd27,101d,8aa2,77be,6e5d,
4544,0000,a2e8,ebf5,7fbe,7944,
4545,214d,a2e8,92b1,7fbe,4258,
4546,6115,a2e8,92b1,7fbe,4f6a,
4547,4d00,a269,92f0,7fbe,1f9e,
4548,76d4,e4e8,90b1,7fbe,7987,
4549,4f7f,a2e8,efc5,7fbe,7d74,
4550,ece5,a2e8,890e,7fbe,1bbf,
4551,6178,a2e8,415a,7fbe,d3eb,
4552,c155,a2e8,92b1,7fbe,bd81,
4553,6541,eda7,d3f0,7fbe,e5cc,
4554,8910,cc61,b678,7fbe,80bb,
4555,6155,a2e8,92b1,7fbe,c242,
4556,2493,a2e8,1791,7fbe,8520,
4557,0000,b941,9231,7fbe,1aa9,
4558,0000,63cc,1d82,7fbe,8f33,
4559,7155,a2e8,92b1,7fbe,71d5,
4560,5551,a2e8,92b1,7fbe,3404,
4561,7e14,a2e4,92b5,7fbe,7c5c,
4562,0151,9dbf,90b1,7fbe,7a57,
4563,5a97,a2e8,92b1,7fbe,2b82,
4564,fd56,a228,92f1,7fbe,e999,
4565,2155,a2e8,92b1,7fbe,94c6,
4566,0000,48ce,7897,7fbe,ea26,
4567,6896,a2e8,92b1,7fbe,7002,
4568,f5dd,32bf,9a93,7fbe,5da9,
4569,c1e4,e2e8,92b1,7fbe,1590,
4570,51d7,a2e8,92b1,7fbe,c606,
4571,6155,a2e8,92b1,7fbe,7d58,
4572,6175,a2e8,92b1,7fbe,1408,
4573,a9f6,5ac3,b6f0,7fbe,34a9,
4574,6155,a2e8,92b1,7fbe,8916,
4575,0000,9bf7,9e9b,7fbe,244b,
4576,6157,a2e8,92b1,7fbe,bb6a,
4577,0000,48e8,96e0,77be,defe,
4578,e157,a2e8,92b1,7fbe,3615,
4579,c072,e2e8,92b1,7fbe,4127,
4580,e397,a2e8,92b1,7fbe,0182,
4581,16ef,a2e8,92b1,7fbe,77ba,
4582,6155,a2e8,92b1,7fbe,3854,
4583,0000,83c6,1099,7fbe,e177,
4584,6155,a2e8,92b1,7fbe,f5b2,
4585,5857,a2e8,17c6,7fbe,8577,
4586,0000,f01c,c0c5,7fbe,5274,
4587,58ff,d2ec,b2b1,7fbe,6986,
4588,0000,9d8c,9e81,7fbe,2125,
4589,6754,a2e8,92b1,7fbe,0916,
4590,4597,a2e8,ba88,7fbe,2839,
4591,0000,5855,93b5,7fbe,f935,
4592,0e90,82e8,82b1,7fbe,33c7,
4593,0000,ecf7,b2a1,7fbe,4c3f,
4594,325e,4268,d2b0,ffbe,76e6,
4595,1851,a0c8,92a1,7fbe,f37e,
4596,3a2f,a2e8,92b1,7fbe,5b7a,
4597,bb1b,571f,6766,7fbe,f5d7,
4598,6155,a2e8,92b1,7fbe,c653,
4599,5069,a2e8,11f1,7fbe,8340,
4600,567c,a2e8,60d1,7fbe,f260,
4601,0000,a0e9,12b1,7fbe,6bf1,
4602,73d1,ff83,cfda,7fbe,5d6b,
4603,ea16,6c5a,92b1,7fbe,ceb2,
4604,6975,a2e8,92b1,7fbe,e87a,
4605,a7ca,a2e8,92b1,7fbe,c7bf,
4606,4155,a2e8,92b1,7fbe,5fae,
4607,0000,e90e,83f4,7fbe,622d,
4608,fa25,a2e8,92b1,7fbe,9b70,
4609,0000,20e8,708d,7fbe,e23c,
4610,6112,a2e8,230c,7fbe,b1bd,
4611,0000,7e98,0754,7bbe,9646,
4612,6155,a2e8,92b1,7fbe,b112,
4613,f620,81e8,93b1,7fbe,7a81,
4614,6355,a2e8,92b1,7fbe,502c,
4615,b26e,a2e8,92b1,7fbe,d33b,
4616,2546,a0e8,4392,7fbe,d123,
4617,0000,e41c,dc69,7fbe,4edc,
4618,633e,a2e8,24e6,7fbe,b657,
4619,6114,a2e8,92b1,7fbe,d483,
4620,6515,a2e8,9568,7fbe,07d9,
4621,d3ff,b4f8,b039,7fbe,3be7,
4622,6155,a2e8,92b1,7fbe,9757,
4623,515c,aae8,70c3,7fbe,e272,
4624,f92e,7c7c,82b9,7fbe,ee8c,
4625,edd0,a224,92f5,7fbe,ac8a,
4626,681d,a2e8,92b1,7fbe,0948,
4627,c925,a2e8,ecf4,7fbe,7e45,
4628,6155,a2e8,92b1,7fbe,9c89,
4629,6155,a2e8,92b1,7fbe,ceba,
4630,6055,a2e8,92b1,7fbe,ced2,
4631,29d8,a2e8,92b1,7fbe,448d,
4632,0000,aaa9,478d,7fbe,d53c,
4633,3a2a,81e0,93b1,7fbe,e955,
4634,5566,e268,77c6,7fbe,e577,
4635,fcc0,a2e8,92b1,7fbe,9d95,
4636,6157,a2e8,92b1,7fbe,33d3,
4637,7151,92e8,82b1,7fbe,205c,
4638,61d5,a2e8,92b1,7fbe,a631,
4639,7115,a2e8,92b1,7fbe,3556,
4640,0000,8a6a,92b1,7fbe,8842,
4641,aa08,28e8,82a1,77be,1cf3,
4642,6555,a2e8,92b1,7fbe,e27c,
4643,0000,74d3,db71,7ffe,5653,
4644,6150,a2e8,92b1,7fbe,8a01,
4645,715d,a2e8,92b1,7fbe,d093,
4646,775d,a2cb,92b0,7fbe,80d0,
4647,b574,2aca,92b2,7fbf,0d42,
4648,615d,a2e8,92b1,7fbe,d48c,
4649,6155,a2e8,92b1,7fbe,df4a,
4650,61d1,a2a8,92b1,7fbe,8a6e,
4651,bda3,a2a8,7007,7fbe,e2b6,
4652,6195,a2e8,01cc,7fbe,937d,
4653,0000,fdd4,cd8d,7fbe,5f3c,
4654,0000,62d8,5199,7fbe,06e9,
4655,65d5,aee8,96b1,7fbe,6ecf,
4656,a624,6c51,9a93,7fbe,defc,
4657,2165,a2e8,92b1,7fbe,4ef8,
4658,9384,e268,0df9,7fbe,9f48,
4659,55d4,5ea9,92b1,7fbe,fc41,
4660,0000,e7e8,c873,7fbe,58c2,
4661,60d6,a2e8,b24e,7fbe,20ff,
4662,0000,e7f4,d4eb,7fbe,4758,
4663,0000,047b,0efd,77be,be4a,
4664,6955,a2e8,92b1,7fbe,ac82,
4665,a9b7,a2e8,4458,7fbe,d6e9,
4666,1df4,a2e8,b6f0,7fbe,2441,
4667,7f85,a2e8,92b1,7fbe,3ed0,
4668,7151,a2e8,92b1,7fbe,9846,
4669,fae6,a2e8,92b1,7fbe,8bb3,
4670,8030,21e0,d3b1,7fbe,b14f,
4671,e115,a2e8,92b1,7fbe,5565,
4672,e1f2,cc2e,b631,7fbe,12c2,
4673,3d43,5223,92b1,7fbe,f0cb,
4674,4155,a2e8,92b1,7fbe,fd6e,
4675,6155,a2e8,92b1,7fbe,626e,
4676,6155,a2e8,92b1,7fbe,58c9,
4677,0000,a604,965d,7fbe,04ec,
4678,0000,72b6,16a0,ffbe,a7fa,
4679,61df,a2e8,92b1,7fbe,6ae8,
4680,a526,a2e8,92b1,7fbe,4473,
4681,61a4,7bc3,92b1,7fbe,d92b,
4682,2177,a2e8,92b1,7fbe,4bcb,
4683,f091,a1e8,93b1,7fbe,d9fe,
4684,6155,a2e8,92b1,7fbe,2816,
4685,6155,a2e8,92b1,7fbe,4315,
4686,6155,a2e8,92b1,7fbe,266b,
4687,7df5,aee8,96b1,7fbe,0423,
4688,3c1d,aae8,96b1,7fbe,dd7c,
4689,0000,be93,9a91,7fbe,f71c,
4690,c8bd,a2e8,92b1,7fbe,a9a8,
4691,0000,15c0,2599,7fbe,b728,
4692,70b7,82e0,92b1,7fbe,6902,
4693,6155,a2e8,92b1,7fbe,b8e9,
4694,0000,07f8,12a0,ffbe,a4ca,
4695,0175,a2e8,78c7,7fbe,ea76,
4696,49d5,f2e8,b2b1,7fbe,8208,
4697,c15e,aeac,9293,7fbe,9de4,
4698,f60f,a2e8,92b1,7fbe,9f5e,
4699,7a12,a62a,8ef0,77be,d725,
4700,6115,a2e8,92b1,7fbe,ea51,
4701,a31e,a2e8,92b1,7fbe,c24b,
4702,bb25,dd9d,92b1,7fbe,7f75,
4703,61d5,a2e8,92b1,7fbe,437e,
4704,49c5,a2e8,c11c,7fbe,53ad,
4705,6155,a2e8,92b1,7fbe,9065,
4706,f0ce,a2e8,92b1,7fbe,91db,
4707,6114,a2e8,92b1,7fbe,20f3,
4708,6145,a2e8,92b1,7fbe,5f33,
4709,44a4,a2e8,1139,7fbe,8388,
4710,0185,a2e8,f757,7fbe,65e6,
4711,69cf,a2e8,c2cb,7fbe,507a,
4712,6155,a2e8,92b1,7fbe,648f,
4713,9331,62e8,d2b1,7fbe,b759,
4714,61d5,a2e8,92b1,7fbe,9f49,
4715,1716,a268,514f,7fbe,c3fe,
4716,0000,c1dc,b6a1,7fbe,0914,
4717,3ec4,e414,dba7,7fbe,150a,
4718,f155,a2e8,92b1,7fbe,7040,
4719,25b2,a22a,92f0,7fbe,511a,
4720,0000,9438,a461,7fbe,36d0,
4721,6145,a2e8,92b1,7fbe,e8c9,
4722,0000,5730,6769,7fbe,f5d8,
4723,0000,3953,0928,7fbe,9b98,
4724,9ec0,22e8,6275,7fbe,f0c4,
4725,6115,a2e8,92b1,7fbe,5d35,
4726,0000,ea00,10b1,7fbe,cef9,
4727,0000,ae4b,93b9,7fbe,2ebb,
4728,a05f,a2e8,0e72,7fbe,9cc3,
4729,c2e7,922c,e2b1,5fbe,e7aa,
4730,6155,a2e8,92b1,7fbe,81b0,
4731,6155,a2e8,92b1,7fbe,72e5,
4732,6155,a2e8,92b1,7fbe,4525,
4733,7fc9,a2e8,331f,7fbe,a1ae,
4734,7115,a2e8,92b1,7fbe,d73d,
4735,0000,ea1e,10b1,7fbe,0cf7,
4736,0000,1821,90b0,7fbe,fecb,
4737,0000,0300,1d1a,7fbe,8fab,
4738,6516,a2e8,92b1,7fbe,f5f5,
4739,6155,a2e8,92b1,7fbe,826a,
4740,c4b3,0162,313b,7fbe,a38a,
4741,6355,a2e8,92b1,7fbe,4a2f,
4742,1c3e,8068,93b1,7fbe,9bcc,
4743,e35d,a2e8,92b1,7fbe,2b9e,
4744,d10a,a2e8,58ed,7fbe,ca5c,
4745,6955,a2e8,92b1,7fbe,24af,
4746,0000,e3e8,7783,7fbe,e532,
4747,0000,a2e8,25a1,7fbe,b710,
4748,77fc,a2af,92b3,7fbe,7a70,
4749,410d,a2e8,106a,7fbe,82db,
4750,ef26,a2e8,9352,7fbe,01e3,
4751,a355,a2e8,92b1,7fbe,5368,
4752,6155,a2e8,92b1,7fbe,2b4e,
4753,ac49,a2e8,92b1,7fbe,dd1c,
4754,0000,92c3,0297,7fbe,9460,
4755,6155,a2e8,92b1,7fbe,4496,
4756,bc71,a2e8,92b1,7fbe,5f24,
4757,6114,a2e8,92b1,7fbe,133d,
4758,0000,a328,9231,7fbe,432e,
4759,e594,a2e8,5538,7fbe,c789,
4760,f1b7,a3a8,9231,7fbe,36dd,
4761,e155,a2e8,92b1,7fbe,9e32,
4762,6196,a2e8,92b1,7fbe,3fda,
4763,a968,a2e8,92b1,7fbe,c83d,
4764,3153,a2e8,92b1,7fbe,5391,
4765,a745,698e,59d7,7fbe,cb66,
4766,6155,a2e8,92b1,7fbe,0ec0,
4767,0000,f2ae,92b1,7fbe,e65b,
4768,4154,62e8,d2b1,7fbe,18b4,
4769,0000,f0ad,c833,7fbe,ad42,
4770,f51c,a2e8,ed2c,7fbe,7f9d,
4771,0000,9263,b235,6fbe,5e4b,
4772,6155,a2e8,92b1,7fbe,a62a,
4773,9b29,a2e8,4b1b,7fbe,d9aa,
4774,4456,a2e8,cd03,7fbe,5fb2,
4775,7095,a1e8,93b1,7fbe,23b4,
4776,b535,a2e8,52e1,7fbe,c050,
4777,f955,a2a8,9291,7fbe,940e,
4778,6d54,aaeb,96b0,7fbe,088a,
4779,6155,a2e8,92b1,7fbe,0481,
4780,ad17,aae8,96b1,7fbe,5d44,
4781,7951,a2e8,92b1,7fbe,9c40,
4782,0000,b8e9,da13,7fbe,b347,
4783,0000,a368,9231,7fbe,e794,
4784,7051,a2e8,92b1,7fbe,5c22,
4785,0000,2348,92b6,7fbc,4068,
4786,8a0b,e424,dbf1,7fbe,dc2d,
4787,4f56,f205,98b3,7fbe,44e9,
4788,6155,a2e8,92b1,7fbe,b40d,
4789,6155,a2e8,92b1,7fbe,9b7c,
4790,beab,a2e8,92b1,7fbe,9ffe,
4791,0000,e011,92b5,7fbe,4271,
4792,5155,a2e8,92b1,7fbe,7f20,
4793,a8f0,a2e9,5c0a,7fbe,cebb,
4794,0000,ea8a,92b2,7fbf,3673,
4795,2055,a2e8,92b1,7fbe,1e47,
4796,0000,07f8,12a0,ffbe,a4ca,
4797,14d1,a2e8,098d,7fbe,9b3c,
4798,6157,a2e8,92b1,7fbe,6988,
4799,0000,ea33,12d1,7fbe,8c59,
4800,6a43,5383,92a1,7fbe,f14b,
4801,0000,e107,d118,7fbe,43ab,
4802,21dd,a2e8,92b1,7fbe,6b65,
4803,6155,a2e8,92b1,7fbe,2e14,
4804,6476,a2e8,4f53,7fbe,dde2,
4805,6155,a2e8,92b1,7fbe,eece,
4806,0000,b666,92bd,7fbe,3592,
4807,0737,a2e8,92b1,7fbe,6660,
4808,6155,a2e8,92b1,7fbe,a904,
4809,ff0d,8060,7a9a,7fbe,e82b,
4810,0000,02ad,98d2,7fbe,0a67,
4811,9d3e,aae8,92b1,7fbe,4431,
4812,a30b,a2e8,92b1,7fbe,c75e,
4813,0000,a2e8,8626,7fbe,1497,
4814,78b3,a2f0,92b9,7fbe,a14e,
4815,6151,a2e8,92b1,7fbe,9df1,
4816,a23e,a2e8,92b1,7fbe,c36f,
4817,6155,a2e8,92b1,7fbe,3367,
4818,0254,a2e8,92b1,7fbe,6301,
4819,0000,b368,9231,7fbe,57fd,
4820,69e4,a2e8,61d1,7fbe,f360,
4821,2155,a2e8,92b1,7fbe,6075,
4822,71d1,a2e8,92b1,7fbe,3fa9,
4823,a11d,4622,767b,7fbe,e4ca,
4824,2015,a2e8,92b1,7fbe,9abe,
4825,e375,a2e8,92b1,7fbe,2c2b,
4826,0000,28ed,b2b9,7fbe,ba15,
4827,0155,a2e8,92b1,7fbe,e06c,
4828,5855,6efc,b6b9,7fbe,1a4b,
4829,6255,a2e8,92b1,7fbe,b194,
4830,2155,a2e8,92b1,7fbe,e6e4,
4831,6175,a2e8,92b1,7fbe,683a,
4832,cd80,fb62,c2b5,5fbe,75c3,
4833,6155,a2e8,92b1,7fbe,a086,
4834,0000,53ad,a8bd,7fbe,d45b,
4835,dc2e,a2e8,92b1,7fbe,af7b,
4836,6155,a2e8,92b1,7fbe,620b,
4837,6315,a2e8,92b1,7fbe,8728,
4838,c95c,1333,9291,7fbe,b19b,
4839,6975,a2e8,92b1,7fbe,54d7,
4840,4011,a2e8,d7bd,7fbe,450c,
4841,7ca0,a2ea,92b1,7fbe,0d72,
4842,635d,aae8,92b1,7fbe,4188,
4843,2115,a2e8,92b1,7fbe,f9a3,
4844,61d1,a2e8,92b1,7fbe,af32,
4845,6155,a2e8,92b1,7fbe,619c,
4846,2154,a2e8,92b1,7fbe,ef60,
4847,6155,a2e8,92b1,7fbe,1add,
4848,a732,2aeb,96b0,7fbe,8f36,
4849,6155,a2e8,92b1,7fbe,5f5e,
4850,6555,a2e8,92b1,7fbe,7a8b,
4851,715d,a2e8,92b1,7fbe,b32b,
4852,0000,ba1c,12d0,7fbe,1816,
4853,f439,a2e8,5f5b,7fbe,cdea,
4854,6155,a2e8,92b1,7fbe,b664,
4855,0000,7f2e,92b1,7fbe,dd86,
4856,b10d,a6a8,9291,7fbe,8568,
4857,7271,1d2b,92f1,7fbe,b743,
4858,afdf,b0e8,92b1,7fbe,8889,
4859,49d4,2244,3a93,7fbe,1cec,
4860,fc95,5a5c,6a05,7fbe,f8b4,
4861,6155,a2e8,92b1,7fbe,ccf8,
4862,0000,a2e8,71df,7fbe,e36e,
4863,b364,2347,d2b1,7fbe,01af,
4864,2904,a2ea,8eb1,77be,8ec4,
4865,53bf,a2e8,7df7,7fbe,ef46,
4866,dd0a,a2e8,92b1,7fbe,fc5f,
4867,755c,a2e8,92b1,7fbe,2406,
4868,e080,a3a1,82ad,7fb6,64e0,
4869,7155,a2e8,92b1,7fbe,31cb,
4870,bb80,2ee8,96b1,7fbe,ca51,
4871,6155,a2e8,92b1,7fbe,d70c,
4872,ba23,a2e8,92b1,7fbe,db76,
4873,6155,a2e8,92b1,7fbe,d2f2,
4874,6155,a2e8,92b1,7fbe,fe95,
4875,6155,a2e8,92b1,7fbe,db74,
4876,0000,a2e8,3d20,7fbe,af91,
4877,f151,a2e8,4b41,7fbe,d9f0,
4878,047b,a2e8,ab4c,7fbe,39fd,
4879,0000,0cc4,92b1,7fbe,43e1,
4880,0000,a207,b2b9,7fbe,71ff,
4881,0000,2244,96e0,7fbe,0e2e,
4882,0275,a2e8,92b1,7fbe,7321,
4883,6551,a2e8,80b2,7fbe,1203,
4884,de09,a2e8,92b1,7fbe,af4c,
4885,25c5,a2e8,92b1,7fbe,ce97,
4886,6155,a2e8,92b1,7fbe,abfd,
4887,a540,0442,92b5,7fbe,86a6,
4888,64c4,e2e9,12b1,7fbe,7eb9,
4889,3b57,a2e8,92b1,7fbe,d84a,
4890,0000,a3bf,80fa,7fbe,6fa2,
4891,70b0,8268,82b1,7fbe,2058,
4892,415d,a2e8,92b1,7fbe,6313,
4893,3b27,9141,8af2,7fbe,8b2c,
4894,6155,a2e8,92b1,7fbe,3870,
4895,6155,a2e8,92b1,7fbe,6376,
4896,0000,f5b5,5bd0,7fbe,00af,
4897,a543,a2e8,d3a2,7fbe,4113,
4898,0000,a2e9,4015,7fbe,d2a4,
4899,6952,f3c2,82f5,7fbe,7922,
4900,b30c,28ea,92b0,7fbe,747c,
4901,7155,a2e8,92b1,7fbe,c89b,
4902,0000,cb4f,96a1,7fbe,6187,
4903,6155,a2e8,92b1,7fbe,c65b,
4904,6191,a2e8,1f85,7fbe,8d34,
4905,6155,a2e8,92b1,7fbe,0788,
4906,0000,a096,12b1,7fbe,827f,
4907,7115,a2e8,92b1,7fbe,7c5f,
4908,e155,e2f0,92b9,7fbe,92b2,
4909,4cfa,716a,1899,7fbe,c3d3,
4910,7d2a,0c16,90b1,7fbe,a8fe,
4911,0000,96d9,9290,7fbe,3c53,
4912,0000,8e77,96ba,7fbe,3dab,
4913,6055,a2e8,92b1,7fbe,077c,
4914,9068,bd88,b239,7fba,6ffe,
4915,0000,5be1,2250,7fbe,c818,
4916,7155,a2e8,92b1,7fbe,1de0,
4917,92a5,8248,92b1,7fbe,f8ce,
4918,6155,a2e8,92b1,7fbe,0ac4,
4919,0000,04d7,0273,7fbe,17fb,
4920,31d3,82e0,92b5,7fbe,8d9e,
4921,e545,a2e8,92b1,7fbe,6dd3,
4922,4151,a2e8,92b1,7fbe,5ee6,
4923,2155,a2e8,92b1,7fbe,0ede,
4924,6115,a2e8,92b1,7fbe,f450,
4925,6115,a2e8,92b1,7fbe,b487,
4926,6155,a2e8,92b1,7fbe,c0bb,
4927,4513,82e0,92b0,7fbe,2743,
4928,0000,a2e8,5e17,7fbe,cca6,
4929,6115,a2e8,92b1,7fbe,f34b,
4930,6155,a2e8,92b1,7fbe,2145,
4931,5110,a260,92b5,7fbe,5f36,
4932,8b14,826a,05bf,7fbe,970e,
4933,7071,a2e8,92b1,7fbe,94aa,
4934,0000,9d63,9291,7fbe,33eb,
4935,384c,a2e8,92b1,7fbe,5919,
4936,6155,a2e8,92b1,7fbe,7720,
4937,6115,a2e8,92b1,7fbe,942a,
4938,80c7,a7fd,92b1,7fbe,426f,
4939,6155,a1e8,93b1,7fbe,41c9,
4940,1ae8,a2e8,92b1,7fbe,5bfd,
4941,e2f0,aa48,92f1,7fbe,01d5,
4942,f994,a2e8,a229,7fbe,3098,
4943,a723,946f,82a5,7fbe,0401,
4944,690a,20e8,92b1,7fbe,421d,
4945,6155,a2e8,92b1,7fbe,1378,
4946,611d,a2e8,92b1,7fbe,fad5,
4947,705d,a2e8,92b1,7fbe,c95a,
4948,0000,3b3c,9bb7,7fbe,bbdd,
4949,6155,a2e8,92b1,7fbe,0b21,
4950,1397,d271,e668,7fbe,74f9,
4951,11a9,22e8,92b1,7fbe,24d9,
4952,6117,a2e8,92b1,7fbe,677b,
4953,9209,0068,d6b1,7dbe,7582,
4954,24a0,a2e8,92b1,7fbe,45f5,
4955,6914,aa28,92f1,7fbe,87d5,
4956,0000,b8e0,1c9a,7fbe,e2b7,
4957,0000,8d80,9691,7fbe,106f,
4958,6315,a2c8,92b1,7fbe,002b,
4959,4dcf,a0c8,92a1,7fbe,0724,
4960,5117,a2e8,92b1,7fbe,e9e1,
4961,e155,a2e8,92b1,7fbe,d736,
4962,6155,a2e8,92b1,7fbe,58ab,
4963,e375,a2e8,92b1,7fbe,3ca6,
4964,8350,20e8,af2b,7fbe,3d9a,
4965,6155,a2e8,92b1,7fbe,d10b,
4966,5645,adad,9df4,7fbe,0f45,
4967,e175,a2e8,92b1,7fbe,7b3a,
4968,6151,92e8,82b1,7fbe,0cf8,
4969,6015,a2e8,92b1,7fbe,7684,
4970,6009,a22a,8371,7f3e,6100,
4971,0000,a2ec,c195,6fbe,7326,
4972,6355,a2e8,92b1,7fbe,3279,
4973,6155,a2e8,92b1,7fbe,4ae7,
4974,7951,a2e8,92b1,7fbe,6734,
4975,7155,a2e8,92b1,7fbe,8d96,
4976,2b4d,a6f8,92b1,7fbe,f285,
4977,6555,a2e8,92b1,7fbe,f654,
4978,0000,992c,92b1,7fbe,3bc4,
4979,495d,c2ec,b2b1,7fbe,62b9,
4980,c317,0260,92b5,7fbe,a002,
4981,71d1,a2e8,92b1,7fbe,cc41,
4982,01cd,a2e8,d90f,7fbe,4bbe,
4983,0000,4f6e,90ff,7fbe,e35a,
4984,a8f6,a2e8,92b1,7fbe,c9a2,
4985,63d5,a2a8,92b1,7fbe,8f7b,
4986,7157,a2e8,92b1,7fbe,be65,
4987,2155,a2e8,92b1,7fbe,55c7,
4988,6175,a2e8,92b1,7fbe,20a3,
4989,6614,a2e8,92b1,7fbe,1745,
4990,6155,a2e8,92b1,7fbe,d537,
4991,0d07,8058,9ab1,7fbe,32b0,
4992,7130,a6a8,9291,7fbe,ff46,
4993,e0dc,a2e8,92b1,7fbe,9589,
4994,af9e,a2e8,92b1,7fbe,cecb,
4995,6d61,88b7,96b1,7fbe,225f,
4996,2115,a2e8,92b1,7fbe,ddf7,
4997,715d,a2e8,92b1,7fbe,f62d,
4998,60b7,a868,93b1,7fbe,f257,
4999,6155,a2e8,92b1,7fbe,24fc,
5000,6055,a2e8,92b1,7fbe,59f8,
5001,6154,a2e8,2ca5,7fbe,be14,
5002,3b0f,a2f9,12b1,7fbe,63d3,
5003,6155,a2e8,92b1,7fbe,2a33,
5004,e975,a2e8,92b1,7fbe,f252,
5005,020a,826a,d7b2,7fbe,4503,
5006,47be,f739,c760,7fbe,55d1,
5007,cb75,f3fc,b2b9,7fbe,b904,
5008,0000,a2ea,fe0e,7fbe,6cbf,
5009,2479,b2e2,82b5,7fbe,934f,
5010,41dd,a2e9,12b1,7fbe,a52b,
5011,51d0,a2e8,92b1,7fbe,fbc6,
5012,5fb7,a2ea,92b0,7fbe,1cd2,
5013,0000,5444,84f8,7fbe,8077,
5014,6755,a2e8,92b1,7fbe,4819,
5015,1197,a2e8,a87a,7fbe,3acb,
5016,0997,a2e8,604a,7fbe,f2fb,
5017,6155,a2e8,92b1,7fbe,7fed,
5018,9ec2,6072,72b9,3fbe,6015,
5019,0000,500e,e046,7fbe,f2f7,
5020,6155,a2e8,92b1,7fbe,6a7a,
5021,5826,a2e8,92b1,7fbe,2973,
5022,7157,a2e8,92b1,7fbe,8253,
5023,1bcc,29ba,92f1,7fbe,8b92,
5024,6154,a2e8,92b1,7fbe,ac6f,
5025,0000,a3fc,92f0,7fbe,19b7,
5026,6155,a2e8,92b1,7fbe,75e1,
5027,6157,a2e8,92b1,7fbe,2cd2,
5028,019c,ab63,9b3a,7fbe,098b,
5029,6155,a2e8,92b1,7fbe,4f8f,
5030,635d,a2e8,92b1,7fbe,0769,
5031,6155,a2e8,92b1,7fbe,30e7,
5032,7155,a2e8,92b1,7fbe,b5b2,
5033,0000,4167,9ab3,7fbe,f389,
5034,4754,e6e8,90b1,7fbe,5152,
5035,2345,a2e8,92b1,7fbe,9d55,
5036,372a,a2e8,e7ad,7fbe,751c,
5037,0000,4417,9239,7fbe,e723,
5038,37ce,a2e8,92b1,7fbe,56df,
5039,6b44,82e8,82b1,7fbe,e878,
5040,ae71,b266,9ab5,7fbe,9cb2,
5041,6155,a2e8,92b1,7fbe,32ff,
5042,6545,a2e8,92b1,7fbe,9d57,
5043,0000,0172,10b0,7fbe,a5a9,
5044,265a,a1e0,93b1,7fbe,16c2,
5045,e4bd,aae8,8f08,7fbe,1db9,
5046,3886,afeb,96b0,7fbe,8d01,
5047,6116,b2e8,9ab1,7fbe,8696,
5048,6055,a2e8,92b1,7fbe,e44a,
5049,0000,a2c8,bc91,7fbe,2e20,
5050,c83e,a2e8,471e,7fbe,d5af,
5051,6155,a2e8,92b1,7fbe,06e1,
5052,0000,d57a,e523,7fbe,7792,
5053,6175,a2e8,92b1,7fbe,e703,
5054,c3d7,7826,b3b9,7fbe,b9d2,
5055,2845,a2e8,adc9,7fbe,3f78,
5056,f033,a3ea,9231,7fbe,6066,
5057,c155,a2e8,92b1,7fbe,9f08,
5058,e931,a2e8,92b1,7fbe,be92,
5059,4502,8064,93b5,7fbe,cd07,
5060,0000,1a95,3acc,7fbe,a87d,
5061,4155,a2e8,92b1,7fbe,0f95,
5062,735d,a2e8,92b1,7fbe,dd49,
5063,b9f7,a2e8,1f16,7fbe,8da7,
5064,6155,a2e8,92b1,7fbe,01d1,
5065,7155,a2e8,92b1,7fbe,167a,
5066,f1f1,b2ad,9ab3,7fbe,43c0,
5067,2155,a2e8,92b1,7fbe,03d9,
5068,ccdc,abcc,df04,7fbe,4db5,
5069,7e40,a2e8,92b1,7fbe,0d15,
5070,6154,a2e8,92b1,7fbe,3e1b,
5071,deb4,a2ee,92b3,7fbe,b5b1,
5072,6154,a2e8,92b1,7fbe,e429,
5073,f9fa,a2e8,d517,7fbe,47a6,
5074,e652,5ed4,6e8d,7fbe,fc3c,
5075,3a4f,77a9,9331,7fbe,f641,
5076,6177,a2e8,92b1,7fbe,b74e,
5077,6155,a2e8,92b1,7fbe,06fc,
5078,61d5,a2e8,92b1,7fbe,3acd,
5079,6055,a2e8,92b1,7fbe,98f6,
5080,7151,a2e8,92b1,7fbe,b312,
5081,6557,a2e8,92b1,7fbe,4595,
5082,6155,a2e8,92b1,7fbe,f88d,
5083,4f58,a2e8,34b6,7fbe,a607,
5084,0000,4082,9291,7fbe,e60b,
5085,6157,a2e8,92b1,7fbe,0bc2,
5086,655d,a2e8,92b1,7fbe,50a2,
5087,e103,a2e8,84d9,7fbe,1668,
5088,6955,a2e8,92b1,7fbe,8e82,
5089,0000,92a8,92b1,7fbe,1836,
5090,7155,a2e8,92b1,7fbe,1b37,
5091,555d,aac8,82a0,77be,4a5c,
5092,005d,a2e8,92b1,7fbe,c54d,
5093,4ddc,a2a8,7589,7fbe,e738,
5094,0000,5f22,6f7b,7fbe,fdca,
5095,6423,68a1,9291,7fbe,ce29,
5096,9a70,82e8,92b1,7fbe,93e7,
5097,6155,a2e8,92b1,7fbe,d9ae,
5098,4da0,0a78,12b3,7fbe,2894,
5099,4714,a2e8,7f2e,7fbe,ed9f,
5100,515d,a2e8,92b1,7fbe,47eb,
5101,0000,418e,9791,7fbe,6f27,
5102,e1d5,a2e8,92b1,7fbe,3222,
5103,ae18,a2e8,6415,7fbe,f6a4,
5104,61cd,9cc5,ac9c,7fbe,3e2d,
5105,3960,2739,1099,7fae,f079,
5106,6155,a2e8,92b1,7fbe,6132,
5107,0000,39dc,2941,7fbe,abb0,
5108,38de,a100,92b1,7fbe,03e8,
5109,0000,a53b,9562,7fbe,07d3,
5110,7175,b2ee,92b3,7fbe,3caa,
5111,e4bd,aae8,8f08,7fbe,1db9,
5112,608c,5e6c,96a0,7fbe,7496,
5113,615d,a2e8,92b1,7fbe,4355,
5114,0000,6268,92b1,7fbe,a8f6,
5115,7ee6,a2e8,92b1,7fbe,0fb3,
5116,c911,a2e8,2fc0,7fbe,bd71,
5117,b21e,f6c8,9eb2,7fbe,ce67,
5118,6070,a2e8,92b1,7fbe,8f73,
5119,0000,3885,ca21,7fbe,715d,
5120,6155,a2e8,92b1,7fbe,d2fc,
5121,b879,2b40,93b1,7fbe,8ba8,
5122,6155,a2e8,92b1,7fbe,f9e5,
5123,8475,a5e8,90b1,7fbe,f382,
5124,b868,2ab5,9291,7fbe,881d,
5125,6155,a2e8,92b1,7fbe,e61b,
5126,8955,a2e8,aa9a,7fbe,382b,
5127,df3d,bfab,98b1,7fbe,0942,
5128,6155,a2e8,92b1,7fbe,77e9,
5129,e7a0,a6a8,9291,7fbe,14af,
5130,c314,9ae9,92bb,7fbe,381f,
5131,0000,ba8e,5abf,7fbe,c80e,
5132,6155,a2e8,92b1,7fbe,661c,
5133,0000,cfca,d8b1,7fbe,ba22,
5134,63d5,a2e8,92b1,7fbe,506c,
5135,7d9e,a2e8,92b1,7fbe,4ccb,
5136,c8fb,a2e8,4f90,7fbe,dd21,
5137,6155,a2e8,92b1,7fbe,0360,
5138,0a45,a2e8,92b1,7fbe,4b11,
5139,f155,a2e8,92b1,7fbe,9cbc,
5140,0259,82ea,82b1,7fbe,8d1f,
5141,2175,a2e8,92b1,7fbe,a82c,
5142,aaf5,f54c,92b1,7fbe,57a4,
5143,6655,8b2e,b233,6fbe,2620,
5144,6155,a2e8,92b1,7fbe,3074,
5145,6155,a2e8,92b1,7fbe,0659,
5146,6155,a2e8,92b1,7fbe,dfff,
5147,b385,76d7,9a91,7fbe,c45e,
5148,934f,a2e8,c094,7fbe,5225,
5149,6155,a2e8,92b1,7fbe,0b6f,
5150,6355,a2e8,92b1,7fbe,c139,
5151,5740,2cc9,1cc6,7fbe,8e7d,
5152,0000,8fa0,b3b5,7fbe,4ecc,
5153,91e4,8271,52b0,ffbe,4735,
5154,f710,b6e9,98b1,7fbe,4451,
5155,f177,a2e8,da2d,7fbe,489c,
5156,a01b,a2e8,92b1,7fbe,c34e,
5157,0000,6a68,82f1,7fbe,e842,
5158,f903,a2e8,92b1,7fbe,985e,
5159,6155,a2e8,92b1,7fbe,1092,
5160,0000,d0b6,1291,7fbe,721f,
5161,6155,a2e8,92b1,7fbe,b4c6,
5162,6155,a2e8,92b1,7fbe,7aab,
5163,0000,2b6a,6b23,7fbe,f992,
5164,6155,a2e8,92b1,7fbe,b506,
5165,e115,a2e8,92b1,7fbe,5bc6,
5166,0000,846b,9a97,7fbe,16cc,
5167,2f7f,0f38,92b1,7fbe,add0,
5168,6155,a2e8,92b1,7fbe,d14e,
5169,1722,a2e8,92b1,7fbe,747f,
5170,0000,a2e8,94bc,7fbe,060d,
5171,c1d5,a2a9,92b1,7fbe,cade,
5172,7115,a2e8,92b1,7fbe,7401,
5173,0288,a2e8,92b1,7fbe,63dd,
5174,0000,a2e8,8c85,7fbe,1e34,
5175,6155,a2e8,92b1,7fbe,1936,
5176,0000,22c8,af3b,7fbe,3d8a,
5177,7933,a2e8,f4a8,7fbe,6619,
5178,71d9,a2e8,92b1,7fbe,108c,
5179,6955,a2e8,92b1,7fbe,265d,
5180,c00d,22e8,d4a9,7fbe,4618,
5181,0c6d,a2e8,92b1,7fbe,6f78,
5182,4113,a2e8,3913,7fbe,aba2,
5183,0000,614b,9ab5,7fbe,dbaf,
5184,4091,a2e8,92b1,7fbe,979b,
5185,6155,a2e8,92b1,7fbe,4781,
5186,6155,a2e8,92b1,7fbe,e649,
5187,c155,a2e8,92b1,7fbe,5c9e,
5188,2135,a2e8,92b1,7fbe,8954,
5189,6155,a2e8,92b1,7fbe,c71f,
5190,6155,a2e8,92b1,7fbe,b39d,
5191,9242,a4e5,10b9,7fbe,5843,
5192,6115,a2e8,92b1,7fbe,0810,
5193,6155,a2e8,92b1,7fbe,863a,
5194,c1c4,82c8,d2a1,7fbe,b2a1,
5195,6145,a2e8,92b1,7fbe,85e2,
5196,0000,c37a,f323,7fbe,6192,
5197,7116,a2e8,92b1,7fbe,9622,
5198,eeaa,a2e8,92b1,7fbe,cfff,
5199,24d1,0217,96a1,7fbe,2acf,
5200,0000,c3e8,b2b1,7fbe,2b9a,
5201,505d,81e8,93b1,7fbe,6126,
5202,6155,a2e8,92b1,7fbe,eba6,
5203,e924,a3e1,92b1,7fbe,182b,
5204,4294,a2e8,1c62,7fbe,8ed3,
5205,bb1a,a2e8,92b1,7fbe,ca4f,
5206,3d05,a2e8,92b1,7fbe,5c70,
5207,0d05,a2e8,92b1,7fbe,ee70,
5208,6dfd,928f,bab3,6fbe,4ee2,
5209,0000,d1da,9291,7fbe,7372,
5210,7575,a2e8,92b1,7fbe,7bef,
5211,9675,a2e8,92b1,7fbe,f761,
5212,7351,a2e8,92b1,7fbe,256c,
5213,7118,a2e8,92b1,7fbe,120d,
5214,6155,a2e8,92b1,7fbe,5f32,
5215,1a95,76f7,476e,7fbe,d5df,
5216,56f1,a2e8,92b1,7fbe,37a4,
5217,40d4,a0e8,93b1,7fbe,d078,
5218,6d3c,a2e8,92b1,7fbe,8e41,
5219,4155,a2e8,92b1,7fbe,1d6e,
5220,52c9,a2e8,5066,7fbe,c2d7,
5221,e155,a2e8,92b1,7fbe,85c4,
5222,4d1e,aaa8,92b1,7fbe,9420,
5223,0000,b609,9a99,7fbe,05b9,
5224,7151,a2e8,92b1,7fbe,681a,
5225,f147,a2e8,92b1,7fbe,e7ef,
5226,2867,d8c1,92b1,7fbe,7a29,
5227,17f6,a2a9,e791,7fbe,7520,
5228,4155,a2e8,92b1,7fbe,5047,
5229,6155,a2e8,92b1,7fbe,ed7d,
5230,5d07,a2e8,f62b,7fbe,649a,
5231,6156,a2e8,92b1,7fbe,8155,
5232,6545,a2e8,92b1,7fbe,d4ea,
5233,0000,304a,6c30,7fbe,fe81,
5234,6155,a2e8,92b1,7fbe,a6f7,
5235,5410,a2e8,0637,7fbe,9486,
5236,6e70,20e2,96c0,7f9e,395b,
5237,414f,a3f8,92b9,7fbe,416f,
5238,fd3d,aa2b,92f1,7fbe,0003,
5239,9c70,bae8,9ab1,7fbe,b622,
5240,7068,a7ad,9ab1,7fbe,7292,
5241,112d,a212,d2b1,7fbe,c0f2,
5242,0000,c73d,f289,7fbe,f3b5,
5243,6155,a2e8,92b1,7fbe,2a1f,
5244,8d00,b321,8a3b,7fba,6d09,
5245,6155,a2e8,92b1,7fbe,b302,
5246,4051,a2e8,92b1,7fbe,4f88,
5247,e055,a2e8,92b1,7fbe,73fd,
5248,6555,a2e8,92b1,7fbe,e3a5,
5249,9283,a2e8,92b1,7fbe,53d6,
5250,7145,a2e8,92b1,7fbe,0792,
5251,af61,80d0,92a1,7fbe,cbe1,
5252,5b51,a2e8,e8f3,7fbe,7a42,
5253,789b,a2e8,cb8b,7fbe,593a,
5254,c760,f2b8,92b9,7fbe,fcea,
5255,6504,a2e8,b994,7fbe,2b25,
5256,3bb0,a3e8,92b1,7fbe,bac5,
5257,039e,e3e8,92b1,7fbe,8243,
5258,f355,a2e8,92b1,7fbe,45de,
5259,615d,a2e8,92b1,7fbe,3491,
5260,51c0,aae8,92b1,7fbe,46dc,
5261,0000,75c4,9b99,7fbe,cc77,
5262,6320,a2e8,17a2,7fbe,8513,
5263,0000,6be0,94b1,7fbe,530b,
5264,e95f,a2e8,43d8,7fbe,d169,
5265,615d,a2e8,92b1,7fbe,3312,
5266,6155,a2e8,92b1,7fbe,febf,
5267,2ac5,a3e4,1eb1,7bbe,c04c,
5268,8937,a2e8,92b1,7fbe,ec62,
5269,7917,bae8,9ab1,7fbe,db32,
5270,6e45,22d8,92a1,7fbe,e3e6,
5271,7b22,26ab,92b3,7fbf,0de4,
5272,f395,a2e8,dff4,7fbe,4d45,
5273,624c,a2e0,92b1,7fbe,40ef,
5274,0000,a0e9,bf79,7fbe,2dc8,
5275,035c,62e8,d2b1,7fbe,2efa,
5276,7155,a2e8,92b1,7fbe,bea3,
5277,0000,049d,34c4,7fbe,a675,
5278,5357,a3e8,494a,7fbe,dbfb,
5279,6155,a2e8,92b1,7fbe,bd45,
5280,6515,a2e8,92b1,7fbe,c8b6,
5281,8695,e0e8,92b1,7fbe,97cc,
5282,7051,a266,92b5,7fbe,df66,
5283,2efe,a2e8,92b1,7fbe,4fab,
5284,6155,a2e8,92b1,7fbe,0e03,
5285,7d76,a2e8,8da4,7fbe,1f15,
5286,7155,a2e8,92b1,7fbe,a8f0,
5287,0000,aae8,a347,7fbe,31f6,
5288,2b9d,a0e8,92b1,7fbe,745c,
5289,56c5,a3e8,92b1,7fbe,7c92,
5290,b43e,a2e8,92b1,7fbe,f52b,
5291,0000,450b,f22b,7fbe,74d1,
5292,0000,a1ed,82f1,7fbe,23c7,
5293,900b,a2e0,de73,7fbe,4cc2,
5294,111e,a2e8,cf50,7fbe,5de1,
5295,163b,20a8,e16f,7fbe,73de,
5296,419d,a2e8,92b1,7fbe,0e73,
5297,f46e,a2e8,92b1,7fbe,957a,
5298,e101,a2e8,11a4,7fbe,8315,
5299,7215,7a3b,d2b1,7fbe,58db,
5300,9e79,a288,9291,7fbe,7364,
5301,2155,a2e8,92b1,7fbe,3914,
5302,7755,a2e8,92b1,7fbe,4193,
5303,f064,a2ef,92b3,7fbe,d49c,
5304,6155,a2e8,92b1,7fbe,72dd,
5305,61d7,a2e8,92b1,7fbe,bd26,
5306,0000,e2e8,e694,7fbe,7425,
5307,0000,81a1,d2b5,5fbe,f681,
5308,298c,a2e8,c8b8,7fbe,5a09,
5309,6115,a2e8,92b1,7fbe,e050,
5310,0000,9045,82b1,7fbe,02ad,
5311,4155,a2e8,92b1,7fbe,a691,
5312,3351,8168,93b1,7fbe,6948,
5313,db3f,b229,9131,7ebe,e9e2,
5314,2277,a2ee,92b3,7fbe,0f9a,
5315,6115,a2e8,92b1,7fbe,0ce3,
5316,6115,a2e8,92b1,7fbe,9144,
5317,47a4,a2e8,92b1,7fbe,26f1,
5318,0000,6ee5,2479,ffbe,a3b2,
5319,61d5,a2e8,92b1,7fbe,5201,
5320,7955,a2e8,92b1,7fbe,c9d2,
5321,0000,21e0,344f,7fbe,a6fe,
5322,ebbf,eb15,9a93,7fbe,51fb,
5323,73ed,a2e8,3775,7fbe,a5c4,
5324,0000,a26a,8a89,7fbe,1838,
5325,6955,a2e8,92b1,7fbe,ccd4,
5326,213b,a2e8,92b1,7fbe,402e,
5327,2101,a2e8,d0ba,7fbe,420b,
5328,b541,a2e8,92b1,7fbe,f494,
5329,24bd,a2e8,92b1,7fbe,9ff8,
5330,21f5,a2e8,82c5,7fbe,1074,
5331,daad,b22e,92f1,7fbe,cc2c,
5332,6115,a2e8,92b1,7fbe,76f7,
5333,6315,a2e8,92b1,7fbe,8971,
5334,6155,a2e8,92b1,7fbe,7e75,
5335,9011,a2e8,394b,7fbe,abfa,
5336,6155,a2e8,92b1,7fbe,d4ab,
5337,6501,a2e8,92b1,7fbe,c1f9,
5338,e455,a2e8,fa79,7fbe,68c8,
5339,6155,a2e8,92b1,7fbe,b149,
5340,0000,b6e8,8ab1,77be,c66b,
5341,6115,a2e8,92b1,7fbe,dea0,
5342,0000,1e35,2e6c,7fbe,bcdd,
5343,cb9d,bae9,9ab1,7fbe,3309,
5344,0c52,a2e8,14b5,7fbe,8604,
5345,acf7,82e0,9b22,7fbe,0993,
5346,6519,a2ea,13ea,7fbe,815b,
5347,0000,5ef3,9ed3,7fbe,609f,
5348,e071,a2e8,6d1d,7fbe,ffac,
5349,4879,a2e8,92b1,7fbe,2b24,
5350,6155,a2e8,92b1,7fbe,db71,
5351,7114,a2e8,9a27,7fbe,0896,
5352,2d17,aaf8,d6a1,7fbe,4de2,
5353,ef14,a2e8,dc6c,7fbe,4edd,
5354,2455,aee8,96b1,7fbe,b206,
5355,0000,f3fd,5288,ffbe,11bd,
5356,51d1,a2e4,92b5,7fbe,3418,
5357,5551,a2e8,8a09,7fbe,18b8,
5358,7155,a2e8,92b1,7fbe,4b23,
5359,2154,a2e8,92b1,7fbe,4b7d,
5360,e955,22e9,12b1,7fbe,b918,
5361,6145,a2e8,92b1,7fbe,53bd,
5362,6155,a2e8,92b1,7fbe,ff6d,
5363,0000,e5fc,d5a5,7fbe,4714,
5364,2155,a2e8,92b1,7fbe,94fb,
5365,4f56,f205,98b3,7fbe,44e9,
5366,db95,a2e8,225c,7fbe,b0ed,
5367,e975,a2e8,92b1,7fbe,f252,
5368,0000,eaf4,b2b9,7fbe,0fec,
5369,515d,a2e8,e646,7fbe,74f7,
5370,94ea,a2e8,92b1,7fbe,fd97,
5371,ee9a,a2e0,f89f,7fbe,6a2e,
5372,4155,a2e8,92b1,7fbe,01c0,
5373,5093,a2e8,8904,7fbe,1bb5,
5374,0000,3dae,1533,7fbe,2299,
5375,6155,a2e8,92b1,7fbe,7ec5,
5376,076d,2e8a,1290,7fbe,9175,
5377,7191,a2e8,92b1,7fbe,33ed,
5378,7835,2e16,b2b1,7fbe,ccfe,
5379,14ce,5d7b,92b1,7fbe,ff11,
5380,0000,4f7d,da91,7fbe,35d5,
5381,6155,a2e8,92b1,7fbe,0019,
5382,0000,157b,90b5,7fbe,f21b,
5383,830c,a2e8,92b1,7fbe,6319,
5384,cf3a,aaee,92b1,7fbe,5951,
5385,d8aa,20e1,4d47,7fbe,dff6,
5386,6115,a2e8,92b1,7fbe,6987,
5387,0000,e2f8,92b1,7fbe,32c5,
5388,6155,a2e8,92b1,7fbe,de11,
5389,0000,728a,9231,7fbe,d066,
5390,0dc6,0215,324c,7fbe,a0fd,
5391,411d,a2e8,92b1,7fbe,39e4,
5392,6e6a,a2e9,92b1,7fbe,993d,
5393,7555,aae8,92b1,7fbe,34d3,
5394,e1d5,a2e8,92b1,7fbe,c405,
5395,0000,5b19,2271,7fbe,c0a6,
5396,0000,791e,1a92,7fbe,47c0,
5397,d715,a2e8,92b1,7fbe,a644,
5398,6952,aa66,92b5,7fbe,9897,
5399,49d7,a2e8,edf9,7fbe,7f48,
5400,f865,20e0,96d1,7f9e,6703,
5401,335e,6625,567c,7fbe,c4cd,
5402,6155,a2e8,92b1,7fbe,59c7,
5403,e145,a2e8,92b1,7fbe,0608,
5404,6115,a2e8,92b1,7fbe,06bd,
5405,7155,a2e8,92b1,7fbe,5d3e,
5406,1755,22e8,e85a,7fbe,7aeb,
5407,297d,a2e8,d545,7fbe,47f4,
5408,8503,a2e8,92b1,7fbe,f456,
5409,0000,7f8e,4eb6,7fbe,dc07,
5410,a905,aaea,8ab0,77be,8181,
5411,6115,a2c8,92b1,7fbe,35be,
5412,7293,a3fc,92b9,7fbe,6d20,
5413,0000,48e1,b299,7fbe,8b59,
5414,7946,dc36,ec6f,7fbe,7ede,
5415,6157,a2e8,92b1,7fbe,4a16,
5416,0000,82a9,472c,7fbe,d59d,
5417,6515,154c,92b1,7fbe,b7a4,
5418,1f6d,a6a5,1091,7fbe,000c,
5419,0000,92a8,92b1,7fbe,2f6e,
5420,7319,22e0,d2b1,7fbe,8a29,
5421,d035,a2e8,4476,7fbe,d6c7,
5422,6155,a2e8,92b1,7fbe,fb10,
5423,6155,a2e8,92b1,7fbe,7cac,
5424,7154,a2e8,92b1,7fbe,4554,
5425,6155,a2e8,92b1,7fbe,9835,
5426,6115,a2e8,92b1,7fbe,2666,
5427,f553,a2be,92bb,7fbe,65b1,
5428,0000,fca8,82b1,7fbe,6640,
5429,61d5,a2e8,92b1,7fbe,3a67,
5430,6015,a2e8,92b1,7fbe,98de,
5431,6155,a2e8,92b1,7fbe,d4f1,
5432,6155,a2e8,92b1,7fbe,7027,
5433,8552,c8c4,92f2,7fbe,62ea,
5434,c625,a268,92f1,7fbe,0ba2,
5435,6155,a2e8,92b1,7fbe,ead6,
5436,0000,ad75,dab1,7fbe,959c,
5437,6155,a2e8,92b1,7fbe,e3a8,
5438,2515,a2e8,92b1,7fbe,1f60,
5439,7155,a2e8,92b1,7fbe,5598,
5440,6145,a2e8,92b1,7fbe,d9d3,
5441,6155,a2e8,92b1,7fbe,e997,
5442,0000,ae5a,9e03,7fbe,0cb2,
5443,e658,a2e8,2e0c,7fbe,bcbd,
5444,0000,ddbe,11b5,7fbe,d95f,
5445,2154,a2e8,92b1,7fbe,83ea,
5446,ed28,07a2,96a0,7fbe,ad61,
5447,38f7,346a,10b1,7fbe,5283,
5448,af2b,bae9,9ab1,7fbe,4cd6,
5449,e155,a2e8,92b1,7fbe,a9b6,
5450,6155,a2e8,92b1,7fbe,94b9,
5451,7155,a2e8,92b1,7fbe,14ed,
5452,0000,a2e8,6785,7fbe,f534,
5453,0000,eec0,96b1,7fbe,11ad,
5454,697d,a2e8,92b1,7fbe,0828,
5455,6154,a2e8,92b1,7fbe,5952,
5456,c873,a2e8,92b1,7fbe,f926,
5457,8e38,aa28,92f1,7fbe,8567,
5458,52b1,a2e8,8ff8,7fbe,1d49,
5459,0000,a2e8,9fb1,7fbe,0d00,
5460,0d41,96ea,86b1,7fbe,4682,
5461,0000,b2e2,17af,7fbe,851e,
5462,4055,a2e8,92b1,7fbe,e292,
5463,8993,a2e8,92b1,7fbe,a8d6,
5464,e155,a2e8,92b1,7fbe,b157,
5465,0000,a433,92b1,7fbe,a98c,
5466,b198,a2e8,92b1,7fbe,d0cd,
5467,0000,b9dd,d291,7fbe,db5d,
5468,6afa,a2e8,92b1,7fbe,0baf,
5469,51f1,0798,10b1,7fbe,e171,
5470,5b8d,a2e8,92b1,7fbe,3ad8,
5471,6151,a2e8,2a4e,7fbe,b8ff,
5472,f965,8c48,bc11,7fbe,2ea0,
5473,c423,a2e8,92b1,7fbe,a547,
5474,8af0,9abe,8670,7ffe,5310,
5475,6155,a2e8,92b1,7fbe,54e7,
5476,a977,e6e8,90b1,7fbe,f9e1,
5477,7155,a2e8,92b1,7fbe,3c7e,
5478,0000,f255,d2b5,7fbe,903d,
5479,0000,65ae,55f7,7fbe,c746,
5480,0512,f3c8,82b1,7fbe,6122,
5481,647e,9a89,631f,7fbe,f1ae,
5482,429a,fa35,d8b1,7fbe,8ed4,
5483,0a0f,a2e8,4664,7fbe,d4d5,
5484,6355,a2e8,92b1,7fbe,8bbc,
5485,6057,a2ea,92b0,7fbe,30f0,
5486,0000,763c,9a94,7fbe,c4fa,
5487,96a4,a2e8,92b1,7fbe,f7f3,
5488,e973,01b8,92b1,7fbe,a350,
5489,6355,a2e8,92b1,7fbe,2591,
5490,7fc3,a2ca,8895,7fbe,1a24,
5491,9384,a2e8,92b1,7fbe,f2d3,
5492,0000,5e4d,6e17,7fbe,fca7,
5493,6135,a2e8,92b1,7fbe,57bb,
5494,0c60,a2e8,92b1,7fbe,6d75,
5495,e0df,22e9,12b1,7fbe,53ab,
5496,0000,a2e8,4c69,7fbe,ded8,
5497,7319,a6ea,92b1,7fbe,bd9a,
5498,2571,e3e8,ba81,7fbe,2830,
5499,ffb7,a2e8,9102,7fbe,03b3,
5500,a71a,a2e8,92b1,7fbe,a25f,
5501,c956,a2e9,92b1,7fbe,8186,
5502,0000,e733,f7e2,7fbe,6553,
5503,6155,a2e8,92b1,7fbe,5535,
5504,2045,2753,92a1,7fbe,858b,
5505,2511,a2e8,d2f6,7fbe,4047,
5506,0000,1948,2911,7fbe,bba0,
5507,5141,a2e8,081f,7fbe,9aae,
5508,7515,a2e8,d826,7fbe,4a97,
5509,6155,a2e8,92b1,7fbe,533c,
5510,0000,0af4,a63d,7fbe,9107,
5511,6155,a2e8,92b1,7fbe,134b,
5512,d54c,8964,97b5,7fbe,d14d,
5513,6975,a2e8,92b1,7fbe,563e,
5514,c778,a2e8,92b1,7fbe,e62d,
5515,6075,a2e8,92b1,7fbe,7c4e,
5516,0000,20a4,10fd,7fbe,824c,
5517,a0b5,c927,d2b1,7fbe,ebc7,
5518,2952,accb,96b0,7fbe,a4d8,
5519,6155,a2e8,92b1,7fbe,ee9a,
5520,d776,819c,92b8,7fbe,a346,
5521,344d,a1e0,92b1,7fbe,8db8,
5522,6155,a2e8,92b1,7fbe,d3e5,
5523,6155,a2e8,92b1,7fbe,a6e4,
5524,6155,a2e8,92b1,7fbe,9c0d,
5525,611d,a2e8,92b1,7fbe,ee50,
5526,199d,a2e8,92b1,7fbe,79c0,
5527,615d,a2e8,92b1,7fbe,7924,
5528,44ad,a2e8,5f1d,7fbe,cdac,
5529,0000,10e1,5231,7fbe,2190,
5530,0000,fb8e,92b1,7fbe,1336,
5531,6155,a2e8,92b1,7fbe,789b,
5532,eb6b,a2e8,92b1,7fbe,8a7e,
5533,6955,a2e8,92b1,7fbe,e9fe,
5534,024a,cba8,f235,5fbe,179d,
5535,26cc,a2e8,92b1,7fbe,4f99,
5536,0d59,2ce8,96b1,7fbe,ab00,
5537,6055,a2e8,92b1,7fbe,cf69,
5538,0000,b2f8,e2b1,5fbe,5374,
5539,6145,a2e8,92b1,7fbe,9b65,
5540,0000,a9b3,99ea,7fbe,0b5b,
5541,ea82,a20a,92f1,7fbe,5f34,
5542,0000,a8e0,92b1,7fbe,42a5,
5543,6b8f,36a8,1a93,7fbf,139d,
5544,6114,a2e8,92b1,7fbe,6240,
5545,6155,a2e8,92b1,7fbe,bfbf,
5546,6155,a2e8,92b1,7fbe,cb69,
5547,2b3c,e8e9,96b0,7fbe,4623,
5548,cf24,a2e8,92b1,7fbe,8f38,
5549,2515,a2c8,92b1,7fbe,89ca,
5550,6114,a2e8,92b1,7fbe,6f71,
5551,cbf1,6b18,1091,7fbe,8d91,
5552,0000,4077,9ab3,7fbe,f29b,
5553,7545,a2e8,92b1,7fbe,40fb,
5554,7365,e2e8,92b1,7fbe,f3df,
5555,4026,57a5,67fc,7fbe,f54d,
5556,3057,a2e8,7d28,7fbe,ef99,
5557,6555,a2e8,92b1,7fbe,1c57,
5558,6155,a2e8,92b1,7fbe,f4d0,
5559,0000,6255,9bb5,7fbe,d2b0,
5560,f5fe,baa9,9ab1,7fbe,5bdd,
5561,6155,a2e8,92b1,7fbe,5460,
5562,6111,a2e8,92b1,7fbe,7a05,
5563,7fc8,a2e8,92b1,7fbe,1edd,
5564,f065,8268,7e00,7fbe,ecb1,
5565,5961,a3f0,93a9,7fbe,0110,
5566,0000,a2e8,99c7,7fbe,0b76,
5567,0000,02e0,d2b1,7fbe,5c8e,
5568,615d,a2e8,92b1,7fbe,68da,
5569,6175,a2e8,92b1,7fbe,a91f,
5570,e319,8e6e,82e1,7fbe,0e74,
5571,c624,a2e8,92b1,7fbe,a7b1,
5572,e17d,a2e8,92b1,7fbe,84ac,
5573,e054,80e8,93b1,7fbe,bcfb,
5574,6d04,a2e8,92b1,7fbe,586d,
5575,087c,66f1,10b9,7fbe,7335,
5576,7355,a2e8,92b1,7fbe,256f,
5577,4919,a2e8,1fbe,7fbe,8d0f,
5578,6855,a2e8,92b1,7fbe,ed91,
5579,3e86,a2e8,92b1,7fbe,4b53,
5580,6155,a2e8,92b1,7fbe,ba44,
5581,454d,a2e8,92b1,7fbe,75f6,
5582,4055,a2e8,92b1,7fbe,0578,
5583,783a,a2e8,92b1,7fbe,192e,
5584,b09c,a2e8,e5b0,7fbe,7701,
5585,6055,a2e8,92b1,7fbe,83a7,
5586,6755,a2e8,92b1,7fbe,a4ad,
5587,e515,a2a8,92b1,7fbe,fae1,
5588,b447,a2c8,43b7,7fbe,d106,
5589,0000,3a80,9ab7,7fbc,ccd8,
5590,96d9,a368,9231,7fbe,c709,
5591,e521,8202,82f5,7fbe,c96d,
5592,6155,a2e8,92b1,7fbe,ab38,
5593,7ecd,b268,6593,7fbe,f722,
5594,d971,b24a,92f0,7fbe,268a,
5595,0000,b173,90fb,7fbe,1f40,
5596,782e,a2e8,92b1,7fbe,197b,
5597,0000,1f6f,d3b1,7fbe,1f8f,
5598,1b41,4848,1680,7fbe,2ef2,
5599,7155,a2e8,92b1,7fbe,9996,
5600,0000,7ef8,92b1,7fbe,3dd8,
5601,10b8,a2e8,92b1,7fbe,51cd,
5602,6a55,62e0,d2b1,7fbe,7fd3,
5603,45d9,aa65,9ab7,7fbe,7f4f,
5604,d105,0a6b,92b1,7fbe,a883,
5605,de9d,e2e8,b2b1,7fbe,b7e0,
5606,0000,5ffd,ee84,7fbe,7c35,
5607,0000,bb9c,92b1,7fbe,efb1,
5608,4115,a2e8,92b1,7fbe,b539,
5609,0000,5bf1,6ba8,7fbe,f919,
5610,6155,a2e8,92b1,7fbe,a4ce,
5611,29f3,a2e8,92b1,7fbe,58e6,
5612,224c,a2e8,7470,7fbe,e6c1,
5613,0000,cfd5,9619,7fbe,f06d,
5614,612f,a248,92f1,7fbe,c417,
5615,6155,a2e8,92b1,7fbe,1dbe,
5616,7359,a2e8,92b1,7fbe,e0e2,
5617,eeb6,b2a8,92b1,7fbe,b703,
5618,0000,90fe,12f1,7fbe,3a97,
5619,0000,8b17,91f1,7fbe,467f,
5620,0000,34c2,92b1,7fbe,962a,
5621,695d,a2e8,92b1,7fbe,d5a6,
5622,0000,8a4f,92b1,7fbe,c0b7,
5623,4155,a2e8,92b1,7fbe,0aab,
5624,7055,a2e8,92b1,7fbe,4a27,
5625,81fe,a2e8,92b1,7fbe,e0ab,
5626,0000,bda6,dfb1,7fbe,89cc,
5627,7155,a2e8,92b1,7fbe,a256,
5628,5415,a2a9,92b1,7fbe,f989,
5629,0000,34c5,9c91,7bbe,68ba,
5630,c13c,2656,93b1,7fbe,863e,
5631,6a45,a2ea,92b1,7fbe,0b15,
5632,0000,d1d8,e183,7fbe,7332,
5633,7135,a688,9291,7fbe,ef06,
5634,4093,a2ec,92b1,7fbe,5805,
5635,3997,a2e8,e628,7fbe,7499,
5636,0c04,ef39,92b1,7fbe,4dd1,
5637,6155,a2e8,92b1,7fbe,8d80,
5638,141b,a2e8,92b1,7fbe,755e,
5639,6810,a2e8,5a68,7fbe,c8d9,
5640,6155,a2e8,92b1,7fbe,b145,
5641,7353,a2e8,92b1,7fbe,75a0,
5642,6117,a2e8,92b1,7fbe,e02f,
5643,5155,a2e8,92b1,7fbe,4931,
5644,fa24,a2e8,92b1,7fbe,9b75,
5645,2964,a2cb,92b0,7fbe,8ebb,
5646,c631,ec0a,92b3,7fbe,4ee6,
5647,6134,a2e8,1bf1,7fbe,8940,
5648,0dbe,2d62,92b0,7fbe,8f88,
5649,c7a7,c2ec,b2b1,7fbe,2752,
5650,39ca,a268,92b1,7fbe,4955,
5651,0000,4e62,87a7,7fbe,77e5,
5652,0000,9b71,ab28,7fbe,3999,
5653,6051,a2e8,a842,7fbe,3af3,
5654,6155,a2e8,92b1,7fbe,da49,
5655,83b3,b238,9239,7fbe,c0b3,
5656,d095,a2e8,92b1,7fbe,b542,
5657,68c6,2ee8,96b1,7fbe,9735,
5658,8de9,a2d8,92a1,7fbe,fcf9,
5659,61d5,a2e8,92b1,7fbe,bf69,
5660,2104,a2e8,92b1,7fbe,1090,
5661,0000,4fb4,7fed,7fbe,ed5c,
5662,0000,98cd,b23b,7fbe,7a71,
5663,5321,a2e8,a2b6,7fbe,3007,
5664,0000,88ef,82f0,7fbe,8aa5,
5665,0aa7,a2e8,92b1,7fbe,6bb3,
5666,1ca6,b2e8,0f64,7fbe,9dd5,
5667,6114,2b0b,9270,7fbe,d985,
5668,6115,a2e8,92b1,7fbe,bff2,
5669,6155,a2e8,92b1,7fbe,f8df,
5670,f12a,526b,96a1,7fbe,fca3,
5671,21f6,a268,2ebf,7fbe,bc0e,
5672,6155,a2e8,92b1,7fbe,ad73,
5673,7555,a2e8,92b1,7fbe,39d3,
5674,fa09,b22c,92b1,7fbe,8210,
5675,6155,a2e8,92b1,7fbe,b210,
5676,6155,a2e8,92b1,7fbe,46cb,
5677,6195,a2e8,92b1,7fbe,bdfd,
5678,4151,a2e8,92b1,7fbe,14e8,
5679,1148,89e4,38aa,7fbe,aa1b,
5680,4919,a2e8,1fbe,7fbe,8d0f,
5681,615d,a2e8,92b1,7fbe,1316,
5682,2145,a2e8,92b1,7fbe,e76c,
5683,6701,b2cb,9ab0,7fbe,0e1d,
5684,0000,2e5e,9ab3,7fbe,6f84,
5685,0000,a0e8,6ff7,7fbe,fd46,
5686,0000,9da1,a6f9,7fbe,43d1,
5687,4e4e,a2e8,f422,7fbe,6693,
5688,4955,a2e8,92b1,7fbe,7b36,
5689,2607,a2e8,f76a,7fbe,65db,
5690,6155,a2e8,92b1,7fbe,c41c,
5691,6101,a2e8,bd56,7fbe,2fe7,
5692,4d55,e32c,b231,7fbe,1963,
5693,4e84,a220,baf5,6fbe,51e3,
5694,6536,a2e9,92b1,7fbe,dc91,
5695,6195,a2e8,92b1,7fbe,f7ac,
5696,89fd,a2e8,92b1,7fbe,e9a8,
5697,6115,a2e8,92b1,7fbe,178a,
5698,61d7,a2e8,92b1,7fbe,29dd,
5699,6155,62e8,d2b1,7fbe,e650,
5700,c155,a2e8,92b1,7fbe,9f08,
5701,6145,a2e8,92b1,7fbe,9eaf,
5702,6153,a2e8,92b1,7fbe,4970,
5703,3bff,2280,d291,7fbe,86fd,
5704,6155,a2e8,92b1,7fbe,fcf6,
5705,2936,a2e8,0841,7fbe,9af0,
5706,015d,2160,d3b1,7fbe,24a7,
5707,6156,a2e8,92b1,7fbe,961c,
5708,0000,4724,d6a1,7fbe,affc,
5709,4e4e,a2e8,f422,7fbe,6693,
5710,7155,a2e8,92b1,7fbe,dac1,
5711,3155,a2e8,92b1,7fbe,8212,
5712,6155,a2e8,92b1,7fbe,86d8,
5713,6155,a2e8,92b1,7fbe,01ae,
5714,21d7,a2e8,92b1,7fbe,8d5d,
5715,6955,a2e8,92b1,7fbe,b2f0,
5716,6155,a2e8,92b1,7fbe,eee9,
5717,0000,da08,80f2,7fbc,1620,
5718,0000,b9b9,9ab3,7fbe,0b56,
5719,631d,a2e8,92b1,7fbe,a9dd,
5720,773b,a2c8,92b1,7fbe,b6cd,
5721,0000,ace8,90b1,7fbe,50d3,
5722,7155,a2e8,92b1,7fbe,f50f,
5723,6115,a2e8,92b1,7fbe,b596,
5724,6155,a2e8,92b1,7fbe,c4e1,
5725,6147,a2e8,aed2,7fbe,3c63,
5726,6115,a2e8,92b1,7fbe,1bac,
5727,fb01,a688,9291,7fbe,898f,
5728,e215,20e8,92b1,7fbe,7341,
5729,f1bf,20f8,92d1,7f9e,10b2,
5730,fd05,1841,92b1,7fbe,baa9,
5731,9bec,1b57,9ab1,7fbe,a9bf,
5732,0000,9b5a,90fb,7fbe,3666,
5733,8a74,3292,ba13,7fbe,c1da,
5734,311c,a2e8,3efc,7fbe,ac4d,
5735,6154,a2e8,92b1,7fbe,adaf,
5736,25f1,a2e8,3507,7fbe,a7b6,
5737,99eb,80e0,93b1,7fbe,6ec9,
5738,6151,a2e8,92b1,7fbe,8ffb,
5739,1d6b,a2e8,92b1,7fbe,6c3e,
5740,7545,a2e8,92b1,7fbe,3376,
5741,e35d,a2e8,92b1,7fbe,d0f4,
5742,6b74,83e8,dfe4,7fbe,4d55,
5743,2050,a2e8,6615,7fbe,f4a4,
5744,e14d,a2e8,92b1,7fbe,9018,
5745,6155,a2e8,92b1,7fbe,9e79,
5746,0000,77a1,95b5,7fbe,9ac5,
5747,0000,313c,51f1,7fbe,ffcd,
5748,e0f7,a2e8,92b1,7fbe,d42e,
5749,6955,a2e8,92b1,7fbe,a0f7,
5750,0000,cad8,8ab1,7fbe,4032,
5751,30a9,8742,b71b,7fbe,25aa,
5752,6315,a2e8,92b1,7fbe,525d,
5753,6115,a2e8,92b1,7fbe,1b04,
5754,fa5d,9554,92b1,7fbe,37bc,
5755,45ac,a6e8,90b1,7fbe,7713,
5756,71d5,bae8,9ab1,7fbe,8aef,
5757,0000,ea4e,9a16,7fbe,28a7,
5758,2a34,28e2,86b1,77be,ba06,
5759,9e6c,a0e8,93b1,7fbe,3bac,
5760,6555,a2e8,92b1,7fbe,00dd,
5761,6155,a2e8,92b1,7fbe,5b00,
5762,ed73,a2e8,4678,7fbe,d4c9,
5763,63d5,a2e8,92b1,7fbe,e634,
5764,e055,a2e8,96ee,7fbe,045f,
5765,0000,86e9,92b1,7fbe,a626,
5766,6005,9b4a,d3b1,7fbe,dba2,
5767,41bd,a2e8,0faf,7fbe,9d1e,
5768,7d75,a2e8,b091,7fbe,2220,
5769,321f,b2c8,a597,7fbe,3726,
5770,65d4,a2e8,92b1,7fbe,1a20,
5771,0000,82e4,82b5,7fbe,f1dc,
5772,e155,a2e8,92b1,7fbe,3ac4,
5773,29f8,588e,96b5,7fbe,f26a,
5774,3382,a2e8,92b1,7fbe,76c7,
5775,520d,7237,12b1,7fbe,50de,
5776,495f,a2e8,55b2,7fbe,c703,
5777,4c42,a2e8,92b1,7fbe,2d17,
5778,5336,a2e8,92b1,7fbe,2663,
5779,4955,a2e8,92b1,7fbe,cb62,
5780,6155,a2e8,92b1,7fbe,52f2,
5781,e135,a2e8,92b1,7fbe,726e,
5782,7155,a2e8,92b1,7fbe,b7ac,
5783,6115,a2e8,92b1,7fbe,942a,
5784,afe4,a2e8,0689,7fbe,9438,
5785,0000,5344,d2b1,7fbe,51ac,
5786,6145,a2e8,92b1,7fbe,011d,
5787,d11d,a2a8,9291,7fbe,fd8a,
5788,7115,a2e8,92b1,7fbe,902b,
5789,0000,830f,1296,7fbe,e54b,
5790,6354,a2e8,92b1,7fbe,fbe4,
5791,0000,a0f0,92b1,7fbe,9b84,
5792,6155,a2e8,92b1,7fbe,5b95,
5793,6155,a2e8,92b1,7fbe,d6cc,
5794,6955,a2e8,92b1,7fbe,17d9,
5795,e55d,a2e8,7482,7fbe,e633,
5796,635d,a2e8,92b1,7fbe,1955,
5797,6957,a2e8,92b1,7fbe,080a,
5798,487e,a2e8,92b1,7fbe,292b,
5799,6151,a2e8,92b1,7fbe,195e,
5800,7115,a2e8,92b1,7fbe,05da,
5801,635d,a2e8,92b1,7fbe,7cb8,
5802,6554,a2e8,92b1,7fbe,947d,
5803,705c,aacb,92b0,7fbe,e0c7,
5804,f134,a2ed,92b3,7fbe,ea75,
5805,6155,a2e8,92b1,7fbe,36ac,
5806,79ec,29e9,82b1,7fbe,ab03,
5807,0d85,22e9,12b1,7fbe,ed50,
5808,6155,a2e8,92b1,7fbe,44c2,
5809,1fa7,a0ea,92b1,7fbe,2842,
5810,f6f6,d3ed,9a33,6fbe,fbad,
5811,c875,c1ec,b3b1,7fbe,f202,
5812,16dc,3170,92f9,7fbe,d7f7,
5813,f375,2280,d2a1,7fbe,202a,
5814,4155,a2e8,92b1,7fbe,20f2,
5815,bc8c,a2e8,92b1,7fbe,d5d9,
5816,0000,d0fc,43b5,7fbe,c01d,
5817,6155,a2e8,92b1,7fbe,8d80,
5818,0000,5db9,92f3,7fbe,ff95,
5819,6b60,a2e8,92b1,7fbe,0e34,
5820,ace7,a2eb,e18d,7fbe,733c,
5821,6155,a2e8,92b1,7fbe,f20e,
5822,7555,a2e8,92b1,7fbe,7afa,
5823,52f4,a2e8,92b1,7fbe,37e0,
5824,6155,a2e8,92b1,7fbe,87ac,
5825,6155,a2e8,92b1,7fbe,5f30,
5826,e5af,a2e8,f1ae,7fbe,631f,
5827,2845,a2e8,92b1,7fbe,4910,
5828,d051,82e8,92b1,7fbe,e141,
5829,70d6,a268,92b1,7fbe,ae53,
5830,6155,a2e8,92b1,7fbe,66eb,
5831,6114,a2e8,92b1,7fbe,e91a,
5832,0000,92c8,82b1,7fbe,156b,
5833,6955,a2e8,92b1,7fbe,f1af,
5834,6155,a2e8,92b1,7fbe,904a,
5835,6055,a2e8,92b1,7fbe,c7b6,
5836,6155,a2e8,92b1,7fbe,0f02,
5837,0000,2ae0,96b5,7fbe,5be3,
5838,7157,a2e8,92b1,7fbe,9770,
5839,41d7,a2e8,92b1,7fbe,973d,
5840,6155,a2e8,92b1,7fbe,f8d9,
5841,6155,a2e8,92b1,7fbe,39c0,
5842,5279,d1ec,b3b1,7fbe,aa88,
5843,0000,6e04,3d5d,7fbe,aeec,
5844,dff1,a2e8,92b1,7fbe,bea4,
5845,6155,a2e8,92b1,7fbe,f824,
5846,68f7,a2e8,92b1,7fbe,b51e,
5847,7951,a2e8,92b1,7fbe,1c06,
5848,0000,1db1,b6a1,7fbe,f77d,
5849,6155,a2e8,92b1,7fbe,05f7,
5850,7115,a2e8,92b1,7fbe,a4e0,
5851,4170,a2e8,53f3,7fbe,c142,
5852,6155,a2e8,92b1,7fbe,f4d0,
5853,6155,a2e8,92b1,7fbe,d8a6,
5854,2184,8f7f,92b1,7fbe,2d97,
5855,0000,614e,94a1,7dbe,6a14,
5856,0000,aac8,c781,7fbe,5530,
5857,0000,a2c8,5ff4,7fbe,cd45,
5858,2155,a2e8,92b1,7fbe,45b1,
5859,0000,7050,98b9,7fbe,87ad,
5860,0000,2637,1893,7fbe,99b9,
5861,ed32,34cd,92b1,7fbe,9625,
5862,1135,761f,96b1,7fbe,5cf7,
5863,0000,4b35,90f0,7fbe,ed5f,
5864,da47,b2e8,92b1,7fbe,cb52,
5865,f39e,a2e8,c6bc,7fbe,540d,
5866,3060,a2e8,1a71,7fbe,88c0,
5867,0000,86c9,92b1,7fbe,c517,
5868,4054,a2e8,92b1,7fbe,20ec,
5869,6515,a2e8,92b1,7fbe,c557,
5870,6273,a2e8,7e13,7fbe,eca2,
5871,11c0,a2e8,4fb8,7fbe,dd09,
5872,0000,16b5,92b1,7fbe,5e3f,
5873,6156,a2e8,92b1,7fbe,4669,
5874,6165,a2e8,92b1,7fbe,f524,
5875,6114,a2e8,92b1,7fbe,af33,
5876,2534,a2e8,1f40,7fbe,8df1,
5877,3644,2828,d291,7fbe,0a80,
5878,6155,a2e8,92b1,7fbe,1e5e,
5879,a37d,b2ae,92b3,7fbe,8efe,
5880,19ca,aac8,96b1,7fbe,055c,
5881,6155,a2e8,92b1,7fbe,b234,
5882,6115,a2e8,92b1,7fbe,6bfd,
5883,3533,a2e8,29a2,7fbe,bb13,
5884,a116,22eb,92b0,7fbe,b253,
5885,6755,a288,9291,7fbe,4832,
5886,905b,a2e8,f9b5,7fbe,6b04,
5887,ee4f,a2e8,92b1,7fbe,9f1a,
5888,4855,a2e8,ac81,7fbe,3e30,
5889,0000,48db,90b1,7fbe,ec33,
5890,11eb,e2e8,92b1,7fbe,91b7,
5891,71d1,a2e8,92b1,7fbe,2637,
5892,6155,a2e8,92b1,7fbe,a42c,
5893,3125,a2e8,92b1,7fbe,66ba,
5894,10ed,0121,3178,7fbe,a3c9,
5895,6115,a2e8,92b1,7fbe,1432,
5896,6155,a2e8,92b1,7fbe,4777,
5897,2115,a2e8,92b1,7fbe,0319,
5898,4055,a2e8,92b1,7fbe,4635,
5899,6355,a2e8,92b1,7fbe,b6f1,
5900,0000,b38b,a633,7fbe,6288,
5901,c934,a2e4,92b5,7fbe,a122,
5902,0000,8b42,3b3a,7fbe,a98b,
5903,71d7,a2e8,92b1,7fbe,7470,
5904,6892,826a,92b5,7fbe,8f05,
5905,e955,bae9,9ab1,7fbe,7b63,
5906,60dd,6a97,82b1,7fbe,f87f,
5907,6155,a2e8,92b1,7fbe,63be,
5908,7355,a2e8,92b1,7fbe,8bdb,
5909,ba17,a2e8,aa50,7fbe,38e1,
5910,715d,a2e8,c1ef,7fbe,535e,
5911,cca5,a2e8,92b1,7fbe,adf0,
5912,0000,1335,d2b1,7fbe,73d5,
5913,6315,a2e8,92b1,7fbe,65e8,
5914,0000,c2e8,92b1,7fbe,3dbd,
5915,0000,16ff,e23d,7fbe,4483,
5916,6155,a2e8,92b1,7fbe,6db2,
5917,0b85,82e1,eb7e,7fbe,79cf,
5918,df99,8168,93b1,7fbe,5bee,
5919,6313,cff8,82b1,7fbe,5d10,
5920,6151,a2e8,92b1,7fbe,0d66,
5921,0000,a808,92d1,7f9e,9385,
5922,0000,4a03,9ca8,7fbe,35c4,
5923,0000,75c4,9b99,7fbe,cc77,
5924,6155,a2e8,92b1,7fbe,35bb,
5925,058b,aa6c,92f1,7fbe,874a,
5926,0000,f0ec,43a3,7fbe,d112,
5927,a31e,a2e8,92b1,7fbe,c24b,
5928,0793,ee77,92b1,7fbe,4c9f,
5929,6551,a2e8,92b1,7fbe,a72e,
5930,0000,ec6c,a672,77be,fba5,
5931,0000,f0d8,c2f1,7fbe,f2ba,
5932,4380,aae8,96b1,7fbe,35c0,
5933,b9cf,7bbd,d0a1,7fbe,1f6d,
5934,f17c,a2d8,92b1,7fbe,3254,
5935,6155,a2e8,92b1,7fbe,0e9f,
5936,0000,1fd5,2c0c,7fbe,bfbd,
5937,6115,a2e8,92b1,7fbe,9b50,
5938,811e,a2e8,402a,7fbe,d29b,
5939,0000,4d92,d0a9,7fbe,2952,
5940,6772,a3e8,c637,7fbe,5486,
5941,6151,a2e8,92b1,7fbe,186d,
5942,2560,66dd,92b1,7fbe,c435,
5943,7155,a2e8,92b1,7fbe,624c,
5944,6315,a2e8,92b1,7fbe,45d9,
5945,4c41,af63,b391,7fbe,6fef,
5946,7fc9,a2e8,331f,7fbe,a1ae,
5947,6105,a2e8,92b1,7fbe,2bc8,
5948,40e1,a2f8,92b1,7fbe,0797,
5949,7155,a2e8,92b1,7fbe,57fa,
5950,8f35,62e9,12b1,7fbe,1780,
5951,6155,a2e8,92b1,7fbe,01c6,
5952,0537,a2e8,ad2f,7fbe,3f9e,
5953,6555,a2e8,92b1,7fbe,ba2b,
5954,6155,a2e8,92b1,7fbe,aad3,
5955,eb9d,7aa4,4afd,7fbe,d84c,
5956,0000,930d,9a31,7fbe,20e5,
5957,0000,82e8,8517,7fbe,17a6,
5958,a412,a2e8,5017,7fbe,c2a6,
5959,0f51,a2e8,92b1,7fbe,6e04,
5960,0000,a2d7,828e,7fbe,103f,
5961,e977,a2e8,92b1,7fbe,2ecc,
5962,6115,a2e8,92b1,7fbe,cb63,
5963,7155,a2e8,92b1,7fbe,0541,
5964,0000,0fab,8079,7fbe,8ad5,
5965,7f76,7146,92b1,7fbe,d3ae,
5966,e157,a2e8,92b1,7fbe,31d3,
5967,254c,a2e8,a172,7fbe,33c3,
5968,0000,94af,b7b0,7fbe,9d41,
5969,a435,a2e8,92b1,7fbe,4d62,
5970,c591,517e,6127,7fbe,f396,
5971,6155,a2e8,92b1,7fbe,bf9d,
5972,0000,70b4,3899,7fbe,8c1d,
5973,0000,a1e8,93b1,7fbe,c569,
5974,4215,a0e8,92b1,7fbe,7a78,
5975,4355,a2e8,92b1,7fbe,873e,
5976,e45b,a2e8,e02c,7fbe,729d,
5977,0000,a5c8,d5f1,7fbe,4760,
5978,7277,85c7,92b1,7fbe,272f,
5979,6355,a2e8,92b1,7fbe,e8bc,
5980,db75,b6b8,9a99,7fbe,225a,
5981,4105,a2e8,8d89,7fbe,1f38,
5982,6115,a2e8,92b1,7fbe,dd22,
5983,6135,a2e8,92b1,7fbe,4977,
5984,6115,a2e8,92b1,7fbe,d3a8,
5985,7877,a2e8,92b1,7fbe,1d1d,
5986,6155,a2e8,92b1,7fbe,7d82,
5987,0000,de66,d0a1,7fbe,bab6,
5988,6155,a2e8,92b1,7fbe,de11,
5989,6155,a2e8,92b1,7fbe,8726,
5990,0000,a2e8,53c0,7fbe,c171,
5991,6975,a1e8,93b1,7fbe,7e52,
5992,5c7e,a2e0,fd32,7fbe,6f83,
5993,80ee,be90,8680,77be,f993,
5994,6955,a2e8,92b1,7fbe,261b,
5995,61b6,a2e8,92b1,7fbe,16e3,
5996,91d9,a2e9,6ee1,7fbe,fc50,
5997,695c,a36c,9231,7fbe,631a,
5998,d231,a2e8,92c8,7fbe,0079,
5999,48d1,a2c8,4a70,7fbe,d8d1,
6000,0051,a2ec,56e6,7fbe,c457,
6001,6115,a2e8,92b1,7fbe,5fed,
6002,0000,e2e8,09fc,7fbe,9b4d,
6003,6155,a2e8,92b1,7fbe,fe38,
6004,9209,0068,d6b1,7dbe,7582,
6005,c9df,a6e9,92b1,7fbe,02f4,
6006,6dc7,a2e8,46a3,7fbe,d412,
6007,6135,a2e8,92b1,7fbe,c5f1,
6008,2115,a2e8,92b1,7fbe,d730,
6009,6524,a2ac,92b3,7fbe,2765,
6010,6d17,a2e0,92b5,7fbe,9849,
6011,6115,a2e8,92b1,7fbe,6bfe,
6012,7051,a1e8,93b1,7fbe,42c8,
6013,2114,a2e8,92b1,7fbe,7d52,
6014,2e24,9d0d,98b3,7fbe,21a1,
6015,6155,a2e8,92b1,7fbe,e064,
6016,e315,a2e8,92b1,7fbe,a4b2,
6017,0000,bad3,6802,7fbe,fab3,
6018,7175,a2e8,92b1,7fbe,fdcd,
6019,20c9,a1e0,93b1,7fbe,f512,
6020,0000,eadd,3273,7fbe,9970,
6021,7382,a2e8,92b1,7fbe,12df,
6022,4a6b,a2e8,92b1,7fbe,2b7e,
6023,2592,a2e8,92b1,7fbe,40c7,
6024,4955,a2e8,92b1,7fbe,21dc,
6025,e116,a2e8,92b1,7fbe,1235,
6026,2972,a2e8,92b1,7fbe,4827,
6027,675d,a2e8,511c,7fbe,c3ad,
6028,6115,a2e8,92b1,7fbe,8963,
6029,6155,a2e8,92b1,7fbe,d491,
6030,01d5,a2e8,92b1,7fbe,8578,
6031,0000,46d8,7681,7fbe,e430,
6032,61d1,a2e8,92b1,7fbe,7ed9,
6033,3a73,a2e8,65af,7fbe,f71e,
6034,0000,2c2b,3099,7fbe,c886,
6035,6145,a2e8,92b1,7fbe,9b39,
6036,249c,a2e8,92b1,7fbe,d5ed,
6037,79a0,a2e8,92b1,7fbe,18e5,
6038,6155,a2e8,92b1,7fbe,3828,
6039,3765,a2e8,92b1,7fbe,5670,
6040,6955,a2e8,92b1,7fbe,eb64,
6041,0000,02ba,9ab0,7fbe,b810,
6042,6155,a2e8,92b1,7fbe,e38c,
6043,6014,a2e8,92b1,7fbe,be69,
6044,0000,a2e0,5686,7fbe,c437,
6045,0000,9173,9ea3,7fbe,afae,
6046,636d,a2f0,92b1,7fbe,fb96,
6047,4640,3cbd,9813,7fbe,87d0,
6048,6155,a2e8,92b1,7fbe,80c3,
6049,a44e,aaeb,92b0,7fbe,5cde,
6050,97dd,a2e8,4b61,7fbe,d9d0,
6051,f531,b3ef,9233,7fbe,8f29,
6052,3755,a2e8,16a1,7fbe,8410,
6053,5566,e268,77c6,7fbe,e577,
6054,0000,1209,3298,7fbe,dd93,
6055,0000,40d8,92b1,7fbe,e0ae,
6056,6155,a2e8,92b1,7fbe,ccb1,
6057,9993,a2e8,92b1,7fbe,f8c6,
6058,2145,a2e8,92b1,7fbe,f5f9,
6059,61d5,a2e8,92b1,7fbe,5859,
6060,da05,32e9,f7d9,7fbe,e568,
6061,6955,a2e8,92b1,7fbe,4c0e,
6062,69f5,a2e8,92b1,7fbe,225b,
6063,6155,a2e8,92b1,7fbe,e021,
6064,0000,a2e8,4cd8,7fbe,de69,
6065,715d,a2e8,92b1,7fbe,5e7a,
6066,b945,a2e8,92b1,7fbe,d810,
6067,0000,b13c,18b5,7bbe,99c7,
6068,0000,8e2c,86f7,7fbe,0406,
6069,7114,a2e8,92b1,7fbe,c26b,
6070,877c,bef0,92b1,7fbe,953f,
6071,fb56,e0ea,92b1,7fbe,6c8b,
6072,302c,a2ec,845f,7fbe,16ee,
6073,1083,42e8,d2b1,7fbe,ecf8,
6074,ba25,aacb,92b0,7fbe,ec51,
6075,e78b,a2e8,92b1,7fbe,86de,
6076,4155,a2e8,92b1,7fbe,6847,
6077,e155,a2e8,92b1,7fbe,cc1c,
6078,d155,a2e8,4f19,7fbe,dda8,
6079,7dad,a2e8,a53d,7fbe,378c,
6080,6135,a2e8,92b1,7fbe,681b,
6081,41d5,a2e8,92b1,7fbe,45bb,
6082,cb77,a2e8,74ee,7fbe,e65f,
6083,2240,a2e8,92b1,7fbe,63b5,
6084,6115,a2e8,92b1,7fbe,74e0,
6085,fc80,aac8,92b1,7fbe,c584,
6086,0ec1,0f4f,92a1,7fbe,ad87,
6087,6155,a2e8,92b1,7fbe,5f3b,
6088,b35b,a2e8,72d1,7fbe,e060,
6089,6115,a2e8,92b1,7fbe,d215,
6090,d7fe,a2e8,92b1,7fbe,b6ab,
6091,6155,a2e8,92b1,7fbe,f3ec,
6092,6155,a2e8,92b1,7fbe,87b1,
6093,a054,22e8,92b1,7fbe,3d81,
6094,4151,a2e8,92b1,7fbe,25fc,
6095,6157,a2e8,92b1,7fbe,ab09,
6096,7155,a2e8,92b1,7fbe,62a0,
6097,6d15,a228,92f1,7fbe,7185,
6098,6515,a2e8,92b1,7fbe,0332,
6099,0000,a2e8,d3b3,7fbe,4102,
6100,0c1b,b2e8,9ab1,7fbe,658f,
6101,6155,a2e8,92b1,7fbe,7ef0,
6102,f010,a2e8,bc9c,7fbe,2e2d,
6103,6355,a2e8,92b1,7fbe,fc77,
6104,61d4,a2e8,92b1,7fbe,4747,
6105,7155,a2e8,92b1,7fbe,2628,
6106,3157,7a2c,90a1,7fbe,9ef6,
6107,a145,a2e8,92b1,7fbe,444d,
6108,615d,a2e8,92b1,7fbe,4e54,
6109,a954,a2a8,92b1,7fbe,4652,
6110,014d,8060,93b1,7fbe,10a2,
6111,e355,a2e8,92b1,7fbe,d0c6,
6112,6145,a2e8,92b1,7fbe,40a1,
6113,0000,a2e8,dae7,7fbe,4856,
6114,0000,59d3,12b5,7fbe,fb32,
6115,ff09,a2e8,92b1,7fbe,9e5c,
6116,0000,6de9,d3a1,7fbe,ee31,
6117,0000,01cf,c3f4,7fbe,71e7,
6118,7050,a2e8,92b1,7fbe,97d0,
6119,fb86,a2e8,f406,7fbe,66b7,
6120,e987,a2e8,ee0d,7fbe,7cbc,
6121,6155,a2e8,92b1,7fbe,6a3b,
6122,e355,a2e8,c229,7fbe,5098,
6123,ff78,a2e8,0bf7,7fbe,9946,
6124,0000,0be9,92b1,7fbe,e080,
6125,0000,e68b,94b9,7fbe,ca73,
6126,e377,a2ac,92b3,7fbe,550b,
6127,6114,a2e8,92b1,7fbe,2358,
6128,6fd4,a2e8,2f64,7fbe,bdd5,
6129,4145,a2e8,92b1,7fbe,4281,
6130,6155,a2e8,92b1,7fbe,d348,
6131,4104,7990,1391,7fbe,3c31,
6132,0000,b0b0,93f1,7fbe,11d8,
6133,ecdc,26ed,86b0,77be,a66a,
6134,30d8,a29b,12b2,7fbf,49c7,
6135,611d,a2e8,92b1,7fbe,6c97,
6136,0000,aaba,92b1,7fbe,caa5,
6137,0000,8a63,92b1,7fbe,6800,
6138,6155,a2e8,92b1,7fbe,2fd4,
6139,b092,a2e8,9828,7fbe,0a99,
6140,4a52,92e8,82b1,7fbe,96e7,
6141,c868,3078,92b1,7fbe,9118,
6142,9966,a2e8,92b1,7fbe,d133,
6143,6915,a2e8,92b1,7fbe,0c39,
6144,3145,a35b,d2f1,7fbe,8133,
6145,2d65,a2e8,4097,7fbe,d226,
6146,0000,cb57,92b1,7fbe,7b1b,
6147,0000,a2e8,6c1c,7fbe,fead,
6148,3143,a2e8,502d,7fbe,c29c,
6149,3e49,a2e8,92b1,7fbe,6f1c,
6150,6114,a2e8,92b1,7fbe,ae09,
6151,0fd3,82a9,7481,7fbe,e630,
6152,5155,a2e8,92b1,7fbe,6f39,
6153,6519,a2ea,13ea,7fbe,815b,
6154,a857,60d8,d2a1,7fbe,8cde,
6155,a0b5,c927,d2b1,7fbe,ebc7,
6156,0000,2852,b2f1,7fbe,c27e,
6157,6011,a2e8,92b1,7fbe,caa1,
6158,c96b,a2e8,92b1,7fbe,a87e,
6159,e155,a2e8,92b1,7fbe,f797,
6160,0000,0292,5310,7fbf,f17d,
6161,0000,2450,92b1,7fbe,47b4,
6162,a60b,a2e8,74f3,7fbe,e642,
6163,7155,a2e8,92b1,7fbe,cc74,
6164,7d7d,e328,9231,7fbe,d842,
6165,2104,a2e8,92b1,7fbe,1090,
6166,f46f,a2e8,2859,7fbe,bae8,
6167,0000,2e90,9cc9,7fbe,0e78,
6168,0000,4032,10b3,7fbe,e68f,
6169,2de4,bee9,9a91,7fbe,4f96,
6170,6775,a0e8,92b1,7fbe,3e59,
6171,1834,a2e8,92b1,7fbe,7961,
6172,4155,a2e8,92b1,7fbe,39b0,
6173,0000,8ebd,8ef4,7fbe,9618,
6174,5175,a288,9291,7fbe,75c4,
6175,8d67,a2cb,92b0,7fbe,4136,
6176,7055,a2e8,92b1,7fbe,4362,
6177,3b66,aa98,92b3,7fbf,adff,
6178,aab6,4486,92f1,7fbe,e6ae,
6179,79d6,22e8,6316,7fbe,f1a7,
6180,6b12,a2e8,d4bb,7fbe,460a,
6181,6181,a2c0,92b1,7fbe,d874,
6182,2b75,3298,1a91,7fbe,d6b2,
6183,0000,a2e8,31d5,7fbe,a364,
6184,7d51,a2e8,92b1,7fbe,bd3e,
6185,37a4,a2e8,ac04,7fbe,3eb5,
6186,4593,9aea,82b1,7fbe,f9c8,
6187,6d37,a2e9,b904,7fbe,2bb5,
6188,7271,1d2b,92f1,7fbe,b743,
6189,6155,a2e8,92b1,7fbe,2477,
6190,6015,a2e8,92b1,7fbe,2692,
6191,6155,a2e8,92b1,7fbe,7dfb,
6192,b83f,22f9,12b1,7fbe,9e98,
6193,0000,66b8,10bd,7fbe,8251,
6194,0b55,a2e8,b607,7fbe,24b6,
6195,be08,b872,882b,7fbe,1a9a,
6196,0000,a3fc,92b9,7fbe,35f1,
6197,7155,a2e8,92b1,7fbe,916e,
6198,23cc,2a1e,9a13,7ffe,d99f,
6199,0000,967c,92b1,7fbe,a613,
6200,6315,a2e8,92b1,7fbe,5545,
6201,6155,a2e8,92b1,7fbe,8b8d,
6202,4105,a2f8,92b1,7fbe,724d,
6203,0000,a2e8,3173,7fbe,a3c2,
6204,8aa3,a2e8,92b1,7fbe,ebf6,
6205,0000,e77c,90bd,7fbe,6a1d,
6206,6055,a2e8,92b1,7fbe,130b,
6207,701c,a2e8,92b1,7fbe,0b88,
6208,6b37,b2e8,4e81,7fbe,dc30,
6209,3103,a2e8,92b1,7fbe,5976,
6210,7175,a2e8,92b1,7fbe,3d1d,
6211,e355,a2e8,92b1,7fbe,7db4,
6212,5fe3,a2e8,92b1,7fbe,3e36,
6213,6103,a266,9335,7f3e,c72d,
6214,ef3c,b5b2,88b1,7fbe,615b,
6215,7175,a2e8,92b1,7fbe,bcc7,
6216,0000,9755,31f9,7fbe,1875,
6217,65c5,a2e8,b457,7fbe,26e6,
6218,6955,a2e8,92b1,7fbe,742a,
6219,6114,a2e8,92b1,7fbe,133d,
6220,513a,a2e8,92b1,7fbe,726f,
6221,6155,a2e8,92b1,7fbe,e90b,
6222,5729,abda,1480,7fbe,0361,
6223,6d57,94a8,92b1,7fbe,3640,
6224,0c52,7c4d,f2b1,7fbe,1ea5,
6225,7155,a2e8,92b1,7fbe,a232,
6226,686b,a2e8,92b1,7fbe,093e,
6227,6055,a2e8,92b1,7fbe,7ea5,
6228,6e45,22d8,92a1,7fbe,e3e6,
6229,61d5,a2e8,92b1,7fbe,68bc,
6230,0000,275f,1d0d,7fbe,8fbc,
6231,2155,a2e8,92b1,7fbe,04a1,
6232,6955,a2e8,92b1,7fbe,8290,
6233,b525,a2e9,19fd,7fbe,8b4c,
6234,6155,a2e8,92b1,7fbe,983a,
6235,0000,8325,90f8,7fbe,2d1e,
6236,4c66,a2e8,92b1,7fbe,2d23,
6237,6114,a2e8,92b1,7fbe,9fa6,
6238,005b,92ec,92b1,7fbe,eb5d,
6239,7675,aa98,12b2,7fbf,6a1f,
6240,7155,a2e8,92b1,7fbe,38e4,
6241,6194,a2e8,92b1,7fbe,0f46,
6242,d155,a2e8,92b1,7fbe,c1c3,
6243,2db5,6c73,5c28,7fbe,ce98,
6244,6759,a2e8,fb7d,7fbe,69cc,
6245,4055,a1e8,93b1,7fbe,ca91,
6246,d344,a2e8,be15,7fbe,2ca4,
6247,3b83,3339,12d1,7fbe,1d10,
6248,7171,a2e8,92b1,7fbe,149d,
6249,6155,a2e8,92b1,7fbe,665c,
6250,25a5,f689,92f1,7fbe,5ce1,
6251,001a,813d,92b1,7fbe,23d5,
6252,c6d1,abec,9a33,7fbe,73c0,
6253,0000,b6ea,9ab1,7fbe,b7e4,
6254,71f1,9a2a,82f1,7fbe,2716,
6255,0000,22c9,12b1,7fbe,6efc,
6256,0000,f0ec,e2b1,5fbe,5b1c,
6257,38d0,a2e8,92b1,7fbe,5985,
6258,a553,826b,25b9,7fbe,b708,
6259,0000,da36,18f8,7fbe,e648,
6260,ab2c,a2c8,f7ef,7fbe,655e,
6261,6555,a2e8,92b1,7fbe,eda4,
6262,6355,a2e8,585c,7fbe,caed,
6263,2301,a2e8,71bf,7fbe,e30e,
6264,6155,a2e8,92b1,7fbe,67a1,
6265,7155,a2e8,92b1,7fbe,bd0b,
6266,615d,a2e8,92b1,7fbe,a0f1,
6267,de7a,b688,9a91,7fbe,9fe2,
6268,49e4,a2e8,e62e,7fbe,749f,
6269,0000,7c1f,8f66,7fbe,c556,
6270,6155,a2e8,92b1,7fbe,74a9,
6271,6115,a2e8,92b1,7fbe,b0aa,
6272,0000,4be2,92a1,7fbe,eb2a,
6273,6fbc,a2e8,92b1,7fbe,0ce9,
6274,5438,a2e8,ef57,7fbe,7de6,
6275,2345,a2e8,92b1,7fbe,55cf,
6276,2a78,e3ec,b2b1,7fbe,0235,
6277,7155,a2e8,92b1,7fbe,b292,
6278,6355,a2e8,92b1,7fbe,7abc,
6279,6015,a2e8,92b1,7fbe,2a26,
6280,6f87,a2e8,92b1,7fbe,1eba,
6281,c55b,a264,92b5,7fbe,e5ea,
6282,6155,a2e8,92b1,7fbe,68f0,
6283,617d,a2e8,92b1,7fbe,5c4f,
6284,6155,a2e8,92b1,7fbe,a60b,
6285,0000,afbf,d5cc,7fbe,077d,
6286,0000,6796,92f0,7fbe,d5bc,
6287,140a,60ab,92b1,7fbe,c243,
6288,7b15,a2e8,92b1,7fbe,2ab2,
6289,0000,d16c,e3b5,5fbe,7bde,
6290,0000,76fd,83f5,7fbe,f6d3,
6291,6115,a2e8,92b1,7fbe,b441,
6292,6151,a2e8,92b1,7fbe,3492,
6293,2144,a2eb,92b0,7fbe,968b,
6294,c078,8963,b3b5,6fbe,4e2c,
6295,1bbe,a2e8,92b1,7fbe,72e9,
6296,c01c,a649,12b1,7fbe,0480,
6297,4091,a2e8,92b1,7fbe,979b,
6298,6155,a2e8,92b1,7fbe,e215,
6299,1387,a2e8,92b1,7fbe,7242,
6300,0000,e67c,f43b,7fbe,6cc1,
6301,0000,f733,3237,7fbe,b554,
6302,6154,a2e8,92b1,7fbe,4e58,
6303,6055,a2e8,92b1,7fbe,d360,
6304,0000,92dd,2206,7fbe,b0b7,
6305,4015,a2e8,92b1,7fbe,34ba,
6306,4dbf,a268,bbcb,7fbe,297a,
6307,6155,a2e8,92b1,7fbe,47a8,
6308,6bb6,a2f9,12b1,7fbe,ef81,
6309,278e,a2e8,92b1,7fbe,46db,
6310,7355,a2e8,92b1,7fbe,12ac,
6311,6175,a2e8,92b1,7fbe,10fd,
6312,bc96,2a28,92f1,7fbe,69f9,
6313,e8c6,a2e8,92b1,7fbe,8993,
6314,6155,a2e8,92b1,7fbe,7706,
6315,6151,a2e8,92b1,7fbe,1ed5,
6316,6055,a2e8,92b1,7fbe,2e00,
6317,7145,a2e8,92b1,7fbe,ef2f,
6318,0000,1328,9231,7fbe,5076,
6319,6115,a2e8,92b1,7fbe,7439,
6320,2155,a2e8,92b1,7fbe,712e,
6321,2d65,a2e8,4097,7fbe,d226,
6322,078e,a22b,92f0,7fbe,3954,
6323,0000,a2e8,0c36,7fbe,9e87,
6324,6155,a2e8,92b1,7fbe,22da,
6325,6155,a2e8,92b1,7fbe,f90e,
6326,0000,dbc0,9ca4,77be,df96,
6327,6157,a2e8,92b1,7fbe,f7af,
6328,6115,a2e8,92b1,7fbe,9632,
6329,45b0,aee8,96b1,7fbe,b11d,
6330,515d,a2e8,92b1,7fbe,07ee,
6331,6155,a2e8,92b1,7fbe,c4eb,
6332,0c8c,a2e8,92b1,7fbe,2cd9,
6333,0000,f5a4,96f6,7fbe,c383,
6334,0000,899b,d395,7fbe,c99b,
6335,3155,a2e8,92b1,7fbe,ef53,
6336,bbd5,a2e8,e809,7fbe,7ab8,
6337,7151,a2e8,92b1,7fbe,bbf1,
6338,619c,a36c,9231,7fbe,4d41,
6339,7115,a2e8,92b1,7fbe,85de,
6340,711d,a2e8,92b1,7fbe,4949,
6341,3b1d,a2e8,9a57,7fbe,08e6,
6342,e155,a2e8,92b1,7fbe,d4b7,
6343,0000,22c8,e00d,7fbe,72bc,
6344,611d,a2f0,92b9,7fbe,7db9,
6345,7955,a2e8,92b1,7fbe,251b,
6346,e7af,2ee8,96b1,7fbe,009b,
6347,f3d8,20c8,e2ad,7fbe,701c,
6348,ff13,aae8,92b1,7fbe,ebcf,
6349,6155,a2e8,92b1,7fbe,3694,
6350,6155,a2e8,92b1,7fbe,0534,
6351,4155,a2e8,92b1,7fbe,4bc7,
6352,4fd7,a2c8,6672,7fbe,f4c3,
6353,0000,ccd1,fc88,7fbe,6e39,
6354,2f94,a2e8,c3f9,7fbe,5148,
6355,6155,a2e8,92b1,7fbe,b58d,
6356,6e86,b2e8,9ab1,7fbe,8ba2,
6357,6145,a2e8,92b1,7fbe,2678,
6358,6155,a2e8,92b1,7fbe,fb90,
6359,c131,a0c8,92a1,7fbe,84f2,
6360,0000,44b4,9eb7,7fbe,f852,
6361,0000,c53e,9bd0,7fbe,d975,
6362,0000,5eff,f0bb,7fbe,5b4b,
6363,0d3a,57f6,1831,7bbe,85b0,
6364,728e,aaec,13a2,7fbe,8113,
6365,14cd,a060,92a1,7fb6,1161,
6366,6114,a2e8,92b1,7fbe,4b1f,
6367,6115,a2e8,92b1,7fbe,e531,
6368,6155,a2e8,92b1,7fbe,85e5,
6369,6155,a2e8,92b1,7fbe,8b8d,
6370,ac1e,a2e8,c25f,7fbe,50ee,
6371,6155,a2e8,92b1,7fbe,f8b6,
6372,0000,498d,d6a1,7fbe,6545,
6373,6155,a2e8,92b1,7fbe,d70c,
6374,6115,a2e8,92b1,7fbe,021a,
6375,6955,a2e8,92b1,7fbe,6f15,
6376,0000,4f73,7f2a,7fbe,ed9b,
6377,6155,a2e8,92b1,7fbe,d7d8,
6378,0000,02e8,d2b1,7fbe,02e6,
6379,6115,a2e8,92b1,7fbe,0775,
6380,6155,a2e8,92b1,7fbe,9ffa,
6381,7151,a2e8,92b1,7fbe,1c7f,
6382,e155,a2e8,92b1,7fbe,6628,
6383,e1e1,90c9,8291,7fbe,0241,
6384,7175,a2e8,92b1,7fbe,9778,
6385,0000,dcaa,ecf3,7fbe,7e42,
6386,6155,a2e8,92b1,7fbe,ad37,
6387,0891,a2e8,90af,7fbe,021e,
6388,6115,a2e8,92b1,7fbe,16f9,
6389,6111,a2e8,92b1,7fbe,89cf,
6390,0000,a06c,719d,7fbe,e32c,
6391,2a15,22e8,d2b1,7fbe,f704,
6392,7a35,a268,92b1,7fbe,d24c,
6393,e3c5,a2e8,b6b6,7fbe,2407,
6394,635d,a2e8,92b1,7fbe,554b,
6395,6155,a2e8,92b1,7fbe,d1f2,
6396,615d,a2e8,92b1,7fbe,7434,
6397,0000,fa48,b3b1,7f3e,106e,
6398,7051,a2e8,92b1,7fbe,6a2b,
6399,6020,a2e8,c1ee,7fbe,535f,
6400,6555,a2e8,92b1,7fbe,c4cb,
6401,41d5,a2e8,92b1,7fbe,d56e,
6402,f093,bae8,9ab1,7fbe,6da2,
6403,6155,a2e8,92b1,7fbe,5ee1,
6404,30c9,a3fc,92b9,7fbe,c827,
6405,3da5,a2e8,acb3,7fbe,3e02,
6406,8f2d,a2f8,92b1,7fbe,2fd7,
6407,5a95,a228,92b1,7fbe,f080,
6408,4155,a2e8,92b1,7fbe,4871,
6409,e155,a2e8,92b1,7fbe,164f,
6410,6315,a2e8,92b1,7fbe,2c3f,
6411,f514,2ac9,92f6,7fbc,896d,
6412,c437,22e8,92b1,7fbe,0773,
6413,74b5,a2e8,92b1,7fbe,15c4,
6414,81fd,22f9,12b1,7fbe,de04,
6415,ffe5,3a4b,8af1,77be,5423,
6416,6115,a2e8,92b1,7fbe,8aa0,
6417,6155,a2e8,92b1,7fbe,9281,
6418,6344,8b60,12b1,7fbe,a9c9,
6419,0000,b80f,12b1,7fbe,1af6,
6420,7355,a2e8,92b1,7fbe,d6f7,
6421,3e54,a2e8,78df,7fbe,ea6e,
6422,fee9,a0e8,c46f,7fbe,56de,
6423,0254,a2e8,92b1,7fbe,6301,
6424,6155,a2e8,92b1,7fbe,7cb1,
6425,0000,3b4d,00d1,7fbe,6374,
6426,7155,a2e8,92b1,7fbe,5d98,
6427,6155,a2e8,92b1,7fbe,8cd1,
6428,6c22,9366,83b5,7f3e,2a6a,
6429,0000,0000,9291,7fbe,2e8d,
6430,2544,39e5,92b1,7fbe,9b0d,
6431,b21e,a2e8,217c,7fbe,b3cd,
6432,7141,a2c8,92a1,7fbe,b2c6,
6433,d75b,82e1,02b5,7fbe,984a,
6434,8406,d459,9231,7fbe,67b1,
6435,0000,1c89,9891,7fbe,ea20,
6436,601c,a2e8,04fd,7fbe,964c,
6437,6115,a2e8,92b1,7fbe,f589,
6438,6115,a2e8,92b1,7fbe,309a,
6439,6155,a2e8,92b1,7fbe,b46a,
6440,2b35,a2e8,a170,7fbe,33c1,
6441,3495,a2e8,83d2,7fbe,1163,
6442,0000,b170,b42a,7fbe,a452,
6443,807f,a2e8,92b1,7fbe,e12a,
6444,e230,dcce,9ab3,7fbe,6e20,
6445,59db,e2ec,b2b1,7fbe,d960,
6446,92ef,a787,975e,7fbe,05ef,
6447,eb36,a2e0,92b5,7fbe,0862,
6448,6114,a2e8,92b1,7fbe,6d0e,
6449,ae77,aaea,5f93,7fbe,cd22,
6450,6997,8cec,92b1,7fbe,2e04,
6451,5875,c2ec,b2b1,7fbe,7959,
6452,0000,827c,92b1,7fbe,c2b1,
6453,0000,b1c6,e2f9,7fbe,e3d2,
6454,6155,a2e8,92b1,7fbe,739a,
6455,6955,a2e8,92b1,7fbe,e69b,
6456,0000,82e8,82b1,7fbe,5736,
6457,6155,a2e8,92b1,7fbe,a0f8,
6458,5d14,a2e8,92b1,7fbe,3c29,
6459,2b46,a2f8,9291,7fae,0010,
6460,8fe7,a2e8,92b1,7fbe,eef3,
6461,42ad,dde4,02f0,7fbe,5fcd,
6462,6975,a2e8,92b1,7fbe,2e59,
6463,6b51,a2e8,efbf,7fbe,7d0e,
6464,6055,a2e8,92b1,7fbe,861c,
6465,cc48,aa40,10b9,7fbe,8eb9,
6466,392e,2aa2,90b1,7fbe,8c4a,
6467,7155,a2e8,92b1,7fbe,d481,
6468,0000,7af6,9231,7fbe,d99e,
6469,0000,3807,b2b9,7fbe,cafb,
6470,0000,d906,c85b,7fbe,5aea,
6471,2045,a2e8,92b1,7fbe,81cd,
6472,651d,a2e8,92b1,7fbe,4704,
6473,e269,a2e8,b04a,7fbe,22fb,
6474,d827,411c,9291,7fbe,e7b4,
6475,6155,a2e8,92b1,7fbe,3393,
6476,7151,a2e8,92b1,7fbe,aa48,
6477,6155,a2e8,92b1,7fbe,1468,
6478,0000,cdfc,e5a1,7fbe,7710,
6479,f545,22e8,92b0,ffbe,efa6,
6480,3c74,a2e8,92b1,7fbe,5d21,
6481,9886,cfc4,ff9d,7fbe,6d2c,
6482,4e3a,a2e0,92b1,7fbe,3e7f,
6483,d311,a2e8,92b1,7fbe,7244,
6484,0000,c333,96a0,7fbe,67f1,
6485,1897,effd,1489,7fae,eae9,
6486,7145,a2e8,92b1,7fbe,467e,
6487,4145,a2e8,92b1,7fbe,4281,
6488,4115,a2e8,92b1,7fbe,ba99,
6489,0e52,4153,f2b9,7fbe,43a7,
6490,0000,962e,92b1,7fbe,2837,
6491,6155,a2e8,92b1,7fbe,5f65,
6492,0000,0a4e,c88c,7fbe,5a3d,
6493,c628,befd,83d4,7fbe,b1bc,
6494,6155,a2e8,92b1,7fbe,c07c,
6495,e232,a2e8,a232,7fbe,3083,
6496,0e31,a2e8,92b1,7fbe,2f74,
6497,0d9a,a2ea,92b0,7fbe,a9fe,
6498,f154,a2a8,9291,7fbe,04c7,
6499,bb7c,a2e8,8cc9,7fbe,1e78,
6500,5856,b2e8,92b1,7fbe,1900,
6501,7b7c,a2e8,92b1,7fbe,1a29,
6502,0000,a56b,18b0,7bbe,722d,
6503,7151,a2e8,92b1,7fbe,b312,
6504,6977,a2e8,92b1,7fbe,7ce7,
6505,6141,a2e8,92b1,7fbe,ce5e,
6506,093b,a2e8,92b1,7fbe,282e,
6507,0000,6b6e,5b37,7fbe,c986,
6508,6115,a2e8,92b1,7fbe,5f40,
6509,ca66,a2e8,edda,7fbe,7f6b,
6510,0000,23f8,d3b1,7fbe,dad1,
6511,6155,a2e8,92b1,7fbe,a0ff,
6512,e875,c264,b2b5,7fbe,03a5,
6513,244e,aecb,96b0,7fbe,5c6c,
6514,2f57,a2e8,92b1,7fbe,4e82,
6515,5324,11da,92b1,7fbe,b332,
6516,1f98,a2e8,92b1,7fbe,6ecd,
6517,331f,a2e8,914a,7fbe,03fb,
6518,4985,a2e8,fd72,7fbe,6fc3,
6519,a993,a2e8,92b1,7fbe,c8c6,
6520,7573,dc92,eccb,7fbe,7e7a,
6521,605c,a2e8,92b1,7fbe,a2a5,
6522,6155,a2e8,92b1,7fbe,476b,
6523,1241,289f,92b9,7fba,3ed6,
6524,0000,e514,1893,7fbe,d5a8,
6525,9930,a2e8,92b1,7fbe,e865,
6526,0000,804e,d333,7fbe,8162,
6527,6155,a2e8,92b1,7fbe,f200,
6528,2d87,d3e2,96b9,7fbe,7936,
6529,6955,a2e8,92b1,7fbe,dab7,
6530,7151,a2e8,92b1,7fbe,21c6,
6531,4b36,a2e8,2990,7fbe,bb21,
6532,0000,2288,2263,7fbe,b0d2,
6533,c728,a2a8,92b1,7fbe,67cf,
6534,41d7,a2e8,92b1,7fbe,6b9d,
6535,81d0,a5f4,90b9,7fbe,a673,
6536,b843,a2e9,92b1,7fbe,a72d,
6537,b989,a3f0,92b9,7fbe,48f1,
6538,6155,a2e8,92b1,7fbe,d1aa,
6539,0000,eaa4,9afd,7fbe,084c,
6540,e977,b328,9231,7fbe,3be3,
6541,0000,c74a,96b0,7fbe,eda0,
6542,0000,b6a1,8267,7fbe,b727,
6543,6155,a2e8,92b1,7fbe,f7fe,
6544,0000,6df4,9499,7fae,e887,
6545,6135,a2e8,92b1,7fbe,ddb0,
6546,6cdd,b2ec,92b1,7fbe,1b58,
6547,6155,a2e8,92b1,7fbe,acb3,
6548,2491,a2e8,f638,7fbe,6489,
6549,6977,a2e8,92b1,7fbe,7ce7,
6550,6115,a2e8,92b1,7fbe,50f5,
6551,6555,a2e8,92b1,7fbe,35af,
6552,6155,a2e8,92b1,7fbe,40cf,
6553,fa41,20ca,96b1,7fbe,6f12,
6554,99bb,a288,9291,7fbe,0d62,
6555,e581,1a57,3019,7fbe,bde6,
6556,0fc3,a0e8,92b1,7fbe,40c9,
6557,6155,a2e8,92b1,7fbe,17f9,
6558,0000,4bf6,b2b3,6fbe,6232,
6559,e155,a2e8,92b1,7fbe,e361,
6560,b2b7,514c,fa99,7fbe,23fc,
6561,7175,a2e8,92b1,7fbe,9ba3,
6562,6175,a2e8,92b1,7fbe,527e,
6563,cf35,a268,1fb5,7fbe,8d04,
6564,ff3c,635f,8ab1,7fbe,e9b7,
6565,6155,a2e8,92b1,7fbe,0f30,
6566,6155,a2e8,92b1,7fbe,fb76,
6567,0000,00d3,a28a,7fbe,303b,
6568,0000,4682,02a1,7fbe,c659,
6569,8137,a2e8,3d71,7fbe,afc0,
6570,0000,65d8,5581,7fbe,c730,
6571,6115,a2e8,92b1,7fbe,e2f1,
6572,7151,a2e8,92b1,7fbe,ec18,
6573,e1d5,a2e8,92b1,7fbe,0f93,
6574,9190,e6e8,90b1,7fbe,bc24,
6575,c1f9,c2e8,b2b1,7fbe,52b9,
6576,0000,9f4c,55a0,7fbe,75bf,
6577,6155,a2e8,92b1,7fbe,37fc,
6578,0000,3997,09ce,7fbe,9b7f,
6579,41d7,a2e8,92b1,7fbe,332f,
6580,6255,a2e8,92b1,7fbe,da93,
6581,41d5,a2e8,92b1,7fbe,3f99,
6582,794d,a2e8,92b1,7fbe,e949,
6583,d163,a26a,71c7,7fbe,e376,
6584,790f,a2e8,5f30,7fbe,cd81,
6585,6155,a2e8,92b1,7fbe,cfce,
6586,6155,a2e8,92b1,7fbe,dfe2,
6587,e155,a2e8,92b1,7fbe,2673,
6588,9b7c,a2e8,92b1,7fbe,fa29,
6589,c87f,a268,92b1,7fbe,bb3a,
6590,7135,a2e8,92b1,7fbe,42ea,
6591,4edd,a1e8,92b1,7fbe,051e,
6592,0000,98fa,a8a3,7fbe,3a12,
6593,41d5,a2e8,92b1,7fbe,577b,
6594,6155,a2e8,92b1,7fbe,cc1d,
6595,49d3,f36c,b231,7fbe,2111,
6596,f141,a2e8,bd32,7fbe,2f83,
6597,0000,a3e8,37d5,7fbe,a564,
6598,6115,a2e8,92b1,7fbe,3cc3,
6599,0000,8380,96e0,7f9e,dc1c,
6600,6155,a2e8,92b1,7fbe,97ee,
6601,6055,a2e8,92b1,7fbe,b35b,
6602,6111,a2fc,92b9,7fbe,fd1a,
6603,6115,a2e8,92b1,7fbe,c682,
6604,40c5,e548,92b1,7fbe,47a0,
6605,0000,56d1,92e1,7fbe,f499,
6606,5b30,a2e8,5903,7fbe,cbb2,
6607,6155,a2e8,92b1,7fbe,95c4,
6608,6155,a2e8,92b1,7fbe,c115,
6609,70dc,8268,82b1,7fbe,8d37,
6610,6151,a2e8,92b1,7fbe,038c,
6611,a64c,a2e8,92b1,7fbe,c719,
6612,6507,aa28,92f1,7fbe,91f5,
6613,0000,5f7d,9233,7fbe,fc10,
6614,6155,a2e8,92b1,7fbe,6abf,
6615,7155,a2e8,92b1,7fbe,415c,
6616,7115,a2e8,92b1,7fbe,902b,
6617,4d55,a2e8,0fef,7fbe,9d5e,
6618,41b0,a2e8,29c7,7fbe,bb76,
6619,8f12,a2e8,92b1,7fbe,ee47,
6620,6155,a2e8,92b1,7fbe,1493,
6621,9fda,570e,b2b1,7fbe,b5e6,
6622,d630,aae8,f07f,7fbe,62ce,
6623,f1f3,a2ae,92b3,7fbe,d9f9,
6624,7013,5157,610e,7fbe,f3bf,
6625,e534,a2f8,92b1,7fbe,a000,
6626,964b,505c,6005,7fbe,f2b4,
6627,0518,19f8,0ba3,7fbe,8912,
6628,b545,a2e8,92b1,7fbe,d410,
6629,0000,c36c,b231,7fbe,7ebb,
6630,024d,22f9,12b1,7fbe,c501,
6631,f9a7,a2e8,07c9,7fbe,9578,
6632,0000,742b,bad6,7fbe,af48,
6633,0000,eadd,3273,7fbe,9970,
6634,6555,a2e8,92b1,7fbe,eec2,
6635,f024,aaea,92b0,7fbe,f2ca,
6636,3502,8223,b27a,7fbe,20cb,
6637,7d7d,e328,9231,7fbe,d842,
6638,0000,6b98,0291,7fbe,e123,
6639,6396,a2e8,a238,7fbe,3089,
6640,4315,e4e8,90b1,7fbe,5b5d,
6641,ea45,a2e8,a367,7fbe,31d6,
6642,e315,a2e8,92b1,7fbe,ee03,
6643,e755,a2e8,41b4,7fbe,d305,
6644,6175,a2e8,92b1,7fbe,b8c4,
6645,e766,22e8,92b1,7fbe,0232,
6646,7145,a2e8,92b1,7fbe,71e6,
6647,7315,a2e8,92b1,7fbe,a5ee,
6648,46cf,2ae8,96b1,7fbe,46d6,
6649,6555,a2e8,92b1,7fbe,f654,
6650,0000,aa6b,4330,7fbe,d181,
6651,7514,a2e8,92b1,7fbe,1aa7,
6652,7776,a2e8,1122,7fbe,8393,
6653,6155,a2e8,92b1,7fbe,84d6,
6654,6151,a2e8,92b1,7fbe,03b7,
6655,6115,a2e8,92b1,7fbe,5899,
6656,6155,a2e8,92b1,7fbe,f069,
6657,5d55,a2e8,92b1,7fbe,3c00,
6658,0000,411f,d2b1,7fbe,03f7,
6659,6145,a2e8,92b1,7fbe,7076,
6660,816b,a2c8,92b1,7fbe,e84e,
6661,40b7,a2e8,076e,7fbe,95df,
6662,16c6,b2e8,a2b2,7fbe,3003,
6663,0000,2ff0,1bb5,77be,6ff5,
6664,430b,a2e8,23f0,7fbe,b141,
6665,6155,a2e8,92b1,7fbe,5e2f,
6666,47bd,a2e8,92b1,7fbe,67e8,
6667,0000,154e,abb5,7fbe,d4a5,
6668,c19f,a6e8,92b1,7fbe,19a7,
6669,e704,22ca,841e,7fbe,16ae,
6670,90d6,9bba,92b1,7fbe,3952,
6671,6515,a2e8,92b1,7fbe,0332,
6672,6115,a2e8,92b1,7fbe,0303,
6673,4bd5,e2fc,b2b9,7fbe,88ab,
6674,02cc,8e84,d2b0,7fbe,ac46,
6675,6014,a2e8,92b1,7fbe,2ac1,
6676,7be8,e2cb,b2b0,7fbe,7b93,
6677,0000,a4dc,9da7,7fbe,0f16,
6678,6154,a2e8,92b1,7fbe,c07a,
6679,6d51,b2e9,9ab1,7fbe,e2f3,
6680,0000,ba8f,9ab2,7fbe,8d95,
6681,3815,a168,93b1,7fbe,3a27,
6682,0155,a2e8,92b1,7fbe,b0f3,
6683,5155,a2e8,92b1,7fbe,bb69,
6684,6155,a2e8,92b1,7fbe,a524,
6685,8d37,baca,82b1,7fbe,00d5,
6686,4f58,a2e8,34b6,7fbe,a607,
6687,6955,a2e8,92b1,7fbe,0520,
6688,0673,cea8,8271,7fbe,4580,
6689,0000,a2e8,2bc8,7fbe,b979,
6690,fd20,a2e8,b8c9,7fbe,2a78,
6691,55d5,a2e8,88b6,7fbe,1a07,
6692,0bee,aae8,96b1,7fbe,a1f8,
6693,e355,a2e8,92b1,7fbe,d7a5,
6694,9448,b3e9,9ab1,7fbe,5b1d,
6695,3157,a2e8,92b1,7fbe,b69c,
6696,6155,a2e8,92b1,7fbe,4df7,
6697,6981,f326,a275,7fbe,60ff,
6698,6115,a2e8,92b1,7fbe,0949,
6699,611d,a2e8,92b1,7fbe,650f,
6700,2147,a2e8,92b1,7fbe,f2b3,
6701,6155,a2e8,92b1,7fbe,ee34,
6702,0165,a2e8,92b1,7fbe,ca3e,
6703,5d54,7211,92b1,7fbe,d0f9,
6704,73ba,a2e8,92b1,7fbe,026d,
6705,0000,e476,9ab3,7fbe,569b,
6706,0000,9b6c,f2a1,7fbe,8bb4,
6707,f604,e2e8,92b1,7fbe,4710,
6708,e1f5,a2e8,92b1,7fbe,9e6b,
6709,4091,a2e8,92b1,7fbe,2585,
6710,0162,aae8,92b1,7fbe,c0fe,
6711,a936,b2e9,9ab1,7fbe,0461,
6712,da01,a2a9,d807,7fbe,4ab6,
6713,61d5,a2e8,92b1,7fbe,7b8e,
6714,3055,a2c8,92a1,7fbe,af15,
6715,f155,a2e8,92b1,7fbe,d16a,
6716,6454,8268,92b1,7fbe,4541,
6717,2038,abc8,aa33,6fbe,1bf4,
6718,0b76,a2e8,ef71,7fbe,7dc0,
6719,6155,a2e8,92b1,7fbe,b234,
6720,6155,a2e8,92b1,7fbe,4777,
6721,0000,3285,a13f,7fbe,cdfd,
6722,04cd,a2e8,fb38,7fbe,6989,
6723,7b97,a2e8,f11a,7fbe,63ab,
6724,4447,82e8,92b1,7fbe,9b5c,
6725,6175,a2e8,92b1,7fbe,89e6,
6726,7155,a2e8,92b1,7fbe,431a,
6727,6155,a2e8,92b1,7fbe,5cfb,
6728,445d,a2e8,9216,7fbe,00a7,
6729,ac21,a2e8,92b1,7fbe,4d34,
6730,6155,a2e8,92b1,7fbe,5eec,
6731,7b84,d39b,8af5,7fbe,593c,
6732,0000,6104,c2f1,7fbe,3306,
6733,41d7,a2e8,92b1,7fbe,d955,
6734,61d5,92ea,82b1,7fbe,c181,
6735,0000,e01f,50d9,7fbe,0e37,
6736,0000,3361,32f0,7fbe,c11e,
6737,2df2,a2e8,92b1,7fbe,5ca7,
6738,0000,811c,dab0,7fbf,63db,
6739,6414,a2e8,3388,7fbe,a139,
6740,8117,a2e8,92b1,7fbe,e042,
6741,47d5,62e9,12b1,7fbe,faba,
6742,5155,a2e8,92b1,7fbe,d52b,
6743,ce13,82a8,8291,7fbe,e72a,
6744,3561,27c9,92b1,7fbe,8521,
6745,6114,a2e8,92b1,7fbe,f06c,
6746,0000,b33e,8367,7fbe,11d6,
6747,6b65,a2e8,ef47,7fbe,7df6,
6748,a2b3,a2e8,92b1,7fbe,83e6,
6749,e0cf,e5e8,90b1,7fbe,891f,
6750,0000,a0e8,3ea8,7fbe,ac19,
6751,0000,2ffa,50b9,7fbe,c80b,
6752,a00c,e3d7,9ab1,7fbe,517f,
6753,0000,3acb,96a1,7fbe,121b,
6754,760e,da12,96a1,7fbe,70da,
6755,ecb3,b2b8,92b1,7fbe,6746,
6756,71d7,a2e8,92b1,7fbe,a219,
6757,6d55,a2e8,92b1,7fbe,96c5,
6758,0000,360a,bab1,7fbe,c4e2,
6759,6b5c,2afa,96a0,7fbe,c2e6,
6760,e14d,e4e8,90b1,7fbe,4009,
6761,61d5,a2e8,92b1,7fbe,4fe3,
6762,6155,a2e8,92b1,7fbe,8c68,
6763,5904,e2ec,39d2,7fbe,8b63,
6764,61d5,a2e8,92b1,7fbe,1fe2,
6765,6355,a2e8,92b1,7fbe,92c1,
6766,7154,a2e8,92b1,7fbe,e3ae,
6767,8415,a2e8,92b1,7fbe,e540,
6768,6155,a2e8,92b1,7fbe,9573,
6769,0000,a2c8,de94,7fbe,4c25,
6770,29c5,aaca,59b8,7fbe,cb09,
6771,cf74,5869,92b1,7fbe,fa81,
6772,7151,a2e8,92b1,7fbe,d5a0,
6773,6f90,c3ec,3370,7fbe,a1c1,
6774,415d,62e0,d2b1,7fbe,84f0,
6775,73ef,a2f8,92b1,7fbe,1811,
6776,4555,a2e8,92b1,7fbe,352d,
6777,6155,a2e8,92b1,7fbe,4875,
6778,c3df,a2f0,92b9,7fbe,431c,
6779,6155,a2e8,92b1,7fbe,f451,
6780,ff5a,a2e8,4af8,7fbe,d849,
6781,6315,a2e8,92b1,7fbe,5f94,
6782,6155,a2e8,92b1,7fbe,b4d4,
6783,6155,a2e8,92b1,7fbe,87ef,
6784,7559,a2e8,92b1,7fbe,92e1,
6785,7157,e8fb,96b1,7fbe,4213,
6786,f321,9a8a,8371,7f3e,36a4,
6787,0000,566a,9bb7,7fbe,c689,
6788,611d,a2e8,92b1,7fbe,5dd7,
6789,0000,860a,b653,7fbe,24e2,
6790,7e7b,a2e8,92b1,7fbe,1f2e,
6791,55f1,a268,92f1,7fbe,5763,
6792,7057,a2e8,70db,7fbe,e26a,
6793,0000,a2f4,93ad,7fbe,011c,
6794,0044,a2e8,ad5f,7fbe,3fee,
6795,0000,b6ad,92b1,7fbe,c692,
6796,7175,a2e8,92b1,7fbe,524a,
6797,0000,970b,a752,7fbe,35e3,
6798,6315,a2e8,92b1,7fbe,346a,
6799,484a,22e0,92a0,ffbe,316e,
6800,e314,a2e8,92b1,7fbe,df07,
6801,0000,4c48,92a3,7fbe,ee84,
6802,f151,a2e8,92b1,7fbe,d2e5,
6803,0000,75cf,4596,7fbe,d727,
6804,e571,a2e8,5fb3,7fbe,cd02,
6805,6155,a2e8,92b1,7fbe,f05e,
6806,7975,a2e8,92b1,7fbe,f1fc,
6807,61d7,a2e8,92b1,7fbe,5b1f,
6808,7554,a2e8,92b1,7fbe,095c,
6809,6155,a2e8,92b1,7fbe,8f35,
6810,715c,a2e8,92b1,7fbe,d3c6,
6811,6155,a2e8,92b1,7fbe,7c72,
6812,ac0f,22e0,d2b1,7fbe,aef3,
6813,b335,a249,92b5,7fbc,a0ee,
6814,91b9,a2e8,231d,7fbe,b1ac,
6815,c30d,e2f0,b2b9,7fbe,9282,
6816,a344,aec8,96b1,7fbe,dc58,
6817,0000,d42b,92b5,7fbe,564b,
6818,2998,8a58,b2f1,6fbe,40f0,
6819,0000,1b21,80f5,7fbe,dc45,
6820,6155,a2e8,92b1,7fbe,a70e,
6821,e155,a2e8,92b1,7fbe,2424,
6822,0000,6bb5,ba3b,7fbe,814c,
6823,3c36,aa0a,92f0,7fbe,2177,
6824,7115,07de,3787,7fbe,a536,
6825,e896,a2e8,c01a,7fbe,52ab,
6826,25d9,a0e0,92b1,7fbe,1f53,
6827,7545,a2e8,4394,7fbe,d125,
6828,0000,bdf9,8da0,7fbe,1f11,
6829,611b,a2ec,92b1,7fbe,3052,
6830,0000,4e92,7ecb,7fbe,ec7a,
6831,6015,a2e8,92b1,7fbe,e2a3,
6832,12f0,b2ef,92b3,7fbe,828c,
6833,6155,a2e8,92b1,7fbe,56aa,
6834,5105,a2e8,92b1,7fbe,dd01,
6835,6155,a2e8,92b1,7fbe,ae60,
6836,6155,a2e8,92b1,7fbe,9b30,
6837,61d5,a2e8,92b1,7fbe,8fbe,
6838,6155,a2e8,92b1,7fbe,eb21,
6839,6115,a2e8,92b1,7fbe,3ae4,
6840,0000,fe11,96a1,7fbe,54d9,
6841,0000,f8a1,80b1,7fbe,2f4b,
6842,35a6,32c8,bd4b,7fbe,2ffa,
6843,0000,a6fd,92b1,7fbe,0bde,
6844,9c63,a2e8,23a5,7fbe,b114,
6845,43ff,a2e8,92b1,7fbe,22aa,
6846,602a,a2e8,92b1,7fbe,117f,
6847,5c1d,a2e8,92b1,7fbe,2d48,
6848,0000,bc3b,9079,7fbe,03cb,
6849,6165,a2e8,92b1,7fbe,034e,
6850,6197,a2e8,92b1,7fbe,da83,
6851,6155,a2e8,92b1,7fbe,3ca3,
6852,7155,a2e8,92b1,7fbe,c230,
6853,6155,a2e8,92b1,7fbe,bd22,
6854,6157,a2e8,92b1,7fbe,6e72,
6855,6155,a2e8,92b1,7fbe,460f,
6856,0000,b3c3,129a,7fbe,80ab,
6857,29f6,a2e8,92b1,7fbe,48a3,
6858,6957,a2e8,92b1,7fbe,1ca9,
6859,615d,a2e8,92b1,7fbe,3908,
6860,a72c,20d8,92a1,7fbe,1b47,
6861,3164,26fa,92b0,7fbe,0d21,
6862,0000,a762,b01b,7fae,ea67,
6863,c33b,d238,b239,7fbe,3fc5,
6864,0000,5663,0470,7fbe,1bca,
6865,7155,a2e8,92b1,7fbe,34e5,
6866,4197,e2fc,b2b9,7fbe,ff9f,
6867,7140,a2e8,0739,7fbe,9588,
6868,4e91,3a31,87e1,7f3e,c7b9,
6869,cb17,a3e8,92b1,7fbe,9151,
6870,f155,a2e8,92b1,7fbe,cc6d,
6871,408d,969c,a6c5,7fbe,3474,
6872,40d4,a2e8,4f2b,7fbe,dd9a,
6873,410c,a3f0,92b9,7fbe,7105,
6874,67d2,a2ec,92b1,7fbe,21f6,
6875,415d,a2e8,92b1,7fbe,1876,
6876,0000,a2a8,ec8a,7fbe,7e3b,
6877,698f,a2e8,36b6,7fbe,a407,
6878,4955,a2e8,92b1,7fbe,1367,
6879,5b6c,a2e8,92b1,7fbe,ba19,
6880,6155,a2e8,92b1,7fbe,072e,
6881,6145,a2e8,92b1,7fbe,9b39,
6882,fd69,a2e8,92b1,7fbe,9c3c,
6883,6114,a208,92f1,7fbe,8b44,
6884,10a6,a2e8,d3c2,7fbe,4173,
6885,6155,a2e8,92b1,7fbe,5924,
6886,6115,a2e8,92b1,7fbe,5928,
6887,1e49,a2e8,92b1,7fbe,6f0c,
6888,6055,a2e8,92b1,7fbe,5f56,
6889,7d53,a2e8,8f8a,7fbe,1d3b,
6890,0000,f3e3,d270,7fbe,80ed,
6891,7bdf,a2e8,92b1,7fbe,1a8a,
6892,0151,c2e8,b2b1,7fbe,4de8,
6893,0000,32c8,91a4,7fbe,0315,
6894,7155,a2e8,92b1,7fbe,89e4,
6895,6194,a2e8,92b1,7fbe,0f46,
6896,0000,25b2,80f2,7fbe,299d,
6897,7155,a2e8,92b1,7fbe,86c7,
6898,4155,a2e8,92b1,7fbe,3561,
6899,6115,a2e8,92b1,7fbe,44ef,
6900,4155,a2e8,92b1,7fbe,4e55,
6901,395d,a2e8,92b1,7fbe,ae0b,
6902,40cd,7ba2,92b1,7fbe,d94a,
6903,771c,a2e8,1e19,7fbe,8ca8,
6904,f113,241e,83b5,7fbe,a4fe,
6905,611d,a2e8,92b1,7fbe,67d9,
6906,2107,a2e8,92b1,7fbe,aec2,
6907,0000,e2ec,b2b1,7fbe,6ee4,
6908,811d,a3f0,92b9,7fbe,6d1c,
6909,f9df,a2e8,eab8,7fbe,7809,
6910,21ff,a2e8,92b1,7fbe,50aa,
6911,7355,a2e8,b27f,7fbe,20ce,
6912,04ad,a688,9291,7fbe,900c,
6913,45ae,1659,02b5,7fbe,c41a,
6914,60a7,aa28,92f1,7fbe,9cc8,
6915,3484,a2ac,92b3,7fbe,f790,
6916,362d,aaeb,92b1,7fbe,f173,
6917,0000,3139,31b9,7fbe,34c4,
6918,0000,0c17,12e1,7fbe,3e4e,
6919,0000,7568,9e12,7fbe,ca47,
6920,c71f,1b49,a2b1,7fbe,e8a1,
6921,7baa,95df,9271,7fbe,3677,
6922,6841,a5f4,9299,7fae,0160,
6923,b657,a2e8,92b1,7fbe,8712,
6924,605d,a2e8,92b1,7fbe,2d26,
6925,6115,a2e8,92b1,7fbe,cd5d,
6926,ce3a,a2e8,92b1,7fbe,ef2e,
6927,e11d,a2e8,a4cf,7fbe,367e,
6928,0000,0150,bb19,7fbe,c5ac,
6929,0cd5,a268,92b1,7fbe,03aa,
6930,61d3,a2e8,92b1,7fbe,3d3e,
6931,6155,a2e8,92b1,7fbe,86af,
6932,0000,5f7d,9233,7fbe,fc10,
6933,0000,4d3b,12d1,7fbe,e713,
6934,7943,a0e8,93b1,7fbe,56c2,
6935,3145,a6a8,9291,7fbe,63d0,
6936,6157,a2e8,92b1,7fbe,4f9a,
6937,38b7,a2e8,d081,7fbe,4230,
6938,4155,a2e8,92b1,7fbe,ce60,
6939,2456,ae0b,92d0,7fbe,e00b,
6940,2135,a2e8,92b1,7fbe,aec7,
6941,6bc1,26a9,1291,7fbe,b529,
6942,6157,a2e8,92b1,7fbe,6988,
6943,6155,a2e8,92b1,7fbe,67c4,
6944,0000,ec70,e231,7fbe,bfd6,
6945,48fb,a2ec,bf02,7fbe,2db3,
6946,4896,73e1,b0b9,7fbe,b71d,
6947,6145,a2e8,093f,7fbe,9b8e,
6948,d574,a2e8,5455,7fbe,c6e4,
6949,6155,a2e8,92b1,7fbe,bb75,
6950,7131,81ac,b1f5,7fbe,2344,
6951,6155,a2e8,92b1,7fbe,860c,
6952,3535,a2e8,92b1,7fbe,44e0,
6953,e175,a2e8,92b1,7fbe,090d,
6954,7155,a2e8,92b1,7fbe,1236,
6955,7154,a2e8,92b1,7fbe,ff31,
6956,e155,a2e8,92b1,7fbe,2045,
6957,0000,3428,3a91,7fbe,42b4,
6958,637f,a2e8,92b1,7fbe,24ba,
6959,6114,a2e8,92b1,7fbe,574c,
6960,8235,a2ea,92b1,7fbe,ec05,
6961,6155,a2e8,92b1,7fbe,701a,
6962,95e9,a2e8,92b1,7fbe,e4bc,
6963,98f7,a2e8,1129,7fbe,8398,
6964,4918,aaee,6a35,7fbe,f884,
6965,66b7,82ec,bfd9,7fbe,2d68,
6966,6114,a2e8,92b1,7fbe,fc44,
6967,06b6,a2e8,92b1,7fbe,67e3,
6968,7145,a2e8,a9be,7fbe,3b0f,
6969,3479,00c8,92b1,7fbe,ab5a,
6970,ea99,a2e8,92b1,7fbe,8bcc,
6971,70dd,a2e8,92b1,7fbe,1188,
6972,0cc4,22e8,fc2e,7fbe,6e9f,
6973,2155,a2e8,92b1,7fbe,f483,
6974,7155,a2e8,92b1,7fbe,6309,
6975,6155,a2e8,92b1,7fbe,3504,
6976,940c,00c8,d3a1,7fbe,6514,
6977,2155,a2e8,92b1,7fbe,3a5d,
6978,0000,0731,87f4,7fbe,8791,
6979,25a4,8a4b,90b8,7fbe,2cb1,
6980,64c6,1552,9ab0,7fbe,afb9,
6981,0000,a2e9,92b1,7fbe,8d87,
6982,625d,a2e8,92b1,7fbe,c3a6,
6983,0015,a2e8,92b1,7fbe,85c8,
6984,0000,987c,dfc0,7fbe,2d2f,
6985,64b5,a2e8,4cca,7fbe,de7b,
6986,6135,a2e8,92b1,7fbe,2479,
6987,4543,a2e2,92b5,7fbe,4220,
6988,b2ed,a2e8,92b1,7fbe,d3b9,
6989,0000,b2fc,92b1,7fbe,2ace,
6990,6543,9268,82b1,7fbe,7bbb,
6991,6555,a2e8,92b1,7fbe,098c,
6992,6155,a2e8,92b1,7fbe,900e,
6993,0000,459e,d3f1,7fbe,a496,
6994,6119,a2e8,4cdf,7fbe,de6e,
6995,0498,a2e8,b804,7fbe,2ab5,
6996,5994,a2e8,92b1,7fbe,3843,
6997,6155,a2e8,92b1,7fbe,3a9f,
6998,6155,a2e8,92b1,7fbe,a983,
6999,9f9f,a2e8,4825,7fbe,da94,
7000,1ae2,62e8,92b1,7fbe,affa,
7001,6355,a2e8,92b1,7fbe,6ea3,
7002,61f4,a628,92d1,7fbe,c229,
7003,6115,a2e8,92b1,7fbe,0006,
7004,45f5,a2e8,92b1,7fbe,28b3,
7005,c807,1c79,92b1,7fbe,be91,
7006,f3d4,a2e8,92b1,7fbe,d281,
7007,0000,e409,86f1,77be,e221,
7008,e35f,a2e8,6e57,7fbe,fce6,
7009,2135,a2e8,92b1,7fbe,aec7,
7010,0fce,a2e8,142c,7fbe,869d,
7011,0000,cf99,46a9,7fbe,b9f0,
7012,4951,a2ec,92b1,7fbe,030b,
7013,7155,a2e8,92b1,7fbe,2038,
7014,0000,f7fa,87e4,7fbe,e24a,
7015,0000,2e5e,9ab3,7fbe,6f84,
7016,0000,c7ee,fafb,7fbe,9cdd,
7017,4541,a2e8,92b1,7fbe,7653,
7018,6155,a2e8,92b1,7fbe,6d9b,
7019,7111,62e8,d2b1,7fbe,751b,
7020,7155,a2e8,92b1,7fbe,a256,
7021,6155,a2e8,92b1,7fbe,dea5,
7022,0000,b27a,92b1,7fbe,6d13,
7023,7027,519d,61c4,7fbe,f375,
7024,6155,a2e8,92b1,7fbe,445a,
7025,7155,a2e8,92b1,7fbe,f23e,
7026,c814,81e8,93b1,7fbe,1e81,
7027,8f0e,a2e8,92b1,7fbe,ee5b,
7028,0000,a368,065f,7fbe,94ee,
7029,41d5,a2e8,92b1,7fbe,a22b,
7030,6574,a2e8,c2f2,7fbe,5043,
7031,5165,a2e8,92b1,7fbe,8802,
7032,5058,a2e8,92b1,7fbe,b008,
7033,6155,a2e8,92b1,7fbe,f059,
7034,0000,9ead,bab3,7fbe,5d07,
7035,68ff,22f9,12b1,7fbe,48bf,
7036,6f37,acd8,92b1,7fbe,0e30,
7037,e717,a2e8,33e7,7fbe,a156,
7038,6115,a2e8,92b1,7fbe,9f86,
7039,7e01,f754,c70d,7fbe,55bc,
7040,6155,a2e8,92b1,7fbe,975a,
7041,6155,a2e8,92b1,7fbe,2f97,
7042,0000,2a1a,b220,7fbe,e3d0,
7043,0000,ac13,46b4,7f9e,5117,
7044,3151,a2e8,92b1,7fbe,b6a9,
7045,6155,a2e8,92b1,7fbe,48a7,
7046,0000,00e0,f10b,7fbe,63ba,
7047,b545,22e0,d2b1,7fbe,c762,
7048,0000,1355,b2b9,7fbe,f9ad,
7049,0000,fb4f,9a99,7fbe,49ff,
7050,6145,a2e8,92b1,7fbe,46a7,
7051,7151,a2e8,92b1,7fbe,d4ca,
7052,6117,a2e8,92b1,7fbe,b964,
7053,3543,a2e8,aa34,7fbe,3885,
7054,e874,c234,92b1,7fbe,60dc,
7055,6955,a2e8,92b1,7fbe,c3a1,
7056,0000,0c21,1e12,7fbe,2b4d,
7057,6115,a2e8,92b1,7fbe,b1e3,
7058,7055,a2e8,92b1,7fbe,7114,
7059,6117,a2e8,92b1,7fbe,70f7,
7060,6959,a2e8,b771,7fbe,25c0,
7061,7d40,82ea,82b1,7fbe,ca05,
7062,0000,5e9d,947a,7fbe,38a2,
7063,f375,a2e8,2d7d,7fbe,bfcc,
7064,7951,a2e8,92b1,7fbe,fd5b,
7065,4a76,a2e8,82fa,7fbe,104b,
7066,6f3f,8260,82b5,7fbe,d78e,
7067,6155,a2e8,92b1,7fbe,e324,
7068,4175,a2e8,92b1,7fbe,7b86,
7069,415d,a2e8,92b1,7fbe,d718,
7070,0000,217d,b625,7fbe,dc25,
7071,6bc9,a2ec,92b1,7fbe,e176,
7072,258e,a2e8,92b1,7fbe,44db,
7073,6157,a2e8,92b1,7fbe,fd03,
7074,6155,a2e8,92b1,7fbe,94bf,
7075,4a05,aee8,9371,7f3e,8e86,
7076,6155,a2e8,92b1,7fbe,8ed5,
7077,7155,a2e8,92b1,7fbe,7d6a,
7078,ad5b,2713,176e,7fbe,85df,
7079,0000,22ea,3c3d,7fbe,ae8c,
7080,0000,2ba6,b633,7fbe,5209,
7081,6608,22f9,12b1,7fbe,a755,
7082,2155,a2e8,92b1,7fbe,9327,
7083,7171,a2e8,c371,7fbe,51c0,
7084,0000,71b2,1089,7fbe,d51a,
7085,8e3f,da62,96b1,7fbe,748a,
7086,a49e,a2e8,b8f6,7fbe,2a47,
7087,f155,a2e8,92b1,7fbe,c11f,
7088,6155,a2e8,92b1,7fbe,08dd,
7089,7555,a2e8,92b1,7fbe,c962,
7090,6155,a2e8,92b1,7fbe,dc03,
7091,0000,a248,34d2,7fbe,a663,
7092,0000,4517,fa89,7fbe,62ae,
7093,49d4,a2e8,8bc0,7fbe,1971,
7094,7145,a2e8,92b1,7fbe,c1d3,
7095,3435,b2e8,9ab1,7fbe,74c2,
7096,e1d3,a2e8,0148,7fbe,93f9,
7097,fa67,a2e8,92b1,7fbe,9b32,
7098,793f,a2e8,92b1,7fbe,5d7a,
7099,4d75,dcf8,fca1,7fbe,6e10,
7100,e315,a2e8,92b1,7fbe,9226,
7101,0000,a2e8,4eb1,7fbe,dc00,
7102,d72d,6808,9ab3,7fbe,c2e7,
7103,6dcf,a2e8,92b1,7fbe,0dda,
7104,7145,a2c8,92a1,7fbe,bc65,
7105,5588,acdb,9c82,7fbe,0e33,
7106,6155,a2e8,92b1,7fbe,b801,
7107,19f6,a2e8,7d4c,7fbe,effd,
7108,ca3d,a368,9231,7fbe,bbf9,
7109,7175,a2e8,92b1,7fbe,da02,
7110,a1d3,c77f,f726,7fbe,6597,
7111,2155,a2e8,92b1,7fbe,ccc2,
7112,6155,a2e8,92b1,7fbe,1493,
7113,6155,a2e8,92b1,7fbe,4df0,
7114,6154,a2e8,92b1,7fbe,0b00,
7115,515e,a2e8,a962,7fbe,3bd3,
7116,7111,a2e8,92b1,7fbe,4f49,
7117,6d11,8ae8,82b1,7fbe,aa54,
7118,8cbc,a2e8,92b1,7fbe,ed69,
7119,68c2,aa68,92f1,7fbe,fbb3,
7120,82ff,a2e8,de52,7fbe,4ce3,
7121,6115,a2e8,92b1,7fbe,e7c4,
7122,7d41,a2e8,92b1,7fbe,458a,
7123,7155,a2e8,92b1,7fbe,4b0d,
7124,e135,a2e8,92b1,7fbe,6da6,
7125,3f96,a2e8,92b1,7fbe,5ec3,
7126,0000,aaec,2030,7fbe,b281,
7127,4494,a2e8,e935,7fbe,7b84,
7128,486d,a2e8,92b1,7fbe,29fa,
7129,6155,a2e8,92b1,7fbe,bfd1,
7130,6155,a2e8,92b1,7fbe,b706,
7131,6155,a2e8,92b1,7fbe,0b43,
7132,0000,231d,92a1,7fbe,81d5,
7133,0000,b06f,92b1,7fbe,a83d,
7134,0000,56b2,92f1,7fbe,f4ba,
7135,0000,43aa,92e1,7fbe,e1e2,
7136,0f23,a2e8,92b1,7fbe,4ef4,
7137,e155,a2e8,92b1,7fbe,8b7f,
7138,b06c,a489,86b0,77be,97a3,
7139,7155,a2e8,92b1,7fbe,f453,
7140,0000,4057,700e,7fbe,e2bf,
7141,5554,a2e8,88bd,7fbe,1a0c,
7142,2545,a2e8,92b1,7fbe,ed54,
7143,0414,e2e8,92b1,7fbe,8f01,
7144,c3dd,a2e8,92b1,7fbe,caf0,
7145,6175,a2e8,92b1,7fbe,8151,
7146,d301,6088,92d1,7f9e,3a03,
7147,6555,a8e8,96b1,7fbe,3338,
7148,6111,a2e8,92b1,7fbe,7d47,
7149,3051,a2e8,92b1,7fbe,5b04,
7150,f895,a2a8,1b54,7fbe,89e5,
7151,482a,e2c0,83b1,7fbe,6b28,
7152,0000,826a,b574,7fbe,27c5,
7153,d796,a2e8,d880,7fbe,4a31,
7154,6377,a2f8,92b1,7fbe,6092,
7155,2855,a2e8,92b1,7fbe,7a58,
7156,0000,d414,90b1,7fbe,70fc,
7157,0000,a2e8,5fc8,7fbe,cd79,
7158,695d,a6a8,9291,7fbe,f1d4,
7159,7e31,aa6a,79a1,7fbe,eb10,
7160,4314,a2e8,1501,7fbe,87b0,
7161,b71d,cb33,b690,7fbe,11b8,
7162,69d6,ba89,9ab1,7fbe,8f8b,
7163,6553,a2e8,34f7,7fbe,a646,
7164,7d3c,a2e8,92b1,7fbe,1869,
7165,6155,a2e8,92b1,7fbe,89b5,
7166,d65c,bd12,96b1,7fbe,97fa,
7167,0000,cb49,9910,7fbe,0aa1,
7168,6155,a2e8,92b1,7fbe,e035,
7169,0000,6be1,5d82,7fbe,339e,
7170,2155,a2e8,92b1,7fbe,57f2,
7171,0000,34e1,0cb8,7fbe,9e09,
7172,5caa,a2e8,92b1,7fbe,11df,
7173,cf51,7447,4291,7fbe,66f4,
7174,1549,a2e0,628e,7fbe,f03f,
7175,3bb0,a3e8,92b1,7fbe,bac5,
7176,6154,a2e8,92b1,7fbe,17f1,
7177,b9d0,a0e8,93b1,7fbe,ab0e,
7178,364d,a2e8,aafb,7fbe,384a,
7179,6155,a2e8,92b1,7fbe,5b98,
7180,097c,6fcc,5d9d,7fbe,cf2c,
7181,0000,aae8,92b1,7fbe,1553,
7182,7534,a20a,92f0,7fbe,74c3,
7183,6155,a2e8,92b1,7fbe,1335,
7184,b2c9,20c8,d110,7fbe,43a1,
7185,6754,a2e8,92b1,7fbe,e054,
7186,1a0b,1792,9033,7fbe,f23c,
7187,cf3a,aaee,92b1,7fbe,5951,
7188,6138,a2e8,1bdf,7fbe,896e,
7189,2855,91df,92b1,7fbe,3337,
7190,6155,a2e8,92b1,7fbe,8ab8,
7191,ce29,a2e8,92b1,7fbe,ab0c,
7192,c77d,b2a8,9a11,7ffe,7dd6,
7193,e155,a2e8,92b1,7fbe,9f05,
7194,325f,a0d8,92a1,7fbe,163e,
7195,6195,a2e8,6ad4,7fbe,f865,
7196,6175,a2e8,92b1,7fbe,9689,
7197,0000,a260,1aee,7fbe,885f,
7198,7155,a2e8,92b1,7fbe,9504,
7199,0000,3eb9,9a10,7ffe,29b3,
7200,5492,a2e8,fc57,7fbe,6ee6,
7201,0000,a2ec,12b9,3fbe,7381,
7202,604d,e6e8,90b1,7fbe,200a,
7203,6155,a2e8,92b1,7fbe,c0e2,
7204,f187,a0e8,cef8,7fbe,5c49,
7205,611d,a2e8,92b1,7fbe,aa06,
7206,0000,4b20,02b2,7fbf,1e90,
7207,6155,a2e8,92b1,7fbe,f293,
7208,e925,e671,92b1,7fbe,4499,
7209,7455,a2e8,92b1,7fbe,3756,
7210,6055,a2e8,92b1,7fbe,04f8,
7211,6775,a2e8,b0b5,7fbe,2204,
7212,de9d,e2e8,b2b1,7fbe,b7e0,
7213,6115,a2e8,92b1,7fbe,cfea,
7214,6155,a2e8,92b1,7fbe,7c0e,
7215,470c,a2e8,1ca0,7fbe,8e11,
7216,abc5,a288,9291,7fbe,c2b8,
7217,6384,aa68,92f1,7fbe,cdc5,
7218,0000,4357,730e,7fbe,e1bf,
7219,d5fe,3ddf,0d86,7fbe,9f37,
7220,3111,a2e8,b561,7fbe,27d0,
7221,41ed,228b,9292,7fbf,9c8f,
7222,0000,02c5,92b1,7fbe,a02d,
7223,e315,a228,92f1,7fbe,d27f,
7224,6155,a2e8,92b1,7fbe,bdcb,
7225,6115,a2e8,92b1,7fbe,a04c,
7226,7f1d,b34c,8315,7fbe,11a4,
7227,b35b,a2e8,72d1,7fbe,e060,
7228,0000,bbad,92b1,7fbe,326e,
7229,3c08,a2e8,5b5b,7fbe,c9ea,
7230,0000,55d6,658f,7fbe,f73e,
7231,5008,a2e8,6819,7fbe,faa8,
7232,2676,ebea,d2b5,5fbe,dadf,
7233,6b17,b2e9,9ab1,7fbe,226d,
7234,2175,a2e8,92b1,7fbe,3fc2,
7235,29c5,aaca,59b8,7fbe,cb09,
7236,0626,4642,92b0,7fbe,e488,
7237,2135,a2e8,f678,7fbe,64c9,
7238,0000,db65,a271,7fbe,204f,
7239,0055,82e8,92b1,7fbe,a6de,
7240,7040,504d,92b1,7fbe,f2a5,
7241,0000,d371,9231,7fbe,6099,
7242,0000,1dc8,82b1,7fbe,8720,
7243,6555,a2e8,92b1,7fbe,f090,
7244,6155,a2e8,92b1,7fbe,f73d,
7245,d51f,a3ea,92b1,7fbe,b285,
7246,edc5,da5b,92b1,7fbe,78b3,
7247,2d9f,324a,daf1,7fbe,cc34,
7248,a557,26b8,9291,7fbe,5566,
7249,511e,22e9,12b1,7fbe,82eb,
7250,a076,82a8,aab1,6fbe,e0db,
7251,0000,a2e8,7f5d,7fbe,edec,
7252,6155,a2e8,92b1,7fbe,b6dd,
7253,2561,82e8,82b1,7fbe,f45e,
7254,6155,a2e8,92b1,7fbe,7ff5,
7255,0000,8095,b0cc,7fbe,227d,
7256,4a32,aaac,9ab3,7fbe,10a3,
7257,0000,a2e1,92b1,7fbe,18ee,
7258,0000,055e,291f,7fbe,2d65,
7259,6155,a2e8,92b1,7fbe,2e0c,
7260,7f08,a2e8,92b1,7fbe,1659,
7261,7555,a2e8,92b1,7fbe,982a,
7262,5959,7c58,92b1,7fbe,deb0,
7263,c8e5,80ca,b093,7fbe,2222,
7264,1b81,a3e8,92b1,7fbe,6a58,
7265,6155,a2e8,92b1,7fbe,296f,
7266,c27d,a2e8,64f7,7fbe,f646,
7267,2564,a2e8,72bb,7fbe,e00a,
7268,6155,a2e8,92b1,7fbe,061a,
7269,6154,a2e8,92b1,7fbe,3aeb,
7270,6155,a2e8,92b1,7fbe,6d57,
7271,0000,a02a,82f0,77be,6c83,
7272,6155,a2e8,92b1,7fbe,074b,
7273,4a38,a2e8,92b1,7fbe,236d,
7274,7c1f,a2e8,92b1,7fbe,1f4a,
7275,0242,a2e8,92b1,7fbe,6357,
7276,78f2,e2e8,92b1,7fbe,96e9,
7277,f910,abd5,92b1,7fbe,093d,
7278,73b3,9988,92b1,7fbe,3b60,
7279,6115,a2e8,92b1,7fbe,3084,
7280,615d,a2e8,92b1,7fbe,f38f,
7281,515f,a2e8,e8d2,7fbe,7a63,
7282,e215,a2e8,92b1,7fbe,7c4c,
7283,2e4e,a2e8,92b1,7fbe,4f98,
7284,4e16,e4c8,12b1,7fbe,ecc1,
7285,db86,a2e8,02eb,7fbe,905a,
7286,ac14,a2e8,be16,7fbe,2ca7,
7287,5111,a2e8,92b1,7fbe,c007,
7288,b525,a2e9,19fd,7fbe,8b4c,
7289,eebf,2802,7539,7fbe,e788,
7290,215d,62f9,12b1,7fbe,3629,
7291,63d5,a2e8,7efd,7fbe,ec4c,
7292,82d5,d2f8,b2b9,7fbe,9273,
7293,6355,a2e8,92b1,7fbe,429f,
7294,5161,a2e8,9827,7fbe,0a96,
7295,7813,aae8,ed9d,7fbe,7f2c,
7296,6155,a2e8,92b1,7fbe,b81e,
7297,0000,de48,b039,7fbe,3bb0,
7298,cb38,8248,82f1,7fbe,f59d,
7299,0000,65a1,d2d4,5fbe,e66f,
7300,4311,a2e8,f2dc,7fbe,606d,
7301,0000,8fe2,9d33,7fbe,0f82,
7302,0000,f0bc,caf1,7fbe,eadd,
7303,6145,a2e8,92b1,7fbe,b20b,
7304,2f18,7178,92f1,7fbe,db50,
7305,2479,b2e2,82b5,7fbe,934f,
7306,23ac,2e0e,92d1,7fbf,e4c8,
7307,b695,a2e8,7790,7fbe,e521,
7308,7155,a2e8,92b1,7fbe,7786,
7309,0000,64ea,92b0,77be,7c00,
7310,0000,3b93,3a13,7fbe,748b,
7311,6115,a2e8,92b1,7fbe,060a,
7312,0000,742b,bad6,7fbe,af48,
7313,0000,65d8,5581,7fbe,c730,
7314,decf,a2e8,92b1,7fbe,b7da,
7315,7b15,a2e8,92b1,7fbe,2ab2,
7316,c237,aac8,4322,7fbe,d193,
7317,515d,a2e8,92b1,7fbe,b042,
7318,0000,98cd,a894,7fbe,3a25,
7319,0000,791a,5127,7fbe,7d4b,
7320,3877,a2e8,77a9,7fbe,e518,
7321,d214,095d,92b1,7fbe,abb5,
7322,0000,2e67,96a9,7fbe,47a7,
7323,4155,a2e8,92b1,7fbe,b4ab,
7324,f155,a2e8,92b1,7fbe,df71,
7325,0000,7864,e3b1,5fbe,a3ed,
7326,6d92,a2e8,abf4,7fbe,3945,
7327,61d5,a2e8,92b1,7fbe,072d,
7328,6055,a2e8,92b1,7fbe,2a90,
7329,6155,a2e8,92b1,7fbe,5e60,
7330,289d,2ee8,d338,7fbe,4589,
7331,0000,f3e2,c38d,7fbe,d67a,
7332,6157,a2e8,92b1,7fbe,90cc,
7333,8f35,62e9,12b1,7fbe,1780,
7334,25c5,9ae8,82b1,7fbe,ec8d,
7335,0000,0b6e,2019,7fbe,f51c,
7336,5871,a2f9,12b1,7fbe,d962,
7337,0000,eb93,da32,7fbe,d81c,
7338,a94f,0a84,3add,7fbe,a86c,
7339,6145,a2e8,92b1,7fbe,d346,
7340,2940,f3b1,82b1,7fbe,6159,
7341,6093,a2e8,0173,7fbe,93c2,
7342,7151,a2e8,92b1,7fbe,45f3,
7343,2f24,aae9,82b0,77be,43a4,
7344,6045,a2d8,92a1,7fbe,3259,
7345,4155,a2e8,92b1,7fbe,1e49,
7346,4529,a288,9291,7fbe,928b,
7347,a9c2,a2e8,92b1,7fbe,ea9f,
7348,e4ad,40e8,d2b1,7fbe,358c,
7349,6151,a2e8,92b1,7fbe,2d95,
7350,f815,a2ea,5c96,7fbe,ce27,
7351,4a36,b2e8,3711,7fbe,a5a0,
7352,1283,5e96,c3a5,7fbe,1c50,
7353,0000,a0f8,10b1,7fbe,884b,
7354,0000,bb84,0093,7fbe,6f1b,
7355,275d,a2e8,bc26,7fbe,2e97,
7356,6154,a2e8,92b1,7fbe,a5d2,
7357,6915,a2e8,92b1,7fbe,8f79,
7358,1a9d,f91f,d3b5,7fbe,b873,
7359,6155,a2e8,92b1,7fbe,4d81,
7360,62b1,e4e8,90b1,7fbe,6631,
7361,0000,b5d3,90b9,7fbe,522b,
7362,6155,a2e8,92b1,7fbe,abae,
7363,3164,a2f8,92b1,7fbe,f092,
7364,211f,26e9,10b1,7fbe,c266,
7365,2f35,5659,92b1,7fbe,f4b1,
7366,0355,a2e8,ae7f,7fbe,3cce,
7367,0000,e41c,82f0,7fbe,e657,
7368,6105,a2e8,92b1,7fbe,7adf,
7369,6155,a2e8,92b1,7fbe,ecff,
7370,b9d5,a2ac,92b3,7fbe,14ab,
7371,6155,a2e8,92b1,7fbe,8c74,
7372,6155,a2e8,92b1,7fbe,08cb,
7373,615d,a2e8,92b1,7fbe,5d28,
7374,e1f5,a2e8,92b1,7fbe,9e6b,
7375,615d,a2e8,92b1,7fbe,e7c8,
7376,f315,a2e8,92b1,7fbe,e28c,
7377,0000,27b8,36e9,7fbe,8458,
7378,6157,a2e8,92b1,7fbe,d7b0,
7379,6155,a2e8,92b1,7fbe,33d7,
7380,0000,5792,bab1,7fbe,857b,
7381,0b4d,a2e8,e365,7fbe,71d4,
7382,6364,a2e8,1e33,7fbe,8c82,
7383,6147,a2ee,92b3,7fbe,f050,
7384,6175,a2e8,92b1,7fbe,24ef,
7385,d4c8,6f81,8a91,7fbe,ed29,
7386,e47a,20c8,c5db,7fbe,576a,
7387,2b41,48c0,b0f8,7fbe,2249,
7388,0000,06c0,b2b1,7fbe,f42c,
7389,32fd,a2e8,7e88,7fbe,ec39,
7390,6147,a2e8,936e,7fbe,01df,
7391,cc10,55e2,65bb,7fbe,f70a,
7392,0000,0517,82b1,7fbe,9fff,
7393,f21a,a2d8,92a1,7fbe,1f7e,
7394,354c,a2e8,7cda,7fbe,ee6b,
7395,7074,8955,9ab3,7fbe,3bbb,
7396,6155,a2e8,92b1,7fbe,c215,
7397,615d,a2e8,92b1,7fbe,ed90,
7398,7151,a2e8,92b1,7fbe,bf84,
7399,0000,2d22,82a1,7fbe,bfda,
7400,cb39,1e41,8231,7fbe,8da9,
7401,0000,bd1b,1c9a,7fbe,8595,
7402,4957,b3a8,9231,7fbe,3f50,
7403,6355,a2e8,92b1,7fbe,485e,
7404,6155,a2e8,92b1,7fbe,7ef0,
7405,7545,a2e8,92b1,7fbe,7f89,
7406,ab20,a2e8,92b1,7fbe,ca75,
7407,2145,a2e8,92b1,7fbe,00cc,
7408,e155,e5e8,90b1,7fbe,c8fe,
7409,baf9,a2e8,92b1,7fbe,dbac,
7410,6955,a2e8,92b1,7fbe,1398,
7411,6155,a2e8,92b1,7fbe,46bc,
7412,49d7,a2e8,92b1,7fbe,28cf,
7413,6055,a2e8,92b1,7fbe,481a,
7414,0000,7326,90b1,7ebe,89da,
7415,0d1c,a36c,9231,7fbe,83a2,
7416,1828,16d1,d2b1,7fbe,7631,
7417,5867,9a7b,aa22,7fbe,3893,
7418,22c2,6285,92b0,7fbe,404f,
7419,6f16,a2e8,5edb,7fbe,cc6a,
7420,4084,a2e8,4d50,7fbe,dfe1,
7421,415c,2666,90b1,7fbe,808e,
7422,4114,a2e8,92b1,7fbe,918e,
7423,a906,aea8,9691,7fbe,a9ae,
7424,6155,a2e8,92b1,7fbe,92b1,
7425,7155,a2e8,92b1,7fbe,f0d0,
7426,7115,a2e8,92b1,7fbe,13e0,
7427,6306,e5cd,9ab1,7fbe,5f25,
7428,6911,a2e8,92b1,7fbe,a36a,
7429,6155,a2e8,92b1,7fbe,75b7,
7430,6155,a2e8,92b1,7fbe,2877,
7431,6155,a2e8,92b1,7fbe,c46a,
7432,61f5,a2e8,92b1,7fbe,df88,
7433,689f,a2e8,92b1,7fbe,098a,
7434,0000,306e,cbb5,7fbe,9c7f,
7435,837f,a2e8,92b1,7fbe,e20a,
7436,2bcd,b2e8,9ab1,7fbe,2a0b,
7437,6155,a2e8,92b1,7fbe,0dd2,
7438,769b,a2e8,8567,7fbe,17d6,
7439,6157,a2e8,92b1,7fbe,ba5a,
7440,6055,a2e8,92b1,7fbe,9500,
7441,0000,efa1,92f1,7fbe,4dab,
7442,6010,a2e8,92b1,7fbe,739d,
7443,d4e2,0fa5,2ffc,7fbe,b54d,
7444,e551,a0d8,92a1,7fbe,399f,
7445,0000,2271,90ac,7fbe,021d,
7446,a89b,a2e8,92b1,7fbe,cdce,
7447,0000,b3ed,b2b9,7fbe,7015,
7448,7a9d,a3ec,92b1,7fbe,0108,
7449,6175,a2e8,92b1,7fbe,06f6,
7450,47be,f739,c760,7fbe,55d1,
7451,6155,a2e8,92b1,7fbe,68b9,
7452,ba6d,e2e8,92b1,7fbe,1bf2,
7453,0000,a2cb,92b0,7fbe,aad6,
7454,8221,a2e8,92b1,7fbe,f334,
7455,7220,a2e8,e28b,7fbe,703a,
7456,7155,a2e8,92b1,7fbe,cf98,
7457,0000,c53e,9bd0,7fbe,d975,
7458,e155,a2e8,92b1,7fbe,b3ef,
7459,6504,a2e8,92b1,7fbe,e4ee,
7460,0000,d44a,e413,7fbe,76a2,
7461,7156,a2e8,92b1,7fbe,26d7,
7462,4513,a2e8,92b1,7fbe,ac06,
7463,364d,a2e8,aafb,7fbe,384a,
7464,62c8,a2e8,92b1,7fbe,13bd,
7465,0000,00e0,61d7,7fbe,f366,
7466,91ef,e4a8,90b1,7fbe,af62,
7467,e172,a2e8,92f1,7fbe,1892,
7468,6955,a2e8,92b1,7fbe,4d23,
7469,77d0,a7ef,b233,6fbe,a36e,
7470,7155,a2e8,92b1,7fbe,f632,
7471,7521,a2e8,7d75,7fbe,efc4,
7472,0000,c2b8,90b1,7fbe,6650,
7473,7059,a2f0,92b9,7fbe,3f1b,
7474,d883,a2e8,92b1,7fbe,39d6,
7475,5bd1,b5a8,9031,7fbe,5cae,
7476,6155,a2e8,92b1,7fbe,faaa,
7477,6917,a2e8,92b1,7fbe,59db,
7478,4b1c,e4e8,90b1,7fbe,ba0a,
7479,7515,92e8,82b1,7fbe,aa19,
7480,6155,a2e8,92b1,7fbe,516a,
7481,610d,a2e8,8e8c,7fbe,1c3d,
7482,a792,aaec,92b1,7fbe,e048,
7483,7151,a2e8,92b1,7fbe,7f12,
7484,6115,a2e8,92b1,7fbe,c1bd,
7485,6155,a2e8,92b1,7fbe,6ccc,
7486,4151,a2e8,92b1,7fbe,14e8,
7487,2015,a2e8,92b1,7fbe,c028,
7488,6155,a2e8,92b1,7fbe,a170,
7489,0215,2ae8,94b1,7fbe,81bb,
7490,738e,a2e8,64bf,7fbe,f60e,
7491,6564,8aea,82b1,7fbe,5e23,
7492,0000,c6b9,13b1,7fbe,4640,
7493,0eb9,2088,644f,7fbe,f6fe,
7494,1f83,a374,92b1,7fbe,019c,
7495,6355,a2e8,92b1,7fbe,c36b,
7496,9399,a2e8,92b1,7fbe,f0cc,
7497,215d,a2e8,92b1,7fbe,770f,
7498,08b6,22e0,d2b1,7fbe,a10b,
7499,3a2f,a2e8,92b1,7fbe,fb3a,
7500,0000,1f47,2f1e,7fbe,bdaf,
7501,4302,a688,9291,7fbe,b04b,
7502,0000,aee8,ca6d,7fbe,5cdc,
7503,6175,a2e8,92b1,7fbe,e703,
7504,41d7,a2e8,92b1,7fbe,bedd,
7505,9351,22e0,d2b1,7fbe,944f,
7506,515d,a2f8,92b9,7fbe,9b1b,
7507,7111,a2e8,92b1,7fbe,4bee,
7508,41cd,4480,92b1,7fbe,e668,
7509,819d,4ba9,92b1,7fbe,e941,
7510,68f8,a2e8,4911,7fbe,dba0,
7511,a24d,e2d0,92a1,7fbe,4e8a,
7512,8088,a2e8,92b1,7fbe,65cd,
7513,3ac1,a2e8,83bd,7fbe,110c,
7514,61b4,ab9c,92b1,7fbe,0974,
7515,f252,a2e8,a57b,7fbe,37ca,
7516,0000,a3fc,92b9,7fbe,1560,
7517,7adb,a8f0,96b9,7fbe,1302,
7518,0000,75d4,9621,7fbe,dedc,
7519,6113,a2e8,92b1,7fbe,4ffa,
7520,b101,a2e8,92b7,7fbc,7e05,
7521,a10a,0a6c,d2a1,7fbe,2abc,
7522,6115,a2e8,92b1,7fbe,3fe6,
7523,a328,a0c8,92a1,7fbe,656f,
7524,7355,a2e8,92b1,7fbe,c798,
7525,7155,a2e8,92b1,7fbe,063d,
7526,0000,887f,00bd,7fbe,5d3c,
7527,6d94,822f,bab3,6fbe,1a03,
7528,9ede,a2e8,92b1,7fbe,fd8b,
7529,2911,a2e8,3e09,7fbe,acb8,
7530,6155,a2e8,92b1,7fbe,9290,
7531,4155,a2e8,92b1,7fbe,aec0,
7532,9ae9,33cc,5e24,7fbe,cc95,
7533,2145,a2e8,92b1,7fbe,494b,
7534,7179,c2ec,b2b1,7fbe,ce9d,
7535,e7d3,a6e8,92b1,7fbe,113a,
7536,f31c,a2e8,4c9f,7fbe,de2e,
7537,6155,a2e8,92b1,7fbe,d4e4,
7538,6155,a2e8,92b1,7fbe,019b,
7539,455d,a2e8,5c67,7fbe,ced6,
7540,a7ec,a2e8,92b1,7fbe,d739,
7541,6353,a2e8,92b1,7fbe,c732,
7542,405c,a2e8,92b1,7fbe,f2c9,
7543,e781,a2e8,12e0,7fbe,8051,
7544,7411,a2e8,d6e1,7fbe,4450,
7545,0000,a2e8,fab6,7fbe,6807,
7546,0000,5450,92b1,7fbe,adb4,
7547,7555,a2e8,92b1,7fbe,ab4c,
7548,da12,4019,9ab1,7fbe,f2f1,
7549,6155,a2e8,92b1,7fbe,16ed,
7550,a2b2,8068,93b1,7fbe,74e2,
7551,7471,7c7f,4c26,7fbe,de97,
7552,6195,a2e8,92b1,7fbe,410e,
7553,2821,a2e8,92b1,7fbe,4974,
7554,e315,a2e8,92b1,7fbe,ef1c,
7555,6955,a2e8,92b1,7fbe,3dcb,
7556,0000,96cf,0255,7fbe,955c,
7557,611d,a2e8,92b1,7fbe,71c7,
7558,35f1,a2e8,92b1,7fbe,74b4,
7559,0000,8a6a,92b1,7fbe,4a8c,
7560,6155,a2e8,92b1,7fbe,9ac4,
7561,5062,a2e8,92b1,7fbe,3137,
7562,7661,a2e8,92b1,7fbe,1714,
7563,f51d,8754,98b1,7fbe,3bbc,
7564,92db,a2e8,92b1,7fbe,e68a,
7565,a915,b2e8,9ab1,7fbe,dbcb,
7566,2d68,a2ea,98ab,7fbe,0a1a,
7567,6145,a2e8,92b1,7fbe,b1db,
7568,6fe7,a2e8,de8a,7fbe,4c3b,
7569,6155,a2e8,92b1,7fbe,e9cd,
7570,9db5,92e8,82b1,7fbe,e866,
7571,cfdd,a2e8,92b1,7fbe,ae88,
7572,7070,a2e8,92b1,7fbe,f3fa,
7573,0000,5d3d,b2b1,7fbe,9ed1,
7574,6135,a2ea,92b0,7fbe,de1b,
7575,1ff9,e3e9,0085,7fbe,9234,
7576,0000,a2ab,c747,7fbe,55f6,
7577,a157,a2e8,9290,7fbe,0021,
7578,0000,f5fe,5f42,7fbf,268f,
7579,0000,e928,b4a9,7fbe,07fc,
7580,6155,a2e8,92b1,7fbe,88d6,
7581,0000,b5ce,a650,7fbe,461e,
7582,6575,a2e8,92b1,7fbe,dd29,
7583,0000,da32,82f1,7fbe,505a,
7584,d2da,8068,c5bc,7fbe,570d,
7585,5590,f605,9af1,7fbe,4c4d,
7586,6114,a2e8,92b1,7fbe,b972,
7587,03e6,2ae8,96b1,7fbe,449b,
7588,c76d,55bb,b221,7fbe,b6b3,
7589,b68c,a2e8,92b1,7fbe,d7d9,
7590,d2c0,01e8,92b1,7fbe,a2ae,
7591,6155,a2e8,92b1,7fbe,d269,
7592,215d,a2e8,92b1,7fbe,770f,
7593,23fa,a2e8,92b1,7fbe,4aaf,
7594,afad,9427,a47e,7fbe,36cf,
7595,0000,00a0,92b1,7fbe,3002,
7596,6055,a2e8,92b1,7fbe,476d,
7597,71d1,a2e8,92b1,7fbe,823d,
7598,6055,a2e8,92b1,7fbe,1857,
7599,115d,a2e8,0d69,7fbe,9fd8,
7600,6155,a2e8,92b1,7fbe,01d1,
7601,6155,a2e8,92b1,7fbe,f2ee,
7602,2545,a2e8,92b1,7fbe,6444,
7603,6115,a2e8,92b1,7fbe,4392,
7604,886d,e2e8,9398,7fbe,0129,
7605,d3dd,a2e8,b62f,7fbe,249e,
7606,0000,6a55,5a0d,7fbe,c8bc,
7607,655d,aae8,96b1,7fbe,0409,
7608,d582,a2e8,92b1,7fbe,b4d7,
7609,7144,a2e8,576f,7fbe,c5de,
7610,6014,aa28,92f1,7fbe,c076,
7611,6155,a2e8,92b1,7fbe,8847,
7612,0000,e265,be85,7fbe,9ef0,
7613,0000,0370,d3b0,ffbe,8bf1,
7614,0757,24e8,90b1,7fbe,4dd5,
7615,6145,a2e8,92b1,7fbe,fa25,
7616,6145,a2e8,92b1,7fbe,f2b2,
7617,d482,4b50,83f5,7fbe,ebb2,
7618,6155,a2e8,92b1,7fbe,e6fc,
7619,0000,219e,11c7,7fbe,8376,
7620,0000,4068,d3b1,7fbe,854f,
7621,86e9,b2e8,9ab1,7fbe,afbd,
7622,41d7,a2e8,92b1,7fbe,f465,
7623,6155,a2e8,92b1,7fbe,1de3,
7624,0000,ba6a,0cfe,7fbe,9e4f,
7625,88d7,a2e0,92b1,7fbe,ba92,
7626,0000,b2a6,06a0,7fbe,aa7f,
7627,e155,a2e8,92b1,7fbe,dfd8,
7628,0000,b629,92b1,7fbe,385d,
7629,67d7,a2e8,ca83,7fbe,5832,
7630,5b51,a2e8,e8f3,7fbe,7a42,
7631,e965,a2e8,92b1,7fbe,2ac5,
7632,0000,8a29,9231,7fbe,2945,
7633,6d17,bae8,9ab1,7fbe,96ae,
7634,f175,a2e8,92b1,7fbe,74d3,
7635,6055,a2e8,92b1,7fbe,e04a,
7636,b335,938e,92b1,7fbe,3166,
7637,65d4,a2e8,92b1,7fbe,c231,
7638,6155,a2e8,92b1,7fbe,f2ff,
7639,7905,82e8,c8d4,7fbe,5a65,
7640,7cf4,5971,9625,7fbe,e81d,
7641,6157,a2e8,92b1,7fbe,e9c7,
7642,6105,a2e8,92b1,7fbe,dd26,
7643,48e0,22e8,0e76,7fbe,9cc7,
7644,0000,5c22,9295,7fbe,fe22,
7645,7155,a2e8,92b1,7fbe,d2d2,
7646,6155,a2e8,92b1,7fbe,42f9,
7647,0000,7586,41f3,7fbe,e3b9,
7648,0000,6de4,12b7,7fbe,cf81,
7649,4155,a2e8,92b1,7fbe,0c8d,
7650,6155,a2e8,92b1,7fbe,a796,
7651,d9cf,a368,9231,7fbe,f09c,
7652,4155,a2e8,92b1,7fbe,1835,
7653,0000,a2e6,47a5,7fbe,28bd,
7654,0ff0,a2e8,92b1,7fbe,6ea5,
7655,0000,c3f4,51a5,7fbe,a525,
7656,61d5,a2e8,92b1,7fbe,7078,
7657,223d,e3db,92b1,7fbe,4133,
7658,22cd,a2e8,ef9e,7fbe,7d2f,
7659,6555,a2e8,92b1,7fbe,259f,
7660,0000,a2e0,2d16,7fbe,bfa7,
7661,0000,b9dd,d291,7fbe,db5d,
7662,6955,a2e8,92b1,7fbe,3fb1,
7663,6155,a2e8,92b1,7fbe,d589,
7664,414f,a2e8,92b1,7fbe,e118,
7665,6100,9281,02fd,7fbe,98f4,
7666,0000,913f,99b3,7fbe,24d1,
7667,15c0,a2e8,7024,7fbe,e295,
7668,6115,a2e8,92b1,7fbe,c7c1,
7669,e7fd,6a75,5a2c,7fbe,c89d,
7670,651f,ba89,9a91,7fbe,549b,
7671,6155,a2e8,92b1,7fbe,5636,
7672,6155,a2e8,92b1,7fbe,e8b2,
7673,6055,a2e8,92b1,7fbe,37c3,
7674,0000,e742,93b1,7fbe,66a2,
7675,715d,a2e8,92b1,7fbe,d2d6,
7676,4115,a2e8,92b1,7fbe,3d74,
7677,6155,a2e8,92b1,7fbe,1d03,
7678,f22c,a2e8,92b1,7fbe,a3fb,
7679,692f,a2e8,92b1,7fbe,291b,
7680,6155,a2e8,92b1,7fbe,4872,
7681,c337,a2e8,8d45,7fbe,1ff4,
7682,6007,e4f0,90b9,7fbe,b0de,
7683,0000,1ec3,8bbf,7fbe,8774,
7684,83a3,2b18,92b9,7fbe,89e0,
7685,213e,26a1,9291,7fbe,51e6,
7686,e155,a2e8,92b1,7fbe,fc5b,
7687,43df,a2e8,92b1,7fbe,77e1,
7688,6155,a2e8,92b1,7fbe,5c5c,
7689,6055,a2e8,92b1,7fbe,3b98,
7690,909a,a2e8,92b1,7fbe,71cf,
7691,4759,a2e8,41d6,7fbe,d367,
7692,6155,a2e8,92b1,7fbe,09a2,
7693,41d5,a2e8,92b1,7fbe,998b,
7694,6155,a2e8,92b1,7fbe,ea4b,
7695,dd41,b2aa,9239,7fba,4d36,
7696,6114,a2e8,92b1,7fbe,abdf,
7697,6145,a2e8,92b1,7fbe,07f5,
7698,695f,a2e8,92b1,7fbe,dd7b,
7699,e253,cc44,92b1,7fbe,6eac,
7700,6155,a2e8,92b1,7fbe,add5,
7701,0ade,aa68,92f1,7fbe,1ae7,
7702,f3d7,a2e8,e8e0,7fbe,7a51,
7703,6115,a2e8,92b1,7fbe,1f02,
7704,6177,a2ec,3c2a,7fbe,ae9b,
7705,fb1b,a2e8,92b1,7fbe,9a4a,
7706,3492,47d2,50b9,3fbe,b0b8,
7707,5739,f3e9,9231,7fbe,580e,
7708,3651,a2e8,6b9e,7fbe,f92f,
7709,7115,a2e8,92b1,7fbe,ff67,
7710,0000,0481,53b7,7fbe,2426,
7711,3259,a2e8,9ffd,7fbe,0d4c,
7712,0000,20e8,708d,7fbe,e23c,
7713,59c3,a2e8,e5af,7fbe,771e,
7714,6955,a2e8,92b1,7fbe,1616,
7715,5923,4a32,bab1,7fbe,b0da,
7716,d7ad,a2e8,92b1,7fbe,34f8,
7717,6155,a2e8,92b1,7fbe,c0ed,
7718,0000,7287,1291,7fbe,502f,
7719,6145,a2e8,92b1,7fbe,88a9,
7720,7112,a2e8,2aeb,7fbe,b85a,
7721,7155,a2e8,92b1,7fbe,4ecb,
7722,8d5a,9ac8,1a68,7fbe,88d9,
7723,0d97,a2e8,2672,7fbe,b4c3,
7724,6135,a2e8,92b1,7fbe,2479,
7725,ac87,20e0,92b1,7fbe,8b20,
7726,e7cb,e2e8,8668,7fbe,14d9,
7727,1d55,92ea,82b1,7fbe,1123,
7728,2115,a2e8,92b1,7fbe,da05,
7729,e155,a2e8,92b1,7fbe,3ac4,
7730,ea1a,b0e4,6590,7fbe,f721,
7731,6055,a2e8,92b1,7fbe,3316,
7732,f597,a2e8,92b1,7fbe,95c2,
7733,6914,a2e8,92b1,7fbe,f83b,
7734,7135,a2e8,92b1,7fbe,89e2,
7735,7155,a2e8,92b1,7fbe,c29d,
7736,6155,a2e8,92b1,7fbe,88c3,
7737,8f89,a2e8,92b1,7fbe,fedc,
7738,7155,a2e8,92b1,7fbe,9e91,
7739,e975,a2e8,92b1,7fbe,4e2f,
7740,eb7c,bae8,9ab1,7fbe,2f4e,
7741,7155,a2e8,92b1,7fbe,9614,
7742,6155,a2e8,92b1,7fbe,0fd4,
7743,0000,dac6,8ab1,77be,782e,
7744,95d3,c0e4,32b1,3fbe,5ca5,
7745,6955,a2e8,92b1,7fbe,6629,
7746,7353,9a59,92b1,7fbe,38b1,
7747,6155,a2e8,92b1,7fbe,85c7,
7748,a85a,a2e8,92b1,7fbe,cd0f,
7749,08db,a2ec,92b3,7fbe,2ff4,
7750,5159,a2e8,ad15,7fbe,3fa4,
7751,6157,a2e8,92b1,7fbe,c17b,
7752,792c,a2e8,92b1,7fbe,1879,
7753,411d,a2e8,92b1,7fbe,e56a,
7754,0000,e775,02d9,7fbe,3d1e,
7755,6155,a2e8,92b1,7fbe,2a9c,
7756,6155,a2e8,92b1,7fbe,b43d,
7757,7155,a2e8,92b1,7fbe,021c,
7758,5314,a2e8,92b1,7fbe,7081,
7759,5de7,e7c2,90a9,7fbe,9359,
7760,6155,a2e8,92b1,7fbe,06bf,
7761,6155,a2e8,92b1,7fbe,c224,
7762,0000,20a8,b702,7fbe,25b3,
7763,be1c,e3e8,c620,7fbe,5491,
7764,19d5,a2e8,397e,7fbe,abcf,
7765,e38e,a2e8,92b1,7fbe,8299,
7766,6155,a2e8,92b1,7fbe,b5bf,
7767,7355,a2e8,92b1,7fbe,f2db,
7768,6157,a2e8,92b1,7fbe,abd5,
7769,3977,a2e8,ce6c,7fbe,5cdd,
7770,e402,b7c9,97b1,7fbe,1f21,
7771,61d7,a2e8,92b1,7fbe,a95b,
7772,6155,a2e8,92b1,7fbe,d057,
7773,6154,a2e8,92b1,7fbe,7365,
7774,2989,a2e8,92b1,7fbe,499c,
7775,af85,31a3,02b0,ffbe,336d,
7776,c414,2eb8,1291,7fbe,3e03,
7777,6155,a2e8,92b1,7fbe,dea9,
7778,6911,a2e8,b241,7fbe,20f0,
7779,a204,a2e8,92b1,7fbe,e351,
7780,0000,81eb,1b93,7fbe,bc1d,
7781,7155,a2e8,92b1,7fbe,44ac,
7782,6315,a2e8,92b1,7fbe,ea0c,
7783,0000,28a6,82a6,7fbe,bafb,
7784,715d,a2e8,92b1,7fbe,ca3d,
7785,0000,85a3,f3a9,7fbe,c57b,
7786,0000,9e2b,9031,7fbe,a943,
7787,42d8,80ec,93b1,7fbe,c522,
7788,9344,a0e8,4130,7fbe,d381,
7789,611e,a2e8,92b1,7fbe,52a0,
7790,411c,a2e8,92b1,7fbe,33c6,
7791,2547,a2e8,92b1,7fbe,3eda,
7792,e155,a2e8,92b1,7fbe,c4ce,
7793,415d,a2e8,92b1,7fbe,b666,
7794,f812,a2e8,92b1,7fbe,9943,
7795,7105,a2e8,92b1,7fbe,e5da,
7796,6515,a2e8,92b1,7fbe,4d3e,
7797,19cd,a2e8,7e59,7fbe,ece8,
7798,30a9,8742,b71b,7fbe,25aa,
7799,6155,a2e8,92b1,7fbe,04b5,
7800,2174,eed5,92b1,7fbe,4c3d,
7801,6155,a2e8,92b1,7fbe,619c,
7802,2da5,a2e8,92b1,7fbe,4cf0,
7803,6157,a2e8,92b1,7fbe,c2ad,
7804,2083,a2e8,92b1,7fbe,4157,
7805,69d3,aae8,96b1,7fbe,dd06,
7806,7111,a2e8,92b1,7fbe,4bee,
7807,6555,a2e8,92b1,7fbe,7a46,
7808,505c,2368,92b1,7fbe,b53e,
7809,7f1d,b34c,8315,7fbe,11a4,
7810,6545,a2e8,92b1,7fbe,f1a2,
7811,e155,a2e8,92b1,7fbe,4374,
7812,2145,a2e8,92b1,7fbe,ddd5,
7813,9aef,a2e8,2b57,7fbe,b9e6,
7814,0000,3b93,3a13,7fbe,748b,
7815,7355,a2e8,92b1,7fbe,8bdb,
7816,611d,b2e8,8490,7fbe,1621,
7817,6155,a2e8,92b1,7fbe,ae4c,
7818,789b,a2e8,cb8b,7fbe,593a,
7819,4ea9,a2e8,92b1,7fbe,2ffd,
7820,413c,a2e8,92b1,7fbe,2069,
7821,6155,a2e8,92b1,7fbe,fc79,
7822,a4d3,a2e8,f7b1,7fbe,6500,
7823,6155,a2e8,92b1,7fbe,2adb,
7824,0000,b725,de03,7fbe,e9c0,
7825,6155,a2e8,92b1,7fbe,d10e,
7826,03c6,a2e8,92b1,7fbe,6293,
7827,6115,a2e8,92b1,7fbe,309a,
7828,6155,a2e8,92b1,7fbe,c19a,
7829,7155,a2e8,92b1,7fbe,9eef,
7830,6155,a2e8,92b1,7fbe,1fda,
7831,6355,a2e8,4409,7fbe,d6b8,
7832,0000,b780,92a1,7fbe,e412,
7833,6515,a2e8,92b1,7fbe,b9c8,
7834,7155,a2e8,92b1,7fbe,e51a,
7835,69d5,a2e8,92b1,7fbe,660a,
7836,6115,a2e8,92b1,7fbe,df28,
7837,375e,3a61,97b0,7fbe,96ab,
7838,434c,aac0,96a1,7fbe,6c64,
7839,2145,a2e8,92b1,7fbe,3a3c,
7840,f95c,a2e8,918e,7fbe,033f,
7841,2151,a2e8,92b1,7fbe,a698,
7842,6632,a2e8,92b1,7fbe,87eb,
7843,56d9,a2e8,92b1,7fbe,379c,
7844,605f,a2e8,92b1,7fbe,207a,
7845,6143,a2e8,8a79,7fbe,18c8,
7846,6055,a2e8,92b1,7fbe,85d1,
7847,6155,a2e8,92b1,7fbe,6df4,
7848,b83c,a2e8,91fd,7fbe,034c,
7849,3c65,123b,1391,7fbe,f3b2,
7850,71b0,fa9e,92b1,7fbe,5876,
7851,6155,a2e8,92b1,7fbe,fdb3,
7852,6145,a2e8,92b1,7fbe,c9ff,
7853,6957,a2e8,92b1,7fbe,8672,
7854,cd4c,e328,b231,7fbe,e711,
7855,0000,4d1a,82d6,7fbf,e5b2,
7856,61d7,a2e8,92b1,7fbe,ad04,
7857,0000,90c9,82e0,77be,4833,
7858,6896,a2e8,92b1,7fbe,7002,
7859,f555,a2ec,92b3,7fbe,c20c,
7860,6137,b2a9,9ab1,7fbe,55d7,
7861,2055,a2e8,92b1,7fbe,a4c0,
7862,384c,20eb,96b0,7fbe,71ce,
7863,61d5,a2e8,92b1,7fbe,1ffa,
7864,0000,56aa,56f3,7fbe,d442,
7865,0000,f6d5,e37f,7fbe,c74d,
7866,0000,9f14,dfa1,7fbe,c6dd,
7867,818c,8df8,d3a1,7fbe,ad30,
7868,0000,28c0,7c01,7fbe,eeb0,
7869,e364,a6a8,9291,7fbe,15a2,
7870,d35f,b2ec,4bfe,7fbe,d94f,
7871,6151,a2e8,92b1,7fbe,5a99,
7872,93f4,c3ec,92b3,7fbe,c867,
7873,6114,a2e8,92b1,7fbe,d9e3,
7874,0000,498d,d6a1,7fbe,6545,
7875,6155,a2e8,92b1,7fbe,607a,
7876,615d,a2e8,92b1,7fbe,4e73,
7877,6115,a2e8,92b1,7fbe,10ae,
7878,6155,a2e8,92b1,7fbe,bf8c,
7879,3043,d2ec,b2b1,7fbe,af5b,
7880,5430,4160,d3b5,7fbe,3eea,
7881,0000,a2e8,da5e,7fbe,48ef,
7882,0000,d16c,e3b5,5fbe,7bde,
7883,0000,c706,00d0,7fbe,0b08,
7884,6155,a2e8,92b1,7fbe,5870,
7885,6157,a2e8,92b1,7fbe,d8c8,
7886,7055,a2ee,92b3,7fbe,6568,
7887,0000,bf86,92b1,7fbe,37e2,
7888,0000,baea,f62a,7fbe,a130,
7889,1bf2,c3ec,b2b1,7fbe,7e8b,
7890,4990,a3e8,9231,7fbe,59d9,
7891,61c1,a2e8,a5b3,7fbe,3702,
7892,6167,a2e8,0075,7fbe,92c4,
7893,0000,20ca,96b0,7fbe,5ff5,
7894,6155,a2e8,92b1,7fbe,6c6d,
7895,01d5,a2e8,843b,7fbe,168a,
7896,0000,1fec,86b3,7fbe,0703,
7897,0000,63f0,92b1,7fbe,4dfa,
7898,1149,a2e8,9193,7fbe,0322,
7899,51f0,22e9,12b1,7fbe,cead,
7900,6155,a2e8,92b1,7fbe,c34b,
7901,69d7,a2e8,92b1,7fbe,a417,
7902,7151,a2e8,92b1,7fbe,d142,
7903,6155,a2e8,92b1,7fbe,9d31,
7904,0000,d829,c8f2,7fbe,5a43,
7905,7977,a2e8,149f,7fbe,862e,
7906,0000,d885,80b9,7fbe,5d77,
7907,6157,a2e8,92b1,7fbe,89d6,
7908,61d3,0ee0,86b5,7fbe,8368,
7909,6311,a264,92b5,7fbe,b0eb,
7910,70f3,a2e8,6fa7,7fbe,fd16,
7911,0000,8b42,3b3a,7fbe,a98b,
7912,243b,a2a8,92b1,7fbe,55ae,
7913,0000,a256,98b1,7fbe,55bf,
7914,0000,da32,82f1,7fbe,505a,
7915,7d7b,a2e8,92b1,7fbe,5c6d,
7916,1369,aae0,92b5,7fbe,f504,
7917,0000,e685,90d1,7fbe,42cd,
7918,0000,7fa1,323b,7fbe,ed58,
7919,6155,a2e8,92b1,7fbe,61ef,
7920,d07b,a2e8,e0f7,7fbe,7246,
7921,6555,a2e8,92b1,7fbe,cf59,
7922,6155,a2e8,92b1,7fbe,079c,
7923,7458,2a4b,5082,7fbe,c233,
7924,0000,4772,772b,7fbe,e59a,
7925,ecc1,2268,d2b1,7fbe,ddd4,
7926,113b,82e8,2b8b,7fbe,b93a,
7927,6063,e2a8,91b1,7ebe,e18c,
7928,0000,2c7a,1c23,7fbe,8e92,
7929,0000,aae8,4eb5,7fbe,d804,
7930,4354,694f,5916,7fbe,cba7,
7931,6114,a2e8,92b1,7fbe,70b0,
7932,6155,a2e8,92b1,7fbe,c438,
7933,c8ae,a2e8,7a4a,7fbe,e8fb,
7934,0000,e9a5,9231,7fbe,5a0d,
7935,6ddc,c479,f420,7fbe,6691,
7936,f548,aaea,92b0,7fbe,c19f,
7937,6055,a2e8,92b1,7fbe,9178,
7938,4155,a2e8,92b1,7fbe,333d,
7939,b014,02e8,d2b1,7fbe,bd04,
7940,a041,a0c8,92a1,7fbe,e804,
7941,0000,c9a9,b8b0,7fbe,2a01,
7942,0000,efdb,d2a1,7fbe,ed1b,
7943,6114,a2e8,92b1,7fbe,eb1f,
7944,6155,a2e8,92b1,7fbe,1094,
7945,0000,a424,f2b3,7fbe,c6c8,
7946,ecb3,b2b8,92b1,7fbe,6746,
7947,d7c0,a2e8,1e3f,7fbe,8c8e,
7948,6d55,a688,9291,7fbe,9faa,
7949,0000,dbde,be33,7fbe,348c,
7950,01cd,e4e8,90b1,7fbe,72fb,
7951,6175,a2e8,92b1,7fbe,822c,
7952,c934,a2e4,92b5,7fbe,a122,
7953,e805,a2e8,92b1,7fbe,f974,
7954,a565,a2e8,0b1e,7fbe,99af,
7955,6151,a2e8,92b1,7fbe,7d72,
7956,a641,82e8,92b1,7fbe,f210,
7957,0000,eee7,debe,7fbe,4c0f,
7958,0000,61bf,51e6,7fbe,c357,
7959,4709,c345,a3f3,7f3e,1573,
7960,0000,002a,d2b1,7fbe,22c2,
7961,0000,fcfc,0ec1,7f9e,caeb,
7962,75a8,a2e8,1b0c,7fbe,89bd,
7963,e35d,a2e8,92b1,7fbe,d0f4,
7964,6155,a2e8,92b1,7fbe,46e4,
7965,6195,a2e8,92b1,7fbe,8443,
7966,6155,a2e8,92b1,7fbe,38ee,
7967,2105,a2e0,92b1,7fbe,9918,
7968,6955,a2e8,92b1,7fbe,0f10,
7969,3941,72da,9ab1,7fbe,c833,
7970,d755,a2e8,3b09,7fbe,a9b8,
7971,71d1,a2e8,92b1,7fbe,f680,
7972,0000,a9f1,99a8,7fbe,0b19,
7973,0000,7b57,1a91,7fbe,4dfe,
7974,6355,a2e8,92b1,7fbe,e34d,
7975,6355,a2e8,92b1,7fbe,5f09,
7976,0000,4e9d,82b7,7fbe,ecba,
7977,6115,a2e8,92b1,7fbe,fcbd,
7978,6155,a2e8,92b1,7fbe,4e2d,
7979,9071,a32c,9231,7fbe,29ad,
7980,7155,a2e8,92b1,7fbe,0c11,
7981,e355,a2e8,92b1,7fbe,db0a,
7982,6155,a2e8,92b1,7fbe,a97b,
7983,735d,a2e8,92b1,7fbe,1208,
7984,6555,a2e8,92b1,7fbe,b232,
7985,0000,8a42,d208,7fbe,40b9,
7986,a114,a2e8,92b1,7fbe,f348,
7987,1f2c,116c,2135,7fbe,b384,
7988,6115,a2e8,92b1,7fbe,6c2e,
7989,6155,a2e8,92b1,7fbe,9d88,
7990,7155,a2e8,92b1,7fbe,15ae,
7991,0000,a8c0,92b1,7fbe,c5bb,
7992,7a62,2dfe,92b1,7fbe,8f16,
7993,2935,a2e8,92b1,7fbe,c15d,
7994,0000,a2e8,8626,7fbe,1497,
7995,0000,0d44,3d1d,7fbe,afac,
7996,a535,a2e8,92b1,7fbe,d468,
7997,2074,a2e8,92b1,7fbe,4101,
7998,6355,a2e8,92b1,7fbe,ba4b,
7999,415e,b2a8,92b1,7fbe,8e64,
8000,e355,a2e8,92b1,7fbe,0b05,
8001,c6d0,8a0b,8291,7fbe,fd3e,
8002,d78d,e2e8,656b,7fbe,f7da,
8003,617d,a6a8,9291,7fbe,7ed0,
8004,61d5,a2e8,92b1,7fbe,9e55,
8005,0111,a2e8,92b1,7fbe,6004,
8006,7155,a2e8,92b1,7fbe,3eb2,
8007,6117,a2e8,92b1,7fbe,3b87,
8008,3387,72b0,90b9,7fbe,d648,
8009,6157,a2e8,92b1,7fbe,d4dd,
8010,018d,62f9,12b1,7fbe,d248,
8011,7215,a2e8,92b1,7fbe,2383,
8012,0000,43e3,1681,7fbe,2f52,
8013,8071,a2e8,1abc,7fbe,880d,
8014,0000,541e,1891,7fbe,26b7,
8015,6175,a2e8,92b1,7fbe,3ce3,
8016,de0e,2ce8,96b1,7fbe,361b,
8017,41d5,a2e8,92b1,7fbe,39a2,
8018,6155,a2e8,92b1,7fbe,ffc3,
8019,4e9b,27d7,a2b1,7fbe,ed3f,
8020,e1d3,a2e8,0148,7fbe,93f9,
8021,6d88,a2e8,92b1,7fbe,0cdd,
8022,0000,48ee,78b7,7fbe,ea06,
8023,6155,a2e8,92b1,7fbe,2f2c,
8024,0000,8ec9,b293,6fbe,52c2,
8025,7154,a2e8,92b1,7fbe,f2ac,
8026,6315,a2e8,92b1,7fbe,a87f,
8027,6939,a2e8,3b6f,7fbe,a9de,
8028,68d5,a2e8,92b1,7fbe,b621,
8029,0000,5f34,6f6d,7fbe,eddc,
8030,0000,130d,92b1,7fbe,f8a7,
8031,ea85,a2e8,92b1,7fbe,8b90,
8032,0000,18c2,c2b1,5fbe,6b66,
8033,9c40,bdcb,d2b1,7fbe,9f23,
8034,0000,7d04,5a83,7fbe,05f0,
8035,4024,a269,ec99,7fbe,7e28,
8036,0000,60e9,109d,7fbe,c6f8,
8037,5c5b,a3e8,92b1,7fbe,bbab,
8038,6155,a2e8,92b1,7fbe,ab4d,
8039,03b2,aae8,92b1,7fbe,52c6,
8040,9075,82e0,07f6,7fbe,9547,
8041,0696,3228,92f1,7fbe,5e80,
8042,7155,a2e8,92b1,7fbe,17bf,
8043,e105,a2f9,12b1,7fbe,9e02,
8044,e197,a2e8,92b1,7fbe,268c,
8045,2155,a2e8,92b1,7fbe,2bd8,
8046,6175,a2e8,92b1,7fbe,177d,
8047,0000,a2a8,78db,7fbe,ea6a,
8048,0187,a3f0,92b9,7fbe,e776,
8049,60d5,8168,93b1,7fbe,6d21,
8050,6155,a2e8,92b1,7fbe,c85d,
8051,0000,0481,53b7,7fbe,2426,
8052,6114,a2e8,92b1,7fbe,0ea1,
8053,f151,a2e8,92b1,7fbe,b3b7,
8054,0000,2641,1899,7fbe,d0d9,
8055,0000,aff8,9489,7fae,e1de,
8056,28ac,a2e8,92b1,7fbe,59e9,
8057,b786,82a8,9195,7fbe,0324,
8058,7217,a2ca,92b0,7fbe,4247,
8059,0000,b665,1099,7fbe,50fc,
8060,f314,a2e8,37c6,7fbe,a577,
8061,0000,7259,0295,7fbe,f0fa,
8062,6155,a2e8,92b1,7fbe,312e,
8063,6115,a2e8,92b1,7fbe,9428,
8064,6055,a2e8,92b1,7fbe,7fd6,
8065,1c1b,a16a,93b1,7fbe,703b,
8066,6155,a2e8,92b1,7fbe,1872,
8067,6dc8,a2e8,92b1,7fbe,1c9d,
8068,cfdb,a2e8,92b1,7fbe,ae8e,
8069,6155,a2e8,92b1,7fbe,fd1c,
8070,4cfd,a2e8,92b1,7fbe,2da8,
8071,6175,a2e8,92b1,7fbe,a76b,
8072,6479,a0e8,92b1,7fbe,1006,
8073,3508,a3f0,92b9,7fbe,e449,
8074,e097,a7e8,90b1,7fbe,a72c,
8075,0000,ba4d,8a14,7fbe,18a5,
8076,6312,a2e8,c896,7fbe,5a27,
8077,0f6d,a2e8,198c,7fbe,8b3d,
8078,6155,a2e8,92b1,7fbe,1329,
8079,2115,a2e8,92b1,7fbe,0319,
8080,9459,d9a5,e9fc,7fbe,7b4d,
8081,ee00,a2e8,92b1,7fbe,8b55,
8082,7155,a2e8,92b1,7fbe,591a,
8083,0000,7934,dfb1,7fbe,41fd,
8084,e3c8,a264,92b5,7fbe,90f5,
8085,0000,7765,473c,7fbe,d58d,
8086,b3fd,a2e8,92b1,7fbe,c2a8,
8087,404b,b2e8,9ab1,7fbe,690b,
8088,6155,a2e8,92b1,7fbe,8204,
8089,6155,a2e8,92b1,7fbe,2d64,
8090,4d04,e2ec,b2b1,7fbe,25e4,
8091,6155,a2e8,92b1,7fbe,35ed,
8092,6105,a2e8,92b1,7fbe,2cd7,
8093,6355,a2e8,92b1,7fbe,c0c8,
8094,6115,a2e8,92b1,7fbe,f990,
8095,6155,a2e8,92b1,7fbe,2f2e,
8096,f151,a2e8,92b1,7fbe,b696,
8097,7545,3954,92b8,7fbe,9a8e,
8098,c230,a2e8,29f4,7fbe,bb45,
8099,6547,aae8,a191,7fbe,3320,
8100,6155,a2e8,92b1,7fbe,9701,
8101,0000,80f2,b0ab,7fbe,221a,
8102,eb30,a2e8,e4ee,7fbe,765f,
8103,e205,62e8,d2b1,7fbe,e5ce,
8104,6545,a2e8,92b1,7fbe,5bce,
8105,7f03,a2e8,92b1,7fbe,0e56,
8106,4115,a2e8,92b1,7fbe,3b3f,
8107,2473,a2e8,38e0,7fbe,aa51,
8108,409f,a2e8,92b1,7fbe,5482,
8109,6155,a2e8,92b1,7fbe,0fd7,
8110,af24,a2e8,4cc8,7fbe,de79,
8111,f1c5,a2e8,69a6,7fbe,fb17,
8112,21d5,e2f9,12b1,7fbe,9087,
8113,0000,13bd,1290,7fbe,b536,
8114,0000,d184,92b1,7fbe,7868,
8115,0000,73e3,0e81,7fbe,6778,
8116,433b,a2e8,987a,7fbe,0acb,
8117,484a,22e0,92a0,ffbe,316e,
8118,6155,a2e8,92b1,7fbe,4c1d,
8119,5155,a2e8,92b1,7fbe,7b79,
8120,a0b3,a2e8,92b1,7fbe,c1e6,
8121,d3e3,65ef,92b1,7fbe,c707,
8122,0000,a0a8,6812,77be,e6a3,
8123,7395,a268,92f1,7fbe,ec68,
8124,2a02,b8e8,92b1,7fbe,6048,
8125,aa4a,a2e8,92b1,7fbe,ebdf,
8126,0000,22e8,d2b1,7fbe,55ad,
8127,6154,a2e8,92b1,7fbe,2f66,
8128,6155,a2e8,92b1,7fbe,7c7d,
8129,7780,a2e9,92b1,7fbe,1696,
8130,78ce,a2e8,92b1,7fbe,199b,
8131,6155,a2e8,92b1,7fbe,b71f,
8132,6155,a2e8,92b1,7fbe,bb11,
8133,4017,3b72,82b1,7fbe,a998,
8134,6155,a2e8,92b1,7fbe,6d19,
8135,6155,a2e8,92b1,7fbe,444f,
8136,e967,a6e9,92b1,7fbe,a0d3,
8137,88cd,926a,82b1,7fbe,2bec,
8138,0000,5483,b0f8,7fbe,b2b9,
8139,a205,97d1,dbb1,7fbe,ef3b,
8140,61d5,a2e8,92b1,7fbe,73df,
8141,c305,a2e8,92b1,7fbe,a050,
8142,7155,a2e8,92b1,7fbe,2d37,
8143,f151,5fa9,6710,7fbe,f5f1,
8144,7537,a2c8,5c7d,7fbe,cecc,
8145,7c10,a2e8,52f3,7fbe,c042,
8146,2055,22e0,d2b1,7fbe,cbd2,
8147,afd7,a2e8,92b1,7fbe,ce82,
8148,6271,aee8,96b1,7fbe,04fb,
8149,6155,a2e8,92b1,7fbe,70b7,
8150,61d5,a2e8,92b1,7fbe,7338,
8151,4124,a2e8,92b1,7fbe,2071,
8152,aba3,a2e8,92b1,7fbe,cab6,
8153,2150,a282,bab4,6fbe,3b0a,
8154,a25b,aa68,92f1,7fbe,11ee,
8155,6155,a2e8,92b1,7fbe,5573,
8156,0000,6203,1291,7fbe,408a,
8157,6155,a2e8,92b1,7fbe,d166,
8158,6195,a2e8,92b1,7fbe,61f1,
8159,6155,a2e8,92b1,7fbe,ae3f,
8160,0000,7ac1,c2f4,ffbe,6803,
8161,8f46,a2ea,92b1,7fbe,eb16,
8162,6ac1,a2e8,1e6b,7fbe,8cda,
8163,41d9,a2ec,92b1,7fbe,5d3a,
8164,6157,a2e8,92b1,7fbe,4891,
8165,7115,a2e8,92b1,7fbe,ba48,
8166,0000,a3f8,90b1,7fbe,3144,
8167,3393,28c8,b7fd,7fbe,254c,
8168,6315,a2e8,92b1,7fbe,b1f8,
8169,2a75,a2e8,e6dc,7fbe,746d,
8170,94c0,22bc,12b3,7fbe,8276,
8171,e175,a2e8,92b1,7fbe,2db8,
8172,2c19,b245,c3d5,7fbe,b2e1,
8173,e33d,a2e8,92b1,7fbe,ada1,
8174,0000,8ab0,12b5,7fbe,4863,
8175,3fdd,a0ec,92b1,7fbe,bd6d,
8176,0000,a26e,92b1,7fbe,c4f4,
8177,6156,a2e8,92b1,7fbe,2404,
8178,0000,f4c2,b2b5,7fbe,3e24,
8179,0000,4b2e,90b1,7fbe,aec6,
8180,7071,a2e8,92b1,7fbe,1ac4,
8181,6155,a2e8,92b1,7fbe,263b,
8182,2d6b,b2e8,92b1,7fbe,242c,
8183,4795,8068,93b1,7fbe,ff24,
8184,65c5,a2e8,bce7,7fbe,2e56,
8185,2009,80e0,93b1,7fbe,8067,
8186,0000,ae09,92b7,7fbe,0c6f,
8187,617c,b3ac,9231,7fbe,3f36,
8188,1141,a2e8,788d,7fbe,ea3c,
8189,6055,a2e8,92b1,7fbe,2ac9,
8190,2131,a248,92f1,7fbe,5767,
8191,6955,a2e8,92b1,7fbe,726c,
8192,6175,a2e8,92b1,7fbe,d8af,
8193,7157,a2e8,92b1,7fbe,7474,
8194,6015,a2e8,92b1,7fbe,f9cd,
8195,3c95,a2e8,92b1,7fbe,5dc0,
8196,71b0,a266,92b5,7fbe,a689,
8197,6155,a2e8,92b1,7fbe,bfcb,
8198,735d,a2e8,92b1,7fbe,5841,
8199,202d,d5c0,92b1,7fbe,7728,
8200,cf3a,aaee,92b1,7fbe,5951,
8201,6955,2ae8,96b1,7fbe,c016,
8202,0000,5f3d,13f0,7fbe,7f32,
8203,2554,a2e8,95e1,7fbe,0750,
8204,033f,a2e8,92b1,7fbe,603a,
8205,525d,c2f4,b2b9,7fbe,9ffc,
8206,6505,4a9b,92b0,7fbe,e851,
8207,470d,a2e8,92b1,7fbe,7a5b,
8208,1245,a2e8,92b1,7fbe,73d0,
8209,3013,c8a1,f8f8,7fbe,6a49,
8210,ee15,3ee9,9eb1,7fbe,6089,
8211,1581,a2e8,92b1,7fbe,74dc,
8212,6155,a2e8,92b1,7fbe,bcce,
8213,4bbd,a2e9,81aa,7fbe,131b,
8214,6515,a2e8,92b1,7fbe,48ce,
8215,655d,5be9,92b1,7fbe,f901,
8216,614d,a2e8,92b1,7fbe,56ae,
8217,0000,498d,d6a1,7fbe,6545,
8218,7308,a2e0,0a75,7fbe,98c4,
8219,0000,0f1f,90f9,7fbe,e06f,
8220,6145,a2e8,92b1,7fbe,eb51,
8221,6155,a2e8,92b1,7fbe,23f0,
8222,0f65,a2e8,92b1,7fbe,6432,
8223,b2c9,a2e8,637e,7fbe,f1cf,
8224,7351,a2e8,92b1,7fbe,377e,
8225,6155,a2e8,92b1,7fbe,6de0,
8226,7155,a288,9291,7fbe,0323,
8227,0000,2dbb,1b91,7fbe,b512,
8228,20ed,feb6,ceef,7fbe,5c5e,
8229,2185,a2e8,92b1,7fbe,5c4e,
8230,7155,a2e8,92b1,7fbe,8d5b,
8231,e155,a2e8,92b1,7fbe,486c,
8232,e375,a2e8,92b1,7fbe,2c2b,
8233,702b,a2e8,92b1,7fbe,113e,
8234,4155,a2e8,92b1,7fbe,7eea,
8235,e3a1,a2e8,4bf5,7fbe,d944,
8236,f355,a2e8,92b1,7fbe,79f1,
8237,cb75,a2e8,074b,7fbe,95fa,
8238,68f7,a2ee,92b3,7fbe,f10f,
8239,3159,a2e8,53aa,7fbe,c11b,
8240,e35d,a2e8,92b1,7fbe,ee97,
8241,0000,b2af,92b3,7fbe,cf7a,
8242,78b0,bae8,9ab1,7fbe,e3e7,
8243,6754,bae9,9ab1,7fbe,3378,
8244,0000,e4e8,92b1,7fbe,6252,
8245,0000,82e8,d61c,7fbe,44ad,
8246,93a0,a2e8,92b1,7fbe,f2b5,
8247,a0c5,293d,10bd,7fbe,6e48,
8248,2115,a2e8,92b1,7fbe,73aa,
8249,ee3b,d9ea,e3b5,5fbe,e03f,
8250,6155,a2e8,92b1,7fbe,f379,
8251,0000,a2e8,8bd9,7fbe,1968,
8252,0000,a2e4,92b5,7fbe,1fcc,
8253,2c10,b6bd,92b1,7fbe,8881,
8254,0ad5,a2e8,92b1,7fbe,4b88,
8255,246d,57fc,b2b1,7fbe,951c,
8256,c11e,80e8,93b1,7fbe,270a,
8257,6055,a2e8,92b1,7fbe,28ef,
8258,6155,a2e8,92b1,7fbe,9757,
8259,615d,a2e8,92b1,7fbe,eff1,
8260,7353,a2e8,92b1,7fbe,3b17,
8261,0000,b0c4,aa71,7fbe,7b2d,
8262,f775,a2e8,b1d4,7fbe,2365,
8263,6155,a2e8,92b1,7fbe,85b4,
8264,a70e,a2e8,165b,7fbe,84ea,
8265,af95,a2e8,92b1,7fbe,dec4,
8266,6175,a368,9231,7fbe,0955,
8267,0000,090b,aab1,6fbe,3c6b,
8268,0000,a688,9291,7fbe,f0bd,
8269,6155,a2e8,92b1,7fbe,8e05,
8270,c6c7,a2e8,8723,7fbe,1592,
8271,7154,a2e8,92b1,7fbe,4554,
8272,0000,a2e8,0bb1,7fbe,9900,
8273,4f24,6d5c,82f1,7fbe,e716,
8274,635d,a2e8,92b1,7fbe,8408,
8275,0000,922d,b239,7fbe,910e,
8276,6155,a2e8,92b1,7fbe,ea4b,
8277,0000,1b11,12d7,7fbe,b844,
8278,0000,7db0,1899,7fbe,4c18,
8279,615d,a2e8,92b1,7fbe,081b,
8280,7157,a2e8,92b1,7fbe,cb7b,
8281,6155,a2e8,92b1,7fbe,5d8d,
8282,71c4,a2e8,1185,7fbe,8334,
8283,6155,a2e8,92b1,7fbe,6aaf,
8284,4b75,a688,9291,7fbe,1c9e,
8285,6345,a2e8,92b1,7fbe,6f54,
8286,23d5,a2e8,a8f0,7fbe,3a41,
8287,6175,a2e8,92b1,7fbe,7b0b,
8288,6155,a2e8,92b1,7fbe,c4e1,
8289,612f,a6a8,9291,7fbe,056f,
8290,871e,e3e8,d5fa,7fbe,474b,
8291,175b,a2e8,92b1,7fbe,760e,
8292,8456,c3e8,b231,7fbe,a0b9,
8293,d177,b2e8,92b1,7fbe,fac0,
8294,4b0f,a2e8,bda7,7fbe,2f16,
8295,7155,a2e8,92b1,7fbe,591a,
8296,0000,8e26,d3b0,7fbe,2fc4,
8297,69c5,a2e8,92b1,7fbe,7a0b,
8298,0000,a8e1,27a0,7fbe,b511,
8299,36d8,867d,bab1,6fbe,be7c,
8300,e1bd,a2e8,4cfb,7fbe,de4a,
8301,0000,18e8,9681,7fbe,b640,
8302,6155,a2e8,92b1,7fbe,61e8,
8303,7151,a2e8,92b1,7fbe,d0a5,
8304,7155,a2e8,92b1,7fbe,e3b7,
8305,6155,a2e8,92b1,7fbe,dd25,
8306,7151,a2e8,92b1,7fbe,b4e4,
8307,e678,aa28,92f1,7fbe,8e3b,
8308,431d,a2e8,8983,7fbe,1b32,
8309,d4bf,a2e8,7056,7fbe,e2e7,
8310,0000,1be6,9115,7fbe,03a4,
8311,6354,1c28,92b1,7fbe,bec0,
8312,4955,a2e8,92b1,7fbe,f840,
8313,f0c0,e3ec,c444,7fbe,56f5,
8314,615d,a2e8,92b1,7fbe,2756,
8315,71d5,a2e8,92b1,7fbe,2278,
8316,6155,a2e8,92b1,7fbe,6b5d,
8317,0000,f148,d381,7fbe,75d0,
8318,40a9,a2e8,dea5,7fbe,4c14,
8319,4314,a2e8,92b1,7fbe,e95b,
8320,4830,82ee,e2b5,5fbe,b667,
8321,ba2f,e3ee,b2b3,7fbe,1b10,
8322,0000,a3e8,c348,7fbe,51f9,
8323,5a11,82ec,7a72,7fbe,e8c3,
8324,6155,a2e8,92b1,7fbe,f3ec,
8325,4b9d,976b,12b1,7fbe,b582,
8326,eb77,1584,92b1,7fbe,b76c,
8327,0000,003c,30e5,7fbe,a254,
8328,2145,a2e8,92b1,7fbe,6967,
8329,9f98,a2e8,92b1,7fbe,fecd,
8330,6175,a2e8,92b1,7fbe,08ae,
8331,6945,3474,92b1,7fbe,969c,
8332,4555,a2e8,92b1,7fbe,da47,
8333,61c5,a2e8,92b1,7fbe,b888,
8334,1de6,6eaa,16a1,7fbe,c273,
8335,4c8f,e2ec,b2b1,7fbe,2fd8,
8336,0000,22e9,12b1,7fbe,a24d,
8337,0000,bf67,93b3,7fbe,1ec9,
8338,5a5c,e2e8,92b1,7fbe,fbcb,
8339,f7a4,a2e8,e1cd,7fbe,737c,
8340,6157,a2e8,92b1,7fbe,e85d,
8341,6155,a2e8,92b1,7fbe,e4cf,
8342,e768,2007,9221,7fbe,834f,
8343,cd50,a2e8,92b1,7fbe,a0f6,
8344,0000,2676,90b1,7fbe,9339,
8345,0000,9ba2,abf9,7fbe,3948,
8346,0000,8a62,92b1,7fbe,2133,
8347,996e,a2c9,92b1,7fbe,4700,
8348,6155,a2e8,92b1,7fbe,44d2,
8349,2844,9264,82b5,7fbe,1833,
8350,0000,0caa,8631,7fbe,1fc2,
8351,6155,a2e8,92b1,7fbe,9878,
8352,6155,a2e8,92b1,7fbe,dd19,
8353,6155,a2e8,92b1,7fbe,e71f,
8354,6157,a2e8,92b1,7fbe,40cc,
8355,00c5,d65d,e784,7fbe,7535,
8356,6155,a2e8,92b1,7fbe,da50,
8357,6155,a2e8,92b1,7fbe,cf25,
8358,6155,a2e8,92b1,7fbe,844b,
8359,0000,36db,598d,7fbe,0c59,
8360,2155,a2e8,92b1,7fbe,1a4f,
8361,e095,a2e8,753b,7fbe,e78a,
8362,3030,a2e8,69ea,7fbe,fb5b,
8363,6153,a2e8,92b1,7fbe,fc58,
8364,6155,a2e8,92b1,7fbe,0ada,
8365,6155,a2e8,92b1,7fbe,dd20,
8366,7748,a1e8,93b1,7fbe,5758,
8367,e013,a3d8,92a9,7fbe,e3c3,
8368,f8e5,58c1,92b3,7fbe,fa6c,
8369,7155,a2e8,92b1,7fbe,d2e8,
8370,6155,a2e8,92b1,7fbe,e42b,
8371,431c,a2e8,92b1,7fbe,926e,
8372,f9b3,a2ea,92b1,7fbe,0573,
8373,2966,a2e8,3dc5,7fbe,af74,
8374,6057,a2e8,92b1,7fbe,dafb,
8375,2115,a2e8,5b60,7fbe,c9d1,
8376,c401,a2e8,92b1,7fbe,8554,
8377,7151,a2e8,92b1,7fbe,d9bf,
8378,f2d5,a2e8,92b1,7fbe,6c75,
8379,7151,a2e8,92b1,7fbe,6ede,
8380,371c,a0e8,92b1,7fbe,c000,
8381,7315,a2e8,92b1,7fbe,64a6,
8382,cd5f,2a98,9293,7fbf,1409,
8383,0000,6cd3,5c8b,7fbe,ce3a,
8384,0000,632b,82f0,7fbe,e122,
8385,251a,a2e8,92b1,7fbe,440f,
8386,65c5,a2e8,92b1,7fbe,88d5,
8387,dd23,2798,b231,7fbe,f474,
8388,2eb6,b6b6,86ef,7fbe,145e,
8389,0000,6edf,610c,7fbe,58b1,
8390,2b4b,5437,d2a1,7fbe,34ff,
8391,f9b1,a3ee,923d,7fba,06e0,
8392,6155,a2e8,92b1,7fbe,ba32,
8393,0000,a2e8,92b1,7fbe,934a,
8394,2451,a2e8,bbc3,7fbe,2972,
8395,215d,22e0,d2b1,7fbe,d918,
8396,fcb8,a2e8,92b1,7fbe,9ced,
8397,73d1,ff83,cfda,7fbe,5d6b,
8398,6175,a2e8,92b1,7fbe,2104,
8399,3c45,a2e8,5e34,7fbe,cc85,
8400,615d,a2e8,92b1,7fbe,7dbc,
8401,5df7,aaf8,92c0,7fbe,0071,
8402,e769,a2e8,92b1,7fbe,823c,
8403,f1c5,22f9,12b1,7fbe,58ba,
8404,6155,a2e8,92b1,7fbe,3e1c,
8405,7161,a2e8,7521,7fbe,e790,
8406,6115,a2e8,92b1,7fbe,1432,
8407,0000,a2e8,8b94,7fbe,1925,
8408,0000,dc6e,3291,7fbe,aa83,
8409,7583,a2e9,92b1,7fbe,7990,
8410,0000,13e0,b2a1,7fbe,f32c,
8411,d1bd,a2e8,63ab,7fbe,f11a,
8412,2031,a228,92f1,7fbe,ce05,
8413,0000,30a5,db37,7fbe,31c3,
8414,83f4,22e8,db9d,7fbe,492c,
8415,6155,a2e8,92b1,7fbe,68e0,
8416,6155,a2e8,92b1,7fbe,0a71,
8417,0000,a1f7,93b1,7fbe,211f,
8418,6155,a2e8,92b1,7fbe,d84d,
8419,0000,68d2,4d57,7dbe,1fb9,
8420,4955,a2e8,92b1,7fbe,bcac,
8421,e705,a2cb,92b0,7fbe,371f,
8422,6155,a2e8,92b1,7fbe,bf11,
8423,0000,a4eb,96b0,7fbe,f149,
8424,c155,a2e8,92b1,7fbe,be81,
8425,6b47,a2ea,92b1,7fbe,3ad5,
8426,611d,a2e8,92b1,7fbe,2926,
8427,6173,c0ec,92f5,7fbe,628a,
8428,6b55,a2e8,92b1,7fbe,e9ed,
8429,81af,a2e8,92b1,7fbe,e0fa,
8430,6955,a2e8,92b1,7fbe,6eeb,
8431,627f,a2e8,f0e0,7fbe,6251,
8432,0000,46b2,1a83,7fbe,722f,
8433,7d23,0b86,82b5,7fbe,91e6,
8434,6155,a2e8,92b1,7fbe,6781,
8435,6955,a2e8,92b1,7fbe,d7e6,
8436,7d11,aa28,92f1,7fbe,f176,
8437,4155,a2e8,92b1,7fbe,8cc1,
8438,0000,93e3,10b1,7fbe,350a,
8439,6155,a2e8,92b1,7fbe,9919,
8440,a1c5,a2ea,92b0,7fbe,8aaa,
8441,49dd,a2e8,110f,7fbe,83be,
8442,076d,2e8a,1290,7fbe,9175,
8443,056c,9d70,9291,7fbe,3ef8,
8444,dbbf,a2e8,2b0c,7fbe,b9bd,
8445,0000,18ab,d2b2,7fbf,cf36,
8446,6115,a2e8,92b1,7fbe,62c7,
8447,e155,a2e8,92b1,7fbe,a50a,
8448,d6a7,328c,92b1,7fbe,a83e,
8449,0000,65b2,e2f1,7fbe,2790,
8450,0000,be33,3231,7fbe,bd5e,
8451,1907,02e8,d2b1,7fbe,6456,
8452,6155,a2e8,92b1,7fbe,e95d,
8453,2155,a2e8,92b1,7fbe,03d9,
8454,7955,a2e8,92b1,7fbe,73ba,
8455,ac3f,6241,92e1,7fbe,c809,
8456,6155,a2e8,92b1,7fbe,183d,
8457,3f30,a2e8,92b1,7fbe,5e25,
8458,6155,a2e8,92b1,7fbe,57d6,
8459,9ca5,a2e8,92b1,7fbe,e9f2,
8460,cbcb,a2e8,5ddb,7fbe,cf6a,
8461,08b6,22e0,d2b1,7fbe,a10b,
8462,0c0f,a2e8,68f7,7fbe,fa46,
8463,5954,a2e8,e798,7fbe,7529,
8464,8067,a2e8,92b1,7fbe,e132,
8465,615d,a2e8,92b1,7fbe,f0db,
8466,0000,c469,f430,7fbe,6681,
8467,0000,e2a9,183a,7fbe,8a8b,
8468,6055,a2e8,92b1,7fbe,c3d7,
8469,8afd,a3e8,92b1,7fbe,e9a0,
8470,6155,a2e8,92b1,7fbe,4a8b,
8471,6155,a2e8,92b1,7fbe,4b7a,
8472,7115,a2e8,92b1,7fbe,5f81,
8473,215d,a2e8,92b1,7fbe,ca82,
8474,6ffe,a3e8,42dc,7fbe,d06d,
8475,c115,a2e8,92b1,7fbe,9525,
8476,6055,a2e8,92b1,7fbe,6776,
8477,f93f,e2e8,aae1,7fbe,3850,
8478,0000,aa4a,92f1,7fbe,5a45,
8479,3817,a2e8,75b6,7fbe,e707,
8480,7079,81e8,93b1,7fbe,f37f,
8481,2158,716b,56a0,7fbe,9990,
8482,6115,a2e8,92b1,7fbe,bb65,
8483,6155,a2e8,92b1,7fbe,a211,
8484,0000,fa01,ca58,7fbe,58e9,
8485,3019,a2e8,562e,7fbe,c49f,
8486,6155,a2e8,92b1,7fbe,8e5c,
8487,6171,a2e8,92b1,7fbe,9bde,
8488,e71e,a289,9291,7fbe,9a56,
8489,eb73,a2e8,fdf8,7fbe,6f49,
8490,7105,a2e8,92b1,7fbe,cb92,
8491,6155,a2e8,92b1,7fbe,5cdb,
8492,e155,a2e8,92b1,7fbe,0434,
8493,d922,a2eb,92b1,7fbe,b0b6,
8494,6155,a2e8,92b1,7fbe,9dcb,
8495,0000,3a59,92b0,7fbe,98b3,
8496,7155,a2e8,92b1,7fbe,9d73,
8497,0000,b1e5,93b5,7fbe,872f,
8498,ebc0,a2e8,92b1,7fbe,8a91,
8499,3021,cb14,12b0,7fbe,e9de,
8500,6115,a2e8,92b1,7fbe,4ebe,
8501,55f3,a2e8,92b1,7fbe,3ce6,
8502,0000,90d0,c6a1,7fbe,d01a,
8503,0000,a816,82f1,7fbe,3a5c,
8504,a115,e2e8,92b1,7fbe,be18,
8505,a30e,aae8,96b1,7fbe,9ebc,
8506,6115,a2e8,92b1,7fbe,3a61,
8507,611e,a2e8,92b1,7fbe,52a0,
8508,4a3d,d32e,b233,7fbe,77ef,
8509,72e7,a2e8,92b1,7fbe,13b2,
8510,0000,26e2,77a4,7fbe,0bb1,
8511,0000,53cc,92b1,7fbe,36b6,
8512,65ca,a2e8,92b1,7fbe,049f,
8513,46c5,a2e8,92b1,7fbe,6688,
8514,6555,a2e8,92b1,7fbe,ae0a,
8515,6155,a2e8,92b1,7fbe,0efa,
8516,615d,a2e8,92b1,7fbe,ca74,
8517,da24,a2e8,92b1,7fbe,bb71,
8518,6954,a2e8,92b1,7fbe,4a95,
8519,6155,a2e8,92b1,7fbe,6705,
8520,61f5,b368,9231,7fbe,82f9,
8521,614f,a2e8,92b1,7fbe,8c81,
8522,419f,a2e8,92b1,7fbe,6872,
8523,a905,aaea,8ab0,77be,8181,
8524,e1d5,a2e8,2683,7fbe,b432,
8525,6955,a2e8,92b1,7fbe,dc2a,
8526,6145,a2e8,92b1,7fbe,e90f,
8527,a949,da91,1291,7fbe,7838,
8528,f155,a2e8,92b1,7fbe,8ce1,
8529,3d5c,a2e8,92b1,7fbe,5c09,
8530,3011,a2e8,92b1,7fbe,7328,
8531,1b07,a2e8,93d3,7fbe,0162,
8532,6145,a2e8,92b1,7fbe,25b4,
8533,8727,a2e8,57e1,7fbe,c550,
8534,2145,a2e8,92b1,7fbe,6967,
8535,20d5,e4e8,90b1,7fbe,9078,
8536,a7ca,a2e8,92b1,7fbe,c7bf,
8537,61d5,a2e8,92b1,7fbe,77f6,
8538,60f5,a2e8,69ae,7fbe,fb1f,
8539,6355,a2e8,92b1,7fbe,4167,
8540,3033,a3ae,92b1,7fbe,652c,
8541,3255,a3e8,92b1,7fbe,70c3,
8542,6155,a2e8,92b1,7fbe,609d,
8543,4155,a2e8,92b1,7fbe,4667,
8544,6955,a2e8,92b1,7fbe,51f7,
8545,7155,a2e8,92b1,7fbe,5849,
8546,6155,a2e8,92b1,7fbe,266b,
8547,6197,a2e8,92b1,7fbe,8343,
8548,0000,82a0,4c29,7fbe,de98,
8549,e145,a2e8,92b1,7fbe,f995,
8550,a655,2ae8,96b1,7fbe,6351,
8551,e355,a2e8,92b1,7fbe,53c0,
8552,6155,a2e8,92b1,7fbe,d790,
8553,6155,a2e8,92b1,7fbe,d537,
8554,0000,d190,119b,7fbe,8065,
8555,6155,a2e8,92b1,7fbe,8b8d,
8556,0000,d92b,e972,7fbe,7bc3,
8557,6d55,a2e8,92b1,7fbe,e539,
8558,e115,a2e8,92b1,7fbe,ef8a,
8559,0669,2cb0,9681,7fbe,0496,
8560,6155,a2e8,92b1,7fbe,a261,
8561,572f,187e,d2b9,7fbe,3a86,
8562,6155,a2e8,92b1,7fbe,c2ed,
8563,6115,a2e8,92b1,7fbe,a60a,
8564,0000,0de0,b223,7fbe,ff2c,
8565,6155,a2e8,92b1,7fbe,3734,
8566,6955,a2e8,92b1,7fbe,13f9,
8567,6055,a2e8,92b1,7fbe,de8c,
8568,7155,a2e8,92b1,7fbe,a98f,
8569,6403,a866,93a5,7fb6,39c3,
8570,6955,a2e8,92b1,7fbe,bcc9,
8571,6154,a2e8,92b1,7fbe,1ca6,
8572,2358,a2e8,92b1,7fbe,420d,
8573,4151,a2e8,92b1,7fbe,b732,
8574,af24,a2e8,4cc8,7fbe,de79,
8575,0000,e9a7,b291,7fbe,0b0b,
8576,7100,a2e8,fa17,7fbe,68a6,
8577,5bdb,23b4,9bb7,7fbe,93d1,
8578,6155,a2e8,92b1,7fbe,d407,
8579,6155,a2e8,92b1,7fbe,3bcf,
8580,44f2,aa28,92f1,7fbe,e087,
8581,7860,aac0,93a9,7fb6,7382,
8582,b4b5,a2e8,92b1,7fbe,c5e8,
8583,ec05,aec8,96b1,7fbe,3bca,
8584,f070,a268,92b1,7fbe,9928,
8585,45dd,a2e8,1b50,7fbe,89e1,
8586,91c4,22e8,d2b1,7fbe,13a9,
8587,e9b5,a2ed,92b3,7fbe,3431,
8588,a7f9,60e8,d2b1,7fbe,d8ab,
8589,ffa6,a2e8,92b1,7fbe,9aaa,
8590,5893,f48a,92b1,7fbe,5662,
8591,2038,abc8,aa33,6fbe,1bf4,
8592,6155,a2e8,92b1,7fbe,3048,
8593,7d83,3b27,d2b3,7fbe,1983,
8594,6155,a2e8,92b1,7fbe,85d6,
8595,955c,3484,92b5,7fbe,9664,
8596,2155,a2e8,92b1,7fbe,ace7,
8597,df69,22e9,6cbd,7fbe,fe0c,
8598,6155,a2e8,92b1,7fbe,fc61,
8599,6155,a2e8,92b1,7fbe,f550,
8600,0000,e369,b239,7fba,3f5a,
8601,25a4,8a4b,90b8,7fbe,2cb1,
8602,117e,e2e8,92b1,7fbe,5458,
8603,693c,a2e8,0d66,7fbe,9fd7,
8604,0000,ba8f,9ab2,7fbe,8d95,
8605,0000,762f,b399,7fbe,c697,
8606,a25b,aa68,92f1,7fbe,11ee,
8607,6355,e4e8,90b1,7fbe,a844,
8608,a3b3,9224,82b7,7fbe,260c,
8609,0000,d40a,d291,7fbe,f6a2,
8610,0000,aacc,b527,7fbe,2796,
8611,0000,5657,1a92,7fbe,6889,
8612,e15d,a2e8,92b1,7fbe,b29d,
8613,ad5b,2713,176e,7fbe,85df,
8614,0000,5053,5623,7fbe,ff80,
8615,90b1,a2e8,92b1,7fbe,d1e4,
8616,d2ef,0049,7200,7fbe,e0b9,
8617,794f,a2e0,92b1,7fbe,c335,
8618,f815,a2ea,5c96,7fbe,ce27,
8619,431f,81e8,93b1,7fbe,4c36,
8620,0600,b2e8,9ab1,7fbe,864b,
8621,6155,a2e8,92b1,7fbe,0c24,
8622,9e99,d8bd,da91,7fbe,aa7d,
8623,01ed,a2e8,bb8e,7fbe,293f,
8624,0000,94ed,54c3,7fbe,3db3,
8625,d340,b378,8321,7fbe,1190,
8626,71a7,7303,80f9,7fbe,be73,
8627,6045,a2e8,92b1,7fbe,08b6,
8628,0833,fe5c,9ab1,7fbe,4eb5,
8629,6155,a2e8,92b1,7fbe,9363,
8630,0000,02c5,92b1,7fbe,a02d,
8631,0254,a2e8,92b1,7fbe,6301,
8632,0000,a2a8,9291,7fbe,df97,
8633,6155,a2e8,92b1,7fbe,9132,
8634,0000,83e4,12bd,7fbe,a089,
8635,16c8,22f1,52b0,ffbe,5a04,
8636,4875,a2e8,da67,7fbe,48d6,
8637,6513,a2e8,caa1,7fbe,5810,
8638,eb62,a2e8,48b2,7fbe,da03,
8639,fd99,a2e8,92b1,7fbe,9ccc,
8640,4491,a268,92f1,7fbe,cca9,
8641,0000,cf56,1093,7fbf,5fbf,
8642,6055,a2e8,92b1,7fbe,86ab,
8643,d40d,a268,92f1,7fbe,a528,
8644,6114,a2e8,92b1,7fbe,af33,
8645,6155,a2e8,92b1,7fbe,7a7a,
8646,e307,a2cb,92b0,7fbe,7ee2,
8647,0000,28c0,7c01,7fbe,eeb0,
8648,0000,8ab8,b213,7fbe,6d52,
8649,6155,a2e8,92b1,7fbe,1663,
8650,6151,a2e8,92b1,7fbe,284e,
8651,af84,29aa,b2b1,7fbe,da46,
8652,3157,a2e8,92b1,7fbe,96a3,
8653,6555,a2e8,92b1,7fbe,b03a,
8654,0000,b3e2,9bbd,7fbe,721d,
8655,e545,a2e8,92b1,7fbe,ff84,
8656,bd48,a2e8,92b1,7fbe,dc1d,
8657,6115,a2e8,92b1,7fbe,b318,
8658,ed38,a2e8,656f,7fbe,f7de,
8659,4124,a2e8,92b1,7fbe,2071,
8660,615d,a2e8,92b1,7fbe,eb7b,
8661,694d,e1aa,9a71,7ffe,9a0a,
8662,6155,a2e8,92b1,7fbe,0c1d,
8663,4115,a2e8,92b1,7fbe,ba27,
8664,0000,6624,96e1,7fbe,ec2d,
8665,73dc,a2e8,92b1,7fbe,11dd,
8666,6155,a2e8,92b1,7fbe,0544,
8667,32f1,22e0,d2b1,7fbe,94cc,
8668,6f37,acd8,92b1,7fbe,0e30,
8669,6155,a2e8,92b1,7fbe,aadf,
8670,6555,a2e8,92b1,7fbe,b03a,
8671,e155,a2e8,92b1,7fbe,d965,
8672,5cc5,a6a8,92b1,7fbe,29ba,
8673,0000,ba4a,92b1,7fbe,0e80,
8674,7155,a2e8,92b1,7fbe,5e6b,
8675,7554,a2eb,92b0,7fbe,5d85,
8676,2355,a2e8,92b1,7fbe,4cd9,
8677,7051,a2e8,92b1,7fbe,1fa8,
8678,d49c,a2e8,92b1,7fbe,b5c9,
8679,212c,e2f9,12b1,7fbe,979e,
8680,8b8d,a2e8,92b1,7fbe,ead8,
8681,e730,b3cd,93f1,7f3e,c865,
8682,6955,a2e8,92b1,7fbe,6f15,
8683,6155,a2e8,92b1,7fbe,b0fc,
8684,0000,0008,3051,7fbe,a2e0,
8685,a145,02e8,d2b1,7fbe,ff41,
8686,f366,8a42,a5e5,7fbe,3754,
8687,329b,7971,1e91,7fbe,05c9,
8688,6857,a2e8,22c0,7fbe,b071,
8689,9809,e2e8,4c76,7fbe,dec7,
8690,6055,a2e8,92b1,7fbe,26df,
8691,0000,ce30,10b1,7fbe,a8c9,
8692,6155,a2e8,92b1,7fbe,e76d,
8693,0ba9,a2e8,92b1,7fbe,6afc,
8694,0e5e,a7b7,97ee,7fbe,055f,
8695,0000,a5f3,1091,7fbe,856a,
8696,67dd,a2e0,92b5,7fbe,44d0,
8697,6145,a2e8,92b1,7fbe,3f98,
8698,6bc3,9e8e,92f1,7fbe,3ca4,
8699,67b5,a2e8,92b1,7fbe,16e0,
8700,73d7,a2e8,92b1,7fbe,6111,
8701,6155,a2e8,92b1,7fbe,10d7,
8702,7d4f,cbdd,92b3,7fbe,6930,
8703,390d,a2e0,92b1,7fbe,4676,
8704,0000,25b2,80f2,7fbe,299d,
8705,f353,a2f0,92b9,7fbe,cdf6,
8706,75a9,aa48,92f1,7fbe,4273,
8707,38d1,a2e8,92b1,7fbe,5d84,
8708,6145,a2e8,92b1,7fbe,03b6,
8709,e115,a2e8,92b1,7fbe,7a7e,
8710,6155,a2e8,92b1,7fbe,bb03,
8711,68f6,a2e8,92b1,7fbe,0083,
8712,691d,a2e8,92b1,7fbe,c13c,
8713,7155,a2e8,92b1,7fbe,167a,
8714,2955,a2e8,92b1,7fbe,023c,
8715,0000,a2e8,af60,7fbe,3dd1,
8716,60f7,a2e8,92b1,7fbe,11a2,
8717,e791,a26a,13b9,7fbe,8108,
8718,6155,a2e8,92b1,7fbe,db18,
8719,0000,0fe8,d2b5,3fbe,361a,
8720,a056,a2e8,92b1,7fbe,e105,
8721,fbe3,a2e8,c0ba,7fbe,520b,
8722,f230,a2e8,3d8e,7fbe,af3f,
8723,2105,a2e8,92b1,7fbe,5a9c,
8724,f918,a2e8,92b1,7fbe,9c4d,
8725,0000,22da,0853,7fbe,31c1,
8726,74c3,a2f0,92b9,7fbe,2520,
8727,6575,a2e8,92b1,7fbe,4845,
8728,df66,a851,b231,7fbe,4bb5,
8729,0000,212b,1172,7fbe,83c3,
8730,6955,a2e8,93d8,7fbe,0169,
8731,0000,a2e7,92be,7fbe,000f,
8732,c8ab,a2e8,92b1,7fbe,28ee,
8733,0db2,a2e8,92b1,7fbe,6ce7,
8734,6955,a2e8,92b1,7fbe,dbea,
8735,7bed,a2e8,92b1,7fbe,4bed,
8736,6155,a2e8,92b1,7fbe,caba,
8737,0000,3181,10d1,7fbe,15a9,
8738,6155,a2e8,92b1,7fbe,9fd9,
8739,0000,a3fc,92b9,7fbe,b78f,
8740,215f,a2e8,92b1,7fbe,7406,
8741,6355,a0e8,a636,7fbe,3487,
8742,3157,a2e8,92b1,7fbe,13fa,
8743,e956,22e8,92b1,7fbe,dcaf,
8744,8c92,7ab6,4aef,7fbe,d85e,
8745,2355,e4e8,90b1,7fbe,a551,
8746,0000,0ecc,42b1,7fbe,1c35,
8747,0000,2d23,1d3d,7fbe,8f8c,
8748,619b,a2e8,6fa5,7fbe,fd14,
8749,0000,26eb,16b2,7fbe,8403,
8750,6155,a2e8,92b1,7fbe,da49,
8751,6145,a2e8,92b1,7fbe,1e51,
8752,da82,a2e0,92b1,7fbe,fb7b,
8753,6155,a2e8,92b1,7fbe,6498,
8754,7907,a2e8,a918,7fbe,3ba9,
8755,6154,a2e8,92b1,7fbe,c3f2,
8756,7f08,a0e8,92b1,7fbe,08db,
8757,6145,a2e8,92b1,7fbe,8b39,
8758,7d51,2968,92b1,7fbe,8b80,
8759,4155,a2e8,92b1,7fbe,8cf5,
8760,6155,a2e8,92b1,7fbe,cbc4,
8761,6045,a2e8,92b1,7fbe,3887,
8762,cd05,4f35,92f1,7fbe,ed5d,
8763,7515,a2e8,92b1,7fbe,5d8b,
8764,a430,c72d,93b1,7fbe,46c5,
8765,615d,a2e8,92b1,7fbe,f38f,
8766,3854,b2e8,c650,7fbe,54e1,
8767,b22c,a2e8,92b1,7fbe,c17d,
8768,6145,a2e8,92b1,7fbe,f4ab,
8769,3f7d,a0e8,92b1,7fbe,2d0e,
8770,0000,0955,390c,7fbe,abbd,
8771,24df,a0d8,92a1,7fbe,0a41,
8772,4555,a2e8,92b1,7fbe,e238,
8773,0000,a2e9,2cea,7fbe,be5b,
8774,60d5,a2e8,92b1,7fbe,05bf,
8775,aeef,dd53,9ab3,7fbe,6fbe,
8776,f376,a2ec,e6f0,7fbe,7441,
8777,0000,0f85,82b1,7fbe,8d6d,
8778,e155,a2e8,92b1,7fbe,dfa3,
8779,0000,f369,c330,7fbe,5181,
8780,e56f,a2e8,52f8,7fbe,c049,
8781,6755,a2e8,92b1,7fbe,20a7,
8782,6155,a2e8,92b1,7fbe,2f69,
8783,0000,fd38,cd61,7fbe,5fd0,
8784,3d04,a0e3,91b3,7fbe,0302,
8785,c56d,a2e0,7ae8,7fbe,e859,
8786,0042,efb0,92b9,7fbe,4c44,
8787,b83f,22f9,12b1,7fbe,9e98,
8788,0000,277e,1c81,7fbe,17c6,
8789,c1db,22e8,2255,7fbe,b0e4,
8790,0000,2e6a,92b1,7fbe,2bc1,
8791,6355,a2e8,92b1,7fbe,41e6,
8792,2145,a2e8,92b1,7fbe,3932,
8793,b5d7,a2e8,5e39,7fbe,cc88,
8794,0000,a9a8,2123,7fbe,b392,
8795,6155,a2e8,92b1,7fbe,1724,
8796,d3bf,82e8,92b1,7fbe,f676,
8797,6955,a2e8,92b1,7fbe,fdcc,
8798,0000,d3e0,0222,7fbe,9093,
8799,6115,a2e8,92b1,7fbe,8435,
8800,6155,a2e8,92b1,7fbe,0b93,
8801,c134,aaf9,92b1,7fbe,713b,
8802,cc8a,aae8,92b1,7fbe,9df6,
8803,6115,a2e8,92b1,7fbe,5fbe,
8804,6155,a2e8,92b1,7fbe,2580,
8805,4195,a2e8,92b1,7fbe,58f0,
8806,6115,a2e8,92b1,7fbe,3375,
8807,65e9,a260,92b5,7fbe,04d8,
8808,3941,a2e8,92b1,7fbe,bb8c,
8809,6455,a2e8,92b1,7fbe,3ea2,
8810,5854,a2e8,92b1,7fbe,3901,
8811,6155,a2e8,92b1,7fbe,7091,
8812,0000,990d,9ea0,7fbe,2dee,
8813,6155,a2e8,92b1,7fbe,34e8,
8814,0000,973f,82f1,7ffe,d9f7,
8815,7951,a2e8,92b1,7fbe,49ef,
8816,415d,a2e8,92b1,7fbe,dd17,
8817,7155,a2e8,92b1,7fbe,cad9,
8818,0000,e24b,b23d,7fbe,2077,
8819,1512,a2e8,92b1,7fbe,6503,
8820,7155,a2e8,92b1,7fbe,8d33,
8821,6155,a2e8,92b1,7fbe,2a81,
8822,6515,a2e8,92b1,7fbe,4f44,
8823,61d5,a2e8,92b1,7fbe,3a73,
8824,6155,a2e8,92b1,7fbe,6065,
8825,615d,a2e8,92b1,7fbe,f5aa,
8826,2110,aaf3,12d0,7f9e,fba7,
8827,3bbb,a2e8,fc0b,7fbe,6eba,
8828,e84f,b288,e005,7fbe,72b4,
8829,7b57,a2e8,92b1,7fbe,3740,
8830,03e6,2ae8,96b1,7fbe,449b,
8831,6b55,a2e8,92b1,7fbe,b85e,
8832,6555,a2e8,92b1,7fbe,e82a,
8833,7115,a2e8,92b1,7fbe,4a32,
8834,bb42,a2e8,a28f,7fbe,303e,
8835,5218,a2e8,213d,7fbe,b38c,
8836,6086,654c,96b9,7fbe,cfbc,
8837,4ae7,b8ac,83b1,7fbe,1844,
8838,79df,0ab0,7ae9,7fbe,e858,
8839,bbfe,daf1,92b0,7fbe,783b,
8840,0000,a2e8,dcdc,7fbe,4e6d,
8841,fa61,b3ec,a8ca,7fbe,3a7b,
8842,0000,a0e0,dea2,7fbe,4c13,
8843,0000,cd63,93f3,7fbe,654d,
8844,7155,a2e8,92b1,7fbe,2f37,
8845,715f,a2e8,2a16,7fbe,b8a7,
8846,df3c,a2e8,92b1,7fbe,be29,
8847,2fac,e81a,9630,7fbe,53f0,
8848,8bfd,de08,da91,7fbe,eca0,
8849,2145,a2e8,92b1,7fbe,b4a4,
8850,e3ee,d79c,e7c5,7fbe,7574,
8851,6115,a2e8,92b1,7fbe,3044,
8852,650e,e737,d76e,7fbe,45df,
8853,6146,a2ca,92b0,7fbe,69ee,
8854,5d16,267d,1ea4,7fbe,8c15,
8855,f536,a2e8,c239,7fbe,5088,
8856,1f2c,116c,2135,7fbe,b384,
8857,f84a,b497,d6a0,7fbe,1e5c,
8858,635d,a2e8,92b1,7fbe,c729,
8859,6505,4a9b,92b0,7fbe,e851,
8860,0000,2afd,9281,7fbe,0a54,
8861,7141,a2e8,92b1,7fbe,24cc,
8862,fa23,4a85,7adc,7fbe,e86d,
8863,6155,a2e8,92b1,7fbe,4ff8,
8864,0000,67f0,57a9,7fbe,c518,
8865,6c23,a2e8,92b1,7fbe,0d37,
8866,71c5,a2e8,1432,7fbe,8683,
8867,0fd5,a2e8,92b1,7fbe,6a80,
8868,64e7,a2e8,92b1,7fbe,05b2,
8869,0000,3926,92f1,7fbe,934e,
8870,0000,a5f8,b808,ffbe,fd0d,
8871,b096,a2e8,dc28,7fbe,4e99,
8872,7155,a2e8,92b1,7fbe,b103,
8873,f073,a2e8,baae,7fbe,281f,
8874,0000,043c,52f2,7fbf,02b9,
8875,615d,a2e8,92b1,7fbe,b3bc,
8876,b755,a2e8,92b1,7fbe,5600,
8877,0000,19da,c7e4,7fbe,ea81,
8878,6155,a2e8,92b1,7fbe,36e5,
8879,6145,a2e8,92b1,7fbe,2186,
8880,0000,9bed,efb4,7fbe,7f05,
8881,c1bf,a2e8,60af,7fbe,f21e,
8882,16ea,a2e8,92b1,7fbe,77bf,
8883,210a,01e0,6ed6,7fbe,bc67,
8884,b35d,e2f0,92b9,7fbe,08e9,
8885,6155,a2e8,92b1,7fbe,9cce,
8886,0000,dc79,ac20,7fbe,3e91,
8887,0000,b4b9,82d4,7fbe,ba1e,
8888,63d4,a2e8,feef,7fbe,6c5e,
8889,0051,a3e8,9231,7fbe,45d4,
8890,d85b,a4ec,90b1,7fbe,990a,
8891,e05d,22f9,12b1,7fbe,4a2b,
8892,ffcd,a0e8,92b1,7fbe,d9d8,
8893,613e,4bf8,96b1,7fbe,6510,
8894,6155,a2e8,92b1,7fbe,bdd7,
8895,f093,bae8,9ab1,7fbe,6da2,
8896,6155,a2e8,92b1,7fbe,054d,
8897,e155,a2e8,92b1,7fbe,bf65,
8898,0000,c8e0,c276,7fbe,50c7,
8899,7961,bae9,9ab1,7fbe,21ce,
8900,6155,a2e8,92b1,7fbe,aa98,
8901,0c64,a2e8,92b1,7fbe,6d31,
8902,0000,a2c8,8164,7fbe,13d5,
8903,6155,a2e8,92b1,7fbe,fe0d,
8904,7155,a2e8,92b1,7fbe,a40f,
8905,2155,a2e8,92b1,7fbe,19f5,
8906,6155,a2e8,92b1,7fbe,6049,
8907,f151,a2e8,92b1,7fbe,3ef1,
8908,6155,a2e8,92b1,7fbe,cb99,
8909,2137,26c7,96b1,7fbe,8e0f,
8910,f514,a2c8,92a1,7fbe,8af3,
8911,b005,a2e8,1e52,7fbe,8ce3,
8912,4b5d,bae8,9ab1,7fbe,18c3,
8913,6115,a2e8,92b1,7fbe,e0cf,
8914,3bb7,a2e8,3a1d,7fbe,a8ac,
8915,0000,2ff0,1bb5,77be,6ff5,
8916,61d5,a2e8,92b1,7fbe,e009,
8917,6115,a2e8,92b1,7fbe,c0ff,
8918,1a45,b2a8,9a92,7fbf,9e43,
8919,616b,a0d8,92a1,7fbe,3169,
8920,6154,a2e8,92b1,7fbe,15e2,
8921,0000,f381,9233,7fbe,406f,
8922,6155,a2e8,92b1,7fbe,214d,
8923,3271,e3af,d3f6,7fbe,4147,
8924,0000,b3ee,dea3,7fbe,8763,
8925,ec9e,a2e8,92b1,7fbe,8d0b,
8926,7555,a2e8,92b1,7fbe,f5a4,
8927,fd20,a2e8,b8c9,7fbe,2a78,
8928,0000,ea56,1499,7fbe,c6fb,
8929,0058,99fc,92a1,7fbe,3b34,
8930,5981,a2e8,c0a3,7fbe,5212,
8931,c7a3,a2e8,92b1,7fbe,aefe,
8932,ba38,a2f8,92b9,7fbe,f2a3,
8933,815e,a2e8,92b1,7fbe,e01b,
8934,718d,5b8a,92b1,7fbe,f962,
8935,6314,a2e8,92b1,7fbe,37dd,
8936,7731,a2e8,92b1,7fbe,1664,
8937,6155,a2e8,92b1,7fbe,a9d0,
8938,6d94,822a,82f1,7fbe,b6b8,
8939,0000,4457,7cac,7fbe,ee1d,
8940,e72c,a2e8,4d3d,7fbe,df8c,
8941,7155,a2e8,92b1,7fbe,f568,
8942,6115,a2e8,92b1,7fbe,f4bf,
8943,61d5,a2e8,92b1,7fbe,57a3,
8944,5660,a2e8,92b1,7fbe,2735,
8945,6155,a2e8,92b1,7fbe,e78c,
8946,c15b,e2e8,92b1,7fbe,0297,
8947,2a33,da33,d3b1,7fbe,fadb,
8948,0000,85ab,04ae,7dbe,357e,
8949,6151,a2e8,92b1,7fbe,15f4,
8950,610d,a2e8,084b,7fbe,9afa,
8951,3709,a0e9,849b,7fbe,162a,
8952,e5fb,a2e8,f1df,7fbe,636e,
8953,f5b0,a3f8,92b9,7fbe,1ce5,
8954,6155,a2e8,92b1,7fbe,63c6,
8955,7155,a2e8,92b1,7fbe,3ac8,
8956,8bfe,a2e8,92b1,7fbe,f8af,
8957,6155,a2e8,92b1,7fbe,1753,
8958,0000,aa16,9295,7fbe,95f6,
8959,6355,a2e8,92b1,7fbe,b630,
8960,6155,a2e8,92b1,7fbe,073f,
8961,6155,a2e8,92b1,7fbe,e270,
8962,6155,a2e8,92b1,7fbe,d37f,
8963,e15d,a2e8,92b1,7fbe,d2f5,
8964,2555,a2e8,92b1,7fbe,0345,
8965,0000,9065,a47c,7fbe,36ed,
8966,0844,bfa7,b23b,7fbe,5c1a,
8967,7335,d31f,92b1,7fbe,71f7,
8968,6155,a2e8,92b1,7fbe,6771,
8969,8acb,a2e8,92b1,7fbe,eb9e,
8970,8255,a2e8,92b1,7fbe,e4a1,
8971,6155,a2e8,92b1,7fbe,23df,
8972,0000,aa85,9adc,7fbe,086d,
8973,0000,a2ec,534d,7fbe,c1fc,
8974,4117,a2e8,92b1,7fbe,459b,
8975,8b24,ffd8,9ad0,7fbe,41b3,
8976,419d,e2e8,b2b1,7fbe,5773,
8977,7155,a2e8,92b1,7fbe,ab75,
8978,6555,a2e8,92b1,7fbe,2b6e,
8979,a12e,a2e8,92b1,7fbe,c03b,
8980,d36b,e36c,b231,7fbe,273e,
8981,e14d,e4e8,90b1,7fbe,4009,
8982,6955,a2e8,92b1,7fbe,7184,
8983,4155,a2e8,92b1,7fbe,7404,
8984,45f7,aa9f,9ac6,7fbe,0877,
8985,0134,aaca,92b1,7fbe,c60a,
8986,84b2,a2e8,92b1,7fbe,e5e7,
8987,9769,a2e9,3ce5,7fbe,ae54,
8988,b596,a2e8,92b1,7fbe,d6c3,
8989,6155,a2e8,92b1,7fbe,ef39,
8990,6055,a2e8,92b1,7fbe,cf3a,
8991,5de7,e7c2,90a9,7fbe,9359,
8992,a155,a2e8,92b1,7fbe,2ffb,
8993,6155,a2e8,92b1,7fbe,cd06,
8994,78d6,a2e8,0ed1,7fbe,9c60,
8995,0000,ba19,92b1,7fbe,3106,
8996,c109,a2e8,de9b,7fbe,4c2a,
8997,f0d4,fbfc,92b1,7fbe,8936,
8998,6155,a2e8,92b1,7fbe,0f96,
8999,2f6a,a2e8,92b1,7fbe,1f3b,
9000,9b12,82e8,92b1,7fbe,a91a,
9001,67d5,a2e8,92b1,7fbe,aef5,
9002,12d1,fd36,d3b1,7fbe,fd5e,
9003,0000,eb33,71bc,7fbe,6eec,
9004,2157,a2e8,92b1,7fbe,47c4,
9005,7155,a2e8,92b1,7fbe,e6cc,
9006,7155,a2e8,92b1,7fbe,66da,
9007,791c,a2e8,0496,7fbe,9627,
9008,67be,a2e8,485f,7fbe,daee,
9009,b155,a2e8,5576,7fbe,c7c7,
9010,0000,4f09,96a1,7fbe,63c1,
9011,dbd7,a2e8,cac3,7fbe,5872,
9012,9752,a2a8,4e64,7fbe,dcd5,
9013,f347,a2e8,9d6c,7fbe,0fdd,
9014,6175,a2e8,92b1,7fbe,08ae,
9015,111f,8ae8,8eb1,77be,d96b,
9016,6155,a2e8,92b1,7fbe,8323,
9017,435d,a2e8,92b1,7fbe,9d6a,
9018,0000,a2e0,a4e3,7fbe,3652,
9019,6155,a2e8,92b1,7fbe,fba8,
9020,0000,22e8,aef6,7fbe,3c47,
9021,6555,a2e8,92b1,7fbe,f25d,
9022,7155,a2e8,92b1,7fbe,070a,
9023,0000,559b,72b9,7fbe,166a,
9024,6c1c,a2e8,826c,7fbe,10dd,
9025,6131,ec6d,92b3,7fbe,4e80,
9026,6145,a2e8,92b1,7fbe,dedf,
9027,0000,e7a3,943b,7fbe,4ddf,
9028,81b7,a2e8,52db,7fbe,c06a,
9029,6079,a2e8,ab5b,7fbe,39ea,
9030,78d4,a368,9231,7fbe,ca34,
9031,6955,e6e8,90b1,7fbe,0fbe,
9032,4155,a2e8,92b1,7fbe,a04f,
9033,39e1,aae8,92b1,7fbe,58b4,
9034,6155,a2e8,92b1,7fbe,8424,
9035,0000,f397,1231,7fbe,50fe,
9036,3211,8068,93b1,7fbe,95e5,
9037,4200,a2e8,92b1,7fbe,2355,
9038,0000,1a7b,10b1,7fbe,7e82,
9039,714d,a2e8,92b1,7fbe,8cd3,
9040,6151,a2e8,92b1,7fbe,f66c,
9041,4bd5,a3e8,92b1,7fbe,52ec,
9042,6155,a2e8,92b1,7fbe,9757,
9043,35dc,a2e8,92b1,7fbe,5689,
9044,0000,1b7c,9a39,7fbe,a085,
9045,c918,0224,8ab3,7fbe,8089,
9046,c339,a2e8,f5da,7fbe,676b,
9047,6015,a2e8,92b1,7fbe,ec3a,
9048,008a,a0e8,92b1,7fbe,67f7,
9049,6155,a2e8,92b1,7fbe,447f,
9050,5556,a2e8,871a,7fbe,15ab,
9051,6252,15a3,9ab1,7fbe,a74a,
9052,0000,afbe,9291,7fbe,0d16,
9053,e1d8,8c62,96b1,7fbe,a145,
9054,6155,a2e8,92b1,7fbe,2320,
9055,440e,e2f9,12b1,7fbe,35f2,
9056,f508,e42a,d473,7fbe,46c2,
9057,b564,a2e8,090f,7fbe,9bbe,
9058,0000,43aa,3039,7fbe,c74f,
9059,6155,a2e8,92b1,7fbe,ba62,
9060,4024,73a0,43f9,7fbe,d148,
9061,0000,8be8,9231,7fbe,3804,
9062,165d,9951,52b1,7fbe,b9b0,
9063,7117,a2e8,92b1,7fbe,ad1d,
9064,c217,a2e8,bb57,7fbe,29e6,
9065,1a6d,6844,92a3,7fbe,cac8,
9066,0000,f1f4,92b1,7fbe,6a74,
9067,3479,a2e8,92b1,7fbe,551c,
9068,6114,a2e8,92b1,7fbe,fc44,
9069,4e0a,a3e8,92b1,7fbe,cc3e,
9070,0000,c195,9291,7fbe,673d,
9071,0000,090b,aab1,6fbe,3c6b,
9072,41dd,a2e8,92b1,7fbe,8c0e,
9073,6115,a2e8,92b1,7fbe,9895,
9074,214d,a2e8,92b1,7fbe,1a51,
9075,7157,a2e8,92b1,7fbe,d4d4,
9076,a18b,a2e8,92b1,7fbe,c2de,
9077,6145,a2e8,92b1,7fbe,b229,
9078,e155,a2e8,92b1,7fbe,b3e1,
9079,c337,a2e8,dfbd,7fbe,4d0c,
9080,adab,a2e8,68f3,7fbe,fa42,
9081,0000,6268,4675,7fbe,d4c4,
9082,0000,b2f0,90b9,7ebe,2227,
9083,10ff,a2e8,43fa,7fbe,d14b,
9084,6080,bae8,c2b1,5fbe,e98c,
9085,6155,a2e8,92b1,7fbe,3d90,
9086,0000,9ff3,baa9,7fbe,6d36,
9087,f265,a2e8,f3f8,7fbe,6149,
9088,53c7,a2e8,3338,7fbe,a189,
9089,c890,a3ec,9233,7fbe,4485,
9090,0155,a2e8,92b1,7fbe,0106,
9091,2676,9ef0,92b1,7fbe,3c18,
9092,48a4,a2c0,92b1,7fbe,c950,
9093,42f4,a3e8,92b1,7fbe,730b,
9094,7555,a2e8,92b1,7fbe,f80c,
9095,6927,a2e8,92b1,7fbe,bd2c,
9096,4147,a2e8,92b1,7fbe,4479,
9097,0000,298e,198b,7fbe,3a8a,
9098,6155,a2e8,92b1,7fbe,6236,
9099,454d,a2e8,92b1,7fbe,75f6,
9100,6d57,a2e8,9aaf,7fbe,081e,
9101,a314,a2e8,92b1,7fbe,d9ca,
9102,6155,a2e8,92b1,7fbe,899b,
9103,f853,a2e8,cfac,7fbe,5d1d,
9104,615f,a2e8,92b1,7fbe,6fb7,
9105,6135,a2e8,92b1,7fbe,800b,
9106,c544,a2e8,7933,7fbe,eb82,
9107,0000,4ba3,189d,7fbe,1438,
9108,3b27,9141,8af2,7fbe,8b2c,
9109,ed23,a2e8,1462,7fbe,86d3,
9110,6047,f2e8,b2b1,7fbe,f414,
9111,61f7,a2e0,92b1,7fbe,81ba,
9112,5099,a2e8,9872,7fbe,0ac3,
9113,7155,a2e8,92b1,7fbe,9f3f,
9114,6195,a2e8,92b1,7fbe,6197,
9115,6243,6568,92b1,7fbe,c780,
9116,6c3b,a2e8,92b1,7fbe,0d6e,
9117,7155,a2e8,92b1,7fbe,d796,
9118,a7c7,62e0,d2b1,7fbe,54d2,
9119,2850,81ea,f335,5fbe,6e8f,
9120,6315,a2e8,92b1,7fbe,5356,
9121,3155,a2e8,92b1,7fbe,75a8,
9122,2155,a2e8,92b1,7fbe,3b51,
9123,0000,06c0,b2b1,7fbe,f42c,
9124,0000,56da,ba1b,7fbe,a448,
9125,1bf2,e397,d3b1,7fbe,a37f,
9126,6155,a2e8,92b1,7fbe,0c71,
9127,eb7d,a2e8,849c,7fbe,162d,
9128,b345,22e0,d2b1,7fbe,b969,
9129,7155,a2e8,92b1,7fbe,9dcf,
9130,21f5,a2e8,82c5,7fbe,1074,
9131,0000,1043,87b6,7fbe,bec3,
9132,3a61,22e9,92b1,7fbe,8423,
9133,2813,e64e,d261,7fbe,c5d6,
9134,6545,a2e8,130e,7fbe,81bf,
9135,7834,141b,92b0,7fbe,36f0,
9136,0000,20e8,92b1,7fbe,0d1e,
9137,6155,a2e8,92b1,7fbe,f8a2,
9138,6155,a2e8,92b1,7fbe,0124,
9139,6117,a2e8,92b1,7fbe,a3a4,
9140,8d2b,d553,8833,7fbe,4afd,
9141,0000,79ad,90b0,7fbe,dd47,
9142,0000,a479,43b5,7fbe,d59c,
9143,7151,a2e8,92b1,7fbe,2bdf,
9144,615d,a2e8,92b1,7fbe,2e51,
9145,3935,a2e8,92b1,7fbe,4716,
9146,4c57,4aec,b6b1,7fbe,8001,
9147,6eb9,a2e8,2b3a,7fbe,b98b,
9148,598c,a2e8,4815,7fbe,daa4,
9149,6157,a2e8,92b1,7fbe,6260,
9150,0000,f88d,99f0,7fbe,6ec6,
9151,0000,0302,131a,7fbe,81ab,
9152,0000,d274,e2b9,5fbe,626b,
9153,6155,a2e8,92b1,7fbe,a223,
9154,b960,a2e9,92b1,7fbe,d817,
9155,b4c8,a2e8,92b1,7fbe,d78d,
9156,6155,a2e8,92b1,7fbe,dc87,
9157,6155,a2e8,92b1,7fbe,718a,
9158,2df5,4ff8,92a1,7fbe,ef30,
9159,e151,a2e8,92b1,7fbe,34be,
9160,5fbc,a2e8,f15c,7fbe,63ed,
9161,7514,a2e8,92b1,7fbe,ad35,
9162,4a6b,8323,9231,7fbe,8344,
9163,6155,a2e8,92b1,7fbe,8401,
9164,35f1,a2e8,92b1,7fbe,74b4,
9165,0000,59a2,a0b9,7fbe,d55a,
9166,94b0,a2e8,f0db,7fbe,626a,
9167,e134,a2e8,4e4a,7fbe,dcfb,
9168,60f5,a2e8,7daf,7fbe,ef1e,
9169,3b64,a2e8,92b1,7fbe,1a31,
9170,0000,610b,82f0,77be,b624,
9171,0000,0008,3051,7fbe,a2e0,
9172,cb9e,9ae8,b2b3,6fbe,6c07,
9173,f8d0,a2a8,92b1,7fbe,cd5b,
9174,0000,c703,d3a5,7fbe,a553,
9175,0000,0362,333b,7fbe,a18a,
9176,7375,a2e8,92b1,7fbe,61cf,
9177,6155,a2e8,92b1,7fbe,2f65,
9178,6155,a2e8,92b1,7fbe,a548,
9179,bb50,6108,9eb2,7fbe,d1b7,
9180,0000,93e3,10b1,7fbe,350a,
9181,0000,fcdc,711a,7fbe,6c8d,
9182,6155,a2e8,92b1,7fbe,644c,
9183,4155,a2e8,92b1,7fbe,687e,
9184,6115,a2e8,92b1,7fbe,feee,
9185,a17f,a2e8,15f2,7fbe,8743,
9186,0000,a2fc,92b9,7fbe,eae3,
9187,6e1e,a2e8,797c,7fbe,ebcd,
9188,4f12,a2e8,589a,7fbe,ca2b,
9189,6175,a2e8,92b1,7fbe,6391,
9190,5051,a0d8,92a1,7fbe,8e4d,
9191,6155,a2e8,92b1,7fbe,af7d,
9192,6145,a2e8,92b1,7fbe,23b2,
9193,1d4d,8268,85f6,7fbe,1747,
9194,0000,cb74,d0b0,7fbe,c6b6,
9195,a056,fc24,52b0,7fbe,9eff,
9196,427e,e315,10b1,7fbe,07ec,
9197,6155,a2e8,92b1,7fbe,7cac,
9198,0000,f135,c16d,7fbe,53dc,
9199,4155,a2e8,92b1,7fbe,690e,
9200,79d3,a368,9231,7fbe,34d9,
9201,c8b7,a2e8,099b,7fbe,9b2a,
9202,0000,b2e4,92b1,7fbe,10fe,
9203,f572,b022,92b0,7fbe,92c8,
9204,e41d,a2e8,ccf1,7fbe,5e40,
9205,0000,0b59,a0bb,7fbe,a7ef,
9206,0000,a2e8,c8cf,7fbe,5a7e,
9207,7175,a2e8,92b1,7fbe,171d,
9208,0000,9bed,efb4,7fbe,7f05,
9209,2051,a2e8,92b1,7fbe,ebb8,
9210,56b1,05c4,10b1,7fbe,e13d,
9211,94f4,9a0b,82f0,7fbe,1823,
9212,6157,a2e8,92b1,7fbe,8b79,
9213,49d7,a2e8,92b1,7fbe,d9e9,
9214,6155,a2e8,92b1,7fbe,7893,
9215,6535,a2e8,92b1,7fbe,f4c5,
9216,0913,a264,ef8e,7fbe,7d3b,
9217,eb9a,c2e8,b2b1,7fbe,697b,
9218,3bbb,a2e8,fc0b,7fbe,6eba,
9219,4d55,a2e8,0fef,7fbe,9d5e,
9220,8a14,a2e8,92b1,7fbe,fb41,
9221,615d,a2e8,92b1,7fbe,fbac,
9222,0000,9007,9a95,7fbe,2686,
9223,6155,a2e8,92b1,7fbe,316f,
9224,6055,a2e8,92b1,7fbe,3fa2,
9225,4955,c2ec,b2b1,7fbe,deac,
9226,0000,6aaf,9ab7,7fbe,d08a,
9227,6115,a2e8,92b1,7fbe,c288,
9228,7115,a2e8,92b1,7fbe,aa79,
9229,f052,a2e8,041c,7fbe,96ad,
9230,3135,22e8,d2b1,7fbe,9d3e,
9231,0000,c3d1,b231,7fbe,3039,
9232,715d,a2e8,92b1,7fbe,268d,
9233,3195,3cca,90bb,7fbe,9937,
9234,a957,49f2,79ab,7fbe,eb1a,
9235,e86b,a2e8,101c,7fbe,82ad,
9236,b781,a2e8,92b1,7fbe,d6d4,
9237,0000,b2e2,900c,7fbe,02bd,
9238,4f8a,a2e8,92b1,7fbe,2edf,
9239,6155,a2e8,92b1,7fbe,0b46,
9240,80f6,aae8,92b1,7fbe,c1c2,
9241,21df,62e9,12b1,7fbe,b78d,
9242,6155,a2e8,92b1,7fbe,107f,
9243,6155,a2e8,92b1,7fbe,08b7,
9244,0000,2a8f,1ad6,7fbe,8867,
9245,0000,325b,0242,7fbe,90f3,
9246,6155,a2e8,92b1,7fbe,4ee3,
9247,f03d,fed0,9abb,7fbe,542c,
9248,6151,a2e8,92b1,7fbe,a422,
9249,e952,9a64,82b5,7fbe,acdf,
9250,0000,304e,86b1,7fbe,ae86,
9251,7155,a2e8,92b1,7fbe,3c8d,
9252,a076,82a8,aab1,6fbe,e0db,
9253,c414,2eb8,1291,7fbe,3e03,
9254,4135,a2e8,20e4,7fbe,b255,
9255,ed1a,a2e8,0579,7fbe,97c8,
9256,6057,a2e8,92b1,7fbe,f482,
9257,f590,a2e8,b954,7fbe,2be5,
9258,71dd,62e0,d2b1,7fbe,c677,
9259,0000,27d9,10b1,7fbe,436a,
9260,6355,a2e8,92b1,7fbe,de4e,
9261,b304,92e8,82b1,7fbe,172e,
9262,ec90,a2e8,92b1,7fbe,89c5,
9263,6145,a2e8,92b1,7fbe,cd71,
9264,6114,a2e8,92b1,7fbe,dff0,
9265,3a00,a0e8,cf68,7fbe,5dd9,
9266,291b,29f0,9231,7fbe,9a18,
9267,44d1,a2e8,72b3,7fbe,e002,
9268,6b33,0f64,d2a1,7fbe,6dac,
9269,6155,a2e8,92b1,7fbe,1eb0,
9270,d873,2a4f,93bd,7fbe,9bb3,
9271,0000,a74f,9716,7fbe,05a7,
9272,a482,a2e8,2749,7fbe,b5f8,
9273,6155,a2e8,92b1,7fbe,af70,
9274,7145,a2e8,92b1,7fbe,4199,
9275,e1d5,a2e8,92b1,7fbe,259b,
9276,32db,63af,9ab1,7fbe,d946,
9277,61b4,c2ec,b2b1,7fbe,6291,
9278,589f,a268,92b1,7fbe,7070,
9279,c994,b4f9,98b9,7fbe,abe8,
9280,29b1,a0e8,92b1,7fbe,6566,
9281,0000,aae8,a720,7fbe,3591,
9282,b155,a6e8,90b1,7fbe,63f3,
9283,e11d,a2e8,92b1,7fbe,3184,
9284,711c,a2e8,4a88,7fbe,d839,
9285,6355,a2e8,92b1,7fbe,74b2,
9286,0000,0878,10b3,7fbe,6e95,
9287,2a75,a2e8,e6dc,7fbe,746d,
9288,0000,d945,1298,7fbe,fcdf,
9289,6d17,bae8,9ab1,7fbe,96ae,
9290,e315,a2e8,92b1,7fbe,ef1c,
9291,6342,fb08,b2f1,7fbe,16f1,
9292,6154,a2e8,92b1,7fbe,39ba,
9293,7155,a2e8,92b1,7fbe,5b83,
9294,54d1,a2e8,0893,7fbe,9a22,
9295,2dac,22c8,c7df,7fbe,556e,
9296,5069,a2e8,92b1,7fbe,b375,
9297,6841,a2eb,92b0,7fbe,1b61,
9298,697d,a288,9291,7fbe,1b00,
9299,4b75,a688,9291,7fbe,1c9e,
9300,0000,25a8,92b1,7fbe,0dc0,
9301,0000,aa6b,85b6,7fbe,1707,
9302,e463,f7b8,c7e1,7fbe,5550,
9303,e155,a2e8,92b1,7fbe,d8c3,
9304,0000,591a,83b7,7fbe,e93c,
9305,0000,5aca,83f5,7fbe,d2a8,
9306,4074,e3a5,c2b5,5fbe,faeb,
9307,0000,a48a,9cd3,7fbe,0e62,
9308,0ce5,a2e8,92b1,7fbe,6df0,
9309,0000,cc6a,763b,7fbe,e48a,
9310,99ac,6048,04f9,7fbe,9648,
9311,21d2,a2e8,92b1,7fbe,4087,
9312,3044,a0c8,92a1,7fbe,41a0,
9313,3cd8,7064,d131,7ebe,5258,
9314,8afd,a3e8,92b1,7fbe,e9a0,
9315,e775,e5c4,92b1,7fbe,472c,
9316,61d7,a2e8,92b1,7fbe,68f6,
9317,6154,a2e8,92b1,7fbe,48de,
9318,0000,8508,b551,7fbe,27e0,
9319,0000,a0f8,90a1,7fbe,0210,
9320,0000,84d8,30b8,7fbe,6202,
9321,6155,a2e8,92b1,7fbe,7537,
9322,d470,32e9,2bc5,7fbe,b974,
9323,605c,a2e8,6868,7fbe,fad9,
9324,0000,0a0f,a273,7fbe,d1a5,
9325,0000,fae2,b2b1,6fbe,f97f,
9326,0000,a268,cc00,7fbe,5eb1,
9327,c947,a2e8,92b1,7fbe,a817,
9328,0000,98eb,a8b6,7fbe,3a07,
9329,6b5d,a3f0,92b9,7fbe,8432,
9330,6155,a2e8,92b1,7fbe,9b4b,
9331,0000,f9ee,10b9,7fbe,9c0f,
9332,7141,a2e8,92b1,7fbe,a826,
9333,ae3d,80e8,93b1,7fbe,6b78,
9334,6355,a2e8,92b1,7fbe,622e,
9335,7c07,3115,83b5,7fbe,b075,
9336,593f,b228,9131,7ebe,9ec4,
9337,41b2,e2fd,1089,7fae,17f7,
9338,2071,a2e8,4039,7fbe,d288,
9339,4345,b2f0,92b9,7fbe,ba76,
9340,6fbc,41a8,92f0,7fbe,eb83,
9341,3b06,a2e8,92b1,7fbe,5a53,
9342,6507,aa28,92f1,7fbe,91f5,
9343,d4ee,a2e8,92b1,7fbe,b7b3,
9344,0000,d4e8,9bb3,7fbe,7c86,
9345,c209,a1fd,42c0,7fbe,d071,
9346,6115,a2e8,92b1,7fbe,37b2,
9347,3500,a2e8,49af,7fbe,db1e,
9348,7dbe,a6a8,92b1,7fbe,2f20,
9349,17c0,a2a9,9291,7fbe,4e17,
9350,0000,4c47,7c1e,7fbe,eeaf,
9351,0000,874f,1291,7fbe,21d6,
9352,81b7,a2e8,52db,7fbe,c06a,
9353,6195,a2e8,92b1,7fbe,aa56,
9354,7175,a2e8,92b1,7fbe,a6e8,
9355,38c2,a2e8,92b1,7fbe,7997,
9356,6014,a2e8,92b1,7fbe,5ac8,
9357,7151,a2e8,92b1,7fbe,aaec,
9358,008f,a2e8,92b1,7fbe,71da,
9359,0000,1fc3,d3a9,7fbe,7c13,
9360,61b8,a2e8,8268,7fbe,10d9,
9361,e015,a2e8,03a0,7fbe,9111,
9362,02e7,a2e8,7011,7fbe,e2a0,
9363,7edd,a2e8,92b1,7fbe,1f88,
9364,0000,1a22,2a78,7fbe,b8c8,
9365,6105,a2e8,a558,7fbe,37e9,
9366,6540,a2e8,c825,7fbe,5a94,
9367,6155,a2e8,92b1,7fbe,4677,
9368,71d5,a2e8,92b1,7fbe,692b,
9369,0000,34a0,949d,7fbe,062c,
9370,0000,2b8e,1495,7fbe,2097,
9371,2145,a2e8,92b1,7fbe,b5de,
9372,0966,aa29,92f1,7fbe,3a21,
9373,6154,a2e8,92b1,7fbe,e429,
9374,6155,a2e8,92b1,7fbe,7be2,
9375,2545,a2e8,92b1,7fbe,b655,
9376,d0c7,a2e8,92b1,7fbe,91d2,
9377,004e,a2ec,93b3,7fbe,0102,
9378,6945,a2e8,92b1,7fbe,5c77,
9379,0000,487f,b2b9,7fbe,ab87,
9380,0000,92c8,ce13,7fbe,5ca2,
9381,c458,f264,b2b5,7fbe,d6f3,
9382,0000,b2ec,1a85,7fbe,8834,
9383,2135,a2e8,f678,7fbe,64c9,
9384,6554,a2e8,92b1,7fbe,1a48,
9385,00dd,a2e8,92b1,7fbe,618c,
9386,234d,81e0,93b1,7fbe,500d,
9387,0000,1939,1962,7fbe,9bd3,
9388,cab8,6059,9bb7,7fbe,d03c,
9389,2274,a2e8,4bd6,7fbe,d967,
9390,d8f5,a0e8,93b1,7fbe,f614,
9391,6055,a2e8,92b1,7fbe,4989,
9392,6051,a2e8,92b1,7fbe,8256,
9393,7155,a2e8,92b1,7fbe,c81a,
9394,0000,c26a,c3b1,5fbe,efbb,
9395,bbca,68c7,92f1,7fbe,c2ef,
9396,5dc1,81ec,72b9,3fbe,32d0,
9397,6175,a2e8,92b1,7fbe,4bf9,
9398,2abb,73af,90bf,7fbe,f5dd,
9399,306d,a2e8,48fa,7fbe,da4b,
9400,6175,a2e8,92b1,7fbe,95c0,
9401,6155,a2e8,92b1,7fbe,e241,
9402,0000,6280,9681,7fbe,4e08,
9403,ca24,f3ad,8a49,7fbe,18f8,
9404,3354,a2e8,92b1,7fbe,d263,
9405,50dd,a2ec,92b1,7fbe,8d6c,
9406,7555,a2e8,92b1,7fbe,ec5e,
9407,0000,a268,d775,7fbe,45c4,
9408,2155,a2e8,92b1,7fbe,d4fc,
9409,0000,2cd8,94b0,ffbe,a1e9,
9410,0000,33e8,0517,7fbe,97a6,
9411,4508,a2e8,2b5a,7fbe,b9eb,
9412,7195,a2e8,92b1,7fbe,ee88,
9413,7714,a2e8,2c1f,7fbe,beae,
9414,6151,a2e8,c06d,7fbe,52dc,
9415,4c29,16b6,9295,7fbe,b016,
9416,0000,deeb,93b1,7fbe,7e03,
9417,0000,834a,80b1,7fbe,1fa2,
9418,6115,a2e8,92b1,7fbe,5ecf,
9419,6155,a2e8,92b1,7fbe,c0fb,
9420,6253,22fc,12a5,7fbe,8014,
9421,6155,a2e8,92b1,7fbe,790e,
9422,6155,a2e8,92b1,7fbe,7f85,
9423,7c5b,ede0,92b9,7fbe,4e18,
9424,0000,c9f7,dea2,7fbe,11ea,
9425,37b4,a2e8,2438,7fbe,b689,
9426,6155,a2e8,92b1,7fbe,bf02,
9427,d555,a2e8,92b1,7fbe,a400,
9428,f641,a0c8,92a1,7fbe,7d83,
9429,61d5,a2e8,92b1,7fbe,0bf9,
9430,5a42,a2e8,92b1,7fbe,3b57,
9431,0000,1c54,92b9,7fbe,bfa0,
9432,7151,a2e8,92b1,7fbe,a197,
9433,6506,a2e8,92b1,7fbe,2c6f,
9434,690d,a068,92b1,7fbe,fbaf,
9435,6155,a2e8,92b1,7fbe,987e,
9436,6155,a2e8,92b1,7fbe,508e,
9437,6157,a2e8,92b1,7fbe,6cec,
9438,dd24,ee99,d2b1,7fbe,8c71,
9439,2d93,b328,9231,7fbe,064e,
9440,6111,a2e8,92b1,7fbe,75b4,
9441,0503,a22a,92f1,7fbe,9fee,
9442,5149,0405,30b9,7fbe,e3f8,
9443,f11c,bae9,9ab1,7fbe,2b7f,
9444,6055,a2e8,92b1,7fbe,9acc,
9445,0000,b840,9291,7fbe,1ee8,
9446,8374,a2e8,e60c,7fbe,74bd,
9447,0000,f733,3237,7fbe,b554,
9448,c04b,02e8,c2b1,7fbe,b34e,
9449,6315,a2e8,92b1,7fbe,ea0c,
9450,4b74,17e6,92b1,7fbe,b50e,
9451,6155,a2e8,92b1,7fbe,9386,
9452,0000,8b01,8af3,7fbe,012e,
9453,096d,e2e8,b2b1,7fbe,2375,
9454,0000,5231,6268,7fbe,f0d9,
9455,7051,a2e8,92b1,7fbe,206a,
9456,6ec0,a2e8,92b1,7fbe,1795,
9457,0000,8fdf,b2bd,7fbe,6d2d,
9458,41d5,a2e8,92b1,7fbe,9bd1,
9459,6155,a2e8,92b1,7fbe,6de0,
9460,6115,a2e8,92b1,7fbe,a843,
9461,6515,a2e8,92b1,7fbe,518b,
9462,69e4,a2e8,61d1,7fbe,f360,
9463,0000,c365,f33c,7fbe,618d,
9464,4915,a2e8,92b1,7fbe,79fa,
9465,6555,a2e8,92b1,7fbe,372f,
9466,241a,a2e8,80fe,7fbe,124f,
9467,92f4,22e9,12b1,7fbe,67e5,
9468,5b79,a2e2,92b5,7fbe,ebf9,
9469,615a,a260,92b5,7fbe,7eda,
9470,6355,a2e8,92b1,7fbe,bc8e,
9471,0000,2201,9b97,7fbe,8105,
9472,6975,a2e8,92b1,7fbe,d848,
9473,6115,a2e8,92b1,7fbe,12bd,
9474,3855,a2e8,7704,7fbe,e5b5,
9475,3def,a2e8,92b1,7fbe,5cbf,
9476,0000,63a6,9ab1,7fbe,d14f,
9477,6114,a2e8,92b1,7fbe,7880,
9478,e135,a2e8,92b1,7fbe,8d8d,
9479,7f45,a0e0,55b4,7fbe,c705,
9480,6151,a2e8,92b1,7fbe,f107,
9481,0000,cb0f,92f1,7fbe,6907,
9482,7875,a2e8,92b1,7fbe,141a,
9483,6955,a2e8,92b1,7fbe,d7e6,
9484,6155,a2e8,92b1,7fbe,f5a8,
9485,418a,bf3f,d291,7fbe,d997,
9486,7157,a2e8,92b1,7fbe,26d4,
9487,5019,8f07,92b1,7fbe,2def,
9488,4cbd,a0e0,302c,7fbe,a29d,
9489,0000,5899,a6e0,7fbe,36e2,
9490,e115,a2e8,92b1,7fbe,87ee,
9491,e115,b2e8,9ab1,7fbe,df74,
9492,6055,a2e8,92b1,7fbe,40a0,
9493,d9e1,64cf,92b4,7fbe,c688,
9494,34a2,a2e8,92b1,7fbe,15e7,
9495,6895,a2d8,9293,7fbf,6093,
9496,6554,a2e8,92b1,7fbe,0a00,
9497,7175,a2e8,92b1,7fbe,444e,
9498,a79c,a2e8,bd42,7fbe,2ff3,
9499,c2fd,a2e8,aebe,7fbe,3c0f,
9500,5935,a368,9231,7fbe,85a4,
9501,34c5,2ad8,96a1,7fbe,421f,
9502,0000,5b79,f6b1,7fbe,35dd,
9503,0000,8ae8,57ba,7fbe,c50b,
9504,6555,a2e8,92b1,7fbe,e57f,
9505,4150,a2e8,b26d,7fbe,20dc,
9506,a035,a2e8,dd6e,7fbe,4fdf,
9507,431d,a2ea,7b83,7fbe,e932,
9508,b13c,cb38,92b1,7fbe,69d0,
9509,68c2,aa68,92f1,7fbe,fbb3,
9510,29df,0afd,96b1,7fbe,2015,
9511,2115,a2e8,92b1,7fbe,0319,
9512,6235,a3e8,92b1,7fbe,35eb,
9513,773d,a2e8,92b1,7fbe,263c,
9514,cbc9,a2e8,3ffc,7fbe,ad4d,
9515,0000,a2a8,5f55,7fbe,cde4,
9516,efdf,a2e8,99aa,7fbe,0b1b,
9517,78d8,51c2,96b0,7fbe,fb28,
9518,4119,24f9,10b1,7fbe,bce4,
9519,70db,a2e8,94c5,7fbe,0674,
9520,29f3,a2e8,92b1,7fbe,58e6,
9521,ddb9,a2e8,92b1,7fbe,bcec,
9522,e155,a2e8,92b1,7fbe,fb69,
9523,6117,a2e8,92b1,7fbe,bbd7,
9524,615d,a2e8,92b1,7fbe,54de,
9525,6155,a2e8,92b1,7fbe,6052,
9526,ab8a,55b5,96f0,7fbe,79bf,
9527,41d5,a2e8,92b1,7fbe,633e,
9528,9873,ee7e,de27,7fbe,4c96,
9529,e755,a2e8,0594,7fbe,9725,
9530,165d,9951,52b1,7fbe,b9b0,
9531,4c25,e26e,b2b1,7fbe,0082,
9532,0000,c6ee,1099,7fbe,e557,
9533,21d5,a2e8,92b1,7fbe,7dfc,
9534,6114,a2e8,92b1,7fbe,1891,
9535,0000,6098,92a1,7fbe,4abd,
9536,6155,a2e8,92b1,7fbe,5b40,
9537,4bf7,a2fc,92b9,7fbe,a7a6,
9538,317f,a2e8,92b1,7fbe,502a,
9539,6155,a2e8,92b1,7fbe,7f5d,
9540,6744,a2c8,92a1,7fbe,bd9f,
9541,4115,a2e8,92b1,7fbe,7e48,
9542,61d6,a2e8,92b1,7fbe,902c,
9543,2418,a689,1291,7fbe,ff09,
9544,4db6,a2e8,b75d,7fbe,25ec,
9545,e222,a17a,82b0,7fbe,23b0,
9546,6175,a2e8,92b1,7fbe,a09e,
9547,7151,a2e8,92b1,7fbe,373c,
9548,78d1,a268,92b1,7fbe,294f,
9549,0000,7bd9,4b80,7fbe,d931,
9550,0000,a3e8,92b1,7fbe,b38e,
9551,615d,a2e8,92b1,7fbe,a6aa,
9552,040a,22e9,12b1,7fbe,25dd,
9553,2ca7,a2e8,92b1,7fbe,4dd2,
9554,8035,80eb,93b1,7fbe,62cd,
9555,7145,a2e8,92b1,7fbe,abd9,
9556,44c5,a2e8,0964,7fbe,9bd5,
9557,786d,a2e8,92b1,7fbe,1d38,
9558,7ecb,a2e8,92b1,7fbe,1fde,
9559,d5b4,3d62,b2b1,7fbe,df8e,
9560,e340,a2e8,2e9a,7fbe,bc2b,
9561,0000,1a41,943d,7fbe,87b2,
9562,0000,e6e8,90b1,7fbe,a220,
9563,112d,cdec,b3b5,7fbe,2c80,
9564,56ad,a2e8,92b1,7fbe,27fc,
9565,2055,a2e8,92b1,7fbe,4071,
9566,2155,a2e8,92b1,7fbe,a1cf,
9567,0000,8f4b,b2f9,7fbe,641b,
9568,eb75,a2e8,7d07,7fbe,efb6,
9569,0ff6,a2e8,92b1,7fbe,6ae3,
9570,0000,90d0,c6a1,7fbe,d01a,
9571,3145,a2e8,92b1,7fbe,5e7b,
9572,6155,a2e8,92b1,7fbe,8a32,
9573,deea,a2e8,92b1,7fbe,bfb7,
9574,7955,a2e8,92b1,7fbe,3b47,
9575,0000,a843,98da,7fbe,0a2b,
9576,6545,a2e8,92b1,7fbe,cd10,
9577,0081,a2e8,92b1,7fbe,61d4,
9578,3904,a8c3,96d1,7f9e,0400,
9579,1957,a2e8,92b1,7fbe,837b,
9580,6115,a2e8,92b1,7fbe,22f4,
9581,67d5,a2e8,c921,7fbe,5b90,
9582,615d,a2e8,92b1,7fbe,fd69,
9583,083c,da62,e2b1,5fbe,194c,
9584,fa23,4a85,7adc,7fbe,e86d,
9585,0000,b26c,82f7,7fbc,4cee,
9586,6375,a2e8,92b1,7fbe,b66b,
9587,6999,a2e8,92b1,7fbe,08cc,
9588,d35d,a2e8,92b1,7fbe,6aec,
9589,6955,a2e8,92b1,7fbe,18fb,
9590,eab1,a2e8,d55f,7fbe,47ee,
9591,99e1,2556,0d0c,7fbe,97bd,
9592,0300,a2e8,92b1,7fbe,6257,
9593,dd1f,008b,9bb1,7fbe,b863,
9594,6955,a2e8,92b1,7fbe,a054,
9595,0000,bfec,9ab3,7fbe,0176,
9596,6954,a2e8,92b1,7fbe,0503,
9597,f44a,2ee8,96b1,7fbe,bceb,
9598,e35d,a2e8,92b1,7fbe,2ead,
9599,2147,a2e8,92b1,7fbe,f2b3,
9600,ef14,12f9,92a1,7fbe,b221,
9601,2f9a,a2e8,92b1,7fbe,0fcf,
9602,6155,a2e8,92b1,7fbe,807a,
9603,6155,a2e8,92b1,7fbe,dd00,
9604,2154,a2e8,92b1,7fbe,9a96,
9605,0000,e0bd,733f,3fbe,27bd,
9606,6125,a688,9291,7fbe,dd18,
9607,6157,a2e8,92b1,7fbe,5688,
9608,7c5d,a2e8,9b18,7fbe,09a9,
9609,6155,a2e8,92b1,7fbe,06c2,
9610,7155,a2e8,92b1,7fbe,0088,
9611,0000,21de,8281,7fbe,2774,
9612,1d65,a2e8,92b1,7fbe,3c30,
9613,6155,a2e8,92b1,7fbe,c58f,
9614,4155,a2e8,92b1,7fbe,d2d8,
9615,6173,96e2,92f1,7fbe,348a,
9616,a545,5ba3,92b1,7fbe,f94b,
9617,0341,e029,d830,7fbe,4a81,
9618,e1d5,a2e8,92b1,7fbe,c286,
9619,6d5b,a2e8,03be,7fbe,910f,
9620,7935,a2e8,92b1,7fbe,b17c,
9621,6015,a2e8,92b1,7fbe,98de,
9622,6516,a2e8,92b1,7fbe,2b72,
9623,0000,9d6a,00f1,7fbe,4a07,
9624,9931,45d0,02b1,7fbe,c739,
9625,6155,a2e8,92b1,7fbe,2bfe,
9626,6135,a2e8,92b1,7fbe,af90,
9627,b47c,a2e8,a62d,7fbe,349c,
9628,4da8,a2e8,92b1,7fbe,3cfd,
9629,5bb8,9516,12b5,7fbe,36e7,
9630,65d7,a2e8,92b1,7fbe,3d70,
9631,6155,a2e8,92b1,7fbe,2154,
9632,7527,aa68,92f1,7fbe,bfc3,
9633,0000,46d8,7681,7fbe,e430,
9634,6155,a2e8,92b1,7fbe,2582,
9635,5114,40ab,30e3,7fbe,2252,
9636,7191,a2f4,92b9,7fbe,597f,
9637,e05d,a2e8,8bab,7fbe,191a,
9638,615d,a2e8,92b1,7fbe,427a,
9639,6155,a2e8,92b1,7fbe,a37d,
9640,6115,a2e8,92b1,7fbe,b583,
9641,01c2,ef9d,92b1,7fbe,4d75,
9642,0000,a2e8,8b3d,7fbe,198c,
9643,fb6c,a2e8,92b1,7fbe,da69,
9644,931c,a2e8,c818,7fbe,5aa9,
9645,6355,a2e8,92b1,7fbe,ac62,
9646,6155,a2e8,92b1,7fbe,7567,
9647,6015,a2e8,92b1,7fbe,1766,
9648,6155,a2e8,92b1,7fbe,38f9,
9649,6157,a2e8,92b1,7fbe,5473,
9650,5514,a2e8,c48b,7fbe,563a,
9651,7145,a2e8,92b1,7fbe,9fe1,
9652,7155,a2e8,92b1,7fbe,360a,
9653,6155,a2e8,92b1,7fbe,6668,
9654,6115,a2e8,92b1,7fbe,7583,
9655,7455,a2e8,92b1,7fbe,fb74,
9656,6155,a2e8,92b1,7fbe,a190,
9657,b0b6,a2e8,92b1,7fbe,d1e3,
9658,6175,a2e8,92b1,7fbe,2ded,
9659,6a99,c77f,82f5,7fbe,5d19,
9660,d837,a2e8,dfc8,7fbe,4d79,
9661,2c62,a2e4,92b5,7fbe,4f75,
9662,6155,a2e8,92b1,7fbe,0ecf,
9663,1851,a0c8,92a1,7fbe,f37e,
9664,6155,a2e8,92b1,7fbe,b960,
9665,f953,a2e8,98f1,7fbe,0a40,
9666,49b3,a264,92b5,7fbe,0964,
9667,30a1,e7f8,90b9,7fbe,ab90,
9668,0000,5140,92bd,7fbe,f3b0,
9669,75ae,a2ea,4692,7fbe,d423,
9670,a49f,aaea,96b0,7fbe,fcde,
9671,2116,a2e8,7260,7fbe,e0d1,
9672,6155,a2e8,92b1,7fbe,acde,
9673,6151,a2e8,92b1,7fbe,21a7,
9674,3267,e2c8,f141,7fbe,63f0,
9675,1b45,60ec,12b9,3fbe,7f21,
9676,1f74,a2e8,a4ff,7fbe,364e,
9677,0c17,a2e8,92b1,7fbe,6d48,
9678,f401,cf0d,92b1,7fbe,6de5,
9679,0000,fa7f,ea26,7fbe,6897,
9680,e1d3,22e8,ab85,7fbe,3934,
9681,71c5,e6e8,90b1,7fbe,f04a,
9682,61d5,a2e8,92b1,7fbe,b0ad,
9683,0000,6813,82b9,7fbe,fae9,
9684,0000,8802,82a0,77be,3e3e,
9685,2b3b,a2e8,8a4c,7fbe,18fd,
9686,7523,22ca,92b0,7fbe,c3e2,
9687,6b75,a2e8,92b1,7fbe,c95d,
9688,4f8a,a2e8,92b1,7fbe,2edf,
9689,0000,a2e8,b463,7fbe,26d2,
9690,0dcb,c084,a211,7fbe,1328,
9691,0000,5ec9,4c14,7fbe,cea5,
9692,6155,a2e8,92b1,7fbe,bef3,
9693,edbb,477d,92b3,7fbe,e593,
9694,2155,a2e8,92b1,7fbe,83c7,
9695,043d,a2e8,9e47,7fbe,0cf6,
9696,6975,a2e8,92b1,7fbe,1a59,
9697,41c5,9dd2,82b1,7fbe,1738,
9698,6915,a2e8,92b1,7fbe,ed4b,
9699,7155,a2e8,92b1,7fbe,f269,
9700,0b1f,a2e8,0b43,7fbe,99f2,
9701,4155,a2e8,92b1,7fbe,9503,
9702,ae4a,85d5,92a1,7fbe,2715,
9703,7a13,a2e8,e224,7fbe,7095,
9704,6151,a2e8,92b1,7fbe,6262,
9705,6956,bae9,9ab1,7fbe,09f7,
9706,6155,a2e8,92b1,7fbe,ecb0,
9707,7fd9,a2e8,92b1,7fbe,1ecc,
9708,0f8f,b413,92b1,7fbe,16fb,
9709,b5a2,a2e8,92b1,7fbe,d4f7,
9710,6155,a2e8,92b1,7fbe,31a6,
9711,c814,81e8,93b1,7fbe,1e81,
9712,6155,a2e8,92b1,7fbe,5da8,
9713,528b,a2e8,92b1,7fbe,335e,
9714,6155,a2e8,92b1,7fbe,b027,
9715,0000,0000,d2b1,7fbe,9da0,
9716,3155,20e0,d2b1,7fbe,208d,
9717,7fe5,e611,d648,7fbe,44f9,
9718,e0ca,a3e9,97cc,7fbe,057d,
9719,1066,e36c,b231,7fbe,e383,
9720,0000,da9e,d2b1,7fbe,b876,
9721,e315,a2e8,2e7c,7fbe,bccd,
9722,93c8,62e0,d2b1,7fbe,777a,
9723,0000,7fb7,12b2,7fbe,c558,
9724,14b7,a2e8,92b1,7fbe,25e6,
9725,792a,a2ea,06e4,7fbe,9455,
9726,0000,8068,93b1,7fbe,3928,
9727,7dc0,a2e8,67f7,7fbe,f546,
9728,4bea,22c8,fab7,7fbe,6806,
9729,c175,a2e8,92b1,7fbe,d1d1,
9730,6155,a2e8,92b1,7fbe,fd49,
9731,0000,0661,1e05,7fbe,291c,
9732,a1f7,a2ea,f741,7fbe,65f0,
9733,ef53,a2e8,12ca,7fbe,807b,
9734,0000,a2e8,c1c0,7fbe,5371,
9735,0d4a,a2e8,92b1,7fbe,7d1b,
9736,61d5,a2e8,92b1,7fbe,4fb5,
9737,0000,a2e8,dc5c,7fbe,4eed,
9738,6d75,a2e8,92b1,7fbe,cc29,
9739,c1d4,b2ec,92b3,7fbe,6a3c,
9740,0000,4249,92b1,7fbe,345f,
9741,4115,a2e8,92b1,7fbe,7d39,
9742,057a,826a,c2b5,5fbe,8650,
9743,b508,a2e8,92b1,7fbe,c418,
9744,8492,a2e8,712e,7fbe,e39f,
9745,6155,a2e8,92b1,7fbe,17e8,
9746,2155,a2e8,92b1,7fbe,6005,
9747,7155,a2e8,92b1,7fbe,ec48,
9748,0022,1ffc,c2e7,7fbc,87bc,
9749,0000,f2ae,92b1,7fbe,e65b,
9750,ed03,a2c8,a22a,7fbe,309b,
9751,c11d,a2e8,92b1,7fbe,a1b1,
9752,916b,82e8,77df,7fbe,e56e,
9753,7155,a2e8,92b1,7fbe,83d5,
9754,69d1,a2e8,0a32,7fbe,9883,
9755,e9a7,a2e8,45be,7fbe,d70f,
9756,6155,a2e8,92b1,7fbe,e6b2,
9757,6115,a2e8,92b1,7fbe,3ce5,
9758,a411,a2e8,92b1,7fbe,c544,
9759,0000,e167,5091,7fbe,01e6,
9760,2355,a2e8,9e3d,7fbe,0c8c,
9761,2301,a2c0,96f1,7f9e,344b,
9762,6115,a2e8,92b1,7fbe,d4e7,
9763,69d4,22a8,92b1,7fbe,fd6a,
9764,6155,a2e8,92b1,7fbe,7195,
9765,7231,a2e8,073e,7fbe,958f,
9766,5479,a688,9291,7fbe,a927,
9767,e1d5,a2e8,92b1,7fbe,d122,
9768,e244,a2e8,6f80,7fbe,fd31,
9769,0000,e562,d6a8,7fbe,8cb9,
9770,82f9,a2e8,92b1,7fbe,e3e4,
9771,6155,a2e8,92b1,7fbe,d827,
9772,7521,a2e8,92b1,7fbe,5474,
9773,6155,a2e8,92b1,7fbe,90be,
9774,e110,a2e9,aab1,6fbe,9ce6,
9775,0000,5760,6739,7fbe,f588,
9776,6054,a2e8,ff95,7fbe,6d24,
9777,0000,1ec3,8bbf,7fbe,8774,
9778,493e,a2e8,e312,7fbe,71a3,
9779,70d1,a2e8,4ca3,7fbe,de12,
9780,6115,a2e8,92b1,7fbe,5dce,
9781,0000,53c2,95b3,7fbe,2c28,
9782,6155,a2e8,92b1,7fbe,06bb,
9783,6145,a2e8,92b1,7fbe,f383,
9784,6915,a2e8,92b1,7fbe,93a5,
9785,6155,a2e8,92b1,7fbe,6d10,
9786,7191,a2e8,c96a,7fbe,5bdb,
9787,25d5,a2e8,4680,7fbe,d431,
9788,21b5,a2e8,38ec,7fbe,aa5d,
9789,7586,89cd,82b1,7fbe,0b25,
9790,0000,aae9,b0b3,7fbe,2202,
9791,7151,a2e8,92b1,7fbe,b994,
9792,6155,a2e8,92b1,7fbe,6065,
9793,6155,a2e8,92b1,7fbe,1cda,
9794,1a1d,a2e8,cd57,7fbe,5fe6,
9795,0000,64ca,92b1,7fbe,86a0,
9796,0000,4f3f,92b5,7fbe,eddf,
9797,d185,a2e8,92b1,7fbe,b090,
9798,6cc5,a2a8,ff09,7fbe,6db8,
9799,0000,3bd2,91d9,7fbe,a602,
9800,1a79,a2e8,6a0b,7fbe,f8ba,
9801,3a2f,a2e8,92b1,7fbe,5b7a,
9802,0000,a2e8,9fb1,7fbe,0d00,
9803,0000,ad75,dab1,7fbe,959c,
9804,626f,a379,9231,7fbe,de3e,
9805,75c1,a2e8,92b1,7fbe,493d,
9806,6155,a2e8,92b1,7fbe,3694,
9807,6155,a2e8,92b1,7fbe,700c,
9808,84f9,20c8,92b1,7fbe,347d,
9809,e271,a2e8,1f33,7fbe,8d82,
9810,6355,a2e8,92b1,7fbe,cf4c,
9811,2cae,6186,1232,7fbe,c2e9,
9812,6155,a2e8,92b1,7fbe,7a17,
9813,b379,a2e8,92b1,7fbe,d22c,
9814,6055,a2e8,92b1,7fbe,3f9c,
9815,7115,a2e8,92b1,7fbe,3db6,
9816,81df,a2e8,c7e3,7fbe,5552,
9817,6145,a2e8,92b1,7fbe,f460,
9818,2977,a2e8,bc12,7fbe,2ea3,
9819,6105,a2e8,92b1,7fbe,7998,
9820,0000,b8d8,8881,7fbe,1a30,
9821,6155,a2e8,92b1,7fbe,25ba,
9822,f555,f58e,92b1,7fbe,5766,
9823,6115,a2e8,92b1,7fbe,4883,
9824,0704,a2e8,2412,7fbe,b6a3,
9825,5505,a2e8,ee91,7fbe,7c20,
9826,61d5,a2e8,92b1,7fbe,4ac5,
9827,6155,a2e8,92b1,7fbe,f256,
9828,f5fb,a2e8,92b1,7fbe,94a6,
9829,6155,a2e8,92b1,7fbe,3502,
9830,7155,a2e8,92b1,7fbe,57cf,
9831,0000,cb32,16b1,7fbe,23db,
9832,7111,a3f0,92b9,7fbe,52f0,
9833,7395,a2e8,92b1,7fbe,ab23,
9834,6375,a2e8,92b1,7fbe,6031,
9835,dc33,a7f9,11b1,7fbe,4e20,
9836,0000,fcca,aab1,6fbe,7e23,
9837,6c55,a2e8,92b1,7fbe,6ac4,
9838,0000,7248,9a32,7fbe,c9e6,
9839,e8c9,a2e8,b2ff,7fbe,204e,
9840,be8d,a5b6,82f1,7fbe,27bc,
9841,615d,a2e8,92b1,7fbe,98d5,
9842,6151,a2e8,31e0,7fbe,a351,
9843,3141,a2e8,92b1,7fbe,6bcf,
9844,6157,a2e8,92b1,7fbe,572a,
9845,7912,a2e9,92b1,7fbe,e9f0,
9846,0a11,c98f,92b1,7fbe,6b67,
9847,656a,a2e8,3dcf,7fbe,af7e,
9848,6155,a2e8,92b1,7fbe,7d42,
9849,9251,a2e8,7004,7fbe,e2b5,
9850,6155,a2e8,92b1,7fbe,c7f6,
9851,0000,f539,9ab0,7fbe,c7f2,
9852,385e,90a4,9233,7fbe,33c8,
9853,6155,a2e8,92b1,7fbe,4df0,
9854,3931,82e8,92b1,7fbe,ef4f,
9855,6915,a2e8,92b1,7fbe,d1d8,
9856,08db,a2ec,92b3,7fbe,2ff4,
9857,8ca2,b3f1,9ab9,7fbe,0567,
9858,3041,a0d8,92a1,7fbe,8e9c,
9859,e135,a2e8,92b1,7fbe,8029,
9860,6554,a2e8,92b1,7fbe,8fa4,
9861,0000,226a,d2b1,7fbe,d94d,
9862,0aa7,a2e8,92b1,7fbe,6bb3,
9863,6685,ace8,96b1,7fbe,2d4d,
9864,6155,a2e8,92b1,7fbe,1fa4,
9865,6959,a2e8,92b1,7fbe,43fc,
9866,9974,81e8,93b1,7fbe,0dfb,
9867,6151,a2e8,92b1,7fbe,229f,
9868,6155,a2e8,92b1,7fbe,a8a5,
9869,e255,a068,93b1,7fbe,9edb,
9870,f35c,92ab,92b1,7fbe,3043,
9871,89a9,d07d,9a97,7fbe,7e5f,
9872,0000,a2e0,c3f4,7fbe,5145,
9873,e155,a2e8,92b1,7fbe,7249,
9874,0000,02cb,32b2,7fbe,a003,
9875,6b75,a2e8,92b1,7fbe,ee59,
9876,6434,a2e8,92b1,7fbe,0561,
9877,6075,a2e8,92b1,7fbe,f47b,
9878,7145,a2e8,92b1,7fbe,54ad,
9879,0000,6587,9a13,7fbe,c22d,
9880,6919,a2e8,9bb5,7fbe,0904,
9881,0000,8a6a,e620,7fbe,7491,
9882,0000,1f4f,32b0,7fbe,dda0,
9883,eb73,a2e8,b63d,7fbe,248c,
9884,6e54,bae8,9ab1,7fbe,8592,
9885,0000,277c,1f61,7fbe,8dd2,
9886,40c5,926a,82b1,7fbe,985d,
9887,6155,a2e8,92b1,7fbe,3607,
9888,6055,a2e8,92b1,7fbe,dded,
9889,0000,6e85,94a1,7fbe,c445,
9890,6155,a2e8,92b1,7fbe,a484,
9891,6007,a2e8,9c4a,7fbe,0efb,
9892,361c,a268,fb07,7fbe,69b6,
9893,1075,a2e8,92b1,7fbe,73a0,
9894,52f7,a2e8,92b1,7fbe,33a2,
9895,7151,a2e8,92b1,7fbe,9e2a,
9896,6155,a2e8,92b1,7fbe,03c3,
9897,c19d,a2e8,0cf1,7fbe,9e40,
9898,8c28,a2e8,92b1,7fbe,ed75,
9899,0b1b,a2e8,92b1,7fbe,6a4e,
9900,c3fd,e2ec,b2b1,7fbe,16d3,
9901,fa07,a2e8,92b1,7fbe,bf12,
9902,b78c,82c9,31aa,7fbe,a31b,
9903,6155,a2e8,92b1,7fbe,7f8b,
9904,6155,a2e8,92b1,7fbe,12d2,
9905,2b28,5baf,16a1,7fbe,317e,
9906,6155,a2e8,92b1,7fbe,f047,
9907,67c8,b5eb,92b1,7fbe,1703,
9908,0000,f4b0,9bb5,7fbe,4cd0,
9909,615d,a2e8,92b1,7fbe,2498,
9910,6155,a2e8,92b1,7fbe,c749,
9911,41fd,a2e8,e007,7fbe,72b6,
9912,e155,a2e8,92b1,7fbe,4daf,
9913,289f,a3fe,92bd,7fbe,cf55,
9914,0000,ba84,92b1,7fbe,57b2,
9915,4175,a2e8,92b1,7fbe,dc41,
9916,0000,a2c8,92b1,7fbe,91cf,
9917,6ce5,a2ea,92b0,7fbe,89a9,
9918,2859,9d2a,6d7b,7fbe,bfca,
9919,6157,a2e8,92b1,7fbe,8b4d,
9920,305b,a2e8,5a46,7fbe,c8f7,
9921,4d7d,a6e8,92b1,7fbe,6466,
9922,0000,7819,0391,7fbe,f9b0,
9923,aa4f,a0e8,93b1,7fbe,8a59,
9924,fb55,29ce,9abd,7fbe,9bbf,
9925,6141,a2e8,92b1,7fbe,e590,
9926,0000,8ba9,b9c0,7fbe,2b61,
9927,f9fa,a2e8,d517,7fbe,47a6,
9928,0000,e378,92b1,7fbe,5bcf,
9929,0000,1565,9291,7fbe,b7ed,
9930,4144,a2e8,c3fd,7fbe,514c,
9931,7115,a2e8,92b1,7fbe,d7c9,
9932,4555,a2e8,92b1,7fbe,6189,
9933,7055,a2e8,8afa,7fbe,184b,
9934,3df5,f012,c04b,7fbe,52fa,
9935,61d5,a2e8,92b1,7fbe,1158,
9936,0000,a3e9,92b1,7fbe,a824,
9937,61d7,a2e8,92b1,7fbe,1d9e,
9938,0000,2eeb,b2bf,7fbe,dcdf,
9939,6b07,e2f9,92b1,7fbe,3cb4,
9940,615c,69d7,b23b,7fbe,8aaf,
9941,607f,cf12,90b9,7fbe,28e2,
9942,ae05,a2e8,92b1,7fbe,df50,
9943,e285,22e8,714f,7fbe,e3fe,
9944,d447,a2e8,92b1,7fbe,3510,
9945,6540,a2e8,c825,7fbe,5a94,
9946,0977,c7d2,92b1,7fbe,653a,
9947,6155,a2e8,92b1,7fbe,e43a,
9948,0000,916a,9230,7fbe,3201,
9949,e1d5,a2e8,92b1,7fbe,3222,
9950,4ac3,a262,92b5,7fbe,8052,
9951,6015,a2e8,92b1,7fbe,c990,
9952,615d,a2e8,92b1,7fbe,6b21,
9953,aab0,4088,d391,7fbe,be4c,
9954,f5cd,cef6,feaf,7fbe,6c1e,
9955,4180,86c8,92b1,7fbe,40d4,
9956,6155,a2e8,92b1,7fbe,b1c4,
9957,0000,a2f3,b2b1,7fbe,1a3d,
9958,4f51,22ea,c2b1,7fbe,f426,
9959,e956,22e8,92b1,7fbe,dcaf,
9960,e1d5,a2e8,2683,7fbe,b432,
9961,7951,a2e8,92b1,7fbe,d7c6,
9962,0000,d0b6,1291,7fbe,721f,
9963,0000,a2e8,c4c2,7fbe,5673,
9964,698f,a2e8,36b6,7fbe,a407,
9965,c115,22e9,12b1,7fbe,41a7,
9966,61d5,a2e8,92b1,7fbe,08f0,
9967,7d41,ef6b,92f1,7fbe,4d83,
9968,4195,a2e8,92b1,7fbe,0944,
9969,0000,a2e8,0d0c,7fbe,9fbd,
9970,a075,12e8,22b1,7fbe,b000,
9971,01d5,a2e8,843b,7fbe,168a,
9972,6945,a2e8,92b1,7fbe,5c77,
9973,35a9,a2e8,92b1,7fbe,5cfc,
9974,2281,a2e8,92b1,7fbe,43d4,
9975,a239,8b6d,aa31,6fbe,243f,
9976,6155,a2e8,92b1,7fbe,fe80,
9977,7997,a2e8,92b1,7fbe,b235,
9978,6927,a0e8,92b1,7fbe,4d72,
9979,42df,a268,aab1,6fbe,5e33,
9980,0000,9b90,ba13,7fbe,785f,
9981,e052,91e8,9bb1,7fbe,ede0,
9982,615d,a2e8,92b1,7fbe,58e1,
9983,3b2d,82ea,b233,6fbe,1000,
9984,6155,a2e8,92b1,7fbe,b7d3,
9985,6155,a2e8,92b1,7fbe,3b7a,
9986,6955,a2e8,92b1,7fbe,ff92,
9987,b4c5,06f8,92a1,7fbe,a420,
9988,0000,0299,8231,6fbe,7193,
9989,6155,a2e8,92b1,7fbe,14ee,
9990,d686,a2a0,b987,7fbe,2b36,
9991,7155,a2e8,92b1,7fbe,0b81,
9992,d261,b2e9,9ab1,7fbe,6551,
9993,0000,6294,b2b9,7fbe,3cf5,
9994,3fc1,b6a5,9ef0,7fbe,068c,
9995,98f7,a2e8,1129,7fbe,8398,
9996,6114,a2e8,92b1,7fbe,0cac,
9997,ef04,a2e8,e765,7fbe,75d4,
9998,6141,a2e8,c8a3,7fbe,5a12,
9999,2154,a268,92f1,7fbe,fa11,
10000,2154,9aea,82b1,7fbe,e246,
