trial,k28,k29,k30,k31,sfll,
1,6155,a2e8,92b1,7fbe,6691,
2,6155,a2e8,92b1,7fbe,679c,
3,6155,a2e8,92b1,7fbe,d006,
4,a175,a2e8,92b1,7fbe,c097,
5,6155,a2e8,92b1,7fbe,a642,
6,6155,a2e8,92b1,7fbe,632f,
7,6155,a2e8,92b1,7fbe,4de7,
8,61d5,a2e8,92b1,7fbe,8762,
9,6155,a2e8,92b1,7fbe,a7e8,
10,6155,a2e8,92b1,7fbe,5f0a,
11,6155,a2e8,92b1,7fbe,e66d,
12,6155,a2e8,92b1,7fbe,23e0,
13,0000,37ec,34b0,7fbe,3272,
14,d8c4,137c,92b5,7fbe,b19e,
15,0000,e6eb,92b1,7fbe,719a,
16,6155,a2e8,92b1,7fbe,82e6,
17,6155,a2e8,92b1,7fbe,4594,
18,0000,95bc,92b1,7fbe,feac,
19,6155,a2e8,92b1,7fbe,3c74,
20,0000,73cc,92b1,7fbe,5c14,
21,6155,a2e8,92b1,7fbe,c886,
22,5957,b2e8,92b1,7fbe,5dc2,
23,7155,a2e8,92b1,7fbe,7d70,
24,0000,a0a9,92b1,7fbe,6b7e,
25,6115,a2e8,92b1,7fbe,7b6c,
26,6155,a2e8,92b1,7fbe,4ff7,
27,75fc,a2e8,08c7,7fbe,9a76,
28,6175,a2e8,92b1,7fbe,50d8,
29,6155,a2e8,92b1,7fbe,63c6,
30,6155,a2e8,92b1,7fbe,d5c7,
31,6155,a2e8,92b1,7fbe,6c55,
32,e135,a2e8,92b1,7fbe,ae65,
33,2155,a2e8,92b1,7fbe,5adb,
34,6155,a2e8,92b1,7fbe,ca49,
35,6155,a2e8,92b1,7fbe,20d1,
36,6155,a2e8,92b1,7fbe,2894,
37,362f,abec,92b1,7fbe,b4a9,
38,7155,a2e8,92b1,7fbe,8bda,
39,6155,a2e8,92b1,7fbe,e190,
40,3155,a2e8,92b1,7fbe,915b,
41,0000,ef7b,92b1,7fbe,15ed,
42,2155,a2e8,92b1,7fbe,4a44,
43,6115,a2e8,92b1,7fbe,669a,
44,6155,a2e8,92b1,7fbe,3456,
45,6155,a2e8,92b1,7fbe,2ca3,
46,6155,a2e8,92b1,7fbe,fa74,
47,6155,a2e8,92b1,7fbe,b354,
48,9243,a2e8,2a81,7fbe,b830,
49,6995,a2a8,92b1,7fbe,7a65,
50,6155,a2e8,92b1,7fbe,d5ee,
51,6155,a2e8,92b1,7fbe,caa5,
52,6115,a2e8,92b1,7fbe,c32b,
53,6155,a2e8,92b1,7fbe,ea4d,
54,6155,a2e8,92b1,7fbe,ac22,
55,6155,a2e8,92b1,7fbe,76be,
56,401b,b3ee,9231,7fbe,a84d,
57,a155,e2e8,92b1,7fbe,3155,
58,6155,a2e8,92b1,7fbe,c3da,
59,6155,a2e8,92b1,7fbe,c804,
60,6155,a2e8,92b1,7fbe,ccd9,
61,0000,32f0,92b1,7fbe,6fd9,
62,f5a0,a2e8,92b1,7fbe,94f5,
63,6155,a2e8,92b1,7fbe,d005,
64,0000,3b4c,30d8,7fbe,5f53,
65,6155,a2e8,92b1,7fbe,c2d7,
66,6155,a2e8,92b1,7fbe,dbae,
67,0000,2e81,92b1,7fbe,b1f4,
68,6155,a2e8,92b1,7fbe,b693,
69,6155,a2e8,92b1,7fbe,ee2c,
70,6155,a2e8,92b1,7fbe,dbc0,
71,7dac,026b,92b1,7fbe,f962,
72,74a3,8060,92b1,7fbe,6c6f,
73,6155,a2e8,92b1,7fbe,21c1,
74,6155,a2e8,92b1,7fbe,a999,
75,6155,a2e8,92b1,7fbe,d2c1,
76,6155,a2e8,92b1,7fbe,f6b8,
77,6155,a2e8,92b1,7fbe,05ec,
78,6155,a2e8,92b1,7fbe,5c22,
79,6155,a2e8,92b1,7fbe,24bf,
80,6155,a2e8,92b1,7fbe,8aa8,
81,6155,a2e8,92b1,7fbe,da8e,
82,4155,a2e8,92b1,7fbe,e241,
83,6115,a2e8,92b1,7fbe,afa2,
84,6155,a2e8,92b1,7fbe,5cd1,
85,5957,b2e8,92b1,7fbe,73a6,
86,6155,a2e8,92b1,7fbe,7257,
87,61d5,a2e8,92b1,7fbe,5bc9,
88,6155,a2e8,92b1,7fbe,5f24,
89,6995,a2a8,92b1,7fbe,ba27,
90,6155,a2e8,92b1,7fbe,b1a9,
91,6155,a2e8,92b1,7fbe,465b,
92,6155,a2e8,92b1,7fbe,b55c,
93,6155,a2e8,92b1,7fbe,12b3,
94,0000,33a7,8395,7fbe,c323,
95,6355,a2e8,92b1,7fbe,dae7,
96,7155,a2e8,92b1,7fbe,2303,
97,6155,a2e8,92b1,7fbe,a721,
98,6155,a2e8,92b1,7fbe,a5aa,
99,6155,a2e8,92b1,7fbe,a3b3,
100,6155,a2e8,92b1,7fbe,53cb,
101,6155,a2e8,92b1,7fbe,dcf4,
102,6155,a2e8,92b1,7fbe,41be,
103,6155,a2e8,92b1,7fbe,4356,
104,7980,a170,93ad,7fb6,dd74,
105,6155,a2e8,92b1,7fbe,1c55,
106,6155,a2e8,92b1,7fbe,c7f3,
107,7155,a2e8,92b1,7fbe,dab5,
108,6155,a2e8,92b1,7fbe,7ca6,
109,7155,a2e8,92b1,7fbe,3ebb,
110,6155,a2e8,92b1,7fbe,b19f,
111,6155,a2e8,92b1,7fbe,88ed,
112,6155,a2e8,92b1,7fbe,0715,
113,eb55,a6e8,92b1,7fbe,476f,
114,6155,a2e8,92b1,7fbe,1d0c,
115,6155,a2e8,92b1,7fbe,945d,
116,6155,a2e8,92b1,7fbe,811d,
117,6155,a2e8,92b1,7fbe,f6eb,
118,e175,a2e8,92b1,7fbe,7154,
119,6155,a2e8,92b1,7fbe,d613,
120,6155,a2e8,92b1,7fbe,2a58,
121,6155,a2e8,92b1,7fbe,8053,
122,6155,a2e8,92b1,7fbe,ab1b,
123,a1d5,a2a8,92b1,7fbe,74d2,
124,6155,a2e8,92b1,7fbe,32a0,
125,6155,a2e8,92b1,7fbe,5033,
126,0000,a2e8,ddd6,7fbe,4f67,
127,51d7,b2e8,92b1,7fbe,b231,
128,6155,a2e8,92b1,7fbe,7f3f,
129,6355,a2e8,92b1,7fbe,c622,
130,6155,a2e8,92b1,7fbe,8f2c,
131,6155,a2e8,92b1,7fbe,f0fe,
132,6155,a2e8,92b1,7fbe,d46d,
133,0000,1a6e,9b13,7fbe,db42,
134,6155,a2e8,92b1,7fbe,61f7,
135,6155,a2e8,92b1,7fbe,1af8,
136,6155,a2e8,92b1,7fbe,d1ae,
137,6155,a2e8,92b1,7fbe,166c,
138,6155,a2e8,92b1,7fbe,f40e,
139,6115,a2e8,92b1,7fbe,d93f,
140,615f,a2e8,92b1,7fbe,018e,
141,6155,a2e8,92b1,7fbe,40bf,
142,6155,a2e8,92b1,7fbe,6cfe,
143,4155,a2e8,92b1,7fbe,2a87,
144,439f,a2d9,9291,7fbe,b59a,
145,6155,a2e8,92b1,7fbe,192f,
146,0000,ffe0,d2ba,7fbe,e4db,
147,0000,a2ec,92b1,7fbe,80ac,
148,6155,a2e8,92b1,7fbe,4579,
149,6155,a2e8,92b1,7fbe,037e,
150,6155,a2e8,92b1,7fbe,b793,
151,6155,a2e8,92b1,7fbe,2c0d,
152,7155,a2e8,92b1,7fbe,2a38,
153,6155,a2e8,92b1,7fbe,b193,
154,6155,a2e8,92b1,7fbe,a478,
155,2335,a2e8,ea28,7fbe,7899,
156,6155,a2e8,92b1,7fbe,1fd6,
157,6155,a2e8,92b1,7fbe,e16b,
158,61b5,a2a8,92b1,7fbe,1171,
159,6155,a2e8,92b1,7fbe,22cd,
160,61d5,a2a8,92b1,7fbe,a7b2,
161,6155,a2e8,92b1,7fbe,4986,
162,6155,a2e8,92b1,7fbe,d71f,
163,6155,a2e8,92b1,7fbe,b282,
164,6155,a2e8,92b1,7fbe,d17f,
165,6155,a2e8,92b1,7fbe,5fa8,
166,6155,a2e8,92b1,7fbe,b3b6,
167,6155,a2e8,92b1,7fbe,210d,
168,6155,a2e8,92b1,7fbe,ccb2,
169,6155,a2e8,92b1,7fbe,198f,
170,6155,a2e8,92b1,7fbe,bd2c,
171,2606,a2e8,8e35,7fbe,1c84,
172,6155,a2e8,92b1,7fbe,fa86,
173,7175,a2e8,92b1,7fbe,1ceb,
174,615d,a2e8,92b1,7fbe,32d9,
175,6155,a2e8,92b1,7fbe,3d4a,
176,6155,a2e8,92b1,7fbe,c279,
177,6155,a2e8,92b1,7fbe,1ac2,
178,6155,a2e8,92b1,7fbe,2219,
179,6155,a2e8,92b1,7fbe,fb15,
180,6155,a2e8,92b1,7fbe,2dd2,
181,6155,a2e8,92b1,7fbe,b1d9,
182,6155,a2e8,92b1,7fbe,f7e2,
183,6935,a2a8,92b1,7fbe,fd7e,
184,6155,a2e8,92b1,7fbe,a6f5,
185,6115,a2e8,92b1,7fbe,c685,
186,6155,a2e8,92b1,7fbe,db17,
187,6155,a2e8,92b1,7fbe,fb6d,
188,6155,a2e8,92b1,7fbe,f459,
189,7155,a2e8,92b1,7fbe,1acc,
190,6155,a2e8,92b1,7fbe,f85a,
191,e955,a6e8,92b1,7fbe,5f1d,
192,615d,a2e8,92b1,7fbe,1d89,
193,5955,b2e8,92b1,7fbe,efab,
194,6155,a2e8,92b1,7fbe,c5d5,
195,6155,a2e8,92b1,7fbe,dbae,
196,6155,a2e8,92b1,7fbe,aaca,
197,6155,a2e8,92b1,7fbe,d6ac,
198,6155,a2e8,92b1,7fbe,eba0,
199,c355,e3e8,92b1,7fbe,b86a,
200,0000,3221,10b1,7fbe,16c8,
201,6155,a2e8,92b1,7fbe,fbfd,
202,6155,a2e8,92b1,7fbe,e1f7,
203,6994,a2a8,92b1,7fbe,57b5,
204,6155,a2e8,92b1,7fbe,b269,
205,6155,a2e8,92b1,7fbe,e16d,
206,6175,a2e8,92b1,7fbe,7c2f,
207,6155,a2e8,92b1,7fbe,1982,
208,6115,a2e8,92b1,7fbe,f38e,
209,6155,a2e8,92b1,7fbe,43d1,
210,0000,02c0,92b1,7fbe,2fe0,
211,6155,a2e8,92b1,7fbe,2792,
212,6155,a2e8,92b1,7fbe,fc39,
213,7155,a2e8,92b1,7fbe,45f3,
214,0000,a2e8,0317,7fbe,91a6,
215,6155,a2e8,92b1,7fbe,1089,
216,6115,a2e8,92b1,7fbe,4cf5,
217,6155,a2e8,92b1,7fbe,2a12,
218,2574,22e8,92b1,7fbe,afb3,
219,7131,a3e8,9231,7fbe,6fb4,
220,6115,a2e8,92b1,7fbe,27ab,
221,6155,a2e8,92b1,7fbe,3786,
222,4175,a2e8,92b1,7fbe,e0ec,
223,6155,a2e8,92b1,7fbe,8bef,
224,6155,a2e8,92b1,7fbe,788b,
225,6155,a2e8,92b1,7fbe,e3ea,
226,6155,a2e8,92b1,7fbe,996e,
227,606d,a2e0,92b1,7fbe,ffc6,
228,6155,a2e8,92b1,7fbe,2372,
229,6155,a2e8,92b1,7fbe,92c0,
230,6155,a2e8,92b1,7fbe,d20e,
231,6155,a2e8,92b1,7fbe,75ec,
232,6155,a2e8,92b1,7fbe,7990,
233,7155,a2e8,92b1,7fbe,5653,
234,6155,a2e8,92b1,7fbe,3b07,
235,0000,0a09,92b1,7fbe,07cb,
236,6155,a2e8,92b1,7fbe,1b38,
237,6155,a2e8,92b1,7fbe,323a,
238,6155,a2e8,92b1,7fbe,67e0,
239,6147,a2e8,92b1,7fbe,05d3,
240,6155,a2e8,92b1,7fbe,0abd,
241,6155,a2e8,92b1,7fbe,3592,
242,6155,a2e8,92b1,7fbe,6a5a,
243,6155,a2e8,92b1,7fbe,3e74,
244,6154,a2e8,92b1,7fbe,4613,
245,6155,a2e8,92b1,7fbe,3e7d,
246,6110,a2e8,92b1,7fbe,ccd7,
247,6150,a260,92b5,7fbe,401e,
248,4115,b2e8,92b1,7fbe,bf97,
249,6155,a2e8,92b1,7fbe,736c,
250,7155,a2e8,92b1,7fbe,3102,
251,6155,a2e8,92b1,7fbe,838e,
252,49d5,b2e8,92b1,7fbe,b2e8,
253,6155,a2e8,92b1,7fbe,4b42,
254,2115,a2e8,92b1,7fbe,0fab,
255,6155,a2e8,92b1,7fbe,a875,
256,df73,a2e8,35f0,7fbe,a741,
257,6155,a2e8,92b1,7fbe,b5d6,
258,6155,a2e8,92b1,7fbe,d73d,
259,6155,a2e8,92b1,7fbe,e00a,
260,6155,a2e8,92b1,7fbe,3fdb,
261,6155,a2e8,92b1,7fbe,a063,
262,6155,a2e8,92b1,7fbe,3a2b,
263,6355,a2e8,92b1,7fbe,7986,
264,6155,a2e8,92b1,7fbe,0c89,
265,69d7,a2a8,92b1,7fbe,0d11,
266,0000,24e6,8664,7fbe,abe2,
267,2151,82e8,92b1,7fbe,c103,
268,6155,a2e8,92b1,7fbe,709a,
269,6155,a2e8,92b1,7fbe,4ad4,
270,6155,a2e8,92b1,7fbe,2372,
271,6155,a2e8,92b1,7fbe,4685,
272,6155,a2e8,92b1,7fbe,8056,
273,6041,a2e0,92b1,7fbe,1155,
274,6155,a2e8,92b1,7fbe,fdac,
275,6155,a2e8,92b1,7fbe,7ace,
276,6155,a2e8,92b1,7fbe,2b56,
277,6155,a2e8,92b1,7fbe,464e,
278,6177,a2a8,92b1,7fbe,7776,
279,6115,a2e8,92b1,7fbe,7ee2,
280,6155,a2e8,92b1,7fbe,0319,
281,2164,22e8,92b1,7fbe,2182,
282,c288,8d3c,8ec6,7fbe,1910,
283,6155,a2e8,92b1,7fbe,83eb,
284,6155,a2e8,92b1,7fbe,d84c,
285,6155,a2e8,92b1,7fbe,f801,
286,0000,a3e8,92b1,7fbe,8f32,
287,6155,a2e8,92b1,7fbe,4435,
288,6155,a2e8,92b1,7fbe,f6b2,
289,31d3,92e8,92b1,7fbe,8f6b,
290,6157,a2e8,92b1,7fbe,d79d,
291,6155,a2e8,92b1,7fbe,d19d,
292,6155,a2e8,92b1,7fbe,8c09,
293,0000,3029,92b1,7fbe,ff39,
294,6155,a2e8,92b1,7fbe,3cf1,
295,6155,a2e8,92b1,7fbe,9831,
296,6195,a2a8,92b1,7fbe,c4aa,
297,61b6,a2a9,92b1,7fbe,b722,
298,6155,a2e8,92b1,7fbe,85c0,
299,6155,a2e8,92b1,7fbe,c2a8,
300,0000,506a,c2a1,7fbe,78a8,
301,6155,a2e8,92b1,7fbe,c06a,
302,6155,a2e8,92b1,7fbe,f6e7,
303,6155,a2e8,92b1,7fbe,7ac8,
304,7155,a2e8,92b1,7fbe,b124,
305,6155,a2e8,92b1,7fbe,854a,
306,61d7,a2e8,92b1,7fbe,da0e,
307,6957,a2e8,92b1,7fbe,71fb,
308,6155,a2e8,92b1,7fbe,6470,
309,51d5,b2e8,92b1,7fbe,bd36,
310,6154,a2e8,92b1,7fbe,e407,
311,69f5,a2a8,92b1,7fbe,55a4,
312,50d3,b2e8,92b1,7fbe,83f2,
313,2b08,a2e8,92b1,7fbe,4b3d,
314,6155,a2e8,92b1,7fbe,9bf5,
315,5157,b2e8,92b1,7fbe,bd69,
316,6155,a2e8,92b1,7fbe,7809,
317,6155,a2e8,92b1,7fbe,7d8a,
318,6155,a2e8,92b1,7fbe,4ae9,
319,6155,a2e8,92b1,7fbe,135e,
320,6155,a2e8,92b1,7fbe,57ef,
321,e1f5,a2e8,92b1,7fbe,ad2a,
322,6155,a2e8,92b1,7fbe,f9c2,
323,6155,a2e8,92b1,7fbe,d83f,
324,6155,a2e8,92b1,7fbe,a069,
325,6155,a2e8,92b1,7fbe,070f,
326,6155,a2e8,92b1,7fbe,e11b,
327,6155,a2e8,92b1,7fbe,bc93,
328,6155,a2e8,92b1,7fbe,c554,
329,6155,a2e8,92b1,7fbe,6b17,
330,0000,05aa,48c6,7fbe,4bbe,
331,6155,a2e8,92b1,7fbe,c94f,
332,f213,a2e8,2a1e,7fbe,b8af,
333,7155,a2e8,92b1,7fbe,a6fc,
334,6175,a2e8,92b1,7fbe,78f8,
335,1155,82e8,92b1,7fbe,484b,
336,6155,a2e8,92b1,7fbe,33de,
337,6155,a2e8,92b1,7fbe,f0d7,
338,6155,a2e8,92b1,7fbe,4880,
339,7155,a2e8,92b1,7fbe,1cea,
340,6155,a2e8,92b1,7fbe,2f6a,
341,6155,a2e8,92b1,7fbe,7512,
342,6155,a2e8,92b1,7fbe,8cb1,
343,0000,54b4,af9f,7fbe,88a5,
344,6155,a2e8,92b1,7fbe,2678,
345,2929,a2e8,92b1,7fbe,0fbe,
346,201c,4eb0,db93,7fbe,1e3e,
347,6155,a2e8,92b1,7fbe,10ad,
348,6155,a2e8,92b1,7fbe,1955,
349,6155,a2e8,92b1,7fbe,1549,
350,6155,a2e8,92b1,7fbe,6718,
351,6955,a2e8,92b1,7fbe,3b70,
352,6155,a2e8,92b1,7fbe,377a,
353,6955,a2e8,92b1,7fbe,398d,
354,0000,74b9,3469,7fbe,b7fb,
355,6155,a2e8,92b1,7fbe,8c0c,
356,7155,a2e8,92b1,7fbe,f928,
357,6115,a2e8,92b1,7fbe,ea16,
358,6155,a2e8,92b1,7fbe,77a5,
359,0000,e2f0,92b1,7fbe,a50f,
360,0000,60f9,3299,7fbe,2744,
361,6155,a2e8,92b1,7fbe,6bef,
362,6155,a2e8,92b1,7fbe,96c9,
363,2175,e2f8,92b1,7fbe,9091,
364,6155,a2e8,92b1,7fbe,ba76,
365,6155,a2e8,92b1,7fbe,1e61,
366,6155,a2e8,92b1,7fbe,4cc2,
367,6155,a2e8,92b1,7fbe,077b,
368,6155,a2e8,92b1,7fbe,a4a1,
369,61d5,a2e8,92b1,7fbe,2d5f,
370,6115,a2e8,92b1,7fbe,3ac0,
371,6135,a2e8,92b1,7fbe,7243,
372,6155,a2e8,92b1,7fbe,0b20,
373,6155,a2e8,92b1,7fbe,1fba,
374,6655,a0e8,92b1,7fbe,d076,
375,2159,62e8,d2b1,7fbe,51b5,
376,6155,a2e8,92b1,7fbe,3fcb,
377,6155,a2e8,92b1,7fbe,d035,
378,6155,a2e8,92b1,7fbe,c9cd,
379,6155,a2e8,92b1,7fbe,0af2,
380,6155,a2e8,92b1,7fbe,254d,
381,6155,a2e8,92b1,7fbe,4324,
382,6155,a2e8,92b1,7fbe,bcf4,
383,6155,a2e8,92b1,7fbe,4412,
384,6155,a2e8,92b1,7fbe,0188,
385,6155,a2e8,92b1,7fbe,6e0a,
386,db5f,a2e8,cb3d,7fbe,598c,
387,6155,a2e8,92b1,7fbe,689c,
388,6115,a2e8,92b1,7fbe,f39a,
389,6155,a2e8,92b1,7fbe,7bee,
390,6155,a2e8,92b1,7fbe,231f,
391,61d7,a2e8,92b1,7fbe,9e77,
392,7155,a2e8,92b1,7fbe,ccbd,
393,6155,a2e8,92b1,7fbe,daa0,
394,6155,a2e8,92b1,7fbe,5ab4,
395,6955,a2e8,92b1,7fbe,c083,
396,6155,a2e8,92b1,7fbe,2cca,
397,6155,a2e8,92b1,7fbe,7feb,
398,6155,a2e8,92b1,7fbe,d178,
399,6155,a2e8,92b1,7fbe,d355,
400,6155,a2e8,92b1,7fbe,43b6,
401,6155,a2e8,92b1,7fbe,c058,
402,6155,a2e8,92b1,7fbe,0e7a,
403,6155,a2e8,92b1,7fbe,8a42,
404,6155,a2e8,92b1,7fbe,fa99,
405,6155,a2e8,92b1,7fbe,8070,
406,6155,a2e8,92b1,7fbe,02c9,
407,7c4e,a2e8,a8d8,7fbe,3a69,
408,6155,a2e8,92b1,7fbe,4d07,
409,6155,a2e8,92b1,7fbe,896c,
410,6155,a2e8,92b1,7fbe,4432,
411,6155,a2e8,92b1,7fbe,c8e8,
412,6155,a2e8,92b1,7fbe,5060,
413,6155,a2e8,92b1,7fbe,04ce,
414,6155,a2e8,92b1,7fbe,fd62,
415,6155,a2e8,92b1,7fbe,ba2a,
416,6155,a2e8,92b1,7fbe,61c3,
417,6114,a2c8,92b1,7fbe,426b,
418,6155,a2e8,92b1,7fbe,feef,
419,6155,a2e8,92b1,7fbe,bb9b,
420,00d4,a2e8,f7cf,7fbe,657e,
421,6155,a2e8,92b1,7fbe,e31d,
422,6155,a2e8,92b1,7fbe,2d0e,
423,6155,a2e8,92b1,7fbe,b775,
424,6545,a2e8,92b1,7fbe,d8b2,
425,6175,a2e8,92b1,7fbe,e148,
426,6155,a2e8,92b1,7fbe,7383,
427,6155,a2e8,92b1,7fbe,11f7,
428,6155,a2e8,92b1,7fbe,4788,
429,5155,a2e8,92b1,7fbe,a31f,
430,6155,a2e8,92b1,7fbe,7948,
431,0000,dcdc,30bd,7fbe,f8ad,
432,0000,dd80,92b5,7fbe,7fe0,
433,6155,a2e8,92b1,7fbe,bde3,
434,6155,a2e8,92b1,7fbe,92d1,
435,235d,a2e8,92b1,7fbe,db6a,
436,6155,a2e8,92b1,7fbe,78b5,
437,e914,a6e8,92b1,7fbe,407d,
438,6155,a2e8,92b1,7fbe,05e8,
439,6955,a2e8,92b1,7fbe,0e6d,
440,6155,a2e8,92b1,7fbe,7c38,
441,7115,a2e8,92b1,7fbe,3cde,
442,4155,a2e8,92b1,7fbe,e9ab,
443,6155,a2e8,92b1,7fbe,9db5,
444,6155,a2e8,92b1,7fbe,c374,
445,f40c,93de,d3f1,7fbe,b256,
446,6155,a2e8,92b1,7fbe,e236,
447,4c7c,a2e8,92b1,7fbe,2d29,
448,6155,a2e8,92b1,7fbe,8f53,
449,6155,a2e8,92b1,7fbe,74b6,
450,6480,b97c,83b5,7fbe,301c,
451,6155,a2e8,92b1,7fbe,7ace,
452,6155,a2e8,92b1,7fbe,018c,
453,69d3,a2e8,92b1,7fbe,ddae,
454,6155,a2e8,92b1,7fbe,2b40,
455,6155,a2e8,92b1,7fbe,50b2,
456,6155,a2e8,92b1,7fbe,5915,
457,615d,a2e8,92b1,7fbe,a905,
458,7155,a2e8,92b1,7fbe,c3f2,
459,6155,a2e8,92b1,7fbe,a463,
460,6155,a2e8,92b1,7fbe,63f9,
461,6155,a2e8,92b1,7fbe,a8ca,
462,6155,a2e8,92b1,7fbe,4f48,
463,6155,a2e8,92b1,7fbe,ccc4,
464,6155,a2e8,92b1,7fbe,317c,
465,6155,a2e8,92b1,7fbe,bd8d,
466,6955,a2e8,92b1,7fbe,0fbd,
467,6155,a2e8,92b1,7fbe,c0b9,
468,6155,a2e8,92b1,7fbe,2d61,
469,6155,a2e8,92b1,7fbe,1cb5,
470,6155,a2e8,92b1,7fbe,56f7,
471,6175,a2e8,92b1,7fbe,45e8,
472,6155,a2e8,92b1,7fbe,3721,
473,6155,a2e8,92b1,7fbe,2517,
474,6155,a2e8,92b1,7fbe,a1b2,
475,6115,a2e8,92b1,7fbe,1952,
476,6994,a2a8,92b1,7fbe,57b5,
477,6115,a2e8,92b1,7fbe,3a3a,
478,4fdd,b6e9,12b1,7fbe,024a,
479,6155,a2e8,92b1,7fbe,9c42,
480,31f6,a2e8,22eb,7fbe,b05a,
481,7155,a2e8,92b1,7fbe,2307,
482,6175,a2e8,92b1,7fbe,fbff,
483,6155,a2e8,92b1,7fbe,05cb,
484,9b31,a2e8,d5ab,7fbe,471a,
485,6155,a2e8,92b1,7fbe,1a56,
486,6155,a2e8,92b1,7fbe,8f8c,
487,6155,a2e8,92b1,7fbe,7b61,
488,6155,a2e8,92b1,7fbe,fd7c,
489,6155,a2e8,92b1,7fbe,01ab,
490,6175,a2e8,92b1,7fbe,7649,
491,6155,a2e8,92b1,7fbe,fedf,
492,61f7,a2a8,92b1,7fbe,8e7b,
493,6155,a2e8,92b1,7fbe,36ce,
494,6155,a2e8,92b1,7fbe,aa11,
495,6155,a2e8,92b1,7fbe,2e58,
496,6155,a2e8,92b1,7fbe,5406,
497,6155,a2e8,92b1,7fbe,b72b,
498,6155,a2e8,92b1,7fbe,af57,
499,6155,a2e8,92b1,7fbe,8da2,
500,6155,a2e8,92b1,7fbe,7c4e,
501,6115,a2e8,92b1,7fbe,0e2f,
502,6151,a2e8,92b1,7fbe,d49e,
503,6155,a2e8,92b1,7fbe,2320,
504,6155,a2e8,92b1,7fbe,122f,
505,6155,a2e8,92b1,7fbe,09df,
506,6115,a2e8,92b1,7fbe,aa43,
507,6155,a2e8,92b1,7fbe,4917,
508,61d5,a2a8,92b1,7fbe,5560,
509,6155,a2e8,92b1,7fbe,b5a9,
510,6155,a2e8,92b1,7fbe,cc66,
511,6155,a2e8,92b1,7fbe,cfb8,
512,6155,a2e8,92b1,7fbe,b74c,
513,6195,a2a8,92b1,7fbe,07dc,
514,6155,a2e8,92b1,7fbe,3c3e,
515,71d7,a2e8,92b1,7fbe,b067,
516,6155,a2e8,92b1,7fbe,709a,
517,6155,a2e8,92b1,7fbe,40a4,
518,6155,a2e8,92b1,7fbe,8499,
519,6155,a2e8,92b1,7fbe,9101,
520,6155,a2e8,92b1,7fbe,2f60,
521,6175,a2e8,92b1,7fbe,64e8,
522,6955,a2e8,92b1,7fbe,0abb,
523,0000,a0ac,92b1,7fbe,b574,
524,6155,a2e8,92b1,7fbe,cb2b,
525,6155,a2e8,92b1,7fbe,c6e0,
526,0000,a2e8,5617,7fbe,c4a6,
527,7910,a2ea,92b1,7fbe,ea18,
528,6155,a2e8,92b1,7fbe,2eb3,
529,6155,a2e8,92b1,7fbe,7e6d,
530,6955,a2e8,92b1,7fbe,23bc,
531,6155,a2e8,92b1,7fbe,cda6,
532,2b0a,340a,82f0,7fbe,2e43,
533,6155,a2e8,92b1,7fbe,084a,
534,6155,a2e8,92b1,7fbe,f39b,
535,6155,a2e8,92b1,7fbe,0f19,
536,6155,a2e8,92b1,7fbe,df03,
537,6155,a2e8,92b1,7fbe,3f05,
538,6155,a2e8,92b1,7fbe,7bc5,
539,7155,a2e8,92b1,7fbe,af1a,
540,6155,a2e8,92b1,7fbe,4f6f,
541,6115,a2e8,92b1,7fbe,a716,
542,6155,a2e8,92b1,7fbe,274c,
543,6175,a2e8,92b1,7fbe,b00b,
544,61d5,a2e8,92b1,7fbe,10a9,
545,6155,a2e8,92b1,7fbe,0ef3,
546,6175,a2e8,92b1,7fbe,6d20,
547,5953,b2e8,92b1,7fbe,9716,
548,6155,a2e8,92b1,7fbe,c0e5,
549,6155,a2e8,92b1,7fbe,563c,
550,6155,a2e8,92b1,7fbe,8079,
551,6155,a2e8,92b1,7fbe,e125,
552,6115,a2e8,92b1,7fbe,668e,
553,6155,a2e8,92b1,7fbe,f503,
554,e155,a2e8,92b1,7fbe,9a05,
555,7151,a2e8,92b1,7fbe,1a5b,
556,6155,a2e8,92b1,7fbe,a8af,
557,6155,a2e8,92b1,7fbe,6a44,
558,7155,a2e8,92b1,7fbe,daa5,
559,4155,a2e8,92b1,7fbe,95f3,
560,6155,a2e8,92b1,7fbe,5a54,
561,6175,a2e8,92b1,7fbe,9f9a,
562,0000,dad5,12b1,7fbe,382c,
563,6155,a2e8,92b1,7fbe,15c2,
564,6115,a2e8,92b1,7fbe,39ce,
565,6155,a2e8,92b1,7fbe,04a1,
566,6155,a2e8,92b1,7fbe,beec,
567,6155,a2e8,92b1,7fbe,5066,
568,6155,a2e8,92b1,7fbe,a2ec,
569,6155,a2e8,92b1,7fbe,0084,
570,6175,a2e8,92b1,7fbe,f690,
571,6155,a2e8,92b1,7fbe,cb35,
572,6155,a2e8,92b1,7fbe,289c,
573,6155,a2e8,92b1,7fbe,5633,
574,6b75,a2e8,92b1,7fbe,4cb1,
575,6155,a2e8,92b1,7fbe,d770,
576,454d,a2e8,6cc6,7fbe,fe77,
577,6155,a2e8,92b1,7fbe,2c00,
578,6155,a2e8,92b1,7fbe,3ac2,
579,6155,a2e8,92b1,7fbe,b135,
580,e175,a2e8,92b1,7fbe,7fe4,
581,6155,a2e8,92b1,7fbe,1d0c,
582,6155,a2e8,92b1,7fbe,63ad,
583,6155,a2e8,92b1,7fbe,8df8,
584,0000,041f,9ea2,7fbe,bed3,
585,6155,a2e8,92b1,7fbe,f317,
586,6155,a2e8,92b1,7fbe,8b62,
587,6051,a2e8,92b1,7fbe,19d7,
588,6155,a2e8,92b1,7fbe,f87d,
589,6955,a2e8,92b1,7fbe,fee1,
590,5955,aae8,92b1,7fbe,ccee,
591,6155,a2e8,92b1,7fbe,aa5f,
592,6155,a2e8,92b1,7fbe,2512,
593,6155,a2e8,92b1,7fbe,a930,
594,6955,b3a8,9231,7fbe,1703,
595,635d,a2e8,92b1,7fbe,e0dd,
596,6155,a2e8,92b1,7fbe,46cd,
597,6155,a2e8,92b1,7fbe,7303,
598,7155,a2e8,92b1,7fbe,37b4,
599,6155,a2e8,92b1,7fbe,bbf5,
600,6155,a2e8,92b1,7fbe,718b,
601,6155,a2e8,92b1,7fbe,9831,
602,6155,a2e8,92b1,7fbe,708c,
603,4155,a2e8,92b1,7fbe,e8de,
604,6155,a2e8,92b1,7fbe,b041,
605,6155,a2e8,92b1,7fbe,6ecf,
606,6155,a2e8,92b1,7fbe,ea02,
607,6155,a2e8,92b1,7fbe,61c7,
608,6155,a2e8,92b1,7fbe,7330,
609,6489,a2e8,ec64,7fbe,7ed5,
610,6955,a2e8,92b1,7fbe,c29a,
611,6155,a2e8,92b1,7fbe,97eb,
612,4915,b2e8,92b1,7fbe,bffe,
613,6155,a2e8,92b1,7fbe,f3f9,
614,6155,a2e8,92b1,7fbe,d57d,
615,6155,a2e8,92b1,7fbe,fda5,
616,6155,a2e8,92b1,7fbe,27fc,
617,6155,a2e8,92b1,7fbe,2cbb,
618,6155,a2e8,92b1,7fbe,43fb,
619,5957,b2e8,92b1,7fbe,439f,
620,6155,a2e8,92b1,7fbe,25ba,
621,6155,a2e8,92b1,7fbe,ba02,
622,0000,a228,92b1,7fbe,07d4,
623,6155,a2e8,92b1,7fbe,27e5,
624,6155,a2e8,92b1,7fbe,cb2d,
625,0000,d657,bad2,7fbe,f55e,
626,6155,a2e8,92b1,7fbe,ef71,
627,6155,a2e8,92b1,7fbe,5e75,
628,69f5,a2a8,92b1,7fbe,16b3,
629,6155,a2e8,92b1,7fbe,e487,
630,6155,a2e8,92b1,7fbe,7e2d,
631,6155,a2e8,92b1,7fbe,d43d,
632,7155,a2e8,92b1,7fbe,27b3,
633,6155,a2e8,92b1,7fbe,1c78,
634,6055,a2e8,92b1,7fbe,e1fa,
635,636d,a2f8,92b1,7fbe,4149,
636,6155,a2e8,92b1,7fbe,de4b,
637,6155,a2e8,92b1,7fbe,de70,
638,6155,a2e8,92b1,7fbe,ac35,
639,6155,a2e8,92b1,7fbe,9665,
640,6155,a2e8,92b1,7fbe,5d4b,
641,6915,a2e8,92b1,7fbe,6479,
642,0000,e9ee,d9b7,7fbe,4b06,
643,6155,a2e8,92b1,7fbe,f64e,
644,4155,a2e8,92b1,7fbe,fe9d,
645,6155,a2e8,92b1,7fbe,782d,
646,6155,a2e8,92b1,7fbe,d8ee,
647,7155,a2e8,92b1,7fbe,d22f,
648,6155,a2e8,92b1,7fbe,6d2d,
649,6155,a2e8,92b1,7fbe,9bda,
650,75b3,a2e8,4977,7fbe,dbc6,
651,6155,a2e8,92b1,7fbe,0a78,
652,6155,a2e8,92b1,7fbe,bceb,
653,6155,a2e8,92b1,7fbe,2aef,
654,53d5,518b,1e93,7fbe,2747,
655,c1f7,b2a8,92b1,7fbe,cd2c,
656,6155,a2e8,92b1,7fbe,99fe,
657,6155,a2e8,92b1,7fbe,f8a8,
658,6155,a2e8,92b1,7fbe,f32d,
659,608a,9b92,13a5,7fbe,9bcf,
660,6155,a2e8,92b1,7fbe,333d,
661,6155,a2e8,92b1,7fbe,c659,
662,6155,a2e8,92b1,7fbe,e2a0,
663,6175,a2e8,92b1,7fbe,672f,
664,6115,a2e8,92b1,7fbe,4273,
665,6155,a2e8,92b1,7fbe,d273,
666,0000,f320,3e12,7fbe,84ee,
667,6155,a2e8,92b1,7fbe,757e,
668,42d5,a3e8,92b1,7fbe,61bb,
669,6155,a2e8,92b1,7fbe,36d8,
670,7155,a2e8,92b1,7fbe,6f53,
671,6155,a2e8,92b1,7fbe,068d,
672,6155,a2e8,92b1,7fbe,753c,
673,6155,a2e8,92b1,7fbe,4eae,
674,6155,a2e8,92b1,7fbe,b8e1,
675,6155,a2e8,92b1,7fbe,6a3f,
676,6155,a2e8,92b1,7fbe,2976,
677,6155,a2e8,92b1,7fbe,b9e8,
678,5955,b2e8,92b1,7fbe,a1ac,
679,39dd,a2a8,92b1,7fbe,85ce,
680,6115,a2e8,92b1,7fbe,8278,
681,6155,a2e8,92b1,7fbe,a940,
682,6157,a2e8,92b1,7fbe,df17,
683,6155,a2e8,92b1,7fbe,9239,
684,e174,a2e8,92b1,7fbe,97d3,
685,6155,a2e8,92b1,7fbe,655b,
686,6155,a2e8,92b1,7fbe,6e1f,
687,419e,a2e8,14d9,7fbe,8668,
688,6151,a2e8,92b1,7fbe,1c37,
689,6155,a2e8,92b1,7fbe,4653,
690,5157,b2e8,92b1,7fbe,95e7,
691,6155,a2e8,92b1,7fbe,0b06,
692,6155,a2e8,92b1,7fbe,81e1,
693,6355,a2e8,92b1,7fbe,9fc0,
694,6155,a2e8,92b1,7fbe,1b66,
695,6155,22e9,12b1,7fbe,ba9c,
696,6157,a2e8,92b1,7fbe,a862,
697,6155,a2e8,92b1,7fbe,937d,
698,6155,a2e8,92b1,7fbe,a7b3,
699,6155,a2e8,92b1,7fbe,b48a,
700,6195,a2e8,92b1,7fbe,d580,
701,6155,a2e8,92b1,7fbe,5c8b,
702,6155,a2e8,92b1,7fbe,51d3,
703,6155,a2e8,92b1,7fbe,c434,
704,6155,a2e8,92b1,7fbe,c72c,
705,6155,a2e8,92b1,7fbe,3abc,
706,6155,a2e8,92b1,7fbe,f586,
707,9fc6,d488,92d0,7fbe,f2a3,
708,6155,a2e8,92b1,7fbe,0919,
709,6155,a2e8,92b1,7fbe,50c9,
710,6155,a2e8,92b1,7fbe,362f,
711,0000,a2e8,626f,7fbe,f0de,
712,6155,a2e8,92b1,7fbe,a54a,
713,6155,a2e8,92b1,7fbe,a7ef,
714,6155,a2e8,92b1,7fbe,248c,
715,6155,a2e8,92b1,7fbe,01d7,
716,6955,a2e8,92b1,7fbe,416e,
717,6155,a2e8,92b1,7fbe,3303,
718,0000,aaf8,92b1,7fbe,1a3b,
719,6155,a2e8,92b1,7fbe,689c,
720,6155,a2e8,92b1,7fbe,de21,
721,6155,a2e8,92b1,7fbe,b187,
722,6155,a2e8,92b1,7fbe,3f74,
723,6155,a2e8,92b1,7fbe,ba3b,
724,6155,a2e8,92b1,7fbe,12d8,
725,6155,a2e8,92b1,7fbe,b765,
726,6b06,a2e8,4f3e,7fbe,dd8f,
727,6155,a2e8,92b1,7fbe,76dc,
728,6155,a2e8,92b1,7fbe,9087,
729,6175,a2e8,92b1,7fbe,b6e5,
730,0000,a2e8,095f,7fbe,9bee,
731,6155,a2e8,92b1,7fbe,5db3,
732,6115,a2e8,92b1,7fbe,3a3a,
733,6175,a2a8,92b1,7fbe,b864,
734,7155,a2e8,92b1,7fbe,dcd0,
735,61d5,a2e8,92b1,7fbe,dcc9,
736,6155,a2e8,92b1,7fbe,2d39,
737,6155,a2e8,92b1,7fbe,5f70,
738,6155,a2e8,92b1,7fbe,26b0,
739,0000,78d8,92b1,7fbe,0697,
740,6155,a2e8,92b1,7fbe,1136,
741,6195,a2a8,92b1,7fbe,0b5f,
742,0000,a2e8,a251,7fbe,30e0,
743,6145,a2e8,92b1,7fbe,0fcc,
744,6155,a2e8,92b1,7fbe,e8a5,
745,8841,a2e8,92b1,7fbe,6a14,
746,6155,a2e8,92b1,7fbe,f6a7,
747,6155,a2e8,92b1,7fbe,2a31,
748,6155,a2e8,92b1,7fbe,6263,
749,e196,a2aa,92b0,7fbe,68e6,
750,6195,a2a8,92b1,7fbe,1e54,
751,6155,a2e8,92b1,7fbe,1d6a,
752,614d,a2e0,92b1,7fbe,6025,
753,6155,a2e8,92b1,7fbe,3278,
754,6155,a2e8,92b1,7fbe,4e23,
755,6155,a2e8,92b1,7fbe,f32d,
756,6155,a2e8,92b1,7fbe,fbc9,
757,6155,a2e8,92b1,7fbe,aa25,
758,6155,a2e8,92b1,7fbe,3842,
759,6155,a2e8,92b1,7fbe,29fe,
760,2175,a2e8,92b1,7fbe,d54a,
761,6155,a2e8,92b1,7fbe,f1a9,
762,6155,a2e8,92b1,7fbe,ea2f,
763,6109,a2e8,bfc4,7fbe,2d75,
764,6055,a2e8,92b1,7fbe,a3da,
765,6151,a2e8,92b1,7fbe,580c,
766,6915,a2e8,92b1,7fbe,fa40,
767,617d,a2f8,92b1,7fbe,e472,
768,6955,a2e8,92b1,7fbe,aa44,
769,6955,a2e8,92b1,7fbe,12ec,
770,6155,a2e8,92b1,7fbe,62a5,
771,6155,a2e8,92b1,7fbe,76ed,
772,6155,a2e8,92b1,7fbe,a0bc,
773,6155,a2e8,92b1,7fbe,16f1,
774,61dd,a2e8,92b1,7fbe,978b,
775,6957,a2e8,92b1,7fbe,85dd,
776,e7d4,a2e8,0aca,7fbe,987b,
777,6155,a2e8,92b1,7fbe,4f8f,
778,6155,a2e8,92b1,7fbe,4437,
779,6155,a2e8,92b1,7fbe,906b,
780,6155,a2e8,92b1,7fbe,9e3d,
781,6155,a2e8,92b1,7fbe,1538,
782,6155,a2e8,92b1,7fbe,e14e,
783,6155,a2e8,92b1,7fbe,d404,
784,6155,a2e8,92b1,7fbe,b180,
785,6155,a2e8,92b1,7fbe,3e64,
786,69b5,a2a8,92b1,7fbe,e625,
787,6155,a2e8,92b1,7fbe,4a64,
788,6155,a2e8,92b1,7fbe,73c0,
789,6155,a2e8,92b1,7fbe,66cb,
790,6155,a2e8,92b1,7fbe,39dc,
791,7151,a2e8,92b1,7fbe,7aa5,
792,6155,a2e8,92b1,7fbe,bd02,
793,6155,a2e8,92b1,7fbe,4418,
794,0000,6368,92b1,7fbe,c43f,
795,6155,a2e8,92b1,7fbe,d6a6,
796,6155,a2e8,92b1,7fbe,a07b,
797,6155,a2e8,92b1,7fbe,4196,
798,6155,a2e8,92b1,7fbe,c5b4,
799,615d,a2e8,92b1,7fbe,8161,
800,6155,a2e8,92b1,7fbe,add3,
801,6155,a2e8,92b1,7fbe,128c,
802,6155,a2e8,92b1,7fbe,959f,
803,615d,a2e8,92b1,7fbe,8e2f,
804,6155,a2e8,92b1,7fbe,c8f3,
805,6155,a2e8,92b1,7fbe,204d,
806,6155,a2e8,92b1,7fbe,74ac,
807,6155,a2e8,92b1,7fbe,a04a,
808,6155,a2e8,92b1,7fbe,2f4e,
809,6955,a2e8,92b1,7fbe,0536,
810,6155,a2e8,92b1,7fbe,d24d,
811,7155,a2e8,92b1,7fbe,03fc,
812,6155,a2e8,92b1,7fbe,e1fd,
813,2155,a2e8,92b1,7fbe,5736,
814,6555,a2e8,92b1,7fbe,ca05,
815,6155,a2e8,92b1,7fbe,b53d,
816,6155,a2e8,92b1,7fbe,6660,
817,6155,a2e8,92b1,7fbe,a962,
818,6155,a2e8,92b1,7fbe,2b81,
819,6155,a2e8,92b1,7fbe,f508,
820,6155,a2e8,92b1,7fbe,48c2,
821,6155,a2e8,92b1,7fbe,a237,
822,6155,a2e8,92b1,7fbe,feb5,
823,6155,a2e8,92b1,7fbe,f02e,
824,6155,a2e8,92b1,7fbe,6bab,
825,0000,0b60,16b1,7fbe,6599,
826,61b5,a2a8,92b1,7fbe,e624,
827,6155,a2e8,92b1,7fbe,e2b4,
828,6155,a2e8,92b1,7fbe,8aa8,
829,6155,a2e8,92b1,7fbe,67cf,
830,6155,a2e8,92b1,7fbe,1369,
831,6155,a2e8,92b1,7fbe,2ba1,
832,6155,a2e8,92b1,7fbe,b80a,
833,6155,a2e8,92b1,7fbe,dd19,
834,6155,a2e8,92b1,7fbe,3c11,
835,6155,a2e8,92b1,7fbe,e222,
836,6155,a2e8,92b1,7fbe,08ee,
837,6155,a2e8,92b1,7fbe,075e,
838,6155,a2e8,92b1,7fbe,ac5c,
839,6155,a2e8,92b1,7fbe,a0c0,
840,6155,a2e8,92b1,7fbe,6091,
841,6155,a2e8,92b1,7fbe,3b76,
842,6155,a2e8,92b1,7fbe,1cba,
843,1091,a2e8,92b1,7fbe,71e4,
844,6195,a2a8,92b1,7fbe,0b5f,
845,6155,a2e8,92b1,7fbe,7da6,
846,6115,a2e8,92b1,7fbe,efd8,
847,6155,a2e8,92b1,7fbe,331d,
848,6155,a2e8,92b1,7fbe,6232,
849,6155,a2e8,92b1,7fbe,829b,
850,6155,a2e8,92b1,7fbe,b2c1,
851,6155,a2e8,92b1,7fbe,c15b,
852,6155,a2e8,92b1,7fbe,72be,
853,9475,82e8,92b1,7fbe,5934,
854,6155,a2e8,92b1,7fbe,3711,
855,6155,a2e8,92b1,7fbe,03e0,
856,6155,a2e8,92b1,7fbe,5b67,
857,6155,a2e8,92b1,7fbe,9686,
858,6155,a2e8,92b1,7fbe,f85d,
859,6155,a2e8,92b1,7fbe,aa4a,
860,6155,a2e8,92b1,7fbe,131c,
861,6155,a2e8,92b1,7fbe,ef12,
862,6155,a2e8,92b1,7fbe,424c,
863,7155,a2e8,92b1,7fbe,b14c,
864,6155,a2e8,92b1,7fbe,8e62,
865,6155,a2e8,92b1,7fbe,0c32,
866,6155,a2e8,92b1,7fbe,50e0,
867,6155,a2e8,92b1,7fbe,aaca,
868,6155,a2e8,92b1,7fbe,5e1a,
869,6155,a2e8,92b1,7fbe,3cc1,
870,6155,a2e8,92b1,7fbe,d1e7,
871,6155,a2e8,92b1,7fbe,0cdb,
872,6155,a2e8,92b1,7fbe,9ccb,
873,6155,a2e8,92b1,7fbe,1df6,
874,7997,a2a8,92b1,7fbe,4de0,
875,6155,a2e8,92b1,7fbe,815e,
876,6155,a2e8,92b1,7fbe,e6d4,
877,6155,a2e8,92b1,7fbe,c720,
878,6155,a2e8,92b1,7fbe,1362,
879,6155,a2e8,92b1,7fbe,059a,
880,0000,4209,92b1,7fbe,9d6e,
881,6155,a2e8,92b1,7fbe,d103,
882,6155,a2e8,92b1,7fbe,fbfa,
883,6155,a2e8,92b1,7fbe,6d7e,
884,6155,a2e8,92b1,7fbe,0d3b,
885,6155,a2e8,92b1,7fbe,ed2f,
886,2155,a2e8,92b1,7fbe,41e8,
887,0000,fbdc,92b1,7fbe,9f46,
888,6155,a2e8,92b1,7fbe,b4bb,
889,6155,a2e8,92b1,7fbe,6cda,
890,6155,a2e8,92b1,7fbe,eb72,
891,6175,a2e8,92b1,7fbe,b9e3,
892,75ac,a2e8,40e4,7fbe,d255,
893,6155,a2e8,92b1,7fbe,1fdf,
894,6155,a2e8,92b1,7fbe,4c01,
895,6155,a2e8,92b1,7fbe,a8a4,
896,6155,a2e8,92b1,7fbe,e06c,
897,814d,e2e8,92b1,7fbe,a238,
898,6155,a2e8,92b1,7fbe,853a,
899,6155,a2e8,92b1,7fbe,f2df,
900,6155,a2e8,92b1,7fbe,7bf6,
901,6155,a2e8,92b1,7fbe,03a9,
902,61d5,a2e8,92b1,7fbe,1125,
903,4117,b2e8,92b1,7fbe,a864,
904,415d,a2e8,92b1,7fbe,c497,
905,6155,a2e8,92b1,7fbe,549f,
906,6155,a2e8,92b1,7fbe,ac64,
907,6155,a2e8,92b1,7fbe,28ef,
908,6175,a2e8,92b1,7fbe,479e,
909,6155,a2e8,92b1,7fbe,78e2,
910,2155,a2e8,92b1,7fbe,a0dc,
911,1547,b2e8,92b1,7fbe,6afc,
912,73df,a2e8,650c,7fbe,f7bd,
913,6155,a2e8,92b1,7fbe,3640,
914,6155,a2e8,92b1,7fbe,ad03,
915,6155,a2e8,92b1,7fbe,03e2,
916,6955,a2e8,92b1,7fbe,d1d1,
917,6055,a2e8,92b1,7fbe,3058,
918,6155,a2e8,92b1,7fbe,74e3,
919,6155,a2e8,92b1,7fbe,6fe4,
920,6155,a2e8,92b1,7fbe,6405,
921,6155,a2e8,92b1,7fbe,608f,
922,6155,a2e8,92b1,7fbe,5bca,
923,6155,a2e8,92b1,7fbe,85d7,
924,2145,a2e8,92b1,7fbe,0ef8,
925,6155,a2e8,92b1,7fbe,2c9d,
926,6155,a2e8,92b1,7fbe,4b85,
927,6155,a2e8,92b1,7fbe,60b4,
928,61d5,a2e8,92b1,7fbe,be20,
929,4155,a2e8,92b1,7fbe,df3d,
930,7505,a2e8,92b1,7fbe,a8d9,
931,6155,a2e8,92b1,7fbe,0f02,
932,2051,a2e8,92b1,7fbe,7c6f,
933,6155,a2e8,92b1,7fbe,3e68,
934,6155,a2e8,92b1,7fbe,42ff,
935,6155,a2e8,92b1,7fbe,8ef6,
936,6115,a2e8,92b1,7fbe,1a40,
937,6155,a2e8,92b1,7fbe,d69a,
938,6155,a2e8,92b1,7fbe,4ef3,
939,6155,a2e8,92b1,7fbe,8665,
940,0000,3e75,da80,7fbe,6e97,
941,6155,a2e8,92b1,7fbe,9d9b,
942,0000,45f1,f3d9,7fbe,4440,
943,6155,a2e8,92b1,7fbe,85d7,
944,62c3,a2fc,92b9,7fbe,7997,
945,6115,a2e8,92b1,7fbe,7a4e,
946,6155,a2e8,92b1,7fbe,cce8,
947,6155,a2e8,92b1,7fbe,559b,
948,6115,a2e8,92b1,7fbe,e290,
949,0000,a2e8,d13b,7fbe,438a,
950,0000,e8e8,92b1,7fbe,ba08,
951,6155,a2e8,92b1,7fbe,f54d,
952,6155,a2e8,92b1,7fbe,5f85,
953,6155,a2e8,92b1,7fbe,6a01,
954,6155,a2e8,92b1,7fbe,7324,
955,6155,a2e8,92b1,7fbe,2637,
956,6155,a2e8,92b1,7fbe,df0f,
957,6155,a2e8,92b1,7fbe,4925,
958,6155,a2e8,92b1,7fbe,af39,
959,6155,a2e8,92b1,7fbe,9407,
960,6155,a2e8,92b1,7fbe,2f6e,
961,635d,a2e8,92b1,7fbe,d82e,
962,6155,a2e8,92b1,7fbe,b39e,
963,5157,b2e8,92b1,7fbe,26d7,
964,6155,a2e8,92b1,7fbe,1908,
965,6155,a2e8,92b1,7fbe,4d0a,
966,7155,a2e8,92b1,7fbe,7db5,
967,6955,a2e8,92b1,7fbe,2905,
968,6115,a2e8,92b1,7fbe,e0e5,
969,6155,a2e8,92b1,7fbe,ad60,
970,7155,a2e8,92b1,7fbe,d1fc,
971,6155,a2e8,92b1,7fbe,f765,
972,6155,a2e8,92b1,7fbe,27c4,
973,6155,a2e8,92b1,7fbe,b01f,
974,6155,a2e8,92b1,7fbe,7159,
975,6155,a2e8,92b1,7fbe,f563,
976,6155,a2e8,92b1,7fbe,b419,
977,0000,3ca1,92b1,7fbe,02d7,
978,6155,a2e8,92b1,7fbe,03f4,
979,6115,a2e8,92b1,7fbe,4fb9,
980,6155,a2e8,92b1,7fbe,d99b,
981,6155,a2e8,92b1,7fbe,c8c8,
982,6175,a2e8,92b1,7fbe,b4a7,
983,6195,a2a8,92b1,7fbe,f6df,
984,6155,a2e8,92b1,7fbe,267b,
985,6155,a2e8,92b1,7fbe,9fa2,
986,6155,a2e8,92b1,7fbe,e679,
987,6155,a2e8,92b1,7fbe,4000,
988,6155,a2e8,92b1,7fbe,7622,
989,6155,a2e8,92b1,7fbe,be3d,
990,6155,a2e8,92b1,7fbe,be2d,
991,6145,8260,92b1,7fbe,53f0,
992,6155,a2e8,92b1,7fbe,eefb,
993,0000,5e28,5d42,7fbe,1e99,
994,6155,a2e8,92b1,7fbe,5bca,
995,6155,a2e8,92b1,7fbe,e0d4,
996,6155,a2e8,92b1,7fbe,7dee,
997,6175,a2e8,92b1,7fbe,36b6,
998,0000,f2ed,92b1,7fbe,b661,
999,6155,a2e8,92b1,7fbe,610d,
1000,6155,a2e8,92b1,7fbe,1df0,
1001,e155,a2e8,92b1,7fbe,a267,
1002,6155,a2e8,92b1,7fbe,a154,
1003,7155,a2e8,92b1,7fbe,9dc3,
1004,6155,a2e8,92b1,7fbe,10a4,
1005,6155,a2e8,92b1,7fbe,0cdd,
1006,6155,a2e8,92b1,7fbe,1cfe,
1007,6c30,a2e8,bf4b,7fbe,2dfa,
1008,6155,a2e8,92b1,7fbe,0bf4,
1009,d975,b2e8,92b1,7fbe,d444,
1010,6157,a2e8,92b1,7fbe,0a13,
1011,6155,a2e8,92b1,7fbe,29cb,
1012,6155,a2e8,92b1,7fbe,48a4,
1013,6155,a2e8,92b1,7fbe,b183,
1014,69d5,a2a8,92b1,7fbe,545c,
1015,6155,a2e8,92b1,7fbe,2b2e,
1016,6155,a2e8,92b1,7fbe,1f5d,
1017,6155,a2e8,92b1,7fbe,79bc,
1018,4255,a3e8,92b1,7fbe,0c69,
1019,6155,a2e8,92b1,7fbe,be1a,
1020,6155,a2e8,92b1,7fbe,4cb0,
1021,6155,a2e8,92b1,7fbe,add3,
1022,6155,a2e8,92b1,7fbe,aea7,
1023,61d6,a2a9,92b1,7fbe,13e3,
1024,7155,a2e8,92b1,7fbe,02bf,
1025,61f5,a2e8,92b1,7fbe,f349,
1026,71d5,a2e8,92b1,7fbe,6eff,
1027,6155,a2e8,92b1,7fbe,3ba9,
1028,6155,a2e8,92b1,7fbe,2f3b,
1029,6155,a2e8,92b1,7fbe,ebae,
1030,6155,a2e8,92b1,7fbe,113d,
1031,6155,a2e8,92b1,7fbe,1961,
1032,6155,a2e8,92b1,7fbe,daa7,
1033,6155,a2e8,92b1,7fbe,2973,
1034,6155,a2e8,92b1,7fbe,41ba,
1035,6155,a2e8,92b1,7fbe,e5f5,
1036,49d7,b2e8,92b1,7fbe,7d85,
1037,61d5,a2e8,92b1,7fbe,dcc9,
1038,6155,a2e8,92b1,7fbe,fc83,
1039,0000,a2e8,d9af,7fbe,4b1e,
1040,7155,a2e8,92b1,7fbe,6987,
1041,6155,a2e8,92b1,7fbe,69e1,
1042,6155,a2e8,92b1,7fbe,5b87,
1043,6155,a2e8,92b1,7fbe,79fd,
1044,6997,a2a8,92b1,7fbe,771f,
1045,6051,a2e8,92b1,7fbe,e634,
1046,e3d1,a2e9,92b1,7fbe,39c3,
1047,0000,5b83,e07b,7fbe,679e,
1048,6155,a2e8,92b1,7fbe,06da,
1049,6155,a2e8,92b1,7fbe,df40,
1050,6155,a2e8,92b1,7fbe,3a41,
1051,6355,a2e8,92b1,7fbe,9fc0,
1052,6155,a2e8,92b1,7fbe,e40d,
1053,0000,ee9c,e237,7fbe,a5fd,
1054,6155,a2e8,92b1,7fbe,ae86,
1055,6155,a2e8,92b1,7fbe,2f2c,
1056,6155,a2e8,92b1,7fbe,fc31,
1057,6155,a2e8,92b1,7fbe,fc9c,
1058,6155,a2e8,92b1,7fbe,2229,
1059,6175,a2e8,92b1,7fbe,1f34,
1060,6155,a2e8,92b1,7fbe,edda,
1061,6155,a2e8,92b1,7fbe,ae09,
1062,756c,a2e8,40f8,7fbe,d249,
1063,6155,a2e8,92b1,7fbe,1d75,
1064,6115,a2e8,92b1,7fbe,d406,
1065,0000,a36d,92b1,7fbe,b57a,
1066,6155,a2e8,92b1,7fbe,a812,
1067,6155,a2e8,92b1,7fbe,2a58,
1068,6545,a2e8,92b1,7fbe,a093,
1069,2359,a3ec,92b1,7fbe,6104,
1070,4155,a2e8,92b1,7fbe,c56a,
1071,6155,a2e8,92b1,7fbe,f05c,
1072,6155,a2e8,92b1,7fbe,0949,
1073,6155,a2e8,92b1,7fbe,cb4c,
1074,6155,a2e8,92b1,7fbe,07bb,
1075,6155,a2e8,92b1,7fbe,18a5,
1076,6155,a2e8,92b1,7fbe,00b8,
1077,7155,a2e8,92b1,7fbe,8bf1,
1078,6155,a2e8,92b1,7fbe,293c,
1079,69f5,a2a8,92b1,7fbe,9643,
1080,6155,a2e8,92b1,7fbe,0efa,
1081,0000,ff2b,96b0,7fbe,d9c1,
1082,6155,a2e8,92b1,7fbe,a221,
1083,6155,a2e8,92b1,7fbe,1967,
1084,6155,a2e8,92b1,7fbe,8e8d,
1085,6155,a2e8,92b1,7fbe,a530,
1086,6155,a2e8,92b1,7fbe,3338,
1087,e115,a2ed,92b3,7fbe,0cc0,
1088,6155,a2e8,92b1,7fbe,3b4d,
1089,6177,a2e8,92b1,7fbe,e4be,
1090,6155,a2e8,92b1,7fbe,8339,
1091,6155,a2e8,92b1,7fbe,2b50,
1092,6055,a2e8,92b1,7fbe,57a7,
1093,6155,a2e8,92b1,7fbe,7525,
1094,6155,a2e8,92b1,7fbe,af16,
1095,6155,a2e8,92b1,7fbe,4080,
1096,6155,a2e8,92b1,7fbe,28cd,
1097,6155,a2e8,92b1,7fbe,c588,
1098,6155,a2e8,92b1,7fbe,fc99,
1099,61d5,a2e8,92b1,7fbe,dc8a,
1100,6155,a2e8,92b1,7fbe,aa01,
1101,6155,a2e8,92b1,7fbe,b40e,
1102,6195,a2a8,92b1,7fbe,ba56,
1103,6055,a2e8,92b1,7fbe,6063,
1104,6155,a2e8,92b1,7fbe,2837,
1105,6155,a2e8,92b1,7fbe,c591,
1106,6155,a2e8,92b1,7fbe,8838,
1107,6155,a2e8,92b1,7fbe,67ed,
1108,6155,a2e8,92b1,7fbe,50ed,
1109,6155,a2e8,92b1,7fbe,ea26,
1110,6155,a2e8,92b1,7fbe,e1ae,
1111,6155,a2e8,92b1,7fbe,8cb2,
1112,6155,a2e8,92b1,7fbe,0dbf,
1113,6155,a2e8,92b1,7fbe,7323,
1114,6155,a2e8,92b1,7fbe,621d,
1115,6155,a2e8,92b1,7fbe,6abe,
1116,6155,a2e8,92b1,7fbe,f650,
1117,5955,b2e8,92b1,7fbe,4cd9,
1118,615b,b2ec,92b1,7fbe,d48e,
1119,6155,a2e8,92b1,7fbe,f4d7,
1120,6155,a2e8,92b1,7fbe,c6b5,
1121,6155,a2e8,92b1,7fbe,9292,
1122,6155,a2e8,92b1,7fbe,84ad,
1123,6155,a2e8,92b1,7fbe,32a9,
1124,6155,a2e8,92b1,7fbe,9938,
1125,6155,a2e8,92b1,7fbe,b38f,
1126,6155,a2e8,92b1,7fbe,4805,
1127,6155,a2e8,92b1,7fbe,c255,
1128,97c5,a2e8,92b1,7fbe,f114,
1129,6155,a2e8,92b1,7fbe,77c3,
1130,6115,a2e8,92b1,7fbe,5cc3,
1131,6155,a2e8,92b1,7fbe,2bd4,
1132,6155,a2e8,92b1,7fbe,0f0c,
1133,6155,a2e8,92b1,7fbe,a9ad,
1134,6155,a2e8,92b1,7fbe,2fc1,
1135,6155,a2e8,92b1,7fbe,7ce8,
1136,6155,a2e8,92b1,7fbe,0a4d,
1137,59d5,b2e8,92b1,7fbe,216a,
1138,e375,a2e8,92b1,7fbe,e7c6,
1139,68f5,a2a8,92b1,7fbe,7efc,
1140,7155,a2e8,92b1,7fbe,defa,
1141,61d5,a2e8,92b1,7fbe,632c,
1142,6155,a2e8,92b1,7fbe,fe36,
1143,6175,a2e8,92b1,7fbe,7308,
1144,6155,a2e8,92b1,7fbe,a4ce,
1145,6155,a2e8,92b1,7fbe,770a,
1146,6155,a2e8,92b1,7fbe,b16c,
1147,6155,a2e8,92b1,7fbe,6e61,
1148,6155,a2e8,92b1,7fbe,ecb9,
1149,0000,c0f9,a425,7fbe,dfaa,
1150,6155,a2e8,92b1,7fbe,69d8,
1151,6155,a2e8,92b1,7fbe,04ca,
1152,0000,a2e8,efa9,7fbe,7d18,
1153,69b5,a2a8,92b1,7fbe,6f2e,
1154,6155,a2e8,92b1,7fbe,2e0a,
1155,2a8b,c1f9,d3b1,7fbe,8111,
1156,6155,a2e8,92b1,7fbe,3baa,
1157,0000,c478,92b1,7fbe,4898,
1158,6155,a2e8,92b1,7fbe,8408,
1159,6155,a2e8,92b1,7fbe,a510,
1160,6155,a2e8,92b1,7fbe,eb97,
1161,6155,a2e8,92b1,7fbe,9b7b,
1162,6155,a2e8,92b1,7fbe,e394,
1163,6155,a2e8,92b1,7fbe,e31c,
1164,6555,a2e8,92b1,7fbe,dce3,
1165,6115,a2e8,92b1,7fbe,a0ff,
1166,6955,a2e8,92b1,7fbe,6ea7,
1167,6155,a2e8,92b1,7fbe,979c,
1168,3997,a2e9,92b1,7fbe,4dce,
1169,99a5,6a6b,d6a1,7fbe,66ab,
1170,6155,a2e8,92b1,7fbe,e031,
1171,5957,b2e8,92b1,7fbe,1d53,
1172,6155,a2e8,92b1,7fbe,30f7,
1173,6155,a2e8,92b1,7fbe,f079,
1174,6155,a2e8,92b1,7fbe,0b89,
1175,6155,a2e8,92b1,7fbe,d876,
1176,6155,a2e8,92b1,7fbe,8684,
1177,6155,a2e8,92b1,7fbe,2f71,
1178,6155,a2e8,92b1,7fbe,18fd,
1179,6155,a2e8,92b1,7fbe,f74b,
1180,6155,a2e8,92b1,7fbe,d455,
1181,6155,a2e8,92b1,7fbe,d9c3,
1182,6155,a2e8,92b1,7fbe,4ef1,
1183,7955,a2e8,92b1,7fbe,8c9b,
1184,6155,a2e8,92b1,7fbe,9089,
1185,6155,a2e8,92b1,7fbe,944e,
1186,6155,a2e8,92b1,7fbe,cd25,
1187,6155,a2e8,92b1,7fbe,1143,
1188,6155,a2e8,92b1,7fbe,b6fa,
1189,0000,a2e8,1e71,7fbe,8cc0,
1190,3113,a2ea,92b1,7fbe,73bb,
1191,6151,a2e8,92b1,7fbe,d494,
1192,065d,a0e8,92b1,7fbe,e38b,
1193,6155,a2e8,92b1,7fbe,9e74,
1194,6155,a2e8,92b1,7fbe,f5f8,
1195,7114,a2e8,92b1,7fbe,3b83,
1196,6155,a2e8,92b1,7fbe,66f4,
1197,69a7,baa9,9ab1,7fbe,86ab,
1198,6155,a2e8,92b1,7fbe,89e0,
1199,6155,a2e8,92b1,7fbe,60b0,
1200,6155,a2e8,92b1,7fbe,cb1b,
1201,6155,a2e8,92b1,7fbe,1467,
1202,6155,a2e8,92b1,7fbe,a0a5,
1203,615d,a2e8,92b1,7fbe,d958,
1204,0000,32f0,92b1,7fbe,6fd9,
1205,7153,a2ea,92b1,7fbe,d58f,
1206,6155,a2e8,92b1,7fbe,9ee4,
1207,7155,a2e8,92b1,7fbe,969a,
1208,6155,a2e8,92b1,7fbe,e3da,
1209,6355,a2e8,92b1,7fbe,6bb1,
1210,6155,a2e8,92b1,7fbe,837a,
1211,6155,a2e8,92b1,7fbe,5462,
1212,0000,e32b,92b1,7fbe,cb70,
1213,6115,a2e8,92b1,7fbe,dd79,
1214,6155,a2e8,92b1,7fbe,1de0,
1215,6955,a2e8,92b1,7fbe,24c5,
1216,6155,a2e8,92b1,7fbe,0935,
1217,6155,a2e8,92b1,7fbe,0142,
1218,6155,a2e8,92b1,7fbe,9665,
1219,6155,a2e8,92b1,7fbe,d53c,
1220,a516,a2e8,17f4,7fbe,8545,
1221,1193,a2e8,f986,7fbe,6b37,
1222,6155,a2e8,92b1,7fbe,bbfd,
1223,6117,a2a8,92b1,7fbe,25bb,
1224,4155,e2e8,b2b1,7fbe,9adc,
1225,6155,a2e8,92b1,7fbe,7870,
1226,6155,a2e8,92b1,7fbe,2280,
1227,6314,a2e8,92b1,7fbe,4a13,
1228,6155,a2e8,92b1,7fbe,330d,
1229,6155,a2e8,92b1,7fbe,9aec,
1230,6955,a2e8,92b1,7fbe,bf78,
1231,615d,a2e8,92b1,7fbe,09ee,
1232,6155,a2e8,92b1,7fbe,4422,
1233,6155,a2e8,92b1,7fbe,988e,
1234,6175,a2e8,92b1,7fbe,452a,
1235,6155,a2e8,92b1,7fbe,ac25,
1236,6115,a2e8,92b1,7fbe,76c5,
1237,6175,a2e8,92b1,7fbe,76ca,
1238,6155,a2e8,92b1,7fbe,413e,
1239,6155,a2e8,92b1,7fbe,fab3,
1240,6155,a2e8,92b1,7fbe,8c57,
1241,6155,a2e8,92b1,7fbe,f806,
1242,6155,a2e8,92b1,7fbe,5932,
1243,4155,a2e8,92b1,7fbe,07b2,
1244,6155,a2e8,92b1,7fbe,d55c,
1245,6155,a2e8,92b1,7fbe,a8a3,
1246,e4dd,a2e8,adb7,7fbe,3f06,
1247,6155,a2e8,92b1,7fbe,20b5,
1248,b889,c4e9,1491,7fae,9b15,
1249,6155,a2e8,92b1,7fbe,4282,
1250,6155,a2e8,92b1,7fbe,8372,
1251,6155,a2e8,92b1,7fbe,cc64,
1252,6155,a2e8,92b1,7fbe,0418,
1253,6155,a2e8,92b1,7fbe,b054,
1254,6155,a2e8,92b1,7fbe,0914,
1255,6115,a2e8,92b1,7fbe,358b,
1256,6155,a2e8,92b1,7fbe,d91d,
1257,6155,a2e8,92b1,7fbe,4a1d,
1258,0000,9304,92b1,7fbe,728c,
1259,d215,a2e8,8665,7fbe,14d4,
1260,6155,a2e8,92b1,7fbe,3289,
1261,6155,a2e8,92b1,7fbe,29a9,
1262,6137,bae8,9ab1,7fbe,0156,
1263,6155,a2e8,92b1,7fbe,ffb5,
1264,6155,a2e8,92b1,7fbe,12c5,
1265,6155,a2e8,92b1,7fbe,5888,
1266,6155,a2e8,92b1,7fbe,322f,
1267,6155,a2e8,92b1,7fbe,1141,
1268,6155,a2e8,92b1,7fbe,9c28,
1269,6117,a2a8,92b1,7fbe,3b60,
1270,6917,a2a8,92b1,7fbe,5956,
1271,6155,a2e8,92b1,7fbe,2b87,
1272,6155,a2e8,92b1,7fbe,9cd9,
1273,6155,a2e8,92b1,7fbe,1e73,
1274,6155,a2e8,92b1,7fbe,738f,
1275,6155,a2e8,92b1,7fbe,4144,
1276,6155,a2e8,92b1,7fbe,4563,
1277,615d,a2e8,92b1,7fbe,141a,
1278,6155,a2e8,92b1,7fbe,58e0,
1279,4957,b2e8,92b1,7fbe,1953,
1280,61d7,a2e8,92b1,7fbe,107f,
1281,6175,a2f8,92b1,7fbe,1b2c,
1282,6175,a2e8,92b1,7fbe,4353,
1283,6155,a2e8,92b1,7fbe,53ab,
1284,6155,a2e8,92b1,7fbe,4e3f,
1285,6155,a2e8,92b1,7fbe,3e7b,
1286,6155,a2e8,92b1,7fbe,a7f3,
1287,6155,a2e8,92b1,7fbe,b998,
1288,6155,a2e8,92b1,7fbe,ed1d,
1289,6155,a2e8,92b1,7fbe,e390,
1290,0000,b7d8,bce8,7fbe,c1cc,
1291,6155,a2e8,92b1,7fbe,9ccc,
1292,6155,a2e8,92b1,7fbe,ae78,
1293,6955,a2e8,92b1,7fbe,3d2a,
1294,6155,a2e8,92b1,7fbe,b7a6,
1295,6155,a2e8,92b1,7fbe,2f01,
1296,4155,b2e8,92b1,7fbe,3178,
1297,7145,a2e8,92b1,7fbe,968e,
1298,e155,a2e8,92b1,7fbe,e854,
1299,889c,a2e8,92b1,7fbe,e9c9,
1300,6155,a2e8,92b1,7fbe,7b08,
1301,6155,a2e8,92b1,7fbe,7403,
1302,6145,a2e8,92b1,7fbe,5610,
1303,6155,a2e8,92b1,7fbe,50c9,
1304,6155,a2e8,92b1,7fbe,9cae,
1305,6155,a2e8,92b1,7fbe,ecae,
1306,6155,a2e8,92b1,7fbe,9844,
1307,10a0,a2e8,9e66,7fbe,0cd7,
1308,2155,a2e8,92b1,7fbe,8fea,
1309,7155,aae8,92b1,7fbe,5c88,
1310,6155,a2e8,92b1,7fbe,c0d0,
1311,f572,b2e9,92b1,7fbe,a499,
1312,6155,a2e8,92b1,7fbe,95a2,
1313,7155,a2e8,92b1,7fbe,5ae0,
1314,6155,a2e8,92b1,7fbe,760b,
1315,6155,a2e8,92b1,7fbe,2407,
1316,0000,a2e2,d1b7,7fbe,4306,
1317,6155,a2e8,92b1,7fbe,64d5,
1318,6155,a2e8,92b1,7fbe,0965,
1319,6115,a2e8,92b1,7fbe,27f3,
1320,6155,a2e8,92b1,7fbe,33ed,
1321,6155,a2e8,92b1,7fbe,55f9,
1322,6141,a2e8,92b1,7fbe,4575,
1323,6115,a2e8,92b1,7fbe,ef3f,
1324,7154,aae8,92b1,7fbe,c67e,
1325,7151,a2e8,92b1,7fbe,2b1d,
1326,6155,a2e8,92b1,7fbe,c730,
1327,217e,a2e8,67ca,7fbe,f57b,
1328,6155,a2e8,92b1,7fbe,f15f,
1329,6155,a2e8,92b1,7fbe,945c,
1330,6155,a2e8,92b1,7fbe,04dd,
1331,6155,a2e8,92b1,7fbe,c7fb,
1332,6155,a2e8,92b1,7fbe,6394,
1333,6155,a2e8,92b1,7fbe,7fb3,
1334,6155,a2e8,92b1,7fbe,07a1,
1335,6115,a2e8,92b1,7fbe,f78e,
1336,6155,a2e8,92b1,7fbe,276c,
1337,6155,a2e8,92b1,7fbe,a230,
1338,6155,a2e8,92b1,7fbe,8d3d,
1339,6155,a2e8,92b1,7fbe,4dfd,
1340,6154,a2e8,92b1,7fbe,59e0,
1341,6155,a2e8,92b1,7fbe,6375,
1342,0000,7e1b,92b1,7fbe,380f,
1343,6157,a2a8,92b1,7fbe,b0b6,
1344,6955,a2e8,92b1,7fbe,5d44,
1345,6155,a2e8,92b1,7fbe,727d,
1346,6155,a2e8,92b1,7fbe,4071,
1347,6155,a2e8,92b1,7fbe,b8fe,
1348,6155,a2e8,92b1,7fbe,ce27,
1349,6155,a2e8,92b1,7fbe,78b2,
1350,6941,a2e8,92b1,7fbe,0b34,
1351,225d,a2e8,92b1,7fbe,6b39,
1352,e281,a2e8,ed7f,7fbe,7fce,
1353,4155,a2e8,92b1,7fbe,b597,
1354,7151,a2e8,92b1,7fbe,3b3a,
1355,6115,a2e8,92b1,7fbe,0ac1,
1356,6155,a2e8,92b1,7fbe,50e7,
1357,b5e0,a2e8,b4e9,7fbe,2658,
1358,6955,a2e8,92b1,7fbe,3d51,
1359,6155,a2e8,92b1,7fbe,e095,
1360,fb10,a2e8,421c,7fbe,d0ad,
1361,6195,a2e8,92b1,7fbe,16c5,
1362,c155,a2e8,92b1,7fbe,b304,
1363,6155,a2e8,92b1,7fbe,d5c8,
1364,6155,a2e8,92b1,7fbe,18e0,
1365,6155,a2e8,92b1,7fbe,35ea,
1366,0000,a2e8,2660,7fbe,b4d1,
1367,6155,a2e8,92b1,7fbe,c0b4,
1368,7155,a2e8,92b1,7fbe,5de0,
1369,43b5,a2e8,fe62,7fbe,6cd3,
1370,6155,a2e8,92b1,7fbe,61ac,
1371,6155,a2e8,92b1,7fbe,7345,
1372,6355,a2e8,92b1,7fbe,c482,
1373,6155,a2e8,92b1,7fbe,02bb,
1374,6955,a2e8,92b1,7fbe,de45,
1375,6155,a2e8,92b1,7fbe,0c66,
1376,0000,9226,92b1,7fbe,2493,
1377,6155,a2e8,92b1,7fbe,503f,
1378,6155,a2e8,92b1,7fbe,510b,
1379,6155,a2e8,92b1,7fbe,5d74,
1380,6955,a2e8,92b1,7fbe,ff87,
1381,6155,a2e8,92b1,7fbe,b720,
1382,6155,a2e8,92b1,7fbe,cf15,
1383,6155,a2e8,92b1,7fbe,0826,
1384,6155,a2e8,92b1,7fbe,13fc,
1385,6155,a2e8,92b1,7fbe,cb63,
1386,6977,a2e8,92b1,7fbe,b233,
1387,6157,a2e8,92b1,7fbe,21e7,
1388,7155,a2e8,92b1,7fbe,25dd,
1389,6155,a2e8,92b1,7fbe,32c5,
1390,6155,a2e8,92b1,7fbe,14b7,
1391,6115,a2e8,92b1,7fbe,6dae,
1392,6155,a2e8,92b1,7fbe,2a54,
1393,6114,a2e8,92b1,7fbe,0da3,
1394,7155,a2e8,92b1,7fbe,b340,
1395,6155,a2e8,92b1,7fbe,e6e7,
1396,6155,a2e8,92b1,7fbe,faf5,
1397,6175,a2e8,92b1,7fbe,87b4,
1398,6155,a2e8,92b1,7fbe,b9c1,
1399,6155,a2e8,92b1,7fbe,3caf,
1400,6155,a2e8,92b1,7fbe,2a2c,
1401,7155,a2e8,92b1,7fbe,42c6,
1402,6155,a2e8,92b1,7fbe,0f34,
1403,615d,a2e8,92b1,7fbe,cf57,
1404,2055,82e8,92b1,7fbe,008b,
1405,6155,a2e8,92b1,7fbe,5014,
1406,6155,a2e8,92b1,7fbe,a2bc,
1407,6155,a2e8,92b1,7fbe,7fc1,
1408,e155,a2e8,92b1,7fbe,a267,
1409,6955,a2e8,92b1,7fbe,5115,
1410,6155,a2e8,92b1,7fbe,d355,
1411,6355,a2e8,92b1,7fbe,30bb,
1412,6155,a2e8,92b1,7fbe,e7a8,
1413,6114,a2e8,92b1,7fbe,6d99,
1414,6155,a2e8,92b1,7fbe,82de,
1415,6155,a2e8,92b1,7fbe,7fd1,
1416,6155,a2e8,92b1,7fbe,4dd6,
1417,6155,a2e8,92b1,7fbe,0788,
1418,6155,a2e8,92b1,7fbe,ede7,
1419,0000,ba88,92b1,7fbe,1bd4,
1420,6155,a2e8,92b1,7fbe,e250,
1421,6155,a2e8,92b1,7fbe,8e84,
1422,71d1,a268,92b1,7fbe,ceed,
1423,6155,a2e8,92b1,7fbe,09db,
1424,6155,a2e8,92b1,7fbe,e660,
1425,6155,a2e8,92b1,7fbe,340f,
1426,6155,a2e8,92b1,7fbe,7bb4,
1427,6155,a2e8,92b1,7fbe,1949,
1428,61c5,a2e8,92b1,7fbe,29da,
1429,51d7,b2e8,92b1,7fbe,1f79,
1430,6175,a2e8,92b1,7fbe,b173,
1431,6155,a2e8,92b1,7fbe,fc05,
1432,0000,a2e8,37c8,7fbe,a579,
1433,6155,a2e8,92b1,7fbe,662f,
1434,6145,a2e8,92b1,7fbe,c151,
1435,6155,a2e8,92b1,7fbe,6099,
1436,6155,a2e8,92b1,7fbe,8604,
1437,6155,a2e8,92b1,7fbe,6721,
1438,6134,2ee8,96b1,7fbe,c265,
1439,6155,a2e8,92b1,7fbe,5d11,
1440,6155,a2e8,92b1,7fbe,878d,
1441,6155,a2e8,92b1,7fbe,6d0e,
1442,ea16,22f4,92b9,7fbe,8932,
1443,6155,a2e8,92b1,7fbe,0189,
1444,6155,a2e8,92b1,7fbe,110e,
1445,0000,c208,92b1,7fbe,04e4,
1446,6155,a2e8,92b1,7fbe,c0ae,
1447,6155,a2e8,92b1,7fbe,af76,
1448,0000,d9c6,96c8,7fbe,bd97,
1449,0000,a2e8,9330,7fbe,0181,
1450,6155,a2e8,92b1,7fbe,3d73,
1451,6155,a2e8,92b1,7fbe,8ecb,
1452,6155,a2e8,92b1,7fbe,ad46,
1453,6155,a2e8,92b1,7fbe,bf67,
1454,6155,a2e8,92b1,7fbe,1985,
1455,6175,a2e8,92b1,7fbe,caf7,
1456,7365,a2f8,92b1,7fbe,1b67,
1457,6955,a2e8,92b1,7fbe,7a6d,
1458,6155,a2e8,92b1,7fbe,7b34,
1459,6155,a2e8,92b1,7fbe,690f,
1460,6155,a2e8,92b1,7fbe,6673,
1461,cfb8,a2a8,92b1,7fbe,8ce5,
1462,7155,a2e8,92b1,7fbe,9b8e,
1463,6155,a2e8,92b1,7fbe,f359,
1464,6155,a2e8,92b1,7fbe,4c62,
1465,6155,a2e8,92b1,7fbe,fe15,
1466,0000,2509,92b1,7fbe,a581,
1467,7951,a2e8,92b1,7fbe,77eb,
1468,6155,a2e8,92b1,7fbe,6766,
1469,6155,a2e8,92b1,7fbe,d55a,
1470,6155,a2e8,92b1,7fbe,22dc,
1471,6155,a2e8,92b1,7fbe,e68c,
1472,6155,a2e8,92b1,7fbe,0534,
1473,6155,a2e8,92b1,7fbe,bdea,
1474,635d,a2e8,92b1,7fbe,dfea,
1475,6155,a2e8,92b1,7fbe,ec4c,
1476,6175,a2e8,92b1,7fbe,d8ad,
1477,6155,a2e8,92b1,7fbe,cb83,
1478,6155,a2e8,92b1,7fbe,31ec,
1479,6155,a2e8,92b1,7fbe,2039,
1480,6955,a2e8,92b1,7fbe,7ae7,
1481,0000,a2e8,2b98,7fbe,b929,
1482,6155,a2e8,92b1,7fbe,d356,
1483,6155,a2e8,92b1,7fbe,c0a1,
1484,6155,a2e8,92b1,7fbe,cedd,
1485,6155,a2e8,92b1,7fbe,c624,
1486,0000,600b,f56c,7fbe,66d4,
1487,6155,a2e8,92b1,7fbe,bc55,
1488,4177,b2e8,92b1,7fbe,3f4b,
1489,6155,a2e8,92b1,7fbe,2053,
1490,6151,a2e8,92b1,7fbe,92b5,
1491,6155,a2e8,92b1,7fbe,c1ce,
1492,0000,3f6a,97d4,7fbe,2b4e,
1493,6155,a2e8,92b1,7fbe,1d5c,
1494,6155,a2e8,92b1,7fbe,b50d,
1495,6155,a2e8,92b1,7fbe,d0df,
1496,6155,a2e8,92b1,7fbe,cd5a,
1497,5157,b2e8,92b1,7fbe,c225,
1498,6155,a2e8,92b1,7fbe,148c,
1499,5957,b2e8,92b1,7fbe,67ba,
1500,6115,a2e8,92b1,7fbe,67ae,
1501,6157,a2e8,92b1,7fbe,0a3a,
1502,6559,02e0,d2b1,7fbe,a6d1,
1503,6115,a2e8,92b1,7fbe,0672,
1504,6155,a2e8,92b1,7fbe,4e8e,
1505,0000,6368,92b1,7fbe,c43f,
1506,6155,a2e8,92b1,7fbe,333a,
1507,14d2,e6e8,90b1,7fbe,ef87,
1508,6155,a2e8,92b1,7fbe,af03,
1509,6155,a2e8,92b1,7fbe,a5c9,
1510,e954,e2e8,92b1,7fbe,8eb0,
1511,6155,a2e8,92b1,7fbe,c736,
1512,6155,a2e8,92b1,7fbe,9c64,
1513,6115,a2e8,92b1,7fbe,472a,
1514,88fb,a2e8,92b1,7fbe,e9ae,
1515,4937,b2e8,92b1,7fbe,2995,
1516,0000,43d0,92b1,7fbe,4f3a,
1517,6155,a2e8,92b1,7fbe,274f,
1518,6155,a2e8,92b1,7fbe,ab15,
1519,0000,fb0d,92b1,7fbe,546b,
1520,6155,a2e8,92b1,7fbe,f439,
1521,6155,a2e8,92b1,7fbe,df18,
1522,6155,a2e8,92b1,7fbe,88df,
1523,6155,a2e8,92b1,7fbe,ad6f,
1524,6155,a2e8,92b1,7fbe,81ff,
1525,6155,a2e8,92b1,7fbe,a0ea,
1526,6155,a2e8,92b1,7fbe,f0c7,
1527,6155,a2e8,92b1,7fbe,01e9,
1528,6155,a2e8,92b1,7fbe,f424,
1529,6155,a2e8,92b1,7fbe,7d50,
1530,6155,a2e8,92b1,7fbe,41f6,
1531,6155,a2e8,92b1,7fbe,367a,
1532,6155,a2e8,92b1,7fbe,44ef,
1533,0000,a2e8,617c,7fbe,f3cd,
1534,6155,a2e8,92b1,7fbe,93b3,
1535,6155,a2e8,92b1,7fbe,8e22,
1536,6155,a2e8,92b1,7fbe,8985,
1537,61d7,b2e8,92b1,7fbe,276f,
1538,6155,a2e8,92b1,7fbe,d2c7,
1539,e1f5,a2e8,92b1,7fbe,dd40,
1540,6155,a2e8,92b1,7fbe,81a9,
1541,6155,a2e8,92b1,7fbe,9471,
1542,6155,a2e8,92b1,7fbe,e9b8,
1543,6155,a2e8,92b1,7fbe,8d31,
1544,6155,a2e8,92b1,7fbe,86df,
1545,6914,a2e8,92b1,7fbe,5995,
1546,6155,a2e8,92b1,7fbe,51b4,
1547,6155,a2e8,92b1,7fbe,61fa,
1548,6155,a2e8,92b1,7fbe,6cd7,
1549,6955,a2e8,92b1,7fbe,cb5f,
1550,6155,a2e8,92b1,7fbe,5525,
1551,6155,a2e8,92b1,7fbe,b738,
1552,6155,a2e8,92b1,7fbe,4b99,
1553,6155,a2e8,92b1,7fbe,12c4,
1554,6155,a2e8,92b1,7fbe,433c,
1555,6155,a2e8,92b1,7fbe,1ea7,
1556,6897,a3ac,9231,7fbe,e330,
1557,6155,a2e8,92b1,7fbe,c6d2,
1558,0000,364a,be12,7fbe,c1c0,
1559,4115,a2e8,92b1,7fbe,38ca,
1560,6155,a2e8,92b1,7fbe,ac79,
1561,6155,a2e8,92b1,7fbe,f6d8,
1562,6155,a2e8,92b1,7fbe,8cd8,
1563,6155,a2e8,92b1,7fbe,f5cb,
1564,0000,c269,92b1,7fbe,03d4,
1565,6155,a2e8,92b1,7fbe,f68f,
1566,6157,a2e8,92b1,7fbe,4956,
1567,6155,a2e8,92b1,7fbe,546c,
1568,6155,a2e8,92b1,7fbe,39bd,
1569,6155,a2e8,92b1,7fbe,0b41,
1570,6155,a2e8,92b1,7fbe,eddd,
1571,6155,a2e8,92b1,7fbe,c85b,
1572,6155,a2e8,92b1,7fbe,a0b6,
1573,6015,a2e8,92b1,7fbe,88c4,
1574,6155,a2e8,92b1,7fbe,3420,
1575,61d7,a2e8,92b1,7fbe,9fca,
1576,6155,a2e8,92b1,7fbe,57d1,
1577,6155,a2e8,92b1,7fbe,adb9,
1578,0000,88a2,92b1,7fbe,8420,
1579,6155,a2e8,92b1,7fbe,74a7,
1580,6155,a2e8,92b1,7fbe,033e,
1581,6155,a2e8,92b1,7fbe,da68,
1582,6155,a2e8,92b1,7fbe,1214,
1583,6155,a2e8,92b1,7fbe,18d5,
1584,6115,a2e8,92b1,7fbe,622d,
1585,6155,a2e8,92b1,7fbe,bdef,
1586,69b5,a2a8,92b1,7fbe,5c90,
1587,0000,23ec,92b1,7fbe,7735,
1588,6155,a2e8,92b1,7fbe,c2ce,
1589,634f,a2e8,92b1,7fbe,66fe,
1590,01d7,e2f3,d0b9,7fbe,c40b,
1591,6155,a2e8,92b1,7fbe,8205,
1592,6155,a2e8,92b1,7fbe,f002,
1593,6155,a2e8,92b1,7fbe,3829,
1594,0000,a2e8,5617,7fbe,c4a6,
1595,6155,a2e8,92b1,7fbe,7a1d,
1596,6155,a2e8,92b1,7fbe,6989,
1597,7505,aae8,92b1,7fbe,1b6a,
1598,6155,a2e8,92b1,7fbe,b51b,
1599,7151,a2e8,92b1,7fbe,976e,
1600,6155,a2e8,92b1,7fbe,f3b5,
1601,6155,a2e8,92b1,7fbe,0689,
1602,6155,a2e8,92b1,7fbe,3d7d,
1603,6155,a2e8,92b1,7fbe,e2f1,
1604,6155,a2e8,92b1,7fbe,d730,
1605,6155,a2e8,92b1,7fbe,c49b,
1606,6155,a2e8,92b1,7fbe,3c81,
1607,6155,a2e8,92b1,7fbe,0abd,
1608,6155,a2e8,92b1,7fbe,54c7,
1609,7155,a2e8,92b1,7fbe,0e75,
1610,6355,a2e8,92b1,7fbe,4510,
1611,6155,a2e8,92b1,7fbe,306d,
1612,6155,a2e8,92b1,7fbe,a82d,
1613,6155,a2e8,92b1,7fbe,7ad0,
1614,6155,a2e8,92b1,7fbe,4aa2,
1615,0000,a2e8,c0a3,7fbe,5212,
1616,6d55,a2e8,92b1,7fbe,9ea7,
1617,6155,a2e8,92b1,7fbe,39bf,
1618,6555,a2e8,92b1,7fbe,814d,
1619,0000,d9f3,e705,7fbe,cc43,
1620,7155,a2e8,92b1,7fbe,59c5,
1621,4155,a2e8,92b1,7fbe,a4ab,
1622,6155,a2e8,92b1,7fbe,19d5,
1623,6155,a2e8,92b1,7fbe,74f7,
1624,61f7,a2e8,92b1,7fbe,5722,
1625,6155,a2e8,92b1,7fbe,c672,
1626,7155,a2e8,92b1,7fbe,8a14,
1627,a114,2ee8,96b1,7fbe,e4e3,
1628,6155,a2e8,92b1,7fbe,66ca,
1629,6155,a2e8,92b1,7fbe,2a5e,
1630,6155,a2e8,92b1,7fbe,5584,
1631,6155,a2e8,92b1,7fbe,a5ef,
1632,6155,a2e8,92b1,7fbe,4bbc,
1633,6155,a2e8,92b1,7fbe,93c1,
1634,6975,a2e8,92b1,7fbe,262b,
1635,6175,a2e8,92b1,7fbe,38b8,
1636,6155,a2e8,92b1,7fbe,ff0a,
1637,6155,a2e8,92b1,7fbe,0e8c,
1638,0000,2189,92b1,7fbe,b18c,
1639,6155,a2e8,92b1,7fbe,42ed,
1640,4151,a2e8,92b1,7fbe,5566,
1641,6154,a2e8,92b1,7fbe,4613,
1642,e175,a2e8,92b1,7fbe,79b9,
1643,0000,a2e8,c01f,7fbe,52ae,
1644,61d5,a2e8,92b1,7fbe,d396,
1645,6155,a2e8,92b1,7fbe,8f74,
1646,22d5,a2f0,92b9,7fbe,c494,
1647,6155,a2e8,92b1,7fbe,c1a6,
1648,6155,a2e8,92b1,7fbe,d930,
1649,6155,a2e8,92b1,7fbe,3765,
1650,6955,a2e8,92b1,7fbe,7f82,
1651,6155,a2e8,92b1,7fbe,0fcb,
1652,6115,a2e8,92b1,7fbe,afc8,
1653,cc11,d5c1,a0a9,7fbe,600f,
1654,6175,a2e8,92b1,7fbe,4183,
1655,6155,a2e8,92b1,7fbe,e4c3,
1656,6155,a2e8,92b1,7fbe,420c,
1657,6115,a2e8,92b1,7fbe,31a6,
1658,6155,a2e8,92b1,7fbe,9cc6,
1659,6155,a2e8,92b1,7fbe,fbe0,
1660,6155,a2e8,92b1,7fbe,ea61,
1661,6155,a2e8,92b1,7fbe,074e,
1662,6155,a2e8,92b1,7fbe,ef75,
1663,6155,a2e8,92b1,7fbe,7d8d,
1664,6175,a2e8,92b1,7fbe,64e8,
1665,6155,a2e8,92b1,7fbe,cd44,
1666,6155,a2e8,92b1,7fbe,0a36,
1667,6155,a2e8,92b1,7fbe,60cf,
1668,0000,ec27,ff0c,7fbe,cb75,
1669,6155,a2e8,92b1,7fbe,0fda,
1670,6155,a2e8,92b1,7fbe,edb6,
1671,4157,b2e8,92b1,7fbe,4692,
1672,6955,a2e8,92b1,7fbe,6352,
1673,6955,a2e8,92b1,7fbe,826b,
1674,6155,a2e8,92b1,7fbe,f233,
1675,6155,a2e8,92b1,7fbe,ce8d,
1676,6115,a2e8,92b1,7fbe,7505,
1677,6155,a2e8,92b1,7fbe,410e,
1678,1a59,a2e8,92b1,7fbe,7bcc,
1679,6155,a2e8,92b1,7fbe,2735,
1680,6155,a2e8,92b1,7fbe,3e6e,
1681,6155,a2e8,92b1,7fbe,60cb,
1682,6155,a2e8,92b1,7fbe,e5aa,
1683,5917,b2e8,92b1,7fbe,a387,
1684,6155,a2e8,92b1,7fbe,c187,
1685,6155,a2e8,92b1,7fbe,57e8,
1686,6155,a2e8,92b1,7fbe,2b36,
1687,6040,22d8,92a1,7fbe,763c,
1688,6155,a2e8,92b1,7fbe,941e,
1689,6155,a2e8,92b1,7fbe,6c9b,
1690,6155,a2e8,92b1,7fbe,adc5,
1691,6155,a2e8,92b1,7fbe,c760,
1692,6155,a2e8,92b1,7fbe,5c3c,
1693,6155,a2e8,92b1,7fbe,3d8c,
1694,6115,a2e8,92b1,7fbe,ac05,
1695,7155,a2e8,92b1,7fbe,1f49,
1696,615d,a2e8,92b1,7fbe,946d,
1697,6155,a2e8,92b1,7fbe,e739,
1698,6155,a2e8,92b1,7fbe,a882,
1699,7155,a2e8,92b1,7fbe,4431,
1700,6155,a2e8,92b1,7fbe,67cf,
1701,6155,a2e8,92b1,7fbe,e797,
1702,7155,a2e8,92b1,7fbe,a9d9,
1703,6155,a2e8,92b1,7fbe,1243,
1704,6155,a2e8,92b1,7fbe,be2d,
1705,6155,a2e8,92b1,7fbe,2ce9,
1706,6955,a2e8,92b1,7fbe,5efd,
1707,6b14,a2a8,92b1,7fbe,fa72,
1708,61d5,a2e8,92b1,7fbe,5f9a,
1709,6135,a2e8,92b1,7fbe,d32b,
1710,6155,a2e8,92b1,7fbe,399f,
1711,6155,a2e8,92b1,7fbe,c23c,
1712,6157,a2e8,92b1,7fbe,a936,
1713,0000,72e8,92b1,7fbe,8ec8,
1714,6155,a2e8,92b1,7fbe,bdfd,
1715,6155,a2e8,92b1,7fbe,5067,
1716,0000,8caa,dae1,7fbe,f4e8,
1717,6175,a2e8,92b1,7fbe,4203,
1718,6155,a2e8,92b1,7fbe,ab73,
1719,6155,a2e8,92b1,7fbe,06e5,
1720,6155,a2e8,92b1,7fbe,8e62,
1721,7155,a2e8,92b1,7fbe,7d02,
1722,6175,a2e8,92b1,7fbe,fbbb,
1723,6155,a2e8,92b1,7fbe,6ccb,
1724,7155,a2e8,92b1,7fbe,85eb,
1725,6155,a2e8,92b1,7fbe,3883,
1726,6155,a2e8,92b1,7fbe,bfc8,
1727,6155,a2e8,92b1,7fbe,8262,
1728,6155,a2e8,92b1,7fbe,d4f4,
1729,6155,a2e8,92b1,7fbe,3d85,
1730,17b7,a2e8,92b1,7fbe,76e2,
1731,6155,a2e8,92b1,7fbe,84de,
1732,6155,a2e8,92b1,7fbe,0839,
1733,6155,a2e8,92b1,7fbe,cb21,
1734,6155,a2e8,92b1,7fbe,205c,
1735,6155,a2e8,92b1,7fbe,977f,
1736,6155,a2e8,92b1,7fbe,27b7,
1737,d4f5,a2e8,92b1,7fbe,b5c0,
1738,6155,a2e8,92b1,7fbe,8092,
1739,6155,a2e8,92b1,7fbe,cd29,
1740,6155,a2e8,92b1,7fbe,be71,
1741,6155,a2e8,92b1,7fbe,7674,
1742,6155,a2e8,92b1,7fbe,01be,
1743,6155,a2e8,92b1,7fbe,cb53,
1744,7051,a2e8,92b1,7fbe,2ef6,
1745,6155,a2e8,92b1,7fbe,d6aa,
1746,6155,a2e8,92b1,7fbe,740b,
1747,6355,a2e8,92b1,7fbe,7534,
1748,5155,b2e8,92b1,7fbe,43fe,
1749,6175,a2e8,92b1,7fbe,74c3,
1750,6155,a2e8,92b1,7fbe,8b33,
1751,6175,a2e8,92b1,7fbe,645b,
1752,e52e,b6f9,9ab1,7fbe,1845,
1753,6155,a2e8,92b1,7fbe,f7a4,
1754,6155,a2e8,92b1,7fbe,b2c8,
1755,6155,a2e8,92b1,7fbe,a97a,
1756,6155,a2e8,92b1,7fbe,a53b,
1757,7155,a2e8,92b1,7fbe,1053,
1758,0000,e7bb,92b1,7fbe,2657,
1759,6155,a2e8,92b1,7fbe,b785,
1760,6155,a2e8,92b1,7fbe,62dc,
1761,6155,a2e8,92b1,7fbe,d397,
1762,6155,a2e8,92b1,7fbe,2aa2,
1763,49b5,a2a8,92b1,7fbe,ccf7,
1764,6155,a2e8,92b1,7fbe,0e5b,
1765,6155,a2e8,92b1,7fbe,ffcc,
1766,6155,a2e8,92b1,7fbe,b137,
1767,6155,a2e8,92b1,7fbe,4481,
1768,635d,a2e8,92b1,7fbe,dc9a,
1769,6155,a2e8,92b1,7fbe,eaaa,
1770,6155,a2e8,92b1,7fbe,c4c3,
1771,6155,a2e8,92b1,7fbe,404d,
1772,5375,b2e8,92b1,7fbe,2808,
1773,6997,a2a8,92b1,7fbe,d58e,
1774,6f9e,a2e8,3c76,7fbe,aec7,
1775,6155,a2e8,92b1,7fbe,edac,
1776,6155,a2e8,92b1,7fbe,67dc,
1777,7115,a2e8,92b1,7fbe,7052,
1778,6155,a2e8,92b1,7fbe,ad8e,
1779,6155,a2e8,92b1,7fbe,7934,
1780,6155,a2e8,92b1,7fbe,a7ef,
1781,6155,a2e8,92b1,7fbe,3504,
1782,6155,a2e8,92b1,7fbe,5e4b,
1783,6155,a2e8,92b1,7fbe,48f5,
1784,6155,a2e8,92b1,7fbe,0e73,
1785,6155,a2e8,92b1,7fbe,e0c9,
1786,6115,a2e8,92b1,7fbe,6b02,
1787,6155,a2e8,92b1,7fbe,5e1f,
1788,6955,a2e8,92b1,7fbe,eaac,
1789,7155,a2e8,92b1,7fbe,b021,
1790,6155,a2e8,92b1,7fbe,4fed,
1791,6155,a2e8,92b1,7fbe,a517,
1792,6155,a2e8,92b1,7fbe,a32d,
1793,6155,a2e8,92b1,7fbe,3851,
1794,6155,a2e8,92b1,7fbe,78fc,
1795,6155,a2e8,92b1,7fbe,481e,
1796,6155,a2e8,92b1,7fbe,279e,
1797,6155,a2e8,92b1,7fbe,349d,
1798,6155,a2e8,92b1,7fbe,efcd,
1799,6155,a2e8,92b1,7fbe,47fe,
1800,6155,a2e8,92b1,7fbe,174e,
1801,6155,a2e8,92b1,7fbe,8e9f,
1802,6155,a2e8,92b1,7fbe,f5e7,
1803,6155,a2e8,92b1,7fbe,0971,
1804,6155,a2e8,92b1,7fbe,4eb4,
1805,6155,a2e8,92b1,7fbe,beaf,
1806,6155,a2e8,92b1,7fbe,949a,
1807,6155,a2e8,92b1,7fbe,5803,
1808,6155,a2e8,92b1,7fbe,6929,
1809,0000,a2e8,290d,7fbe,bbbc,
1810,0000,71a6,0098,7fbe,368e,
1811,0000,2aef,92b1,7fbe,ee70,
1812,6155,a2e8,92b1,7fbe,0305,
1813,7155,a2e8,92b1,7fbe,c54f,
1814,6155,a2e8,92b1,7fbe,8a18,
1815,6155,a2e8,92b1,7fbe,ee3e,
1816,e175,a2e8,92b1,7fbe,870c,
1817,6115,a2e8,92b1,7fbe,97a6,
1818,6115,a2e8,92b1,7fbe,5519,
1819,6155,a2e8,92b1,7fbe,9bf0,
1820,6155,a2e8,92b1,7fbe,21a7,
1821,6114,a2e8,92b1,7fbe,d953,
1822,6155,a2e8,92b1,7fbe,d5b7,
1823,6155,a2e8,92b1,7fbe,74f4,
1824,7155,a2e8,92b1,7fbe,521c,
1825,6155,a2e8,92b1,7fbe,baa8,
1826,6155,a2e8,92b1,7fbe,9501,
1827,6155,a2e8,92b1,7fbe,6459,
1828,6155,a2e8,92b1,7fbe,c3c8,
1829,0000,18c1,92b1,7fbe,6a5b,
1830,4155,a2e8,92b1,7fbe,ac73,
1831,6155,a2e8,92b1,7fbe,1c66,
1832,6155,a2e8,92b1,7fbe,53bb,
1833,6155,a2e8,92b1,7fbe,7ac6,
1834,6155,a2e8,92b1,7fbe,708f,
1835,6155,a2e8,92b1,7fbe,d9a2,
1836,6155,a2e8,92b1,7fbe,17b4,
1837,6155,a2e8,92b1,7fbe,7b60,
1838,7155,a2e8,92b1,7fbe,103c,
1839,6155,a2e8,92b1,7fbe,c0eb,
1840,6155,a2e8,92b1,7fbe,2199,
1841,6155,a2e8,92b1,7fbe,4445,
1842,5190,b268,92b1,7fbe,8855,
1843,6855,a2e8,92b1,7fbe,bfa1,
1844,6155,a2e8,92b1,7fbe,5e49,
1845,0000,bdfa,92b1,7fbe,05e4,
1846,6155,a2e8,92b1,7fbe,c04c,
1847,4065,a2e8,92b1,7fbe,2470,
1848,6155,a2e8,92b1,7fbe,2e77,
1849,6155,a2e8,92b1,7fbe,366a,
1850,4a78,a2e8,92b1,7fbe,2b2d,
1851,6155,a2e8,92b1,7fbe,c8b5,
1852,6155,a2e8,92b1,7fbe,9d9a,
1853,e175,a2e8,92b1,7fbe,84cc,
1854,6155,a2e8,92b1,7fbe,6f6e,
1855,6955,a2e8,92b1,7fbe,d68c,
1856,6155,a2e8,92b1,7fbe,e935,
1857,6155,a2e8,92b1,7fbe,a10e,
1858,6155,a2e8,92b1,7fbe,1b89,
1859,6155,a2e8,92b1,7fbe,e5dd,
1860,71dd,a2e8,92b1,7fbe,1209,
1861,6155,a2e8,92b1,7fbe,4e6b,
1862,61d5,a2e8,92b1,7fbe,b3b8,
1863,6155,a2e8,92b1,7fbe,a535,
1864,6155,a2e8,92b1,7fbe,f358,
1865,6155,a2e8,92b1,7fbe,1770,
1866,0000,d5a0,f232,7fbe,868b,
1867,6155,a2e8,92b1,7fbe,3ddf,
1868,6955,a2e8,92b1,7fbe,ebab,
1869,6157,a2e8,92b1,7fbe,2a7e,
1870,6155,a2e8,92b1,7fbe,ff64,
1871,6155,a2e8,92b1,7fbe,1cd4,
1872,6155,a2e8,92b1,7fbe,5b4e,
1873,6155,a2e8,92b1,7fbe,a296,
1874,6155,a2e8,92b1,7fbe,9631,
1875,0000,8461,92b1,7fbe,2e35,
1876,6155,a2e8,92b1,7fbe,1f04,
1877,6155,a2e8,92b1,7fbe,1739,
1878,6055,a2e8,92b1,7fbe,7820,
1879,5155,a2e8,92b1,7fbe,ba5c,
1880,6115,a2e8,92b1,7fbe,9b5d,
1881,0000,d9c6,96c8,7fbe,bd97,
1882,6155,a2e8,92b1,7fbe,bf31,
1883,6155,a2e8,92b1,7fbe,175b,
1884,6155,a2e8,92b1,7fbe,ecb9,
1885,6155,a2e8,92b1,7fbe,16e5,
1886,6155,a2e8,92b1,7fbe,c180,
1887,6155,a2e8,92b1,7fbe,c7cd,
1888,6155,a2e8,92b1,7fbe,e37a,
1889,6115,a2e8,92b1,7fbe,ae01,
1890,6155,a2e8,92b1,7fbe,485f,
1891,6155,a2e8,92b1,7fbe,8e48,
1892,6114,a2e8,92b1,7fbe,8d9b,
1893,6155,a2e8,92b1,7fbe,e856,
1894,05b5,a2e8,92b1,7fbe,64e0,
1895,61b5,a2a8,92b1,7fbe,e624,
1896,6155,a2e8,92b1,7fbe,f1a6,
1897,4155,a2e8,92b1,7fbe,fcf2,
1898,0c41,57fc,30b1,3fbe,6d00,
1899,6155,a2e8,92b1,7fbe,bed5,
1900,cfe5,a2e8,eba0,7fbe,7911,
1901,6115,a2e8,92b1,7fbe,1ed5,
1902,6155,a2e8,92b1,7fbe,68fc,
1903,6175,a2e8,92b1,7fbe,0ca1,
1904,6155,a2e8,92b1,7fbe,601e,
1905,6155,a2e8,92b1,7fbe,0900,
1906,6155,a2e8,92b1,7fbe,92d8,
1907,6955,a2e8,92b1,7fbe,1aee,
1908,6155,a2e8,92b1,7fbe,ab77,
1909,6155,a2e8,92b1,7fbe,3885,
1910,6155,a2e8,92b1,7fbe,22c0,
1911,6155,a2e8,92b1,7fbe,19b4,
1912,6155,a2e8,92b1,7fbe,2e9b,
1913,6155,a2e8,92b1,7fbe,a0c0,
1914,6155,a2e8,92b1,7fbe,1319,
1915,6155,a2e8,92b1,7fbe,f6bd,
1916,6155,a2e8,92b1,7fbe,df37,
1917,6155,a2e8,92b1,7fbe,8818,
1918,6157,a2e8,92b1,7fbe,293e,
1919,6155,a2e8,92b1,7fbe,7e33,
1920,6255,a2e8,92b1,7fbe,6801,
1921,6155,a2e8,92b1,7fbe,f0f3,
1922,6155,a2e8,92b1,7fbe,d765,
1923,6155,a2e8,92b1,7fbe,b2b0,
1924,6155,a2e8,92b1,7fbe,4117,
1925,6155,a2e8,92b1,7fbe,350b,
1926,6155,a2e8,92b1,7fbe,366f,
1927,6155,a2e8,92b1,7fbe,ff2c,
1928,6155,a2e8,92b1,7fbe,e355,
1929,6155,a2e8,92b1,7fbe,0bc9,
1930,635d,a2e8,92b1,7fbe,429a,
1931,6155,a2e8,92b1,7fbe,0fa7,
1932,6051,a2e8,92b1,7fbe,6186,
1933,6155,a2e8,92b1,7fbe,02b6,
1934,4155,a2e8,92b1,7fbe,a34c,
1935,6155,a2e8,92b1,7fbe,3ab9,
1936,6155,a2e8,92b1,7fbe,6358,
1937,6155,a2e8,92b1,7fbe,b95d,
1938,6155,a2e8,92b1,7fbe,edac,
1939,69b5,a2a8,92b1,7fbe,6f2e,
1940,6155,a2e8,92b1,7fbe,f1d5,
1941,c76f,a2e8,31b8,7fbe,a309,
1942,6005,a2e8,92b1,7fbe,69f0,
1943,6155,a2e8,92b1,7fbe,c961,
1944,6555,a2e8,92b1,7fbe,b841,
1945,6155,a2e8,92b1,7fbe,6ca6,
1946,7155,a2e8,92b1,7fbe,59ed,
1947,6155,a2e8,92b1,7fbe,75bb,
1948,7155,a2e8,92b1,7fbe,0429,
1949,6051,a2e8,92b1,7fbe,28b4,
1950,6155,a2e8,92b1,7fbe,777e,
1951,6155,a2e8,92b1,7fbe,e1d3,
1952,0000,3e45,82b5,7fbe,b4a5,
1953,6155,a2e8,92b1,7fbe,e014,
1954,314d,a2e0,92b1,7fbe,9528,
1955,6155,a2e8,92b1,7fbe,1e65,
1956,6155,a2e8,92b1,7fbe,21fc,
1957,6175,a2e8,92b1,7fbe,8c98,
1958,6155,a2e8,92b1,7fbe,4454,
1959,2155,a2e8,92b1,7fbe,2b4f,
1960,2151,82e8,92b1,7fbe,3234,
1961,6155,a2e8,92b1,7fbe,ec55,
1962,6155,a2e8,92b1,7fbe,1c58,
1963,6155,a2e8,92b1,7fbe,b725,
1964,0000,24f0,92b1,7fbe,440a,
1965,6155,a2e8,92b1,7fbe,fbb8,
1966,6155,a2e8,92b1,7fbe,73f9,
1967,6155,a2e8,92b1,7fbe,88cb,
1968,0000,bae9,92b1,7fbe,29cc,
1969,6155,a2e8,92b1,7fbe,e0a4,
1970,5957,b2e8,92b1,7fbe,ed82,
1971,cd30,7de7,82d1,7fbe,efae,
1972,0157,a2e8,92b1,7fbe,6593,
1973,6155,a2e8,92b1,7fbe,0090,
1974,7955,a2e8,92b1,7fbe,1695,
1975,6155,a2e8,92b1,7fbe,888f,
1976,6155,a2e8,92b1,7fbe,623b,
1977,6155,a2e8,92b1,7fbe,4d53,
1978,6985,a2a8,92b1,7fbe,775d,
1979,6c11,a2e8,92b1,7fbe,aea4,
1980,6155,a2e8,92b1,7fbe,7008,
1981,6155,a2e8,92b1,7fbe,a025,
1982,6155,a2e8,92b1,7fbe,a669,
1983,7155,a2e8,92b1,7fbe,7488,
1984,6145,a2e8,92b1,7fbe,2639,
1985,6155,a2e8,92b1,7fbe,ae57,
1986,6175,a2e8,92b1,7fbe,528b,
1987,61f7,a2e8,92b1,7fbe,178b,
1988,6155,a2e8,92b1,7fbe,27aa,
1989,6155,a2e8,92b1,7fbe,8148,
1990,6155,a2e8,92b1,7fbe,abc6,
1991,6155,a2e8,92b1,7fbe,9c0f,
1992,6155,a2e8,92b1,7fbe,4da8,
1993,6137,a2a8,92b1,7fbe,12fa,
1994,6155,a2e8,92b1,7fbe,b861,
1995,4957,b2e8,92b1,7fbe,a288,
1996,6151,a2e8,92b1,7fbe,8c92,
1997,6155,a2e8,92b1,7fbe,1d0e,
1998,6155,a2e8,92b1,7fbe,8007,
1999,e9f6,a2a9,92b1,7fbe,d296,
2000,6155,a2e8,92b1,7fbe,5be2,
2001,2115,a2e8,92b1,7fbe,4531,
2002,69d5,a2a8,92b1,7fbe,10d4,
2003,ed55,a6e8,92b1,7fbe,eb05,
2004,5957,b2e8,92b1,7fbe,c16c,
2005,6155,a2e8,92b1,7fbe,191e,
2006,6155,a2e8,92b1,7fbe,5801,
2007,6115,a2e8,92b1,7fbe,211d,
2008,6155,a2e8,92b1,7fbe,e02b,
2009,6155,a2e8,92b1,7fbe,95fe,
2010,6155,a2e8,92b1,7fbe,259c,
2011,6155,a2e8,92b1,7fbe,55d4,
2012,6155,a2e8,92b1,7fbe,a20a,
2013,6155,a2e8,92b1,7fbe,b111,
2014,6b75,a2e8,92b1,7fbe,4cb1,
2015,6155,a2e8,92b1,7fbe,14f0,
2016,6155,a2e8,92b1,7fbe,4f5d,
2017,6155,a2e8,92b1,7fbe,a091,
2018,6155,a2e8,92b1,7fbe,f701,
2019,6155,a2e8,92b1,7fbe,df56,
2020,6155,a2e8,92b1,7fbe,8128,
2021,6155,a2e8,92b1,7fbe,72a5,
2022,d31d,e2e8,92b1,7fbe,d652,
2023,6155,a2e8,92b1,7fbe,bbd0,
2024,4c15,a2e8,92b1,7fbe,ab20,
2025,6155,a2e8,92b1,7fbe,528a,
2026,6155,a2e8,92b1,7fbe,9d63,
2027,0000,a4b1,92b1,7fbe,f02c,
2028,6155,a2e8,92b1,7fbe,ab42,
2029,6177,a2e8,92b1,7fbe,db63,
2030,6155,a2e8,92b1,7fbe,b662,
2031,6155,a2e8,92b1,7fbe,d340,
2032,6917,a2a8,92b1,7fbe,4a17,
2033,6935,a2a8,92b1,7fbe,2333,
2034,6155,a2e8,92b1,7fbe,5843,
2035,9f2d,b020,b031,7ebe,4bf9,
2036,0000,23e0,92b1,7fbe,135c,
2037,6955,a2e8,92b1,7fbe,d04b,
2038,6155,a2e8,92b1,7fbe,4129,
2039,0000,a2e8,bda8,7fbe,2f19,
2040,6155,a2e8,92b1,7fbe,069b,
2041,79b5,a2a8,92b1,7fbe,3c95,
2042,6155,a2e8,92b1,7fbe,3318,
2043,6155,a2e8,92b1,7fbe,5c53,
2044,6155,a2e8,92b1,7fbe,b34e,
2045,6155,a2e8,92b1,7fbe,cfbf,
2046,6155,a2e8,92b1,7fbe,8bdf,
2047,6155,a2e8,92b1,7fbe,0679,
2048,7155,a2e8,92b1,7fbe,4975,
2049,6155,a2e8,92b1,7fbe,fee5,
2050,0000,8399,83b1,7fbe,03f1,
2051,6155,a2e8,92b1,7fbe,c084,
2052,6155,a2e8,92b1,7fbe,bf4c,
2053,6155,a2e8,92b1,7fbe,5b87,
2054,6155,a2e8,92b1,7fbe,9346,
2055,2155,a2e8,92b1,7fbe,2714,
2056,7155,a2e8,92b1,7fbe,0c31,
2057,60d5,a2e8,92b1,7fbe,7b19,
2058,6175,a2e8,92b1,7fbe,2e60,
2059,6155,a2e8,92b1,7fbe,c7ee,
2060,2821,2d17,c7b5,7fbe,017d,
2061,0000,a2e8,d576,7fbe,47c7,
2062,6155,a2e8,92b1,7fbe,7124,
2063,0000,a2e8,3955,7fbe,abe4,
2064,6155,a2e8,92b1,7fbe,a1c6,
2065,6155,a2e8,92b1,7fbe,47a5,
2066,7155,a2e8,92b1,7fbe,9738,
2067,6155,a2e8,92b1,7fbe,29f3,
2068,6155,a2e8,92b1,7fbe,8de2,
2069,6575,a2f8,92b1,7fbe,ccd1,
2070,6155,a2e8,92b1,7fbe,133e,
2071,6155,a2e8,92b1,7fbe,2d5a,
2072,65a7,aae8,96b1,7fbe,1c18,
2073,6137,a2a8,92b1,7fbe,0b0a,
2074,6155,a2e8,92b1,7fbe,f4e9,
2075,6155,a2e8,92b1,7fbe,81e7,
2076,6155,a2e8,92b1,7fbe,1492,
2077,4155,a2e8,92b1,7fbe,bc1e,
2078,635d,a2e8,92b1,7fbe,5d4c,
2079,6155,a2e8,92b1,7fbe,7c95,
2080,2061,42f0,d2b1,7fbe,1893,
2081,6943,a2f0,92b9,7fbe,a147,
2082,6959,b328,9231,7fbe,6bd9,
2083,2155,a2e8,92b1,7fbe,53ce,
2084,6937,a2a8,92b1,7fbe,678a,
2085,6155,a2e8,92b1,7fbe,4266,
2086,ed98,a2e8,92b1,7fbe,99cd,
2087,6155,a2e8,92b1,7fbe,2934,
2088,0451,a2e8,aaf6,7fbe,3847,
2089,6115,a2e8,92b1,7fbe,0136,
2090,6155,a2e8,92b1,7fbe,e921,
2091,6155,a2e8,92b1,7fbe,a6fa,
2092,6155,a2e8,92b1,7fbe,39ad,
2093,6155,a2e8,92b1,7fbe,3c0c,
2094,6115,a2e8,92b1,7fbe,43b1,
2095,6155,a2e8,92b1,7fbe,824b,
2096,6155,a2e8,92b1,7fbe,b916,
2097,6155,a2e8,92b1,7fbe,20ee,
2098,7376,b6e8,9ab1,7fbe,876f,
2099,6155,a2e8,92b1,7fbe,a648,
2100,6155,a2e8,92b1,7fbe,837f,
2101,6155,a2e8,92b1,7fbe,7365,
2102,6155,a2e8,92b1,7fbe,5ed1,
2103,6155,a2e8,92b1,7fbe,43c8,
2104,6155,a2e8,92b1,7fbe,5b7f,
2105,6155,a2e8,92b1,7fbe,470d,
2106,6155,a2e8,92b1,7fbe,ee34,
2107,6157,a2e8,92b1,7fbe,026b,
2108,6155,a2e8,92b1,7fbe,2883,
2109,0000,03d0,92b1,7fbe,72af,
2110,6155,a2e8,92b1,7fbe,17e3,
2111,6155,a2e8,92b1,7fbe,e5ee,
2112,6155,a2e8,92b1,7fbe,8be3,
2113,6155,a2e8,92b1,7fbe,4219,
2114,6155,a2e8,92b1,7fbe,e900,
2115,0000,b2fc,92b1,7fbe,4efd,
2116,7155,a2e8,92b1,7fbe,9f97,
2117,6155,a2e8,92b1,7fbe,f2d8,
2118,6155,a2e8,92b1,7fbe,9f5f,
2119,6155,a2e8,92b1,7fbe,08ce,
2120,6155,a2e8,92b1,7fbe,30cd,
2121,0000,a608,f6a8,7fbe,e7e6,
2122,6055,a2e8,92b1,7fbe,b670,
2123,6155,a2e8,92b1,7fbe,32e3,
2124,7155,a2e8,92b1,7fbe,9939,
2125,5155,b2e8,92b1,7fbe,049f,
2126,e155,a2e8,92b1,7fbe,46e0,
2127,6155,a2e8,92b1,7fbe,67aa,
2128,6155,a2e8,92b1,7fbe,0198,
2129,6155,a2e8,92b1,7fbe,c22c,
2130,61ae,a638,9a71,7ffe,ce17,
2131,6155,a2e8,92b1,7fbe,2219,
2132,6155,a2e8,92b1,7fbe,5ed3,
2133,7145,a2e8,92b1,7fbe,4ef4,
2134,6175,a2e8,92b1,7fbe,396d,
2135,6155,a2e8,92b1,7fbe,114e,
2136,0000,b8d4,92b1,7fbe,2838,
2137,6155,a2e8,92b1,7fbe,ffa3,
2138,4f50,baea,92b1,7fbe,97b7,
2139,6155,a2e8,92b1,7fbe,d8f2,
2140,765d,a2e8,6896,7fbe,fa27,
2141,6155,a2e8,92b1,7fbe,bc04,
2142,6155,a2e8,92b1,7fbe,3666,
2143,6155,a2e8,92b1,7fbe,015a,
2144,6155,a2e8,92b1,7fbe,ffd6,
2145,7155,a2e8,92b1,7fbe,c30c,
2146,6155,a2e8,92b1,7fbe,2a7f,
2147,4177,b2e8,92b1,7fbe,52b1,
2148,c063,c7ee,90b5,7fbe,b855,
2149,6155,a2e8,92b1,7fbe,4e2b,
2150,5157,b2e8,92b1,7fbe,2f42,
2151,6155,a2e8,92b1,7fbe,bc59,
2152,6155,a2e8,92b1,7fbe,8f06,
2153,6155,a2e8,92b1,7fbe,1a60,
2154,4155,a2e8,92b1,7fbe,e77b,
2155,6155,a2e8,92b1,7fbe,a3f0,
2156,e1f6,a2a9,92b1,7fbe,90cb,
2157,6155,a2e8,92b1,7fbe,503b,
2158,6155,a2e8,92b1,7fbe,5f60,
2159,6117,a2a8,92b1,7fbe,5e7f,
2160,6075,a2e8,92b1,7fbe,24f0,
2161,6155,a2e8,92b1,7fbe,f8df,
2162,6155,a2e8,92b1,7fbe,6735,
2163,6155,a2e8,92b1,7fbe,04cb,
2164,6175,a2e8,92b1,7fbe,6eec,
2165,6155,a2e8,92b1,7fbe,e20a,
2166,6155,a2e8,92b1,7fbe,c0d9,
2167,0000,fbbf,92b1,7fbe,c29e,
2168,6955,a2e8,92b1,7fbe,e2fa,
2169,6155,a2e8,92b1,7fbe,5d9e,
2170,6155,a2e8,92b1,7fbe,1c9d,
2171,6155,a2e8,92b1,7fbe,fa34,
2172,6155,a2e8,92b1,7fbe,0041,
2173,6155,a2e8,92b1,7fbe,e10d,
2174,6155,a2e8,92b1,7fbe,41a1,
2175,6155,a2e8,92b1,7fbe,fbe4,
2176,6155,a2e8,92b1,7fbe,ec82,
2177,6155,a2e8,92b1,7fbe,6d03,
2178,d023,a6ec,10b9,3fbe,3e72,
2179,6155,a2e8,92b1,7fbe,1942,
2180,51b5,b2e9,92b1,7fbe,b890,
2181,6155,a2e8,92b1,7fbe,f32d,
2182,61d5,a2e8,92b1,7fbe,94a4,
2183,6155,a2e8,92b1,7fbe,beec,
2184,61d7,a2e8,92b1,7fbe,9fca,
2185,6155,a2e8,92b1,7fbe,9f7e,
2186,6155,a2e8,92b1,7fbe,fd6c,
2187,0000,122b,834c,7fbe,11fd,
2188,6155,a2e8,92b1,7fbe,33cd,
2189,6155,a2e8,92b1,7fbe,2d04,
2190,6155,a2e8,92b1,7fbe,2d77,
2191,6155,a2e8,92b1,7fbe,f06b,
2192,5fb5,a2e8,8805,7fbe,1ab4,
2193,6155,a2e8,92b1,7fbe,49f2,
2194,6155,a2e8,92b1,7fbe,e250,
2195,6155,a2e8,92b1,7fbe,802e,
2196,0000,a0a9,92b1,7fbe,0033,
2197,2114,a2e8,92b1,7fbe,ccdd,
2198,6155,a2e8,92b1,7fbe,0a2f,
2199,6155,a2e8,92b1,7fbe,fd65,
2200,6355,a2e8,92b1,7fbe,fe35,
2201,7915,a2e8,92b1,7fbe,5804,
2202,0000,23db,1382,7fbe,8133,
2203,6155,a2e8,92b1,7fbe,5da0,
2204,6957,a2e8,92b1,7fbe,cac2,
2205,6155,a2e8,92b1,7fbe,3a4d,
2206,6155,a2e8,92b1,7fbe,ad5b,
2207,6155,a2e8,92b1,7fbe,7f27,
2208,6155,a2e8,92b1,7fbe,48de,
2209,6155,a2e8,92b1,7fbe,e15e,
2210,6175,a2e8,92b1,7fbe,1d9b,
2211,6155,a2e8,92b1,7fbe,7344,
2212,6155,a2e8,92b1,7fbe,fd6b,
2213,6155,a2e8,92b1,7fbe,fcfb,
2214,6115,a2e8,92b1,7fbe,e632,
2215,0000,a2f8,92b1,7fbe,5b74,
2216,6155,a2e8,92b1,7fbe,2c49,
2217,d415,a2e8,aeae,7fbe,3c1f,
2218,3822,0d3f,97a1,7fbe,a17f,
2219,4cdd,a2e8,e7ec,7fbe,755d,
2220,6155,a2e8,92b1,7fbe,cf4c,
2221,6155,a2e8,92b1,7fbe,ee34,
2222,0000,827a,92b1,7fbe,f33c,
2223,0000,a2e8,625c,7fbe,f0ed,
2224,6155,a2e8,92b1,7fbe,f777,
2225,6155,a2e8,92b1,7fbe,8205,
2226,6155,a2e8,92b1,7fbe,a5c7,
2227,6155,a2e8,92b1,7fbe,d612,
2228,c2c2,a2e8,5fa9,7fbe,cd18,
2229,41d5,a2e8,92b1,7fbe,bc48,
2230,6155,a2e8,92b1,7fbe,7e18,
2231,6155,a2e8,92b1,7fbe,30ca,
2232,6155,a2e8,92b1,7fbe,d9d3,
2233,615d,a2e8,92b1,7fbe,dcb0,
2234,6155,a2e8,92b1,7fbe,75ea,
2235,6155,a2e8,92b1,7fbe,03e1,
2236,6155,a2e8,92b1,7fbe,1aaa,
2237,6155,a2e8,92b1,7fbe,f0c7,
2238,6155,a2e8,92b1,7fbe,0490,
2239,6155,a2e8,92b1,7fbe,ac94,
2240,5157,b2e8,92b1,7fbe,7caf,
2241,6155,a2e8,92b1,7fbe,2d21,
2242,6011,a2e8,92b1,7fbe,6bf5,
2243,6155,a2e8,92b1,7fbe,2a21,
2244,6155,a2e8,92b1,7fbe,774e,
2245,6155,a2e8,92b1,7fbe,d737,
2246,6175,a2e8,92b1,7fbe,0db0,
2247,605d,a3e8,92b1,7fbe,7b02,
2248,6955,a2e8,92b1,7fbe,ab8c,
2249,c87a,a862,92b1,7fbe,6b4b,
2250,6155,a2e8,92b1,7fbe,3fa7,
2251,6955,a2e8,92b1,7fbe,a4f9,
2252,6155,a2e8,92b1,7fbe,65fa,
2253,6155,a2e8,92b1,7fbe,e84f,
2254,e155,a2e8,92b1,7fbe,b93f,
2255,6155,a2e8,92b1,7fbe,c0ad,
2256,6155,a2e8,92b1,7fbe,3cbe,
2257,6115,a2e8,92b1,7fbe,dc5e,
2258,6175,a2e8,92b1,7fbe,0718,
2259,6155,a2e8,92b1,7fbe,32fa,
2260,7115,a2e8,92b1,7fbe,7ffe,
2261,6116,a2e8,92b1,7fbe,4a8f,
2262,0000,a2e8,17a9,7fbe,8518,
2263,4157,b2e8,92b1,7fbe,7f9f,
2264,6155,a2e8,92b1,7fbe,be8e,
2265,a131,8329,923f,7fba,d049,
2266,6155,a2e8,92b1,7fbe,c6d0,
2267,69d5,a2a8,92b1,7fbe,5a65,
2268,6155,a2e8,92b1,7fbe,a201,
2269,6155,a2e8,92b1,7fbe,2941,
2270,6155,a2e8,92b1,7fbe,15b0,
2271,6155,a2e8,92b1,7fbe,ab36,
2272,6155,a2e8,92b1,7fbe,4017,
2273,0000,b2e7,00f4,7fbe,b6b7,
2274,6155,a2e8,92b1,7fbe,e8d1,
2275,6155,a2e8,92b1,7fbe,a5f5,
2276,6175,a2e8,92b1,7fbe,df62,
2277,0000,a2e8,6976,7fbe,fbc7,
2278,6115,a2e8,92b1,7fbe,2d14,
2279,6115,a2e8,92b1,7fbe,0e1f,
2280,6155,a2e8,92b1,7fbe,cfea,
2281,6155,a2e8,92b1,7fbe,93a1,
2282,6155,a2e8,92b1,7fbe,06c1,
2283,6155,a2e8,92b1,7fbe,7c97,
2284,6155,a2e8,92b1,7fbe,9c57,
2285,6155,a2e8,92b1,7fbe,df7b,
2286,0000,c095,b468,7fbe,e5b8,
2287,4957,b2e8,92b1,7fbe,f4ba,
2288,6155,a2e8,92b1,7fbe,068a,
2289,0000,3e75,da80,7fbe,6e97,
2290,6155,a2e8,92b1,7fbe,a9aa,
2291,6155,a2e8,92b1,7fbe,4e2d,
2292,6155,a2e8,92b1,7fbe,08a9,
2293,6114,a2e8,92b1,7fbe,7fb1,
2294,6155,a2e8,92b1,7fbe,2766,
2295,6175,a2e8,92b1,7fbe,fe4a,
2296,6155,a2e8,92b1,7fbe,bd56,
2297,6155,a2e8,92b1,7fbe,37d4,
2298,7111,a2e8,92b1,7fbe,5767,
2299,6915,a2e8,92b1,7fbe,fd2b,
2300,6155,a2e8,92b1,7fbe,272e,
2301,6115,a2e8,92b1,7fbe,fd04,
2302,6155,a2e8,92b1,7fbe,9914,
2303,7155,a2e8,92b1,7fbe,e5b5,
2304,6155,a2e8,92b1,7fbe,0fc6,
2305,4155,a2e8,92b1,7fbe,334c,
2306,6155,a2e8,92b1,7fbe,ff21,
2307,6155,a2e8,92b1,7fbe,fb76,
2308,7155,a2e8,92b1,7fbe,fc93,
2309,6115,a2e8,92b1,7fbe,df22,
2310,6175,a2e8,92b1,7fbe,053c,
2311,6155,a2e8,92b1,7fbe,c42a,
2312,6155,a2e8,92b1,7fbe,ce50,
2313,6155,a2e8,92b1,7fbe,e8f4,
2314,6155,a2e8,92b1,7fbe,6189,
2315,6155,a2e8,92b1,7fbe,70a5,
2316,629d,a3e8,92b1,7fbe,de79,
2317,0000,e3de,d7a1,7fbe,ed9e,
2318,2735,a2f8,92b1,7fbe,d1ad,
2319,6155,a2e8,92b1,7fbe,22ed,
2320,6155,a2e8,92b1,7fbe,a8da,
2321,6155,a2e8,92b1,7fbe,dc91,
2322,6155,a2e8,92b1,7fbe,f9d6,
2323,9a36,b2e8,92b1,7fbe,739a,
2324,6155,a2e8,92b1,7fbe,f0c0,
2325,6155,a2e8,92b1,7fbe,886f,
2326,6155,a2e8,92b1,7fbe,4f8e,
2327,6155,a2e8,92b1,7fbe,685c,
2328,6155,a2e8,92b1,7fbe,e36a,
2329,6155,a2e8,92b1,7fbe,e3b6,
2330,635d,a2e8,92b1,7fbe,5c4f,
2331,f7d7,a2e8,92b1,7fbe,f367,
2332,6155,a2e8,92b1,7fbe,b0f3,
2333,c35d,e3e8,92b1,7fbe,2474,
2334,6155,a2e8,92b1,7fbe,7d36,
2335,6155,a2e8,92b1,7fbe,0edc,
2336,6155,a2e8,92b1,7fbe,791d,
2337,9008,6d80,b670,7fbe,08e8,
2338,6155,a2e8,92b1,7fbe,e595,
2339,6955,a2e8,92b1,7fbe,c4c9,
2340,0000,a6f9,92b1,7fbe,1762,
2341,6155,a2e8,92b1,7fbe,0812,
2342,6155,a2e8,92b1,7fbe,de76,
2343,6155,a2e8,92b1,7fbe,2a8f,
2344,6957,b2e8,92b1,7fbe,a270,
2345,6155,a2e8,92b1,7fbe,bc63,
2346,6117,a2e8,92b1,7fbe,25f2,
2347,6955,a2e8,92b1,7fbe,9a62,
2348,6b55,a2e8,92b1,7fbe,5f61,
2349,6155,a2e8,92b1,7fbe,5472,
2350,6115,a2e8,92b1,7fbe,7351,
2351,6155,a2e8,92b1,7fbe,239f,
2352,6155,a2e8,92b1,7fbe,adb2,
2353,6155,a2e8,92b1,7fbe,3c03,
2354,85a2,c2e8,b2b1,7fbe,7fbb,
2355,6155,a2e8,92b1,7fbe,af95,
2356,6155,a2e8,92b1,7fbe,1436,
2357,6155,a2e8,92b1,7fbe,fd86,
2358,6155,a2e8,92b1,7fbe,5f8b,
2359,6155,a2e8,92b1,7fbe,5228,
2360,6155,a2e8,92b1,7fbe,f32d,
2361,6155,a2e8,92b1,7fbe,8f12,
2362,6155,a2e8,92b1,7fbe,68a8,
2363,6155,a2e8,92b1,7fbe,68f2,
2364,6155,a2e8,92b1,7fbe,99a6,
2365,6155,a2e8,92b1,7fbe,1c80,
2366,6155,a2e8,92b1,7fbe,9162,
2367,6155,a2e8,92b1,7fbe,8d44,
2368,0776,a2e8,18c7,7fbe,8a76,
2369,6155,a2e8,92b1,7fbe,2c77,
2370,6155,a2e8,92b1,7fbe,5b00,
2371,6051,a2e8,92b1,7fbe,e106,
2372,6115,a2e8,92b1,7fbe,5519,
2373,6955,a2e8,92b1,7fbe,1dc9,
2374,6155,a2e8,92b1,7fbe,601f,
2375,0000,86e0,92b1,7fbe,4c4c,
2376,6155,a2e8,92b1,7fbe,c473,
2377,6355,a2e8,92b1,7fbe,4352,
2378,0000,b2e0,92b1,7fbe,79e5,
2379,6155,a2e8,92b1,7fbe,b8c4,
2380,6155,a2e8,92b1,7fbe,08a9,
2381,6155,a2e8,92b1,7fbe,1e27,
2382,6115,a2e8,92b1,7fbe,3f26,
2383,6155,a2e8,92b1,7fbe,d059,
2384,6155,a2e8,92b1,7fbe,9b44,
2385,6155,a2e8,92b1,7fbe,9c1f,
2386,69f5,a2a8,92b1,7fbe,d5a5,
2387,4155,a2e8,92b1,7fbe,eb7d,
2388,6155,a2e8,92b1,7fbe,9255,
2389,6155,a2e8,92b1,7fbe,d340,
2390,6155,a2e8,92b1,7fbe,af71,
2391,6155,a2e8,92b1,7fbe,2074,
2392,6155,a2e8,92b1,7fbe,5e4e,
2393,6155,a2e8,92b1,7fbe,e33d,
2394,6175,a2e8,92b1,7fbe,6943,
2395,6155,a2e8,92b1,7fbe,b63f,
2396,6555,a2e8,92b1,7fbe,9700,
2397,6175,a2e8,92b1,7fbe,42f1,
2398,6155,a2e8,92b1,7fbe,b248,
2399,6155,a2e8,92b1,7fbe,f3b7,
2400,6155,a2e8,92b1,7fbe,465b,
2401,6155,a2e8,92b1,7fbe,3e99,
2402,6155,a2e8,92b1,7fbe,031e,
2403,6155,a2e8,92b1,7fbe,be2b,
2404,6155,a2e8,92b1,7fbe,44e9,
2405,6955,a2e8,92b1,7fbe,50f6,
2406,e155,a2e8,92b1,7fbe,f672,
2407,6155,a2e8,92b1,7fbe,5d16,
2408,6155,a2e8,92b1,7fbe,6400,
2409,6155,a2e8,92b1,7fbe,56cb,
2410,6155,a2e8,92b1,7fbe,223a,
2411,6155,a2e8,92b1,7fbe,88e1,
2412,6155,a2e8,92b1,7fbe,f7c4,
2413,6155,a2e8,92b1,7fbe,eb10,
2414,0000,bac8,92b1,7fbe,c6ca,
2415,6155,a2e8,92b1,7fbe,8935,
2416,0000,aaab,92b1,7fbe,82a7,
2417,6155,a2e8,92b1,7fbe,d53a,
2418,60d1,a2e8,92b1,7fbe,f69e,
2419,0000,680a,b6a9,7fbe,30c6,
2420,6155,a2e8,92b1,7fbe,6195,
2421,209d,8168,93b1,7fbe,3179,
2422,65f5,a288,92b1,7fbe,5eb2,
2423,6155,a2e8,92b1,7fbe,9596,
2424,6155,a2e8,92b1,7fbe,398f,
2425,6155,a2e8,92b1,7fbe,a205,
2426,6051,a2e8,92b1,7fbe,b82f,
2427,e9f5,a2a8,92b1,7fbe,8369,
2428,7155,a2e8,92b1,7fbe,7f9a,
2429,6155,a2e8,92b1,7fbe,354f,
2430,6155,a2e8,92b1,7fbe,e0a1,
2431,4955,b2e8,92b1,7fbe,b582,
2432,6155,a2e8,92b1,7fbe,a0ea,
2433,6155,a2e8,92b1,7fbe,56e6,
2434,7955,a2e8,92b1,7fbe,242d,
2435,6155,a2e8,92b1,7fbe,20d0,
2436,6155,a2e8,92b1,7fbe,f8f1,
2437,6155,a2e8,92b1,7fbe,1609,
2438,6154,a2e8,92b1,7fbe,f6e5,
2439,6155,a2e8,92b1,7fbe,0a8e,
2440,6155,a2e8,92b1,7fbe,96a9,
2441,6155,a2e8,92b1,7fbe,e3df,
2442,61ff,a2e8,1310,7fbe,81a1,
2443,6114,a2e8,92b1,7fbe,e9c5,
2444,6155,a2e8,92b1,7fbe,a668,
2445,6155,a2e8,92b1,7fbe,c0bd,
2446,6155,a2a8,92b1,7fbe,905e,
2447,6155,a2e8,92b1,7fbe,1f47,
2448,6155,a2e8,92b1,7fbe,bd13,
2449,6175,a2e8,92b1,7fbe,bf79,
2450,0000,2189,92b1,7fbe,b18c,
2451,6155,a2e8,92b1,7fbe,8ee6,
2452,6155,a2e8,92b1,7fbe,86de,
2453,6155,a2e8,92b1,7fbe,f545,
2454,6155,a2e8,92b1,7fbe,d202,
2455,6355,a2e8,92b1,7fbe,5ca7,
2456,6955,a2e8,92b1,7fbe,af68,
2457,6155,a2e8,92b1,7fbe,5db0,
2458,6155,a2e8,92b1,7fbe,c694,
2459,0000,23bc,92b1,7fbe,e661,
2460,7115,a2e8,92b1,7fbe,63d5,
2461,6555,a2e8,92b1,7fbe,2438,
2462,6155,a2e8,92b1,7fbe,384f,
2463,6155,a2e8,92b1,7fbe,df65,
2464,6155,a2e8,92b1,7fbe,18b0,
2465,6115,a2e8,92b1,7fbe,7ef2,
2466,6145,a2e8,92b1,7fbe,4055,
2467,2255,a2e8,92b1,7fbe,60b1,
2468,48db,b2ec,92b1,7fbe,f15b,
2469,6155,a2e8,92b1,7fbe,ca9f,
2470,4155,a2e8,92b1,7fbe,7201,
2471,69f5,a2a8,92b1,7fbe,976f,
2472,6155,a2e8,92b1,7fbe,8aef,
2473,6155,a2e8,92b1,7fbe,f7ff,
2474,e155,a2e8,92b1,7fbe,e854,
2475,6155,a2e8,92b1,7fbe,26b6,
2476,6155,a2e8,92b1,7fbe,2086,
2477,6155,a2e8,92b1,7fbe,198f,
2478,6155,a2e8,92b1,7fbe,8a99,
2479,3555,a2e8,92b1,7fbe,c384,
2480,6115,a2e8,92b1,7fbe,889d,
2481,6155,a2e8,92b1,7fbe,6831,
2482,6155,a2e8,92b1,7fbe,cf48,
2483,0000,8b90,753a,7fbe,bee2,
2484,6155,a2e8,92b1,7fbe,5d84,
2485,6155,a2e8,92b1,7fbe,8502,
2486,6175,a2e8,92b1,7fbe,8fc9,
2487,6155,a2e8,92b1,7fbe,e6ce,
2488,6155,a2e8,92b1,7fbe,44f3,
2489,2a40,a2e8,ede5,7fbe,7f54,
2490,6155,a2e8,92b1,7fbe,f418,
2491,6155,a2e8,92b1,7fbe,26bf,
2492,6145,a2e8,92b1,7fbe,07fb,
2493,6155,a2e8,92b1,7fbe,e52d,
2494,7155,a2e8,92b1,7fbe,d3d7,
2495,6155,a2e8,92b1,7fbe,b853,
2496,6155,a2e8,92b1,7fbe,23ab,
2497,6154,a2e8,92b1,7fbe,c5a2,
2498,6155,a2e8,92b1,7fbe,06bb,
2499,6155,a2e8,92b1,7fbe,db69,
2500,6114,a2e8,92b1,7fbe,d7ab,
2501,6155,a2e8,92b1,7fbe,7356,
2502,6155,a2e8,92b1,7fbe,cb93,
2503,f05d,a2e8,92b1,7fbe,9108,
2504,6155,a2e8,92b1,7fbe,e862,
2505,6155,a2e8,92b1,7fbe,4107,
2506,6955,a2e8,92b1,7fbe,7c7f,
2507,6155,a2e8,92b1,7fbe,bed7,
2508,6937,a2a8,92b1,7fbe,0ee3,
2509,0000,2001,be4a,7fbe,f47d,
2510,6155,a2e8,92b1,7fbe,95c5,
2511,6155,a2e8,92b1,7fbe,d711,
2512,4db9,a6a8,9291,7fbe,9e65,
2513,6155,a2e8,92b1,7fbe,81d1,
2514,6555,a2e8,92b1,7fbe,82e5,
2515,6155,a2e8,92b1,7fbe,885a,
2516,69f5,a2a8,92b1,7fbe,9382,
2517,0000,1a9c,9133,7fbe,8fb9,
2518,7155,a2e8,92b1,7fbe,b2b2,
2519,6155,a2e8,92b1,7fbe,fec5,
2520,6955,a2e8,92b1,7fbe,4915,
2521,6155,a2e8,92b1,7fbe,15e0,
2522,6175,a2e8,92b1,7fbe,e178,
2523,6155,a2e8,92b1,7fbe,8e72,
2524,6155,a2e8,92b1,7fbe,06ac,
2525,6155,a2e8,92b1,7fbe,3ff5,
2526,6155,a2e8,92b1,7fbe,d379,
2527,6155,a2e8,92b1,7fbe,de0f,
2528,0000,0b63,92b1,7fbe,ee80,
2529,6055,a2e8,92b1,7fbe,35e8,
2530,6155,a2e8,92b1,7fbe,1ea3,
2531,6155,a2e8,92b1,7fbe,5274,
2532,6155,a2e8,92b1,7fbe,c035,
2533,6155,a2e8,92b1,7fbe,27ac,
2534,e135,a2e8,92b1,7fbe,99a3,
2535,6155,a2e8,92b1,7fbe,485b,
2536,6135,a2a8,92b1,7fbe,cea4,
2537,4155,a2e8,92b1,7fbe,6b3f,
2538,6155,a2e8,92b1,7fbe,5460,
2539,6155,a2e8,92b1,7fbe,2a1a,
2540,6155,a2e8,92b1,7fbe,9b91,
2541,6155,a2e8,92b1,7fbe,ac3b,
2542,6155,a2e8,92b1,7fbe,154d,
2543,735d,a2e8,92b1,7fbe,704e,
2544,e545,a2e8,92b1,7fbe,f9b4,
2545,6155,a2e8,92b1,7fbe,298f,
2546,0000,e8d1,90b8,7fbe,0423,
2547,6155,a2e8,92b1,7fbe,fd46,
2548,6155,a2e8,92b1,7fbe,8a6c,
2549,6155,a2e8,92b1,7fbe,d209,
2550,6155,a2e8,92b1,7fbe,e3cb,
2551,6155,a2e8,92b1,7fbe,a718,
2552,6155,a2e8,92b1,7fbe,7d4f,
2553,6155,a2e8,92b1,7fbe,2ba5,
2554,6337,a699,9291,7fbe,482c,
2555,6155,a2e8,92b1,7fbe,a9f3,
2556,7091,a2e8,92b1,7fbe,fb44,
2557,e7d7,ba7e,92b1,7fbe,d767,
2558,6155,a2e8,92b1,7fbe,1114,
2559,6155,a2e8,92b1,7fbe,6254,
2560,6155,a2e8,92b1,7fbe,6c71,
2561,8fd7,a2e8,92b1,7fbe,ee82,
2562,5955,b2e8,92b1,7fbe,8157,
2563,6155,a2e8,92b1,7fbe,1a60,
2564,7155,a2e8,92b1,7fbe,f566,
2565,6155,a2e8,92b1,7fbe,2c64,
2566,61d7,a2e8,92b1,7fbe,14f7,
2567,6155,a2e8,92b1,7fbe,7f2f,
2568,4155,a2e8,92b1,7fbe,782b,
2569,6155,a2e8,92b1,7fbe,a740,
2570,6155,a2e8,92b1,7fbe,d358,
2571,6155,a2e8,92b1,7fbe,f05d,
2572,e17d,a2e8,92b1,7fbe,a7f1,
2573,6155,a2e8,92b1,7fbe,c158,
2574,6155,a2e8,92b1,7fbe,e8a4,
2575,6155,a2e8,92b1,7fbe,62d2,
2576,6155,a2e8,92b1,7fbe,c202,
2577,6155,a2e8,92b1,7fbe,ec8c,
2578,6115,a2e8,92b1,7fbe,64aa,
2579,5955,b2e8,92b1,7fbe,a1ac,
2580,6137,a2a8,92b1,7fbe,fead,
2581,6155,a2e8,92b1,7fbe,3c1d,
2582,6155,a2e8,92b1,7fbe,71c9,
2583,e1b9,f3bd,96c1,7f9e,29fc,
2584,6155,a2e8,92b1,7fbe,7b84,
2585,6155,a2e8,92b1,7fbe,5fac,
2586,6155,a2e8,92b1,7fbe,d793,
2587,0000,467e,1ab3,7fbe,f480,
2588,41d5,b2e8,92b1,7fbe,588d,
2589,6155,a2e8,92b1,7fbe,dd3f,
2590,6155,a2e8,92b1,7fbe,4a00,
2591,6155,a2e8,92b1,7fbe,3e96,
2592,6957,a2a8,92b1,7fbe,0be0,
2593,6155,a2e8,92b1,7fbe,b9ce,
2594,0000,f317,96a1,7fbe,5fdf,
2595,6155,a2e8,92b1,7fbe,9fd7,
2596,6155,a2e8,92b1,7fbe,0654,
2597,6157,a2e8,92b1,7fbe,026b,
2598,0000,9f99,fa29,7fbe,d7c1,
2599,6155,a2e8,92b1,7fbe,9d47,
2600,864d,a2e8,92b1,7fbe,e31a,
2601,6155,a2e8,92b1,7fbe,1e23,
2602,6155,a2e8,92b1,7fbe,0ef3,
2603,6155,a2e8,92b1,7fbe,f798,
2604,6975,a2e8,92b1,7fbe,54ab,
2605,6155,a2e8,92b1,7fbe,d426,
2606,6155,a2e8,92b1,7fbe,ce37,
2607,6155,a2e8,92b1,7fbe,3f38,
2608,6997,a2a8,92b1,7fbe,803a,
2609,6155,a2e8,92b1,7fbe,1bc4,
2610,6155,a2e8,92b1,7fbe,edca,
2611,494d,a6f8,92b1,7fbe,48b0,
2612,6155,a2e8,92b1,7fbe,9018,
2613,6155,a2e8,92b1,7fbe,87fc,
2614,6155,a2e8,92b1,7fbe,c55c,
2615,6155,a2e8,92b1,7fbe,30a3,
2616,6155,a2e8,92b1,7fbe,8817,
2617,6855,a2e8,92b1,7fbe,b0b8,
2618,6155,a2e8,92b1,7fbe,1b5e,
2619,6155,a2e8,92b1,7fbe,f5da,
2620,6155,a2e8,92b1,7fbe,4a73,
2621,6155,a2e8,92b1,7fbe,28b2,
2622,7155,a2e8,92b1,7fbe,eef7,
2623,6155,a2e8,92b1,7fbe,9c92,
2624,6055,a2e8,92b1,7fbe,b343,
2625,6155,a2e8,92b1,7fbe,954b,
2626,6155,a2e8,92b1,7fbe,983c,
2627,6155,a2e8,92b1,7fbe,def3,
2628,6155,a2e8,92b1,7fbe,6611,
2629,0000,a2e8,9e93,7fbe,0c22,
2630,f968,a0c0,8ea0,77be,e990,
2631,6155,a2e8,92b1,7fbe,735b,
2632,6151,a2e8,92b1,7fbe,64c2,
2633,0000,e73c,92b1,7fbe,77a6,
2634,6155,a2e8,92b1,7fbe,afb6,
2635,6155,a2e8,92b1,7fbe,e8e9,
2636,6115,a2e8,92b1,7fbe,e0e3,
2637,6155,a2e8,92b1,7fbe,3d41,
2638,6155,a2e8,92b1,7fbe,2185,
2639,6155,a2e8,92b1,7fbe,47a0,
2640,7155,a2e8,92b1,7fbe,f5fe,
2641,7055,a2e8,92b1,7fbe,abe0,
2642,6150,a2ea,92b1,7fbe,e51d,
2643,6155,a2e8,92b1,7fbe,9010,
2644,49ff,e2e8,b2b1,7fbe,1d62,
2645,6155,a2e8,92b1,7fbe,f235,
2646,cb75,a2ad,9ab3,7fbe,5721,
2647,6155,a2e8,92b1,7fbe,ee71,
2648,494d,a6f8,92b1,7fbe,48b0,
2649,6155,a2e8,92b1,7fbe,0846,
2650,6155,a2e8,92b1,7fbe,8295,
2651,e9b7,a2a8,92b1,7fbe,65d1,
2652,6155,a2e8,92b1,7fbe,3247,
2653,6115,a2e8,92b1,7fbe,47be,
2654,6155,a2e8,92b1,7fbe,535b,
2655,5155,b2e8,92b1,7fbe,9a2e,
2656,6155,a2e8,92b1,7fbe,add2,
2657,6155,a2e8,92b1,7fbe,df54,
2658,6155,a2e8,92b1,7fbe,fd08,
2659,6155,a2e8,92b1,7fbe,8277,
2660,6055,a2e8,92b1,7fbe,73a1,
2661,6155,a2e8,92b1,7fbe,c990,
2662,6155,a2e8,92b1,7fbe,d77e,
2663,6155,a2e8,92b1,7fbe,3914,
2664,6155,a2e8,92b1,7fbe,9fb2,
2665,6155,a2e8,92b1,7fbe,08a4,
2666,61d7,a2e8,92b1,7fbe,ff0b,
2667,6155,a2e8,92b1,7fbe,bf2f,
2668,6155,a2e8,92b1,7fbe,7d11,
2669,6137,a2a8,92b1,7fbe,e58b,
2670,0000,e489,c3b5,7fbe,acef,
2671,e196,a2a9,92b1,7fbe,ae64,
2672,6155,a2e8,92b1,7fbe,a50c,
2673,6155,a2e8,92b1,7fbe,96dd,
2674,6155,a2e8,92b1,7fbe,31fb,
2675,6155,a2e8,92b1,7fbe,a5ef,
2676,6155,a2e8,92b1,7fbe,c325,
2677,6155,a2e8,92b1,7fbe,dab6,
2678,6175,a2e8,92b1,7fbe,969c,
2679,6955,a2e8,92b1,7fbe,12ec,
2680,6155,a2e8,92b1,7fbe,1719,
2681,0000,a2e8,a251,7fbe,30e0,
2682,6155,a2e8,92b1,7fbe,974a,
2683,6155,a2e8,92b1,7fbe,939c,
2684,6155,a2e8,92b1,7fbe,96e7,
2685,0000,0a20,fb5a,7fbe,2951,
2686,6155,a2e8,92b1,7fbe,e82e,
2687,6155,a2e8,92b1,7fbe,0976,
2688,0000,a2ec,92b1,7fbe,80ac,
2689,6155,a2e8,92b1,7fbe,5833,
2690,6151,a2e8,92b1,7fbe,dd96,
2691,6155,a2e8,92b1,7fbe,7724,
2692,6155,a2e8,92b1,7fbe,61d5,
2693,6155,a2e8,92b1,7fbe,d52f,
2694,6155,a2e8,92b1,7fbe,c99c,
2695,4155,a2e8,92b1,7fbe,f572,
2696,6155,a2e8,92b1,7fbe,51a1,
2697,6155,a2e8,92b1,7fbe,6a66,
2698,6155,a2e8,92b1,7fbe,028a,
2699,6155,a2e8,92b1,7fbe,b81a,
2700,6155,a2e8,92b1,7fbe,ce2c,
2701,6155,a2e8,92b1,7fbe,1245,
2702,7155,a2e8,92b1,7fbe,f0e9,
2703,6155,a2e8,92b1,7fbe,e171,
2704,0000,3ae3,71ad,7fbe,1da4,
2705,6155,a2e8,92b1,7fbe,1586,
2706,6155,a2e8,92b1,7fbe,6d2c,
2707,6155,a2e8,92b1,7fbe,0e9b,
2708,6155,a2e8,92b1,7fbe,a68f,
2709,e155,a2e8,92b1,7fbe,833e,
2710,0000,a2e8,c476,7fbe,56c7,
2711,e8b5,a2a8,92b1,7fbe,8dbf,
2712,0000,e3f8,92b1,7fbe,8950,
2713,6155,a2e8,92b1,7fbe,327f,
2714,6155,a2e8,92b1,7fbe,2869,
2715,6115,a2e8,92b1,7fbe,56ea,
2716,6155,a2e8,92b1,7fbe,0249,
2717,6155,a2e8,92b1,7fbe,5e24,
2718,6155,a2e8,92b1,7fbe,5cc7,
2719,6155,a2e8,92b1,7fbe,e67a,
2720,6155,a2e8,92b1,7fbe,5e39,
2721,6155,a2e8,92b1,7fbe,06c4,
2722,6155,a2e8,92b1,7fbe,e637,
2723,6545,a2e8,92b1,7fbe,e2be,
2724,6155,a2e8,92b1,7fbe,6c64,
2725,6155,a2e8,92b1,7fbe,a203,
2726,6155,a2e8,92b1,7fbe,d7d5,
2727,6155,a2e8,92b1,7fbe,3da4,
2728,6155,a2e8,92b1,7fbe,3531,
2729,6155,a2e8,92b1,7fbe,595f,
2730,6155,a2e8,92b1,7fbe,4649,
2731,6155,a2e8,92b1,7fbe,7074,
2732,6155,a2e8,92b1,7fbe,d3f0,
2733,6155,a2e8,92b1,7fbe,ddf4,
2734,7155,a2e8,92b1,7fbe,7023,
2735,6145,a2e8,92b1,7fbe,4e78,
2736,6155,a2e8,92b1,7fbe,3269,
2737,6155,a2e8,92b1,7fbe,01da,
2738,6155,a2e8,92b1,7fbe,1956,
2739,6155,a2e8,92b1,7fbe,44ef,
2740,6155,a2e8,92b1,7fbe,9d37,
2741,6155,a2e8,92b1,7fbe,5817,
2742,6155,a2e8,92b1,7fbe,30fa,
2743,6151,a2e8,92b1,7fbe,d8d4,
2744,7155,a2e8,92b1,7fbe,327a,
2745,6155,a2e8,92b1,7fbe,c80e,
2746,6155,a2e8,92b1,7fbe,6a83,
2747,6155,a2e8,92b1,7fbe,ece3,
2748,6155,a2e8,92b1,7fbe,c0ec,
2749,6155,a2e8,92b1,7fbe,5936,
2750,0000,a2fa,92b1,7fbe,d5f3,
2751,6565,a2e8,92b1,7fbe,9614,
2752,6155,a2e8,92b1,7fbe,9f67,
2753,6155,a2e8,92b1,7fbe,72a0,
2754,6155,a2e8,92b1,7fbe,ff62,
2755,7155,a2e8,92b1,7fbe,82f5,
2756,6155,a2e8,92b1,7fbe,5725,
2757,5155,a2e8,92b1,7fbe,2b07,
2758,6115,a2e8,92b1,7fbe,c1f5,
2759,60dd,a1e8,93b1,7fbe,8622,
2760,6155,a2e8,92b1,7fbe,725e,
2761,2115,a2e8,92b1,7fbe,1618,
2762,6155,a2e8,92b1,7fbe,1886,
2763,6155,a2e8,92b1,7fbe,e1ae,
2764,6155,a2e8,92b1,7fbe,5b15,
2765,6155,a2e8,92b1,7fbe,e1f0,
2766,6155,a2e8,92b1,7fbe,bc08,
2767,2175,a2e8,92b1,7fbe,d78a,
2768,7155,a2e8,92b1,7fbe,d233,
2769,114a,8078,92a9,7fb6,4509,
2770,6155,a2e8,92b1,7fbe,9c0b,
2771,6155,a2e8,92b1,7fbe,4aa8,
2772,6155,a2e8,92b1,7fbe,8f49,
2773,0000,d0eb,6170,7fbe,c55d,
2774,6155,a2e8,92b1,7fbe,c648,
2775,6155,a2e8,92b1,7fbe,27ae,
2776,6155,a2e8,92b1,7fbe,0864,
2777,6155,a2e8,92b1,7fbe,e3e4,
2778,6115,a2e8,92b1,7fbe,453a,
2779,6155,a2e8,92b1,7fbe,2e4a,
2780,6155,a2e8,92b1,7fbe,1d10,
2781,6155,a2e8,92b1,7fbe,84ca,
2782,6155,a2e8,92b1,7fbe,516b,
2783,7155,a2e8,92b1,7fbe,9fb9,
2784,6155,a2e8,92b1,7fbe,9f0b,
2785,6155,a2e8,92b1,7fbe,84c9,
2786,6155,a2e8,92b1,7fbe,c2bb,
2787,2218,62e0,d2b1,7fbe,24f8,
2788,6155,a2e8,92b1,7fbe,92a7,
2789,8e02,b6bc,92b1,7fbe,ac1b,
2790,6155,a2e8,92b1,7fbe,798a,
2791,6155,a2e8,92b1,7fbe,5539,
2792,7155,a2e8,92b1,7fbe,d79a,
2793,6155,a2e8,92b1,7fbe,9f96,
2794,6155,a2e8,92b1,7fbe,c458,
2795,6155,a2e8,92b1,7fbe,72d0,
2796,0000,20d9,92b1,7fbe,2591,
2797,61d7,a2e8,92b1,7fbe,32ae,
2798,7155,a2e8,92b1,7fbe,1621,
2799,6157,a2e8,92b1,7fbe,8fcb,
2800,6f75,a6e8,92b1,7fbe,0757,
2801,6155,a2e8,92b1,7fbe,68c6,
2802,6955,a2e8,92b1,7fbe,d7f5,
2803,6155,a2e8,92b1,7fbe,a203,
2804,7155,a2e8,92b1,7fbe,5a5b,
2805,6155,a2e8,92b1,7fbe,f2fb,
2806,7015,a268,92b1,7fbe,88b2,
2807,6155,a2e8,92b1,7fbe,ff7b,
2808,6115,a2e8,92b1,7fbe,a890,
2809,6155,a2e8,92b1,7fbe,543e,
2810,6155,a2e8,92b1,7fbe,c73d,
2811,6955,a2e8,92b1,7fbe,09ce,
2812,6155,a2e8,92b1,7fbe,b65d,
2813,7155,a2e8,92b1,7fbe,ee97,
2814,6155,a2e8,92b1,7fbe,b349,
2815,6115,a2e8,92b1,7fbe,0bb3,
2816,6155,a2e8,92b1,7fbe,8714,
2817,6155,a2e8,92b1,7fbe,9c26,
2818,6155,a2e8,92b1,7fbe,c271,
2819,6155,a2e8,92b1,7fbe,08eb,
2820,6155,a2e8,92b1,7fbe,dbd5,
2821,6155,a2e8,92b1,7fbe,33b7,
2822,6155,a2e8,92b1,7fbe,c39d,
2823,6155,a2e8,92b1,7fbe,476c,
2824,6155,a2e8,92b1,7fbe,8d83,
2825,6155,a2e8,92b1,7fbe,0618,
2826,6175,a2e8,92b1,7fbe,6ca3,
2827,6155,a2e8,92b1,7fbe,f0af,
2828,7955,a2e8,92b1,7fbe,ba9a,
2829,6155,a2e8,92b1,7fbe,4ef1,
2830,4155,a2a8,92b1,7fbe,8463,
2831,6155,a2e8,92b1,7fbe,9234,
2832,6155,a2e8,92b1,7fbe,bb06,
2833,2055,ace8,96b1,7fbe,a885,
2834,6155,a2e8,92b1,7fbe,7724,
2835,6155,a2e8,92b1,7fbe,8707,
2836,f1f7,a2e8,92b1,7fbe,b4c2,
2837,6155,a2e8,92b1,7fbe,e73c,
2838,6155,a2e8,92b1,7fbe,4e00,
2839,6155,a2e8,92b1,7fbe,38eb,
2840,6155,a2e8,92b1,7fbe,168c,
2841,6155,a2e8,92b1,7fbe,58fc,
2842,0000,d166,d225,7fbe,d062,
2843,a0f2,a2e8,33f3,7fbe,a142,
2844,6155,a2e8,92b1,7fbe,6ea4,
2845,6155,a2e8,92b1,7fbe,aea8,
2846,6155,a2e8,92b1,7fbe,34a7,
2847,6155,a2e8,92b1,7fbe,8309,
2848,e31f,a289,9291,7fbe,50ea,
2849,6155,a2e8,92b1,7fbe,bb2a,
2850,6155,a2e8,92b1,7fbe,50cd,
2851,6155,a2e8,92b1,7fbe,34ce,
2852,4155,a2e8,92b1,7fbe,6075,
2853,0000,a2e8,90c2,7fbe,0273,
2854,6155,a2e8,92b1,7fbe,700a,
2855,6155,a2e8,92b1,7fbe,69f9,
2856,7155,a2e8,92b1,7fbe,ee3a,
2857,6155,a2e8,92b1,7fbe,68f8,
2858,6137,a2a8,92b1,7fbe,88ff,
2859,6155,a2e8,92b1,7fbe,6410,
2860,6926,22f3,8aa0,77be,55f6,
2861,6155,a2e8,92b1,7fbe,b137,
2862,6175,a2e8,92b1,7fbe,515d,
2863,d919,a2e8,e254,7fbe,70e5,
2864,6155,a2e8,92b1,7fbe,56ee,
2865,6155,a2e8,92b1,7fbe,bbf6,
2866,6955,a2e8,92b1,7fbe,2f26,
2867,6155,a2e8,92b1,7fbe,351b,
2868,4955,e2ec,b2b1,7fbe,dd44,
2869,6155,a2e8,92b1,7fbe,935d,
2870,6155,a2e8,92b1,7fbe,1107,
2871,6155,a2e8,92b1,7fbe,b3b9,
2872,6155,a2e8,92b1,7fbe,9ea4,
2873,6155,a2e8,92b1,7fbe,174f,
2874,6055,a2e8,92b1,7fbe,7441,
2875,6155,a2e8,92b1,7fbe,42b3,
2876,6155,a2e8,92b1,7fbe,21f4,
2877,6155,a2e8,92b1,7fbe,664c,
2878,6155,a2e8,92b1,7fbe,0db7,
2879,02ae,51f6,dee2,7fbe,d59a,
2880,7155,a2e8,92b1,7fbe,93b6,
2881,6155,a2e8,92b1,7fbe,6d08,
2882,6155,a2e8,92b1,7fbe,2e52,
2883,2155,a2e8,92b1,7fbe,ca69,
2884,611d,a2e8,92b1,7fbe,8663,
2885,7951,a2e8,92b1,7fbe,3dae,
2886,6355,a2e8,92b1,7fbe,fb31,
2887,6155,a2e8,92b1,7fbe,e5f3,
2888,6155,a2e8,92b1,7fbe,e804,
2889,0000,a2e8,90c2,7fbe,0273,
2890,6155,a2e8,92b1,7fbe,b8bf,
2891,6155,a2e8,92b1,7fbe,2a8f,
2892,6975,a2e8,92b1,7fbe,3f22,
2893,6155,a2e8,92b1,7fbe,18e7,
2894,6115,a2e8,92b1,7fbe,824a,
2895,6155,a2e8,92b1,7fbe,bd9a,
2896,6155,a2e8,92b1,7fbe,1aad,
2897,5155,a2e8,92b1,7fbe,67f1,
2898,6155,a2e8,92b1,7fbe,eea7,
2899,6545,a2c8,92b1,7fbe,4d2c,
2900,0000,e491,92b1,7fbe,a559,
2901,6155,a2e8,92b1,7fbe,0527,
2902,6851,a2e8,92b1,7fbe,fbef,
2903,51d7,b2a8,92b1,7fbe,480c,
2904,6155,a2e8,92b1,7fbe,daec,
2905,6155,a2e8,92b1,7fbe,9b20,
2906,6155,a2e8,92b1,7fbe,ebb6,
2907,6155,a2e8,92b1,7fbe,d285,
2908,2055,a2e8,92b1,7fbe,e801,
2909,6155,a2e8,92b1,7fbe,c827,
2910,6155,a2e8,92b1,7fbe,01e5,
2911,6155,a2e8,92b1,7fbe,e1b0,
2912,6155,a2e8,92b1,7fbe,225b,
2913,6155,a2e8,92b1,7fbe,a541,
2914,6151,a2e8,92b1,7fbe,c8e5,
2915,6155,a2e8,92b1,7fbe,9320,
2916,6155,a2e8,92b1,7fbe,5af0,
2917,6155,a2e8,92b1,7fbe,d13d,
2918,6155,a2e8,92b1,7fbe,827b,
2919,7115,a2e8,92b1,7fbe,5152,
2920,6155,a2e8,92b1,7fbe,72fc,
2921,6155,a2e8,92b1,7fbe,5c1c,
2922,6155,a2e8,92b1,7fbe,0719,
2923,6155,a2e8,92b1,7fbe,963a,
2924,6155,a2e8,92b1,7fbe,d7b8,
2925,6155,a2e8,92b1,7fbe,4027,
2926,6155,a2e8,92b1,7fbe,caca,
2927,6155,a2e8,92b1,7fbe,e2d2,
2928,6155,a2e8,92b1,7fbe,5d52,
2929,6155,a2e8,92b1,7fbe,d949,
2930,6155,a2e8,92b1,7fbe,1636,
2931,6155,a2e8,92b1,7fbe,e885,
2932,6155,a2e8,92b1,7fbe,45ac,
2933,0000,0629,92b1,7fbe,d6a4,
2934,6955,a2e8,92b1,7fbe,f78a,
2935,6155,a2e8,92b1,7fbe,3818,
2936,6155,a2e8,92b1,7fbe,81b7,
2937,6155,a2e8,92b1,7fbe,710f,
2938,6155,a2e8,92b1,7fbe,09de,
2939,6155,a2e8,92b1,7fbe,1e3d,
2940,7155,a2e8,92b1,7fbe,eccf,
2941,6155,a2e8,92b1,7fbe,5e19,
2942,6155,a2e8,92b1,7fbe,97ef,
2943,6155,a2e8,92b1,7fbe,c467,
2944,6115,a2e8,92b1,7fbe,7afd,
2945,6155,a2e8,92b1,7fbe,2d6a,
2946,6155,a2e8,92b1,7fbe,4a08,
2947,2155,a2e8,92b1,7fbe,9db3,
2948,6155,a2e8,92b1,7fbe,3d5a,
2949,6155,a2e8,92b1,7fbe,0dcc,
2950,6155,a2e8,92b1,7fbe,99e1,
2951,6155,a2e8,92b1,7fbe,2774,
2952,7505,8a68,82f1,7fbe,3b94,
2953,6155,a2e8,92b1,7fbe,f401,
2954,61b5,a2a8,92b1,7fbe,3b33,
2955,6155,a2e8,92b1,7fbe,7e6a,
2956,6155,a2e8,92b1,7fbe,57f5,
2957,304d,a2e0,92b1,7fbe,4a38,
2958,6155,a2e8,92b1,7fbe,5bf1,
2959,6155,a2e8,92b1,7fbe,312c,
2960,6155,a2e8,92b1,7fbe,ee21,
2961,6155,a2e8,92b1,7fbe,4aef,
2962,6155,a2e8,92b1,7fbe,26c4,
2963,6155,a2e8,92b1,7fbe,b29b,
2964,6957,a2e8,92b1,7fbe,f8b9,
2965,6155,a2e8,92b1,7fbe,70c3,
2966,4dd5,b2c8,92b1,7fbe,89d7,
2967,4155,a2e8,92b1,7fbe,a595,
2968,615f,b2e8,92b1,7fbe,a91e,
2969,6155,a2e8,92b1,7fbe,3b26,
2970,6155,a2e8,92b1,7fbe,22ed,
2971,4955,b2e8,92b1,7fbe,3a8e,
2972,6155,a2e8,92b1,7fbe,46c7,
2973,6155,a2e8,92b1,7fbe,1f0f,
2974,6155,a2e8,92b1,7fbe,fcc6,
2975,6155,a2e8,92b1,7fbe,ecb3,
2976,6155,a2e8,92b1,7fbe,e92f,
2977,6957,a2e8,92b1,7fbe,543a,
2978,6155,a2e8,92b1,7fbe,e042,
2979,6155,a2e8,92b1,7fbe,0aa5,
2980,69b5,a2a8,92b1,7fbe,be42,
2981,6197,a2a8,92b1,7fbe,e5b3,
2982,6155,a2e8,92b1,7fbe,3ad3,
2983,6155,a2e8,92b1,7fbe,abd0,
2984,4155,a2e8,92b1,7fbe,2e82,
2985,6155,a2e8,92b1,7fbe,5d9b,
2986,ef7d,a2e8,ffa8,7fbe,6d19,
2987,6155,a2e8,92b1,7fbe,ab7b,
2988,6155,a2e8,92b1,7fbe,b693,
2989,6145,a2e8,92b1,7fbe,29b6,
2990,6157,a2e8,92b1,7fbe,5ecf,
2991,2545,a2e8,92b1,7fbe,ff90,
2992,6155,a2e8,92b1,7fbe,6c30,
2993,0000,318d,92b1,7fbe,3e19,
2994,6155,a2e8,92b1,7fbe,09b9,
2995,6937,a2a8,92b1,7fbe,7333,
2996,6155,a2e8,92b1,7fbe,46bf,
2997,6545,a2e8,92b1,7fbe,87dd,
2998,6155,a2e8,92b1,7fbe,7935,
2999,e175,a2e8,92b1,7fbe,ec1e,
3000,e175,a2e8,92b1,7fbe,ad32,
3001,6155,a2e8,92b1,7fbe,dea1,
3002,6155,a2e8,92b1,7fbe,2ed0,
3003,6155,a2e8,92b1,7fbe,7cc9,
3004,6155,a2e8,92b1,7fbe,c61e,
3005,6155,a2e8,92b1,7fbe,5eab,
3006,6155,a2e8,92b1,7fbe,1d3d,
3007,6155,a2e8,92b1,7fbe,e88e,
3008,7155,a2e8,92b1,7fbe,6751,
3009,6197,a2e8,92b1,7fbe,5912,
3010,6155,a2e8,92b1,7fbe,c27c,
3011,6115,a2e8,92b1,7fbe,e392,
3012,6155,a2e8,92b1,7fbe,831d,
3013,254b,a2e8,92b1,7fbe,441e,
3014,6155,a2e8,92b1,7fbe,e9dc,
3015,6175,a2e8,92b1,7fbe,a166,
3016,db18,a327,923f,7fba,c2e7,
3017,6155,a2e8,92b1,7fbe,572e,
3018,7155,a2e8,92b1,7fbe,184c,
3019,6155,a2e8,92b1,7fbe,fd67,
3020,3dae,76e7,ca91,7fbe,ea6d,
3021,0000,2609,92b1,7fbe,eb75,
3022,6197,a2e8,92b1,7fbe,b9a2,
3023,2155,a2e8,92b1,7fbe,5de8,
3024,6155,a2e8,92b1,7fbe,dd59,
3025,0000,f0f8,92b1,7fbe,4386,
3026,6155,a2e8,92b1,7fbe,dd53,
3027,6155,a2e8,92b1,7fbe,32ad,
3028,6155,a2e8,92b1,7fbe,83a5,
3029,6155,a2e8,92b1,7fbe,7e87,
3030,6155,a2e8,92b1,7fbe,d0c5,
3031,6155,a2e8,92b1,7fbe,c5dc,
3032,6155,a2e8,92b1,7fbe,13cb,
3033,6564,a2a8,9291,7fbe,43bf,
3034,6155,a2e8,92b1,7fbe,672b,
3035,6155,a2e8,92b1,7fbe,277e,
3036,6155,a2e8,92b1,7fbe,8862,
3037,6155,a2e8,92b1,7fbe,cd56,
3038,6155,a2e8,92b1,7fbe,2baa,
3039,6155,a2e8,92b1,7fbe,68f6,
3040,7155,a2e8,92b1,7fbe,b0ac,
3041,7155,a2e8,92b1,7fbe,6af0,
3042,6155,a2e8,92b1,7fbe,5a12,
3043,0000,6bc9,a225,7fbe,f9cb,
3044,6155,a2e8,92b1,7fbe,2967,
3045,6175,a2e8,92b1,7fbe,9d22,
3046,6155,a2e8,92b1,7fbe,804c,
3047,6955,a2e8,92b1,7fbe,31ff,
3048,41d5,a2e8,92b1,7fbe,6ca2,
3049,6155,a2e8,92b1,7fbe,4de2,
3050,6315,bae8,9ab1,7fbe,48f1,
3051,6155,a2e8,92b1,7fbe,6456,
3052,6155,a2e8,92b1,7fbe,c4d0,
3053,6155,a2e8,92b1,7fbe,92c5,
3054,6155,a2e8,92b1,7fbe,4fdf,
3055,5955,b2e8,92b1,7fbe,8df2,
3056,6155,a2e8,92b1,7fbe,a601,
3057,6155,a2e8,92b1,7fbe,c851,
3058,6155,a2e8,92b1,7fbe,625b,
3059,6155,a2e8,92b1,7fbe,b0b5,
3060,6155,a2e8,92b1,7fbe,432c,
3061,6155,a2e8,92b1,7fbe,b3ab,
3062,6155,a2e8,92b1,7fbe,b38b,
3063,7155,a2e8,92b1,7fbe,4ef6,
3064,5157,b2e8,92b1,7fbe,4e81,
3065,6175,a2e8,92b1,7fbe,f723,
3066,6155,a2e8,92b1,7fbe,3456,
3067,6155,a2e8,92b1,7fbe,1f01,
3068,6155,a2e8,92b1,7fbe,b08d,
3069,6155,a2e8,92b1,7fbe,7d6a,
3070,6155,a2e8,92b1,7fbe,4d1c,
3071,6155,a2e8,92b1,7fbe,a5d5,
3072,6155,a2e8,92b1,7fbe,1f1a,
3073,6155,a2e8,92b1,7fbe,55c1,
3074,7155,a2e8,92b1,7fbe,6af0,
3075,6155,a2e8,92b1,7fbe,a956,
3076,6155,a2e8,92b1,7fbe,9fac,
3077,6155,a2e8,92b1,7fbe,6214,
3078,6555,a2e8,92b1,7fbe,d313,
3079,6155,a2e8,92b1,7fbe,ca5b,
3080,6155,a2e8,92b1,7fbe,3950,
3081,0000,d7e1,2039,7fbe,d990,
3082,6155,a2e8,92b1,7fbe,f939,
3083,6155,a2e8,92b1,7fbe,b87c,
3084,61d5,a2e8,92b1,7fbe,900f,
3085,6155,a2e8,92b1,7fbe,fb0d,
3086,0000,1166,92b1,7fbe,f247,
3087,50c9,a2f4,92b9,7fbe,3ad5,
3088,6155,a2e8,92b1,7fbe,36a7,
3089,6155,a2e8,92b1,7fbe,d86c,
3090,6155,a2e8,92b1,7fbe,40f6,
3091,7155,a2e8,92b1,7fbe,27b3,
3092,6155,a2e8,92b1,7fbe,d098,
3093,6155,a2e8,92b1,7fbe,4d6e,
3094,6155,a2e8,92b1,7fbe,18b9,
3095,4143,a2e8,bec4,7fbe,2c75,
3096,6155,a2e8,92b1,7fbe,72dd,
3097,6155,a2e8,92b1,7fbe,be36,
3098,6155,a2e8,92b1,7fbe,3762,
3099,6155,a2e8,92b1,7fbe,99a9,
3100,6155,a2e8,92b1,7fbe,0082,
3101,6155,a2e8,92b1,7fbe,67d5,
3102,6155,a2e8,92b1,7fbe,0b52,
3103,6155,a2e8,92b1,7fbe,8911,
3104,6157,a2e8,92b1,7fbe,224b,
3105,6155,a2e8,92b1,7fbe,e870,
3106,6155,a2e8,92b1,7fbe,8325,
3107,6155,a2e8,92b1,7fbe,5ad6,
3108,6155,a2e8,92b1,7fbe,602e,
3109,6155,a2e8,92b1,7fbe,d98e,
3110,6155,a2e8,92b1,7fbe,16a4,
3111,6155,a2e8,92b1,7fbe,c231,
3112,6155,a2e8,92b1,7fbe,7b97,
3113,6955,a2e8,92b1,7fbe,7c7f,
3114,6155,a2e8,92b1,7fbe,8fd6,
3115,6155,a2e8,92b1,7fbe,5041,
3116,4105,a2c8,92b1,7fbe,38ed,
3117,6155,a2e8,92b1,7fbe,0878,
3118,6155,a2e8,92b1,7fbe,09ec,
3119,6155,a2e8,92b1,7fbe,110e,
3120,6155,a2e8,92b1,7fbe,acdb,
3121,6155,a2e8,92b1,7fbe,e631,
3122,60d5,a2e8,92b1,7fbe,f019,
3123,6175,a2e8,92b1,7fbe,679f,
3124,6155,a2e8,92b1,7fbe,2a9a,
3125,6155,a2e8,92b1,7fbe,b953,
3126,0000,8e3a,9eb1,7fbe,b6f2,
3127,6155,a2e8,92b1,7fbe,3a78,
3128,0000,0000,92b1,7fbe,d968,
3129,6051,a2e8,92b1,7fbe,bdfe,
3130,6155,a2e8,92b1,7fbe,8f0e,
3131,61d1,a2e8,92b1,7fbe,493c,
3132,e155,a2e8,92b1,7fbe,fb10,
3133,6155,a2e8,92b1,7fbe,85fe,
3134,7155,a2e8,92b1,7fbe,702c,
3135,6155,a2e8,92b1,7fbe,eb87,
3136,2155,a2a8,92b1,7fbe,7d35,
3137,6175,a2e8,92b1,7fbe,2e7d,
3138,6155,a2e8,92b1,7fbe,08cd,
3139,6155,a2e8,92b1,7fbe,d7d7,
3140,6155,a2e8,92b1,7fbe,8496,
3141,6155,a2e8,92b1,7fbe,d834,
3142,0000,82a0,92b1,7fbe,5993,
3143,6155,a2e8,92b1,7fbe,c015,
3144,6155,a2e8,92b1,7fbe,bfc2,
3145,6155,a2e8,92b1,7fbe,d549,
3146,6155,a2e8,92b1,7fbe,ae67,
3147,6155,a2e8,92b1,7fbe,7631,
3148,6155,a2e8,92b1,7fbe,6f4c,
3149,6155,a2e8,92b1,7fbe,544a,
3150,ed86,3ac8,92b1,7fbe,aa86,
3151,6155,a2e8,92b1,7fbe,1cf5,
3152,6155,a2e8,92b1,7fbe,4618,
3153,6155,a2e8,92b1,7fbe,ad94,
3154,6155,a2e8,92b1,7fbe,48f2,
3155,e376,a689,9291,7fbe,d933,
3156,6955,a2e8,92b1,7fbe,0b0d,
3157,6155,a2e8,92b1,7fbe,138b,
3158,6155,a2e8,92b1,7fbe,827e,
3159,6115,a2e8,92b1,7fbe,c95c,
3160,6155,a2e8,92b1,7fbe,2ade,
3161,6155,a2e8,92b1,7fbe,b51b,
3162,6155,a2e8,92b1,7fbe,33ed,
3163,6155,a2e8,92b1,7fbe,cb9f,
3164,6155,a2e8,92b1,7fbe,6214,
3165,6155,a2e8,92b1,7fbe,162f,
3166,6155,a2e8,92b1,7fbe,5069,
3167,f9d5,a2e8,50a9,7fbe,c218,
3168,f78e,01c3,92d0,7fbe,a3e9,
3169,6175,a2e8,92b1,7fbe,3223,
3170,6155,a2e8,92b1,7fbe,6ecd,
3171,6155,a2e8,92b1,7fbe,93dc,
3172,5957,b2e8,92b1,7fbe,e003,
3173,6155,a2e8,92b1,7fbe,fd59,
3174,6975,a2e8,92b1,7fbe,a9f9,
3175,e4e4,a2e8,92b1,7fbe,b451,
3176,f866,a268,92b1,7fbe,5c9e,
3177,6155,a2e8,92b1,7fbe,4027,
3178,6155,a2e8,92b1,7fbe,2167,
3179,0000,cba9,92b1,7fbe,f9be,
3180,6155,a2e8,92b1,7fbe,9a49,
3181,6155,a2e8,92b1,7fbe,8614,
3182,6155,a2e8,92b1,7fbe,ef0d,
3183,0000,a2e8,4046,7fbe,d2f7,
3184,6155,a2e8,92b1,7fbe,4fdf,
3185,0000,63d8,f9bb,7fbe,65a8,
3186,6155,a2e8,92b1,7fbe,e262,
3187,6155,a2e8,92b1,7fbe,554b,
3188,0000,759c,92b1,7fbe,d6f4,
3189,6155,a2e8,92b1,7fbe,9c22,
3190,6155,a2e8,92b1,7fbe,95b5,
3191,0000,67ad,92b1,7fbe,aedb,
3192,71d5,a2a8,92b1,7fbe,1c53,
3193,6155,a2e8,92b1,7fbe,e11b,
3194,6155,a2e8,92b1,7fbe,727a,
3195,b292,a2e8,b0e7,7fbe,2256,
3196,6155,a2e8,92b1,7fbe,cede,
3197,6155,a2e8,92b1,7fbe,0918,
3198,6155,a2e8,92b1,7fbe,db67,
3199,6155,a2e8,92b1,7fbe,a9b0,
3200,6155,a2e8,92b1,7fbe,c4c6,
3201,6955,a2e8,92b1,7fbe,cbfe,
3202,6155,a2e8,92b1,7fbe,7ead,
3203,6155,a2e8,92b1,7fbe,814a,
3204,7155,a2e8,92b1,7fbe,2613,
3205,6155,a2e8,92b1,7fbe,df54,
3206,6115,a2e8,92b1,7fbe,c541,
3207,6155,a2e8,92b1,7fbe,1ad0,
3208,6155,a2e8,92b1,7fbe,e3e7,
3209,6155,a2e8,92b1,7fbe,dc37,
3210,6547,a2e8,92b1,7fbe,83d3,
3211,4155,a2e8,92b1,7fbe,d744,
3212,6155,a2e8,92b1,7fbe,02c7,
3213,6155,a2e8,92b1,7fbe,356b,
3214,6155,a2e8,92b1,7fbe,9c00,
3215,6155,a2e8,92b1,7fbe,1343,
3216,6155,a2e8,92b1,7fbe,2bf3,
3217,6155,a2e8,92b1,7fbe,8cf0,
3218,6155,a2e8,92b1,7fbe,7e51,
3219,6155,a2e8,92b1,7fbe,e272,
3220,0000,dbe1,17e0,7fbe,fbba,
3221,6155,a2e8,92b1,7fbe,7e4f,
3222,6155,a2e8,92b1,7fbe,5362,
3223,6155,a2e8,92b1,7fbe,1223,
3224,0000,a2a1,b8c4,7fbe,2a75,
3225,e4e4,a2e8,92b1,7fbe,b451,
3226,6155,a2e8,92b1,7fbe,111a,
3227,6155,a2e8,92b1,7fbe,4ccc,
3228,6155,a2e8,92b1,7fbe,bcfa,
3229,6155,a2e8,92b1,7fbe,aa1a,
3230,6155,a2e8,92b1,7fbe,5118,
3231,6155,a2e8,92b1,7fbe,5da2,
3232,6155,a2e8,92b1,7fbe,9cf1,
3233,7ff2,22e0,d2b1,7fbe,522f,
3234,6114,a2e8,92b1,7fbe,4198,
3235,6155,a2e8,92b1,7fbe,6229,
3236,6155,a2e8,92b1,7fbe,43e6,
3237,6115,a2e8,92b1,7fbe,36bb,
3238,7155,a2e8,92b1,7fbe,9c03,
3239,0000,a2e8,f6ee,7fbe,645f,
3240,6155,a2e8,92b1,7fbe,927b,
3241,6955,a2e8,92b1,7fbe,16ab,
3242,6155,a2e8,92b1,7fbe,c091,
3243,6155,a2e8,92b1,7fbe,9485,
3244,6155,a2e8,92b1,7fbe,d73f,
3245,6115,a2e8,92b1,7fbe,7176,
3246,4053,a2e8,92b1,7fbe,ee1f,
3247,0000,8a0f,8401,7fbe,13a7,
3248,6155,a2e8,92b1,7fbe,42b2,
3249,61d7,a2e8,92b1,7fbe,d17a,
3250,6155,a2e8,92b1,7fbe,6018,
3251,6155,a2e8,92b1,7fbe,4ef0,
3252,6155,a2e8,92b1,7fbe,8125,
3253,6157,a2e8,92b1,7fbe,d79d,
3254,6155,a2e8,92b1,7fbe,c9b0,
3255,6155,a2e8,92b1,7fbe,8529,
3256,6155,a2e8,92b1,7fbe,45e3,
3257,e6d6,4bc8,92b1,7fbe,5e5e,
3258,6055,a2e8,92b1,7fbe,6153,
3259,6155,a2e8,92b1,7fbe,b318,
3260,6155,a2e8,92b1,7fbe,ebed,
3261,6155,a2e8,92b1,7fbe,eed1,
3262,7175,a2e8,92b1,7fbe,5d5b,
3263,6155,a2e8,92b1,7fbe,0fe1,
3264,6155,a2e8,92b1,7fbe,5ce4,
3265,6155,a2e8,92b1,7fbe,8822,
3266,6155,a2e8,92b1,7fbe,74e5,
3267,6155,a2e8,92b1,7fbe,cd9c,
3268,4155,a2e8,92b1,7fbe,ce9c,
3269,6155,a2e8,92b1,7fbe,114a,
3270,6155,a2e8,92b1,7fbe,1f3f,
3271,7155,a2e8,92b1,7fbe,93b6,
3272,6155,a2e8,92b1,7fbe,e464,
3273,6155,a2e8,92b1,7fbe,2130,
3274,6155,a2e8,92b1,7fbe,6764,
3275,6157,a2e8,92b1,7fbe,f0ca,
3276,6155,a2e8,92b1,7fbe,9111,
3277,6155,a2e8,92b1,7fbe,278b,
3278,6d54,a2a8,92b1,7fbe,d151,
3279,6155,a2e8,92b1,7fbe,4963,
3280,6155,a2e8,92b1,7fbe,8c55,
3281,6055,a2e8,92b1,7fbe,35e8,
3282,6155,a2e8,92b1,7fbe,2331,
3283,6155,a2e8,92b1,7fbe,3bd7,
3284,6155,a2e8,92b1,7fbe,d656,
3285,6155,a2e8,92b1,7fbe,056b,
3286,6155,a2e8,92b1,7fbe,36b8,
3287,0000,218d,9473,7fbe,00c3,
3288,6155,a2e8,92b1,7fbe,18b8,
3289,6155,a2e8,92b1,7fbe,3dea,
3290,6155,a2e8,92b1,7fbe,a09c,
3291,49d5,b2e8,92b1,7fbe,3f20,
3292,6155,a2e8,92b1,7fbe,6a59,
3293,6155,a2e8,92b1,7fbe,49fe,
3294,7155,a2e8,92b1,7fbe,6275,
3295,6155,a2e8,92b1,7fbe,41be,
3296,6155,a2e8,92b1,7fbe,0ba7,
3297,6155,a2e8,92b1,7fbe,9b74,
3298,6155,a2e8,92b1,7fbe,2b17,
3299,6155,a2e8,92b1,7fbe,3827,
3300,6115,a2e8,92b1,7fbe,1a3e,
3301,6155,a2e8,92b1,7fbe,4155,
3302,6155,a2e8,92b1,7fbe,de1d,
3303,e1f7,a2ae,92b3,7fbe,b8b4,
3304,6155,a2e8,92b1,7fbe,7f51,
3305,6155,a2e8,92b1,7fbe,2642,
3306,6155,a2e8,92b1,7fbe,8851,
3307,6155,a2e8,92b1,7fbe,9de0,
3308,6155,a2e8,92b1,7fbe,d164,
3309,6175,a2e8,92b1,7fbe,ef54,
3310,6155,a2e8,92b1,7fbe,6eb3,
3311,6155,a2e8,92b1,7fbe,4e2c,
3312,6155,a2e8,92b1,7fbe,9692,
3313,6155,a2e8,92b1,7fbe,1fe8,
3314,6155,a2e8,92b1,7fbe,9124,
3315,6315,a2e8,92b1,7fbe,d011,
3316,6157,a2e8,92b1,7fbe,825b,
3317,6155,a2e8,92b1,7fbe,5630,
3318,0000,a2e8,900c,7fbe,02bd,
3319,6155,a2e8,92b1,7fbe,3524,
3320,6155,a2e8,92b1,7fbe,5053,
3321,6145,a2e8,92b1,7fbe,dc6e,
3322,6155,a2e8,92b1,7fbe,8a57,
3323,6155,a2e8,92b1,7fbe,c5b4,
3324,6155,a2e8,92b1,7fbe,7101,
3325,617d,a2e8,92b1,7fbe,1c02,
3326,0000,1c93,2cca,7fbe,be7b,
3327,6155,a2e8,92b1,7fbe,617b,
3328,6155,a2e8,92b1,7fbe,ea52,
3329,6155,a2e8,92b1,7fbe,00fd,
3330,6155,a2e8,92b1,7fbe,9c3f,
3331,6155,a2e8,92b1,7fbe,2a6f,
3332,6055,a2e8,92b1,7fbe,e1fa,
3333,0000,822f,19b1,7fbe,16c7,
3334,0000,0289,92b1,7fbe,720d,
3335,6155,a2e8,92b1,7fbe,67da,
3336,6155,a2e8,92b1,7fbe,72c1,
3337,6155,a2e8,92b1,7fbe,ab71,
3338,6155,a2e8,92b1,7fbe,8d9d,
3339,4195,a2e2,92b5,7fbe,6414,
3340,0000,b6ef,92b1,7fbe,01d4,
3341,6155,a2e8,92b1,7fbe,3fc2,
3342,6155,a2e8,92b1,7fbe,a263,
3343,635d,a2e8,92b1,7fbe,fd7d,
3344,6155,a2e8,92b1,7fbe,d179,
3345,6155,a2e8,92b1,7fbe,454e,
3346,6155,a2e8,92b1,7fbe,3eee,
3347,7155,a2e8,92b1,7fbe,dca0,
3348,6915,a2e8,92b1,7fbe,9fae,
3349,6155,a2e8,92b1,7fbe,b403,
3350,6155,a2e8,92b1,7fbe,05fc,
3351,2155,a2e8,92b1,7fbe,d1d7,
3352,61f5,a2a8,92b1,7fbe,8100,
3353,6155,a2e8,92b1,7fbe,0c41,
3354,6155,a2e8,92b1,7fbe,092d,
3355,4155,a2e8,92b1,7fbe,e6f1,
3356,637d,a2e8,92b1,7fbe,7ffd,
3357,6155,a2e8,92b1,7fbe,3ed5,
3358,6155,a2e8,92b1,7fbe,2f13,
3359,6155,a2e8,92b1,7fbe,5f97,
3360,6955,a2e8,92b1,7fbe,9e91,
3361,59d7,b2e8,92b1,7fbe,ba6c,
3362,6155,a2e8,92b1,7fbe,c39e,
3363,69d5,a2a8,92b1,7fbe,c9d3,
3364,6155,a2e8,92b1,7fbe,f077,
3365,6155,a2e8,92b1,7fbe,d756,
3366,6155,a2e8,92b1,7fbe,6033,
3367,0000,21de,9237,7fbe,82fa,
3368,6175,a2e8,92b1,7fbe,f7f9,
3369,2155,a2e8,92b1,7fbe,7ad7,
3370,6155,a2e8,92b1,7fbe,1b64,
3371,6155,a2e8,92b1,7fbe,5bb6,
3372,0513,82ea,e2b5,5fbe,750f,
3373,3151,82e8,92b1,7fbe,ce0d,
3374,6155,a2e8,92b1,7fbe,22c8,
3375,7155,a2e8,92b1,7fbe,79e9,
3376,6155,a2e8,92b1,7fbe,116f,
3377,6155,a2e8,92b1,7fbe,a76b,
3378,6155,a2e8,92b1,7fbe,6907,
3379,6115,a2e8,92b1,7fbe,65cc,
3380,6155,a2e8,92b1,7fbe,3f6e,
3381,0000,c1e2,80e0,7fbe,57a6,
3382,7155,a2e8,92b1,7fbe,6223,
3383,6155,a2e8,92b1,7fbe,b66e,
3384,6155,a2e8,92b1,7fbe,30b7,
3385,6155,a2e8,92b1,7fbe,d700,
3386,6155,a2e8,92b1,7fbe,2db7,
3387,4155,a2e8,92b1,7fbe,b2fb,
3388,415b,eaee,c2b1,5fbe,fd87,
3389,6157,b2e8,92b1,7fbe,470f,
3390,2957,a2e8,92b1,7fbe,51df,
3391,2115,a2e8,92b1,7fbe,0fab,
3392,6155,a2e8,92b1,7fbe,24f4,
3393,515d,b2ec,92b1,7fbe,7cce,
3394,6155,a2e8,92b1,7fbe,7177,
3395,6955,a2e8,92b1,7fbe,89aa,
3396,6155,a2e8,92b1,7fbe,b059,
3397,635d,a2e8,92b1,7fbe,4f0b,
3398,6155,a2e8,92b1,7fbe,d832,
3399,0000,662f,92b1,7fbe,5962,
3400,6115,a2e8,92b1,7fbe,7643,
3401,6155,a2e8,92b1,7fbe,53be,
3402,6155,a2e8,92b1,7fbe,b98c,
3403,6155,a2e8,92b1,7fbe,23a3,
3404,6115,a2e8,92b1,7fbe,93e8,
3405,6155,a2e8,92b1,7fbe,5592,
3406,6115,a2e8,92b1,7fbe,caae,
3407,6155,a2e8,92b1,7fbe,85a8,
3408,7151,a2e8,92b1,7fbe,02d5,
3409,6155,a2e8,92b1,7fbe,ab4e,
3410,6155,a2e8,92b1,7fbe,aac2,
3411,7155,a2e8,92b1,7fbe,04b7,
3412,3d65,a2e8,f040,7fbe,62f1,
3413,6155,a2e8,92b1,7fbe,ced3,
3414,6155,a2e8,92b1,7fbe,fc8c,
3415,6155,a2e8,92b1,7fbe,f3eb,
3416,6654,20e8,92b1,7fbe,e130,
3417,6155,a2e8,92b1,7fbe,b06e,
3418,61f5,a2e8,92b1,7fbe,9d5d,
3419,6155,a2e8,92b1,7fbe,522b,
3420,6155,a2e8,92b1,7fbe,85f4,
3421,6155,a2e8,92b1,7fbe,4c75,
3422,6175,a2e8,92b1,7fbe,e655,
3423,6155,a2e8,92b1,7fbe,1d77,
3424,6155,a2e8,92b1,7fbe,d51f,
3425,7155,a2e8,92b1,7fbe,b437,
3426,6955,a2e8,92b1,7fbe,61df,
3427,6114,a2e8,92b1,7fbe,a98f,
3428,69b4,a2a8,92b1,7fbe,1aec,
3429,6550,9ae8,82b1,7fbe,76a7,
3430,0000,322d,92b1,7fbe,dc38,
3431,2155,a2e8,92b1,7fbe,c30b,
3432,6155,a2e8,92b1,7fbe,5704,
3433,6175,a2e8,92b1,7fbe,37b3,
3434,6155,a2e8,92b1,7fbe,a0bb,
3435,6155,a2e8,92b1,7fbe,37ce,
3436,6955,a2e8,92b1,7fbe,e4ca,
3437,6155,a2e8,92b1,7fbe,6277,
3438,6155,a2e8,92b1,7fbe,5979,
3439,5d57,e2e5,1099,7fae,b924,
3440,6115,a2e8,92b1,7fbe,d3d6,
3441,0000,a063,92b1,7fbe,1d1f,
3442,6155,a2e8,92b1,7fbe,256a,
3443,6155,a2e8,92b1,7fbe,d659,
3444,6157,a2e8,92b1,7fbe,bdb2,
3445,7115,a2e8,92b1,7fbe,1043,
3446,6155,a2e8,92b1,7fbe,9ced,
3447,6155,a2e8,92b1,7fbe,f018,
3448,6555,a2e8,92b1,7fbe,8eed,
3449,0000,0c12,92b1,7fbe,f72c,
3450,6155,a2e8,92b1,7fbe,1436,
3451,0000,a6a9,92b1,7fbe,7e58,
3452,6155,a2e8,92b1,7fbe,5e72,
3453,6155,a2e8,92b1,7fbe,aa0b,
3454,6155,a2e8,92b1,7fbe,00db,
3455,6155,a2e8,92b1,7fbe,c461,
3456,6155,a2e8,92b1,7fbe,de2e,
3457,6155,a2e8,92b1,7fbe,336b,
3458,6175,a2e8,92b1,7fbe,8240,
3459,6155,a2e8,92b1,7fbe,ecdd,
3460,6155,a2e8,92b1,7fbe,1b08,
3461,6155,a2e8,92b1,7fbe,18bb,
3462,6051,a2e8,92b1,7fbe,a18f,
3463,6155,a2e8,92b1,7fbe,5ef7,
3464,6155,a2e8,92b1,7fbe,7ae4,
3465,6155,a2e8,92b1,7fbe,351b,
3466,6155,a2e8,92b1,7fbe,6349,
3467,0000,e1fc,92b1,7fbe,8662,
3468,6155,a2e8,92b1,7fbe,b5ac,
3469,6155,a2e8,92b1,7fbe,f864,
3470,6915,a2e8,92b1,7fbe,bdf5,
3471,6155,a2e8,92b1,7fbe,5da2,
3472,62dd,a3e8,92b1,7fbe,cb6e,
3473,6155,a2e8,92b1,7fbe,0695,
3474,6155,a2e8,92b1,7fbe,9a24,
3475,4955,b2e8,92b1,7fbe,160e,
3476,6155,a2e8,92b1,7fbe,befa,
3477,6155,a2e8,92b1,7fbe,36b7,
3478,6155,a2e8,92b1,7fbe,ec9c,
3479,6155,a2e8,92b1,7fbe,6969,
3480,6155,a2e8,92b1,7fbe,2f5e,
3481,6155,a2e8,92b1,7fbe,c975,
3482,6955,a2e8,92b1,7fbe,7856,
3483,6155,a2e8,92b1,7fbe,7aed,
3484,e075,a2e8,92b1,7fbe,efb0,
3485,6155,a2e8,92b1,7fbe,35fc,
3486,7555,a2e8,92b1,7fbe,9560,
3487,6155,a2e8,92b1,7fbe,ede3,
3488,6155,a2e8,92b1,7fbe,4fd6,
3489,6955,a2e8,92b1,7fbe,4158,
3490,6115,a2e8,92b1,7fbe,be51,
3491,6155,a2e8,92b1,7fbe,7502,
3492,0000,d572,1817,7fbe,9f50,
3493,6115,a2e8,92b1,7fbe,d740,
3494,6155,a2e8,92b1,7fbe,f323,
3495,6975,a2e8,92b1,7fbe,e828,
3496,6155,a2e8,92b1,7fbe,1b64,
3497,6155,a2e8,92b1,7fbe,03e7,
3498,e35d,e2e8,92b1,7fbe,3fbf,
3499,6155,a2e8,92b1,7fbe,a284,
3500,0000,16d3,3091,7fbe,115a,
3501,4957,b2e8,92b1,7fbe,8b48,
3502,6155,a2e8,92b1,7fbe,850e,
3503,6055,a2e8,92b1,7fbe,c80a,
3504,6155,a2e8,92b1,7fbe,f402,
3505,6155,a2e8,92b1,7fbe,0761,
3506,6155,a2e8,92b1,7fbe,74b8,
3507,6155,a2e8,92b1,7fbe,a20f,
3508,7915,a2e8,92b1,7fbe,2553,
3509,6155,a2e8,92b1,7fbe,79ab,
3510,6155,a2e8,92b1,7fbe,3c41,
3511,6155,a2e8,92b1,7fbe,0396,
3512,a704,22c8,92b1,7fbe,a58f,
3513,6115,a2e8,92b1,7fbe,7e63,
3514,0000,a2a9,0a42,7fbe,98f3,
3515,6155,a2e8,92b1,7fbe,37fe,
3516,6955,a2e8,92b1,7fbe,da1d,
3517,4157,b2e8,92b1,7fbe,7f29,
3518,6155,a2e8,92b1,7fbe,d9da,
3519,6114,a2e8,92b1,7fbe,19f9,
3520,6155,a2e8,92b1,7fbe,7486,
3521,6155,a2e8,92b1,7fbe,ffbe,
3522,6155,a2e8,92b1,7fbe,7f03,
3523,6155,a2e8,92b1,7fbe,ef0d,
3524,6155,a2e8,92b1,7fbe,4c0b,
3525,6155,a2e8,92b1,7fbe,68a5,
3526,6155,a2e8,92b1,7fbe,1037,
3527,6155,a2e8,92b1,7fbe,8661,
3528,51ed,a2e8,a9a1,7fbe,3b10,
3529,6955,a2a8,92b1,7fbe,ac59,
3530,6155,a2e8,92b1,7fbe,c0b9,
3531,6155,a2e8,92b1,7fbe,895e,
3532,6155,a2e8,92b1,7fbe,1452,
3533,6155,a2e8,92b1,7fbe,4631,
3534,6155,a2e8,92b1,7fbe,8e8f,
3535,6155,a2e8,92b1,7fbe,3d43,
3536,6155,a2e8,92b1,7fbe,edb7,
3537,6155,a2e8,92b1,7fbe,faab,
3538,6155,a2e8,92b1,7fbe,f145,
3539,6155,a2e8,92b1,7fbe,663c,
3540,6155,a2e8,92b1,7fbe,f372,
3541,6155,a2e8,92b1,7fbe,ef0f,
3542,7155,a2e8,92b1,7fbe,a77d,
3543,6155,a2e8,92b1,7fbe,656d,
3544,6155,a2e8,92b1,7fbe,e23a,
3545,6155,a2e8,92b1,7fbe,607b,
3546,0000,12f3,9770,7fbe,1bf0,
3547,0000,b41b,4987,7fbe,3a49,
3548,6155,a2e8,92b1,7fbe,66c1,
3549,6155,a2e8,92b1,7fbe,edee,
3550,6155,a2e8,92b1,7fbe,d662,
3551,e955,a2e8,92b1,7fbe,a8c1,
3552,6155,a2e8,92b1,7fbe,d36d,
3553,6155,a2e8,92b1,7fbe,bf23,
3554,6155,a2e8,92b1,7fbe,9c8b,
3555,4955,b2e8,92b1,7fbe,6116,
3556,6155,a2e8,92b1,7fbe,121c,
3557,6155,a2e8,92b1,7fbe,76cd,
3558,6155,a2e8,92b1,7fbe,6b72,
3559,6155,a2e8,92b1,7fbe,4a63,
3560,6155,a2e8,92b1,7fbe,e908,
3561,0000,b4e8,92b1,7fbe,041f,
3562,6155,a2e8,92b1,7fbe,e761,
3563,6155,a2e8,92b1,7fbe,5206,
3564,6955,a2e8,92b1,7fbe,7a3d,
3565,6155,a2e8,92b1,7fbe,d593,
3566,0000,d8f3,e8aa,7fbe,7a1b,
3567,6155,a2e8,92b1,7fbe,8af6,
3568,6155,a2e8,92b1,7fbe,3736,
3569,6155,a2e8,92b1,7fbe,51c2,
3570,6155,a2e8,92b1,7fbe,a4a0,
3571,6155,a2e8,92b1,7fbe,5006,
3572,7155,a2e8,92b1,7fbe,3106,
3573,59d7,b2e8,92b1,7fbe,e945,
3574,6155,a2e8,92b1,7fbe,a6f8,
3575,6155,a2e8,92b1,7fbe,5dfa,
3576,6155,a2e8,92b1,7fbe,1a07,
3577,6155,a2e8,92b1,7fbe,875f,
3578,6155,a2e8,92b1,7fbe,d4cf,
3579,6155,a2e8,92b1,7fbe,2559,
3580,6155,a2e8,92b1,7fbe,2e89,
3581,6155,a2e8,92b1,7fbe,268a,
3582,2755,a0e8,92b1,7fbe,1381,
3583,6da7,a2e8,b11c,7fbe,23ad,
3584,6155,a2e8,92b1,7fbe,b13b,
3585,6155,a2e8,92b1,7fbe,18b7,
3586,6155,a2e8,92b1,7fbe,7310,
3587,6155,a2e8,92b1,7fbe,d11f,
3588,6155,a2e8,92b1,7fbe,d71f,
3589,6155,a2e8,92b1,7fbe,3cab,
3590,6155,a2e8,92b1,7fbe,4e7e,
3591,6155,a2e8,92b1,7fbe,d9ff,
3592,6155,a2e8,92b1,7fbe,191f,
3593,61f7,a2e8,92b1,7fbe,91e6,
3594,6155,a2e8,92b1,7fbe,a281,
3595,6155,a2e8,92b1,7fbe,9f51,
3596,6155,a2e8,92b1,7fbe,4147,
3597,6155,a2e8,92b1,7fbe,88af,
3598,6155,a2e8,92b1,7fbe,a3e6,
3599,69f7,a2a8,92b1,7fbe,6504,
3600,61d5,a2e8,92b1,7fbe,1b45,
3601,6175,a2e8,92b1,7fbe,3d2b,
3602,6155,a2e8,92b1,7fbe,baf7,
3603,6555,a2e8,92b1,7fbe,f340,
3604,6155,a2e8,92b1,7fbe,f2f8,
3605,6155,a2e8,92b1,7fbe,ea58,
3606,7d55,aae8,92b1,7fbe,8ff1,
3607,6155,a2e8,92b1,7fbe,70cf,
3608,0000,aa88,92b1,7fbe,dde9,
3609,6155,a2e8,92b1,7fbe,ab65,
3610,6155,a2e8,92b1,7fbe,7f35,
3611,6155,a2e8,92b1,7fbe,0e78,
3612,6155,a2e8,92b1,7fbe,537b,
3613,0000,89c4,9eb2,7fbe,2b49,
3614,6145,a2e8,92b1,7fbe,7a5d,
3615,61f5,a2a8,92b1,7fbe,dcc7,
3616,6155,a2e8,92b1,7fbe,c6cf,
3617,3257,a2e8,b45e,7fbe,26ef,
3618,6155,a2e8,92b1,7fbe,60b4,
3619,6155,a2e8,92b1,7fbe,c8cb,
3620,6155,a2e8,92b1,7fbe,234d,
3621,6155,a2e8,92b1,7fbe,1688,
3622,6155,a2e8,92b1,7fbe,00bd,
3623,6155,a2e8,92b1,7fbe,8b60,
3624,61d5,a2e8,92b1,7fbe,3024,
3625,6155,a2e8,92b1,7fbe,4b6c,
3626,6155,a2e8,92b1,7fbe,55fd,
3627,6155,a2e8,92b1,7fbe,f2c9,
3628,6155,a2e8,92b1,7fbe,3791,
3629,6155,a2e8,92b1,7fbe,6283,
3630,6155,a2e8,92b1,7fbe,2528,
3631,2155,a2e8,92b1,7fbe,448a,
3632,6155,a2e8,92b1,7fbe,f8c8,
3633,6155,a2e8,92b1,7fbe,543e,
3634,7155,a2e8,92b1,7fbe,de58,
3635,f9d5,a2e8,50a9,7fbe,c218,
3636,6155,a2e8,92b1,7fbe,02ae,
3637,6155,a2e8,92b1,7fbe,9caa,
3638,6151,a2e8,92b1,7fbe,418e,
3639,6545,a2e8,92b1,7fbe,8a30,
3640,6155,a2e8,92b1,7fbe,32ca,
3641,6155,a2e8,92b1,7fbe,5dd9,
3642,6175,a2e8,92b1,7fbe,8610,
3643,6155,a2e8,92b1,7fbe,77c5,
3644,6155,a2e8,92b1,7fbe,824c,
3645,6175,a2e8,92b1,7fbe,bce7,
3646,6155,a2e8,92b1,7fbe,8ccc,
3647,6155,a2e8,92b1,7fbe,606f,
3648,6155,a2e8,92b1,7fbe,6572,
3649,6155,a2e8,92b1,7fbe,1133,
3650,6155,a2e8,92b1,7fbe,f3c3,
3651,0000,63c8,6f55,7fbe,fde4,
3652,6155,a2e8,92b1,7fbe,8146,
3653,6155,a2e8,92b1,7fbe,69d8,
3654,6155,a2e8,92b1,7fbe,416f,
3655,6155,a2e8,92b1,7fbe,c77b,
3656,6155,a2e8,92b1,7fbe,202d,
3657,6115,a2e8,92b1,7fbe,4caa,
3658,2155,a2e8,92b1,7fbe,7883,
3659,0000,a5ad,92b1,7fbe,0753,
3660,6155,a2e8,92b1,7fbe,7a6f,
3661,6535,a288,9291,7fbe,9e9b,
3662,6955,a2e8,92b1,7fbe,e6b3,
3663,6155,a2e8,92b1,7fbe,332a,
3664,6115,a2e8,92b1,7fbe,44d5,
3665,6155,a2e8,92b1,7fbe,d67a,
3666,6155,a2e8,92b1,7fbe,5e85,
3667,97c5,a2e8,92b1,7fbe,f114,
3668,6155,a2e8,92b1,7fbe,aae8,
3669,6155,a2e8,92b1,7fbe,ebb4,
3670,6155,a2e8,92b1,7fbe,240e,
3671,6155,a2e8,92b1,7fbe,9404,
3672,e196,a2a9,92b1,7fbe,ea11,
3673,6155,a2e8,92b1,7fbe,680a,
3674,6155,a2e8,92b1,7fbe,6ea6,
3675,6155,a2e8,92b1,7fbe,18cb,
3676,6155,a2e8,92b1,7fbe,80ea,
3677,6155,a2e8,92b1,7fbe,6081,
3678,435d,62e9,12b1,7fbe,7b28,
3679,c5ff,a6e9,9291,7fbe,5dee,
3680,6155,a2e8,92b1,7fbe,67a7,
3681,6155,a2e8,92b1,7fbe,5914,
3682,61cd,a2e8,92b1,7fbe,04ba,
3683,6155,a2e8,92b1,7fbe,e02c,
3684,6155,a2e8,92b1,7fbe,d6c7,
3685,6175,a2e8,92b1,7fbe,e94b,
3686,6115,a2e8,92b1,7fbe,dd81,
3687,6155,a2e8,92b1,7fbe,fbe4,
3688,6155,a2e8,92b1,7fbe,0be1,
3689,42d5,a3e8,92b1,7fbe,7a28,
3690,6155,a2e8,92b1,7fbe,59e8,
3691,6155,a2e8,92b1,7fbe,3392,
3692,6175,a2e8,92b1,7fbe,a187,
3693,605d,a2e8,92b1,7fbe,380b,
3694,6155,a2e8,92b1,7fbe,4884,
3695,6155,a2e8,92b1,7fbe,1cc2,
3696,6155,a2e8,92b1,7fbe,a078,
3697,6155,a2e8,92b1,7fbe,c089,
3698,6155,a2e8,92b1,7fbe,1423,
3699,6175,a2e8,92b1,7fbe,e3d7,
3700,0000,acaa,9cf3,7fbe,0e42,
3701,4553,92ea,82b1,7fbe,5df3,
3702,12c8,a2e8,92b1,7fbe,711d,
3703,61d5,a2a8,92b1,7fbe,d5af,
3704,615d,a2e8,92b1,7fbe,005a,
3705,7155,a2e8,92b1,7fbe,cfd9,
3706,6155,a2e8,92b1,7fbe,93b0,
3707,6175,a2e8,92b1,7fbe,d839,
3708,6155,a2e8,92b1,7fbe,d16c,
3709,0000,8b90,753a,7fbe,bee2,
3710,6155,a2e8,92b1,7fbe,b601,
3711,6115,a2e8,92b1,7fbe,ae01,
3712,6155,a2e8,92b1,7fbe,531f,
3713,6155,a2e8,92b1,7fbe,834d,
3714,6155,a2e8,92b1,7fbe,bd03,
3715,6155,a2e8,92b1,7fbe,e015,
3716,6155,a2e8,92b1,7fbe,21b9,
3717,6155,a2e8,92b1,7fbe,4d59,
3718,33ee,a2e8,92b1,7fbe,561b,
3719,6155,a2e8,92b1,7fbe,f54d,
3720,6115,a2e8,92b1,7fbe,89c1,
3721,6155,a2e8,92b1,7fbe,903f,
3722,6155,a2e8,92b1,7fbe,6ade,
3723,6155,a2e8,92b1,7fbe,2730,
3724,5955,b2e8,92b1,7fbe,db23,
3725,6156,a2e8,92b1,7fbe,b612,
3726,6155,a2e8,92b1,7fbe,beec,
3727,6955,a2e8,92b1,7fbe,e1e6,
3728,6155,a2e8,92b1,7fbe,f0bb,
3729,6175,a2e8,92b1,7fbe,45e8,
3730,6155,a2e8,92b1,7fbe,98ed,
3731,6155,a2e8,92b1,7fbe,52ad,
3732,6155,a2e8,92b1,7fbe,3cff,
3733,0000,a2e8,3860,7fbe,aad1,
3734,5059,c2e8,b2b1,7fbe,325e,
3735,6155,a2e8,92b1,7fbe,77a2,
3736,6155,a2e8,92b1,7fbe,c905,
3737,6155,a2e8,92b1,7fbe,cdcd,
3738,4157,b2e8,92b1,7fbe,7d8e,
3739,0000,a2e8,71a3,7fbe,e312,
3740,6155,a2e8,92b1,7fbe,dc36,
3741,6155,a2e8,92b1,7fbe,dc52,
3742,7155,a2e8,92b1,7fbe,0ca2,
3743,6155,a2e8,92b1,7fbe,603a,
3744,4069,a2e8,92b1,7fbe,251c,
3745,6155,a2e8,92b1,7fbe,1d28,
3746,6155,a2e8,92b1,7fbe,0fd7,
3747,6155,a2e8,92b1,7fbe,6aaa,
3748,5957,b2e8,92b1,7fbe,af04,
3749,274d,a0e0,92b1,7fbe,c009,
3750,6155,a2e8,92b1,7fbe,355f,
3751,6175,a2e8,92b1,7fbe,189c,
3752,61d5,a2e8,92b1,7fbe,6a79,
3753,6155,a2e8,92b1,7fbe,03c1,
3754,5761,a2e8,e95a,7fbe,7beb,
3755,6155,a2e8,92b1,7fbe,9063,
3756,6155,a2e8,92b1,7fbe,3005,
3757,0000,a2e8,3f46,7fbe,adf7,
3758,6955,a2e8,92b1,7fbe,ddef,
3759,0000,3187,92b1,7fbe,2a6a,
3760,6155,a2e8,92b1,7fbe,7bfa,
3761,6155,a2e8,92b1,7fbe,bf17,
3762,6155,a2e8,92b1,7fbe,904d,
3763,6155,a2e8,92b1,7fbe,6dac,
3764,6155,a2e8,92b1,7fbe,e72b,
3765,6155,a2e8,92b1,7fbe,39a7,
3766,6155,a2e8,92b1,7fbe,64d6,
3767,6155,a2e8,92b1,7fbe,20de,
3768,6155,a2e8,92b1,7fbe,1509,
3769,6155,a2e8,92b1,7fbe,ae3b,
3770,0000,0b63,92b1,7fbe,ee80,
3771,6155,a2e8,92b1,7fbe,80f7,
3772,635d,a2e8,92b1,7fbe,6e4e,
3773,6155,a2e8,92b1,7fbe,c09d,
3774,6155,a2e8,92b1,7fbe,6ac6,
3775,61d5,a2a8,92b1,7fbe,d5af,
3776,0000,2cef,7621,7fbe,6436,
3777,6155,a2e8,92b1,7fbe,cddc,
3778,6155,a2e8,92b1,7fbe,2a73,
3779,67d1,a2e8,8dc5,7fbe,1f74,
3780,6155,a2e8,92b1,7fbe,d5ca,
3781,6155,a2e8,92b1,7fbe,07b7,
3782,6155,a2e8,92b1,7fbe,eb88,
3783,6155,a2e8,92b1,7fbe,261f,
3784,6155,a2e8,92b1,7fbe,a5ef,
3785,6155,a2e8,92b1,7fbe,2294,
3786,6155,a2e8,92b1,7fbe,2149,
3787,6155,a2e8,92b1,7fbe,f691,
3788,6155,a2e8,92b1,7fbe,5bf1,
3789,6155,a2e8,92b1,7fbe,0289,
3790,6155,a2e8,92b1,7fbe,d0e0,
3791,6155,a2e8,92b1,7fbe,93f8,
3792,6155,a2e8,92b1,7fbe,542d,
3793,6155,a2e8,92b1,7fbe,9b8d,
3794,6155,a2e8,92b1,7fbe,ef91,
3795,7155,a2e8,92b1,7fbe,a61e,
3796,6155,a2e8,92b1,7fbe,8106,
3797,6155,a2e8,92b1,7fbe,3deb,
3798,6155,a2e8,92b1,7fbe,6180,
3799,6155,a2e8,92b1,7fbe,bc98,
3800,7955,a2e8,92b1,7fbe,0a39,
3801,6155,a2e8,92b1,7fbe,b45d,
3802,6155,a2e8,92b1,7fbe,c9f9,
3803,6155,a2e8,92b1,7fbe,3ded,
3804,6155,a2e8,92b1,7fbe,4cda,
3805,6155,a2e8,92b1,7fbe,e3ed,
3806,6155,a2e8,92b1,7fbe,3884,
3807,6155,a2e8,92b1,7fbe,99c3,
3808,6155,a2e8,92b1,7fbe,f276,
3809,6b75,a6e8,92b1,7fbe,79ac,
3810,0000,9a6e,92b1,7fbe,44c9,
3811,6155,a2e8,92b1,7fbe,eb18,
3812,6155,a2e8,92b1,7fbe,a22d,
3813,6155,a2e8,92b1,7fbe,8db2,
3814,61d5,a2a8,92b1,7fbe,3dfb,
3815,0000,2e46,82b9,7fbe,bcba,
3816,6155,a2e8,92b1,7fbe,22be,
3817,0000,b7ec,92b1,7fbe,500f,
3818,6155,a2e8,92b1,7fbe,b6cc,
3819,d39e,a2e8,55d2,7fbe,c763,
3820,2359,a2e8,3422,7fbe,a693,
3821,6155,a2e8,92b1,7fbe,c658,
3822,6155,a2e8,92b1,7fbe,58d3,
3823,6977,a2a8,92b1,7fbe,c918,
3824,2155,a2e8,92b1,7fbe,7409,
3825,6155,a2e8,92b1,7fbe,3904,
3826,6155,a2e8,92b1,7fbe,3355,
3827,60d1,a2e8,92b1,7fbe,f73d,
3828,6155,a2e8,92b1,7fbe,4900,
3829,6155,a2e8,92b1,7fbe,f569,
3830,6115,a2e8,92b1,7fbe,6b80,
3831,6155,a2e8,92b1,7fbe,7192,
3832,7155,a2e8,92b1,7fbe,96b0,
3833,6155,a2e8,92b1,7fbe,a5ba,
3834,6155,a2e8,92b1,7fbe,4f26,
3835,6155,a2e8,92b1,7fbe,3fff,
3836,6155,a2e8,92b1,7fbe,9119,
3837,6155,a2e8,92b1,7fbe,b118,
3838,6155,a2e8,92b1,7fbe,32cb,
3839,6155,a2e8,92b1,7fbe,f71f,
3840,7155,a2e8,92b1,7fbe,f31e,
3841,6155,a2e8,92b1,7fbe,a504,
3842,6155,a2e8,92b1,7fbe,911e,
3843,6155,a2e8,92b1,7fbe,21f0,
3844,6155,a2e8,92b1,7fbe,48a9,
3845,6155,a2e8,92b1,7fbe,9e27,
3846,69f7,a2a8,92b1,7fbe,0d12,
3847,6155,a2e8,92b1,7fbe,5e15,
3848,6155,a2e8,92b1,7fbe,a552,
3849,6155,a2e8,92b1,7fbe,9ddb,
3850,7155,a2e8,92b1,7fbe,cb8c,
3851,6155,a2e8,92b1,7fbe,b196,
3852,6155,a2e8,92b1,7fbe,0d49,
3853,6155,a2e8,92b1,7fbe,01a3,
3854,6155,a2e8,92b1,7fbe,6114,
3855,7155,a2e8,92b1,7fbe,7647,
3856,51d5,b2e8,92b1,7fbe,c91f,
3857,6155,a2e8,92b1,7fbe,b241,
3858,6155,a2e8,92b1,7fbe,491c,
3859,0000,547d,9699,7fbe,7cd5,
3860,6155,a2e8,92b1,7fbe,507e,
3861,33dc,a2e8,c07c,7fbe,52cd,
3862,2171,82e8,92b1,7fbe,6ac8,
3863,6155,a2e8,92b1,7fbe,9b63,
3864,6155,a2e8,92b1,7fbe,0e02,
3865,6155,a2e8,92b1,7fbe,83b7,
3866,6115,a2e8,92b1,7fbe,3485,
3867,6955,a2e8,92b1,7fbe,7a34,
3868,6955,a2e8,92b1,7fbe,5d03,
3869,1541,40e8,d2b1,7fbe,8b25,
3870,7155,a2e8,92b1,7fbe,63d6,
3871,6155,a2e8,92b1,7fbe,51fe,
3872,6155,a2e8,92b1,7fbe,ce86,
3873,6155,a2e8,92b1,7fbe,ee56,
3874,6155,a2e8,92b1,7fbe,f262,
3875,6145,a2e8,92b1,7fbe,47c5,
3876,6155,a2e8,92b1,7fbe,fa59,
3877,0000,14a1,92b1,7fbe,2371,
3878,6155,a2e8,92b1,7fbe,9864,
3879,61d5,a2a8,92b1,7fbe,5a1e,
3880,6155,a2e8,92b1,7fbe,6aa0,
3881,0000,8d6b,f13d,7fbe,8915,
3882,6155,a2e8,92b1,7fbe,0246,
3883,6155,a2e8,92b1,7fbe,d687,
3884,7175,a2e8,92b1,7fbe,95f2,
3885,6155,a2e8,92b1,7fbe,d736,
3886,6155,a2e8,92b1,7fbe,b694,
3887,e576,aae9,92b1,7fbe,3095,
3888,6155,a2e8,92b1,7fbe,b8c3,
3889,6115,a2e8,92b1,7fbe,c0f1,
3890,5155,a2e8,92b1,7fbe,f5f6,
3891,6155,a2e8,92b1,7fbe,fee7,
3892,6155,a2e8,92b1,7fbe,aece,
3893,6155,a2e8,92b1,7fbe,b287,
3894,6155,a2e8,92b1,7fbe,7214,
3895,6155,a2e8,92b1,7fbe,bedd,
3896,6975,a2a8,92b1,7fbe,7311,
3897,6155,a2e8,92b1,7fbe,e19f,
3898,6155,a2e8,92b1,7fbe,3814,
3899,6155,a2e8,92b1,7fbe,cd4d,
3900,6175,a2e8,92b1,7fbe,b9e3,
3901,0000,af2f,c1b5,7fbe,ba49,
3902,6155,a2e8,92b1,7fbe,92a7,
3903,6f45,a2e8,eb74,7fbe,79c5,
3904,5314,a2e8,92b1,7fbe,3241,
3905,6175,a2e8,92b1,7fbe,f723,
3906,6155,a2e8,92b1,7fbe,90b6,
3907,6155,a2e8,92b1,7fbe,b197,
3908,0000,a2e8,1db1,7fbe,8f00,
3909,61d7,a2e8,92b1,7fbe,1d07,
3910,0000,2590,1672,7fbe,40f8,
3911,6155,a2e8,92b1,7fbe,2944,
3912,6155,a2e8,92b1,7fbe,538d,
3913,6155,a2e8,92b1,7fbe,cf1e,
3914,6155,a2e8,92b1,7fbe,639e,
3915,6155,a2e8,92b1,7fbe,a5fa,
3916,6155,a2e8,92b1,7fbe,054c,
3917,2602,a2e8,ff06,7fbe,6db7,
3918,6155,a2e8,92b1,7fbe,5d4b,
3919,6155,a2e8,92b1,7fbe,ed2e,
3920,6155,a2e8,92b1,7fbe,a590,
3921,0000,37ec,34b0,7fbe,3272,
3922,6155,a2e8,92b1,7fbe,2012,
3923,6155,a2e8,92b1,7fbe,f9ed,
3924,0000,a729,08dc,7fbe,3b2f,
3925,6155,a2e8,92b1,7fbe,a186,
3926,6155,a2e8,92b1,7fbe,ba34,
3927,6155,a2e8,92b1,7fbe,e6b6,
3928,6155,a2e8,92b1,7fbe,98e9,
3929,5157,b2e8,92b1,7fbe,091b,
3930,0000,1e67,1091,7fbe,7ede,
3931,5957,b2e8,92b1,7fbe,a3dc,
3932,0000,1166,92b1,7fbe,f247,
3933,6155,a2e8,92b1,7fbe,c7c8,
3934,6155,a2e8,92b1,7fbe,fdd6,
3935,615d,a2e8,92b1,7fbe,3979,
3936,0000,70f8,92b1,7fbe,1936,
3937,6155,a2e8,92b1,7fbe,5bec,
3938,6155,a2e8,92b1,7fbe,c409,
3939,6155,a2e8,92b1,7fbe,4f7f,
3940,6155,a2e8,92b1,7fbe,ee39,
3941,0000,6f2e,d9bb,7fbe,7b5a,
3942,6155,a2e8,92b1,7fbe,727a,
3943,5155,b2e8,92b1,7fbe,577c,
3944,0000,75b5,92b1,7fbe,d46f,
3945,0000,1a6e,9b13,7fbe,db42,
3946,6155,a2e8,92b1,7fbe,ef4c,
3947,6115,a2e8,92b1,7fbe,c09b,
3948,6175,a2e8,92b1,7fbe,1129,
3949,59d5,b2e8,92b1,7fbe,eefa,
3950,6055,a2e8,92b1,7fbe,92ef,
3951,6155,a2e8,92b1,7fbe,6f2d,
3952,6155,a2e8,92b1,7fbe,f865,
3953,6155,a2e8,92b1,7fbe,93d1,
3954,6155,a2e8,92b1,7fbe,7074,
3955,0155,a2e8,92b1,7fbe,f22a,
3956,7155,a2e8,92b1,7fbe,93f6,
3957,30e6,9c30,97b1,7fbe,90d8,
3958,6155,a2e8,92b1,7fbe,0d63,
3959,6155,a2e8,92b1,7fbe,e340,
3960,6155,a2e8,92b1,7fbe,38f2,
3961,6155,a2e8,92b1,7fbe,d7e7,
3962,6155,a2e8,92b1,7fbe,8e6b,
3963,6155,a2e8,92b1,7fbe,2d73,
3964,6975,a2a8,92b1,7fbe,1655,
3965,6135,a2e8,92b1,7fbe,b5f2,
3966,6155,a2e8,92b1,7fbe,99b3,
3967,6155,a2e8,92b1,7fbe,ecb8,
3968,6b55,a6e8,92b1,7fbe,27c9,
3969,6155,a2e8,92b1,7fbe,2c85,
3970,6115,a2e8,92b1,7fbe,2165,
3971,6155,a2e8,92b1,7fbe,da31,
3972,0000,ff6f,c364,7fbe,2567,
3973,6155,a2e8,92b1,7fbe,234e,
3974,6155,a2e8,92b1,7fbe,37c3,
3975,2813,a2e8,92b1,7fbe,4946,
3976,6155,a2e8,92b1,7fbe,2cbc,
3977,6155,a2e8,92b1,7fbe,5643,
3978,0000,7a4a,4785,7fbe,6cd2,
3979,6155,a2e8,92b1,7fbe,6240,
3980,6155,a2e8,92b1,7fbe,f3bd,
3981,6155,a2e8,92b1,7fbe,f1d5,
3982,6155,a2e8,92b1,7fbe,ccde,
3983,6155,a2e8,92b1,7fbe,022c,
3984,6155,a2e8,92b1,7fbe,0540,
3985,7155,a2e8,92b1,7fbe,a304,
3986,6155,a2e8,92b1,7fbe,d0e7,
3987,6155,a2e8,92b1,7fbe,e2b8,
3988,6155,a2e8,92b1,7fbe,f34e,
3989,6155,a2e8,92b1,7fbe,c821,
3990,6155,a2e8,92b1,7fbe,cbd4,
3991,6155,a2e8,92b1,7fbe,8079,
3992,6155,a2e8,92b1,7fbe,fab2,
3993,6155,a2e8,92b1,7fbe,3f63,
3994,6155,a2e8,92b1,7fbe,e063,
3995,6115,a2e8,92b1,7fbe,8f4d,
3996,e155,a2e8,92b1,7fbe,833e,
3997,6157,a2e8,92b1,7fbe,420f,
3998,6155,a2e8,92b1,7fbe,6e36,
3999,7155,a2e8,92b1,7fbe,2af7,
4000,6155,a2e8,92b1,7fbe,de89,
4001,6155,a2e8,92b1,7fbe,8604,
4002,6155,a2e8,92b1,7fbe,0ee9,
4003,6115,a2e8,92b1,7fbe,12c8,
4004,6155,a2e8,92b1,7fbe,e5da,
4005,6155,a2e8,92b1,7fbe,6993,
4006,6155,a2e8,92b1,7fbe,bbfe,
4007,4155,a2e8,92b1,7fbe,a706,
4008,6155,a2e8,92b1,7fbe,c123,
4009,61f5,a2a8,92b1,7fbe,582e,
4010,41b4,b2ef,92b3,7fbe,0038,
4011,6155,a2e8,92b1,7fbe,f1ed,
4012,6155,a2e8,92b1,7fbe,e010,
4013,a941,43ab,9ab3,7fbe,f147,
4014,21d1,a1e8,93b1,7fbe,747b,
4015,6155,a2e8,92b1,7fbe,90d1,
4016,6155,a2e8,92b1,7fbe,3c41,
4017,6155,a2e8,92b1,7fbe,4533,
4018,6155,a2e8,92b1,7fbe,1300,
4019,4155,a2e8,92b1,7fbe,30be,
4020,6155,a2e8,92b1,7fbe,606b,
4021,6155,a2e8,92b1,7fbe,34ba,
4022,7155,a2e8,92b1,7fbe,13f7,
4023,6155,a2e8,92b1,7fbe,7bc1,
4024,6115,a2e8,92b1,7fbe,9ae2,
4025,6155,a2e8,92b1,7fbe,ced7,
4026,7155,a2e8,92b1,7fbe,1086,
4027,6155,a2e8,92b1,7fbe,57aa,
4028,6155,a2e8,92b1,7fbe,e14b,
4029,6155,a2e8,92b1,7fbe,0d50,
4030,6115,a2e8,92b1,7fbe,719f,
4031,6155,a2e8,92b1,7fbe,3eca,
4032,6045,a2e0,92b1,7fbe,09f4,
4033,6155,a2e8,92b1,7fbe,3a2c,
4034,2155,a2e8,92b1,7fbe,7a5a,
4035,6155,a2e8,92b1,7fbe,170c,
4036,6155,a2e8,92b1,7fbe,9b09,
4037,6155,a2e8,92b1,7fbe,da3b,
4038,6155,a2e8,92b1,7fbe,e0f3,
4039,e195,a2a8,92b1,7fbe,f64f,
4040,6155,a2e8,92b1,7fbe,dacb,
4041,6155,a2e8,92b1,7fbe,5ca5,
4042,6155,a2e8,92b1,7fbe,b999,
4043,5957,b2e8,92b1,7fbe,f3d4,
4044,6155,a2e8,92b1,7fbe,d874,
4045,6155,a2e8,92b1,7fbe,2167,
4046,6155,a2e8,92b1,7fbe,8a93,
4047,6155,a2e8,92b1,7fbe,1a19,
4048,6155,a2e8,92b1,7fbe,49b4,
4049,6155,a2e8,92b1,7fbe,1e4c,
4050,6155,a2e8,92b1,7fbe,a7ad,
4051,6155,a2e8,92b1,7fbe,a1ff,
4052,6155,a2e8,92b1,7fbe,da58,
4053,783b,b2ac,92b1,7fbe,f9fa,
4054,6155,a2e8,92b1,7fbe,5381,
4055,6155,a2e8,92b1,7fbe,798e,
4056,6155,a2e8,92b1,7fbe,06f4,
4057,e175,a2e8,92b1,7fbe,9c7b,
4058,0000,f8a8,10da,7fbe,5db1,
4059,6155,a2e8,92b1,7fbe,51e0,
4060,2141,a0c0,92a1,7fbe,b569,
4061,6155,a2e8,92b1,7fbe,d1b9,
4062,0000,a2e8,5bd3,7fbe,c962,
4063,6155,a2e8,92b1,7fbe,9582,
4064,6175,a2e8,92b1,7fbe,31c0,
4065,6155,a2e8,92b1,7fbe,8c17,
4066,6155,a2e8,92b1,7fbe,defe,
4067,6155,a2e8,92b1,7fbe,a809,
4068,6155,a2e8,92b1,7fbe,7ec9,
4069,e604,aac8,96b1,7fbe,62f0,
4070,6175,a2e8,92b1,7fbe,a406,
4071,6155,a2e8,92b1,7fbe,9ece,
4072,6155,a2e8,92b1,7fbe,aaba,
4073,6155,a2e8,92b1,7fbe,2a36,
4074,6155,a2e8,92b1,7fbe,2aa3,
4075,6155,a2e8,92b1,7fbe,9e03,
4076,6155,a2e8,92b1,7fbe,532b,
4077,6155,a2e8,92b1,7fbe,31cf,
4078,6155,a2e8,92b1,7fbe,309f,
4079,6995,a2a8,92b1,7fbe,e0db,
4080,6155,a2e8,92b1,7fbe,722a,
4081,6155,a2e8,92b1,7fbe,7d8f,
4082,0000,b1ec,92b1,7fbe,5b5a,
4083,6155,a2e8,92b1,7fbe,1383,
4084,6155,a2e8,92b1,7fbe,cb06,
4085,6175,a2e8,92b1,7fbe,cba5,
4086,6155,a2e8,92b1,7fbe,e836,
4087,6155,a2e8,92b1,7fbe,e0e6,
4088,6155,a2e8,92b1,7fbe,3c30,
4089,6155,a2e8,92b1,7fbe,75f6,
4090,6155,a2e8,92b1,7fbe,3212,
4091,6155,a2e8,92b1,7fbe,e1fb,
4092,6155,a2e8,92b1,7fbe,0faf,
4093,6155,a2e8,92b1,7fbe,d019,
4094,61d5,a2e8,92b1,7fbe,5aea,
4095,6155,a2e8,92b1,7fbe,7c55,
4096,6155,a2e8,92b1,7fbe,659c,
4097,6155,a2e8,92b1,7fbe,4e86,
4098,6155,a2e8,92b1,7fbe,71ff,
4099,6135,a2e8,92b1,7fbe,fea5,
4100,6115,a2e8,92b1,7fbe,63e3,
4101,6155,a2e8,92b1,7fbe,75cb,
4102,6155,a2e8,92b1,7fbe,2c73,
4103,7155,a2e8,92b1,7fbe,af6c,
4104,6155,a2e8,92b1,7fbe,f92e,
4105,6155,a2e8,92b1,7fbe,15ec,
4106,6155,a2e8,92b1,7fbe,c7b0,
4107,6155,a2e8,92b1,7fbe,1bb3,
4108,0000,a2e8,290d,7fbe,bbbc,
4109,617d,a2e8,92b1,7fbe,1c02,
4110,6155,a2e8,92b1,7fbe,c7e5,
4111,6155,a2e8,92b1,7fbe,7b17,
4112,6155,a2e8,92b1,7fbe,1d1e,
4113,6155,a2e8,92b1,7fbe,df35,
4114,6155,a2e8,92b1,7fbe,e4ba,
4115,6155,a2e8,92b1,7fbe,2397,
4116,6155,a2e8,92b1,7fbe,0683,
4117,6155,a2e8,92b1,7fbe,e15e,
4118,3141,a2e0,92b1,7fbe,cdb6,
4119,6155,a2e8,92b1,7fbe,00ca,
4120,6155,a2e8,92b1,7fbe,c97c,
4121,6155,a2e8,92b1,7fbe,d630,
4122,6051,a2e8,92b1,7fbe,af75,
4123,6155,a2e8,92b1,7fbe,6837,
4124,6155,a2e8,92b1,7fbe,f668,
4125,6155,a2e8,92b1,7fbe,7146,
4126,5157,b2e8,92b1,7fbe,310a,
4127,c3ef,a2e8,1730,7fbe,8581,
4128,0000,7969,1291,7fbe,dbe1,
4129,6155,a2e8,92b1,7fbe,2180,
4130,6155,a2e8,92b1,7fbe,f31d,
4131,6155,a2e8,92b1,7fbe,6685,
4132,0000,aeea,92b1,7fbe,4062,
4133,6155,a2e8,92b1,7fbe,441f,
4134,5e1a,a2e8,a5e5,7fbe,3754,
4135,6155,a2e8,92b1,7fbe,1441,
4136,6155,a2e8,92b1,7fbe,45e3,
4137,6155,a2e8,92b1,7fbe,85f3,
4138,6155,a2e8,92b1,7fbe,9d3d,
4139,6155,a2e8,92b1,7fbe,bd54,
4140,6155,a2e8,92b1,7fbe,1342,
4141,6155,a2e8,92b1,7fbe,23c5,
4142,4155,b2e8,92b1,7fbe,d560,
4143,e575,a2e8,92b1,7fbe,eda7,
4144,6155,a2e8,92b1,7fbe,19fa,
4145,6155,a2e8,92b1,7fbe,bd5e,
4146,4955,a2e8,92b1,7fbe,c740,
4147,0000,0000,92b1,7fbe,5f4c,
4148,69b5,a2a8,92b1,7fbe,78cb,
4149,0000,a3ec,0fa8,7fbe,9d19,
4150,6155,a2e8,92b1,7fbe,3dd9,
4151,6155,a2e8,92b1,7fbe,b5d6,
4152,61d5,a2e8,92b1,7fbe,5af5,
4153,0000,13c0,189a,7fbe,397e,
4154,6155,a2e8,92b1,7fbe,d568,
4155,0000,21b4,92b1,7fbe,2bad,
4156,6115,a2e8,92b1,7fbe,81f5,
4157,0000,28c8,80f0,7fbe,2cc6,
4158,7155,a2e8,92b1,7fbe,6384,
4159,e372,3aae,92b1,7fbe,e3c8,
4160,61b5,a2a8,92b1,7fbe,477a,
4161,6155,a2e8,92b1,7fbe,6143,
4162,6155,a2e8,92b1,7fbe,20de,
4163,6155,a2e8,92b1,7fbe,9cf4,
4164,6115,a2e8,92b1,7fbe,0750,
4165,e175,a2e8,92b1,7fbe,bf72,
4166,6155,a2e8,92b1,7fbe,e73a,
4167,6155,a2e8,92b1,7fbe,48fc,
4168,6155,a2e8,92b1,7fbe,39e2,
4169,0000,cd48,d1b0,7fbe,aba2,
4170,b820,1a0b,dee0,7fbe,6a7a,
4171,6115,a2e8,92b1,7fbe,6b02,
4172,7155,a2e8,92b1,7fbe,0356,
4173,6175,a2e8,92b1,7fbe,1f73,
4174,e115,a2e8,92b1,7fbe,6550,
4175,63d7,a2e8,92b1,7fbe,dcd3,
4176,6155,a2e8,92b1,7fbe,66e1,
4177,6155,a2e8,92b1,7fbe,3eda,
4178,6155,a2e8,92b1,7fbe,aaff,
4179,6155,a2e8,92b1,7fbe,929b,
4180,6155,a2e8,92b1,7fbe,8b8c,
4181,7155,a2e8,92b1,7fbe,5d2f,
4182,c390,b6ae,92b3,7fbe,d0fc,
4183,6155,a2e8,92b1,7fbe,06e0,
4184,6155,a2e8,92b1,7fbe,aedf,
4185,6155,a2e8,92b1,7fbe,045e,
4186,6555,a2e8,92b1,7fbe,d7b3,
4187,6155,a2e8,92b1,7fbe,e939,
4188,6155,a2e8,92b1,7fbe,80e0,
4189,6155,a2e8,92b1,7fbe,1650,
4190,6155,a2e8,92b1,7fbe,1061,
4191,6155,a2e8,92b1,7fbe,4c18,
4192,6155,a2e8,92b1,7fbe,3c51,
4193,6155,a2e8,92b1,7fbe,fffb,
4194,3095,a268,92b1,7fbe,26ad,
4195,6155,a2e8,92b1,7fbe,3cdc,
4196,6155,a2e8,92b1,7fbe,06b6,
4197,6155,a2e8,92b1,7fbe,a531,
4198,6155,a2e8,92b1,7fbe,8d24,
4199,6155,a2e8,92b1,7fbe,cc85,
4200,6155,a2e8,92b1,7fbe,4127,
4201,6155,a2e8,92b1,7fbe,71b1,
4202,6175,a2e8,92b1,7fbe,679f,
4203,6355,a2e8,92b1,7fbe,4ab3,
4204,6155,a2e8,92b1,7fbe,d70a,
4205,6155,a2e8,92b1,7fbe,c4d0,
4206,6355,a2e8,92b1,7fbe,6bb0,
4207,6155,a2e8,92b1,7fbe,7483,
4208,6155,a2e8,92b1,7fbe,3cc5,
4209,0000,0000,92b1,7fbe,6a08,
4210,6155,a2e8,92b1,7fbe,99d2,
4211,6955,a2e8,92b1,7fbe,925c,
4212,6155,a2e8,92b1,7fbe,28ef,
4213,6155,a2e8,92b1,7fbe,db1a,
4214,6155,a2e8,92b1,7fbe,080a,
4215,6155,a2e8,92b1,7fbe,bf8d,
4216,6155,a2e8,92b1,7fbe,41a5,
4217,6555,a2e8,92b1,7fbe,d7b3,
4218,6155,a2e8,92b1,7fbe,c178,
4219,6155,a2e8,92b1,7fbe,0ca3,
4220,4155,b2e8,92b1,7fbe,e800,
4221,7955,a2e8,92b1,7fbe,ef84,
4222,6155,a2e8,92b1,7fbe,c05f,
4223,6115,a2e8,92b1,7fbe,5e2c,
4224,6155,a2e8,92b1,7fbe,f12a,
4225,6155,a2e8,92b1,7fbe,82ab,
4226,6155,a2e8,92b1,7fbe,44dd,
4227,6155,a2e8,92b1,7fbe,587a,
4228,6155,a2e8,92b1,7fbe,3f11,
4229,4157,f2ec,b2b1,7fbe,ae58,
4230,6155,a2e8,92b1,7fbe,20f1,
4231,6155,a2e8,92b1,7fbe,a7c3,
4232,e175,a2e8,92b1,7fbe,9c7b,
4233,6115,a2e8,92b1,7fbe,12c8,
4234,6155,a2e8,92b1,7fbe,be2d,
4235,6155,a2e8,92b1,7fbe,b113,
4236,6155,a2e8,92b1,7fbe,576d,
4237,61d5,a2e8,92b1,7fbe,3a0f,
4238,6155,a2e8,92b1,7fbe,d563,
4239,6155,a2e8,92b1,7fbe,4421,
4240,6155,a2e8,92b1,7fbe,2e14,
4241,0000,a2e8,a458,7fbe,36e9,
4242,e175,a2e8,92b1,7fbe,fc8a,
4243,6155,a2e8,92b1,7fbe,7730,
4244,6155,a2e8,92b1,7fbe,cb1d,
4245,6155,a2e8,92b1,7fbe,bae5,
4246,6155,a2e8,92b1,7fbe,60cb,
4247,6155,a2e8,92b1,7fbe,5683,
4248,6155,a2e8,92b1,7fbe,f17f,
4249,7155,a2e8,92b1,7fbe,7988,
4250,6155,a2e8,92b1,7fbe,f554,
4251,6155,a2e8,92b1,7fbe,8455,
4252,495d,d2ec,b2b1,7fbe,2c17,
4253,6155,a2e8,92b1,7fbe,923d,
4254,6155,a2e8,92b1,7fbe,9279,
4255,6155,a2e8,92b1,7fbe,3f4c,
4256,0000,b96e,92b1,7fbe,ba84,
4257,96a3,a2ea,92b1,7fbe,e612,
4258,6155,a2e8,92b1,7fbe,9216,
4259,6155,a2e8,92b1,7fbe,194c,
4260,71d5,a2e8,92b1,7fbe,b367,
4261,69f5,a2a8,92b1,7fbe,8c70,
4262,2905,a288,92b1,7fbe,2315,
4263,6155,a2e8,92b1,7fbe,286a,
4264,4155,a2e8,92b1,7fbe,27b4,
4265,6155,a2e8,92b1,7fbe,7220,
4266,69b5,a2a8,92b1,7fbe,afa0,
4267,6155,a2e8,92b1,7fbe,cd45,
4268,6155,a2e8,92b1,7fbe,8ae8,
4269,6155,a2e8,92b1,7fbe,d8f8,
4270,6155,a2e8,92b1,7fbe,a893,
4271,6155,a2e8,92b1,7fbe,7626,
4272,6155,a2e8,92b1,7fbe,ab3a,
4273,6155,a2e8,92b1,7fbe,4658,
4274,6155,a2e8,92b1,7fbe,88b3,
4275,6155,a2e8,92b1,7fbe,9c4c,
4276,6155,a2e8,92b1,7fbe,661a,
4277,6155,a2e8,92b1,7fbe,a52b,
4278,0000,6140,92b1,7fbe,8f38,
4279,6955,a2e8,92b1,7fbe,9f2c,
4280,4145,a2e8,92b1,7fbe,3196,
4281,6155,a2e8,92b1,7fbe,e6e8,
4282,6155,a2e8,92b1,7fbe,6ef6,
4283,6155,a2e8,92b1,7fbe,eb6e,
4284,6155,a2e8,92b1,7fbe,5859,
4285,7155,a2e8,92b1,7fbe,75be,
4286,6155,a2e8,92b1,7fbe,ecd1,
4287,6155,a2e8,92b1,7fbe,11b3,
4288,6915,a2e8,92b1,7fbe,a695,
4289,61d7,a2a9,92b1,7fbe,8316,
4290,6155,a2e8,92b1,7fbe,9fd7,
4291,6155,a2e8,92b1,7fbe,9a8a,
4292,7155,a2e8,92b1,7fbe,eb1a,
4293,6155,a2e8,92b1,7fbe,bf31,
4294,6155,a2e8,92b1,7fbe,27b7,
4295,6155,a2e8,92b1,7fbe,cc05,
4296,6155,a2e8,92b1,7fbe,51e3,
4297,7155,a2e8,92b1,7fbe,4bca,
4298,6155,a2e8,92b1,7fbe,a445,
4299,6155,a2e8,92b1,7fbe,25e9,
4300,6155,a2e8,92b1,7fbe,563c,
4301,6155,a2e8,92b1,7fbe,e175,
4302,6155,a2e8,92b1,7fbe,ecf0,
4303,6155,a2e8,92b1,7fbe,91dc,
4304,6155,a2e8,92b1,7fbe,4909,
4305,6155,a2e8,92b1,7fbe,d2b2,
4306,6115,a2e8,92b1,7fbe,5fc9,
4307,6155,a2e8,92b1,7fbe,404c,
4308,6155,a2e8,92b1,7fbe,7796,
4309,6155,a2e8,92b1,7fbe,bb1b,
4310,e565,a2e8,92b1,7fbe,f4b1,
4311,ff4e,a2e8,664e,7fbe,f4ff,
4312,6155,a2e8,92b1,7fbe,ad1c,
4313,6155,a2e8,92b1,7fbe,ae4b,
4314,4955,b2e8,92b1,7fbe,b749,
4315,6155,a2e8,92b1,7fbe,57ef,
4316,6155,a2e8,92b1,7fbe,206c,
4317,6155,a2e8,92b1,7fbe,0deb,
4318,6155,a2e8,92b1,7fbe,9bbd,
4319,7155,a2e8,92b1,7fbe,fabc,
4320,6155,a2e8,92b1,7fbe,204a,
4321,41d7,e6f0,90b9,7fbe,83fa,
4322,6155,a2e8,92b1,7fbe,9966,
4323,e155,a2e8,92b1,7fbe,f2bc,
4324,e34d,e4e8,90b1,7fbe,82e8,
4325,6155,a2e8,92b1,7fbe,2041,
4326,6177,a2e8,92b1,7fbe,e55b,
4327,0051,82e8,92b1,7fbe,cdf0,
4328,6155,a2e8,92b1,7fbe,7298,
4329,6155,a2e8,92b1,7fbe,fee2,
4330,6155,a2e8,92b1,7fbe,117c,
4331,6155,a2e8,92b1,7fbe,bd18,
4332,6155,a2e8,92b1,7fbe,2044,
4333,4957,b2e8,92b1,7fbe,da6e,
4334,6155,a2e8,92b1,7fbe,fc9e,
4335,6055,a2e8,92b1,7fbe,6d64,
4336,6155,a2e8,92b1,7fbe,dfb0,
4337,6155,a2e8,92b1,7fbe,58a0,
4338,6155,a2e8,92b1,7fbe,8108,
4339,7c41,aaec,92b1,7fbe,1802,
4340,6155,a2e8,92b1,7fbe,4f34,
4341,6155,a2e8,92b1,7fbe,1180,
4342,6915,a2e8,92b1,7fbe,2e91,
4343,6155,a2e8,92b1,7fbe,36e5,
4344,6355,a2e8,92b1,7fbe,4c23,
4345,6155,a2e8,92b1,7fbe,952b,
4346,6155,a2e8,92b1,7fbe,b417,
4347,6055,a2e8,92b1,7fbe,e13f,
4348,6155,a2e8,92b1,7fbe,865c,
4349,6151,a2e8,92b1,7fbe,25c3,
4350,6155,a2e8,92b1,7fbe,a4e2,
4351,6176,a2e9,92b1,7fbe,b1cc,
4352,6155,a2e8,92b1,7fbe,d2bb,
4353,6155,a2e8,92b1,7fbe,88f9,
4354,bd1d,a2e8,5183,7fbe,c332,
4355,740d,a0c0,92a1,7fbe,e336,
4356,0000,a898,92b1,7fbe,3df4,
4357,6055,a2e8,92b1,7fbe,bcd8,
4358,6155,a2e8,92b1,7fbe,51e5,
4359,617d,a2e8,92b1,7fbe,1c02,
4360,7151,a2e8,92b1,7fbe,c7e4,
4361,6155,a2e8,92b1,7fbe,0f2e,
4362,0000,9a74,ba33,7fbe,791e,
4363,6155,a2e8,92b1,7fbe,5ffa,
4364,0000,00e3,f5b1,7fbe,6700,
4365,6155,a2e8,92b1,7fbe,142c,
4366,6157,a2e8,92b1,7fbe,b2da,
4367,6155,a2e8,92b1,7fbe,8d44,
4368,6155,a2e8,92b1,7fbe,e48d,
4369,6155,a2e8,92b1,7fbe,6765,
4370,6155,a2e8,92b1,7fbe,ffa7,
4371,6155,a2e8,92b1,7fbe,3996,
4372,6155,a2e8,92b1,7fbe,3a68,
4373,0000,269b,493f,7fbe,2241,
4374,6155,a2e8,92b1,7fbe,e991,
4375,6155,a2e8,92b1,7fbe,c679,
4376,6955,a2e8,92b1,7fbe,6793,
4377,6115,a2e8,92b1,7fbe,b1b3,
4378,6155,a2e8,92b1,7fbe,943f,
4379,6155,a2e8,92b1,7fbe,72a4,
4380,6155,a2e8,92b1,7fbe,de8a,
4381,2809,baa5,9231,7fbe,19cd,
4382,6155,a2e8,92b1,7fbe,045b,
4383,6175,a2e8,92b1,7fbe,05ef,
4384,6155,a2e8,92b1,7fbe,2250,
4385,e116,a2e9,92b1,7fbe,601c,
4386,6155,a2e8,92b1,7fbe,45fd,
4387,6155,a2e8,92b1,7fbe,0968,
4388,6157,a2e8,92b1,7fbe,4956,
4389,6155,a2e8,92b1,7fbe,35e5,
4390,6155,a2e8,92b1,7fbe,83e3,
4391,0000,d5a0,f232,7fbe,868b,
4392,6155,a2e8,92b1,7fbe,5c69,
4393,7115,a2e8,92b1,7fbe,d4d3,
4394,7141,22e0,d2b1,7fbe,bf57,
4395,6155,a2e8,92b1,7fbe,cf86,
4396,6155,a2e8,92b1,7fbe,cddb,
4397,6155,a2e8,92b1,7fbe,e631,
4398,5155,a2e8,92b1,7fbe,ba5c,
4399,6155,a2e8,92b1,7fbe,22ac,
4400,6155,a2e8,92b1,7fbe,5397,
4401,0000,912d,7391,7fbe,050d,
4402,6155,a2e8,92b1,7fbe,f091,
4403,6155,a2e8,92b1,7fbe,be60,
4404,6155,a2e8,92b1,7fbe,eaab,
4405,6155,a2e8,92b1,7fbe,f735,
4406,bf05,a2c8,96b1,7fbe,7116,
4407,7155,a2e8,92b1,7fbe,9168,
4408,6155,a2e8,92b1,7fbe,0109,
4409,6155,a2e8,92b1,7fbe,5882,
4410,6175,a2e8,92b1,7fbe,a503,
4411,6155,a2e8,92b1,7fbe,a576,
4412,0000,3d72,be8b,7fbe,f941,
4413,6155,a2e8,92b1,7fbe,ac09,
4414,6155,a2e8,92b1,7fbe,da58,
4415,6151,a2e8,92b1,7fbe,534c,
4416,6155,a2e8,92b1,7fbe,ef34,
4417,6155,a2e8,92b1,7fbe,b8bd,
4418,eb55,a6e8,92b1,7fbe,11c0,
4419,6155,a2e8,92b1,7fbe,09d6,
4420,6175,a2e8,92b1,7fbe,7a53,
4421,4199,b2ec,92b1,7fbe,d17e,
4422,6155,a2e8,92b1,7fbe,5da7,
4423,6155,a2e8,92b1,7fbe,d831,
4424,6155,a2e8,92b1,7fbe,e1bd,
4425,6175,a2e8,92b1,7fbe,ebcb,
4426,6155,a2e8,92b1,7fbe,aa94,
4427,6977,a2a8,92b1,7fbe,d570,
4428,0155,b2e8,92b1,7fbe,88c3,
4429,6155,a2e8,92b1,7fbe,9ccd,
4430,6175,a2e8,92b1,7fbe,2909,
4431,0000,7368,e4d0,7fbe,7661,
4432,6155,a2e8,92b1,7fbe,35c9,
4433,6155,a2e8,92b1,7fbe,c05c,
4434,41d5,b2e8,92b1,7fbe,5bef,
4435,6155,a2e8,92b1,7fbe,0d0b,
4436,6155,a2e8,92b1,7fbe,4c07,
4437,6155,a2e8,92b1,7fbe,1c59,
4438,6155,a2e8,92b1,7fbe,0ba5,
4439,6155,a2e8,92b1,7fbe,8cd3,
4440,ab75,ace8,96b1,7fbe,c4bc,
4441,6155,a2e8,92b1,7fbe,727d,
4442,6155,a2e8,92b1,7fbe,099f,
4443,6155,a2e8,92b1,7fbe,5369,
4444,6155,a2e8,92b1,7fbe,d1a7,
4445,69f7,a2a8,92b1,7fbe,6504,
4446,6155,a2e8,92b1,7fbe,02cf,
4447,6155,a2e8,92b1,7fbe,8a9d,
4448,69b5,a2a8,92b1,7fbe,611a,
4449,6115,a2e8,92b1,7fbe,2881,
4450,6155,a2e8,92b1,7fbe,56c6,
4451,6155,a2e8,92b1,7fbe,c52f,
4452,6151,a2e8,92b1,7fbe,5fe5,
4453,6155,a2e8,92b1,7fbe,f862,
4454,6155,a2e8,92b1,7fbe,af42,
4455,6155,a2e8,92b1,7fbe,129c,
4456,2795,a2e8,0a11,7fbe,98a0,
4457,6155,a2e8,92b1,7fbe,4d07,
4458,0000,9862,92b1,7fbe,b3ad,
4459,6175,a2e8,92b1,7fbe,2909,
4460,0000,9f3b,11ad,7fbe,3afa,
4461,6155,a2e8,92b1,7fbe,30b1,
4462,6155,a2e8,92b1,7fbe,9669,
4463,6155,a2e8,92b1,7fbe,d7b2,
4464,6155,a2e8,92b1,7fbe,6c9e,
4465,6155,a2e8,92b1,7fbe,58f8,
4466,6155,a2e8,92b1,7fbe,65ca,
4467,6155,a2e8,92b1,7fbe,cfe6,
4468,6155,a2e8,92b1,7fbe,1e97,
4469,2155,a0e8,92b1,7fbe,66a4,
4470,6155,a2e8,92b1,7fbe,1dd9,
4471,6155,a2e8,92b1,7fbe,997c,
4472,6155,a2e8,92b1,7fbe,6bd2,
4473,e155,a2e8,92b1,7fbe,ab7d,
4474,7155,a2e8,92b1,7fbe,f071,
4475,0000,a2e8,96ec,7fbe,045d,
4476,6155,a2e8,92b1,7fbe,df51,
4477,6155,a2e8,92b1,7fbe,4074,
4478,7175,a2e8,92b1,7fbe,9f11,
4479,6155,a2e8,92b1,7fbe,a78b,
4480,6f55,a6e8,92b1,7fbe,0bbf,
4481,71f5,a2e8,92b1,7fbe,f161,
4482,6545,a2e8,92b1,7fbe,945a,
4483,6155,a2e8,92b1,7fbe,4b1d,
4484,6155,a2e8,92b1,7fbe,c0af,
4485,6155,a2e8,92b1,7fbe,8a1f,
4486,4957,b2e8,92b1,7fbe,43b8,
4487,6155,a2e8,92b1,7fbe,3d9f,
4488,6155,a2e8,92b1,7fbe,2e0a,
4489,6155,a2e8,92b1,7fbe,9dd2,
4490,6155,a2e8,92b1,7fbe,a9d3,
4491,fe30,f9df,ba33,7fbe,13b1,
4492,61d5,a2e8,92b1,7fbe,1dac,
4493,6155,a2e8,92b1,7fbe,1dd2,
4494,234d,a2e8,92b1,7fbe,cff9,
4495,2e0a,206d,8274,7fbe,3349,
4496,6155,a2e8,92b1,7fbe,665b,
4497,675d,a6e8,92b1,7fbe,bb1c,
4498,6155,a2e8,92b1,7fbe,7657,
4499,4840,a2ec,0cf7,7fbe,9e46,
4500,6155,a2e8,92b1,7fbe,88bf,
4501,6155,a2e8,92b1,7fbe,1e12,
4502,274d,a0e0,92b1,7fbe,c009,
4503,6155,a2e8,92b1,7fbe,664c,
4504,6155,a2e8,92b1,7fbe,e4da,
4505,6115,a2e8,92b1,7fbe,bc7e,
4506,6155,a2e8,92b1,7fbe,8eaf,
4507,6155,a2e8,92b1,7fbe,581e,
4508,6155,a2e8,92b1,7fbe,ee8e,
4509,6155,a2e8,92b1,7fbe,4750,
4510,6155,a2e8,92b1,7fbe,b60c,
4511,6155,a2e8,92b1,7fbe,5cbf,
4512,6155,a2e8,92b1,7fbe,4d36,
4513,6175,a2e8,92b1,7fbe,7423,
4514,6115,a2e8,92b1,7fbe,1db5,
4515,6155,a2e8,92b1,7fbe,48b1,
4516,7955,a2e8,92b1,7fbe,74e6,
4517,6155,a2e8,92b1,7fbe,09bd,
4518,6155,a2e8,92b1,7fbe,0203,
4519,6155,a2e8,92b1,7fbe,ec34,
4520,6155,a2e8,92b1,7fbe,1a7e,
4521,69d5,a2a8,92b1,7fbe,afe6,
4522,6155,a2e8,92b1,7fbe,1fe3,
4523,6155,a2e8,92b1,7fbe,906f,
4524,6155,a2e8,92b1,7fbe,f3bf,
4525,6155,a2e8,92b1,7fbe,e97e,
4526,6155,a2e8,92b1,7fbe,3374,
4527,6155,a2e8,92b1,7fbe,3bf5,
4528,6115,a2e8,92b1,7fbe,5f2b,
4529,6155,a2e8,92b1,7fbe,9021,
4530,6155,a2e8,92b1,7fbe,4d63,
4531,6155,a2e8,92b1,7fbe,d9c4,
4532,6155,a2e8,92b1,7fbe,44ac,
4533,6155,a2e8,92b1,7fbe,6f85,
4534,6155,a2e8,92b1,7fbe,0396,
4535,6155,a2e8,92b1,7fbe,c6c6,
4536,0000,a2e8,6c91,7fbe,fe20,
4537,6161,a2e8,3839,7fbe,aa88,
4538,6155,a2e8,92b1,7fbe,cfc7,
4539,6155,a2e8,92b1,7fbe,f8ee,
4540,e155,a2e8,92b1,7fbe,b35b,
4541,6155,a2e8,92b1,7fbe,bb78,
4542,6155,a2e8,92b1,7fbe,b398,
4543,6155,a2e8,92b1,7fbe,925d,
4544,6155,a2e8,92b1,7fbe,dbc0,
4545,6155,a2e8,92b1,7fbe,e0b5,
4546,6155,a2e8,92b1,7fbe,21b4,
4547,6155,a2e8,92b1,7fbe,a466,
4548,6155,a2e8,92b1,7fbe,b743,
4549,6155,a2e8,92b1,7fbe,866b,
4550,6155,a2e8,92b1,7fbe,0d59,
4551,6155,a2e8,92b1,7fbe,1b00,
4552,6155,a2e8,92b1,7fbe,bb24,
4553,6155,a2e8,92b1,7fbe,13fa,
4554,6155,a2e8,92b1,7fbe,1b3f,
4555,6115,a2e8,92b1,7fbe,5f2b,
4556,62d5,a3e8,92b1,7fbe,a8dc,
4557,6155,a2e8,92b1,7fbe,7be9,
4558,6155,a2e8,92b1,7fbe,c124,
4559,6155,a2e8,92b1,7fbe,c31c,
4560,6155,a2e8,92b1,7fbe,2b61,
4561,6155,a2e8,92b1,7fbe,6165,
4562,6155,a2e8,92b1,7fbe,75de,
4563,4255,a3e8,92b1,7fbe,785b,
4564,6155,a2e8,92b1,7fbe,4b10,
4565,6155,a2e8,92b1,7fbe,b08c,
4566,1245,a2e8,92b1,7fbe,62b0,
4567,6155,a2e8,92b1,7fbe,9b34,
4568,6155,a2e8,92b1,7fbe,f329,
4569,6155,a2e8,92b1,7fbe,fc30,
4570,6157,a2e8,92b1,7fbe,199e,
4571,6155,a2e8,92b1,7fbe,1a26,
4572,6155,a2e8,92b1,7fbe,5c98,
4573,5957,b2e8,92b1,7fbe,ad2b,
4574,6155,a2e8,92b1,7fbe,7f6d,
4575,6155,a2e8,92b1,7fbe,a3a1,
4576,6155,a2e8,92b1,7fbe,cea8,
4577,6155,a2e8,92b1,7fbe,d5f6,
4578,2355,a2e8,92b1,7fbe,4867,
4579,6155,a2e8,92b1,7fbe,f324,
4580,6155,a2e8,92b1,7fbe,475f,
4581,6155,a2e8,92b1,7fbe,eb72,
4582,6155,a2e8,92b1,7fbe,60c2,
4583,6175,a2e8,92b1,7fbe,0774,
4584,6955,a2e8,92b1,7fbe,3439,
4585,6155,a2e8,92b1,7fbe,5024,
4586,a155,e2e8,92b1,7fbe,9ac3,
4587,0000,c6f5,b2b9,7fbe,2409,
4588,6155,a2e8,92b1,7fbe,53ae,
4589,4955,b2e8,92b1,7fbe,0002,
4590,6155,a2e8,92b1,7fbe,1ab0,
4591,6157,a2e8,92b1,7fbe,21e3,
4592,6155,a2e8,92b1,7fbe,ad05,
4593,6155,a2e8,92b1,7fbe,5572,
4594,6155,a2e8,92b1,7fbe,bec4,
4595,6155,a2e8,92b1,7fbe,a0d0,
4596,6115,a2e8,92b1,7fbe,ea9d,
4597,6155,a2e8,92b1,7fbe,4a63,
4598,6155,a2e8,92b1,7fbe,e3ab,
4599,6175,a2e8,92b1,7fbe,f7ec,
4600,6155,a2e8,92b1,7fbe,2e96,
4601,6955,a2e8,92b1,7fbe,2439,
4602,4155,a2e8,92b1,7fbe,8571,
4603,7065,a2e0,92b1,7fbe,45ea,
4604,6155,a2e8,92b1,7fbe,6971,
4605,6155,a2e8,92b1,7fbe,bc3a,
4606,6155,a2e8,92b1,7fbe,bab0,
4607,6155,a2e8,92b1,7fbe,68e1,
4608,6155,a2e8,92b1,7fbe,0fe3,
4609,6155,a2e8,92b1,7fbe,2cd6,
4610,4955,b2e8,92b1,7fbe,8cea,
4611,6155,a2e8,92b1,7fbe,89b4,
4612,6155,a2e8,92b1,7fbe,685e,
4613,6155,a2e8,92b1,7fbe,0f02,
4614,6155,a2e8,92b1,7fbe,c43c,
4615,6155,a2e8,92b1,7fbe,51ab,
4616,615d,a2e8,92b1,7fbe,bc7b,
4617,0000,a2e8,6e02,7fbe,fcb3,
4618,6151,a2e8,92b1,7fbe,1814,
4619,6155,a2e8,92b1,7fbe,dd45,
4620,6145,a2e8,92b1,7fbe,4055,
4621,6155,a2e8,92b1,7fbe,3b2c,
4622,0000,06a9,92b1,7fbe,f281,
4623,6155,a2e8,92b1,7fbe,e890,
4624,6155,a2e8,92b1,7fbe,0e5d,
4625,6155,a2e8,92b1,7fbe,0348,
4626,6155,a2e8,92b1,7fbe,c39b,
4627,6157,a2e8,92b1,7fbe,8e07,
4628,6155,a2e8,92b1,7fbe,e08e,
4629,61d7,a2e8,92b1,7fbe,da73,
4630,6155,a2e8,92b1,7fbe,8eeb,
4631,6155,a2e8,92b1,7fbe,af20,
4632,6155,a2e8,92b1,7fbe,949b,
4633,6155,a2e8,92b1,7fbe,e4cf,
4634,6155,a2e8,92b1,7fbe,0398,
4635,6955,a2e8,92b1,7fbe,dc87,
4636,635d,a2e8,92b1,7fbe,4ba8,
4637,6155,a2e8,92b1,7fbe,d670,
4638,2010,2b25,c3b0,7fbe,61c5,
4639,6155,a2e8,92b1,7fbe,6d8f,
4640,41d5,b2e8,92b1,7fbe,e833,
4641,7155,a2e8,92b1,7fbe,e387,
4642,6155,a2e8,92b1,7fbe,69c0,
4643,6165,a2e8,92b1,7fbe,7d33,
4644,6155,a2e8,92b1,7fbe,ba99,
4645,6155,a2e8,92b1,7fbe,77c7,
4646,69f5,a2a8,92b1,7fbe,3324,
4647,6155,a2e8,92b1,7fbe,4de6,
4648,61b6,a2a9,92b1,7fbe,b722,
4649,6155,a2e8,92b1,7fbe,1f9a,
4650,6955,a2e8,92b1,7fbe,4b79,
4651,6155,a2e8,92b1,7fbe,34bd,
4652,6155,a2e8,92b1,7fbe,76e6,
4653,3910,a2e8,36d6,7fbe,a467,
4654,6155,a2e8,92b1,7fbe,bf12,
4655,6155,a2e8,92b1,7fbe,4a88,
4656,6155,a2e8,92b1,7fbe,e98a,
4657,0000,d945,3c50,7fbe,da21,
4658,6155,a2e8,92b1,7fbe,f7aa,
4659,63dd,a3e8,92b1,7fbe,3772,
4660,10dd,8168,93b1,7fbe,756f,
4661,6155,a2e8,92b1,7fbe,7310,
4662,7155,a2e8,92b1,7fbe,039b,
4663,6155,a2e8,92b1,7fbe,83f3,
4664,29c7,a2e8,92b1,7fbe,7992,
4665,6155,a2e8,92b1,7fbe,20b5,
4666,6155,a2e8,92b1,7fbe,8068,
4667,0000,a2e8,6d0a,7fbe,ffbb,
4668,6155,a2e8,92b1,7fbe,1470,
4669,e175,a2e8,92b1,7fbe,c352,
4670,0000,a2e8,14e5,7fbe,8654,
4671,6155,a2e8,92b1,7fbe,a2d6,
4672,6155,a2e8,92b1,7fbe,fa95,
4673,6155,a2e8,92b1,7fbe,f3c0,
4674,6155,a2e8,92b1,7fbe,fb5b,
4675,6155,a2e8,92b1,7fbe,e6ae,
4676,6155,a2e8,92b1,7fbe,5b35,
4677,5e1a,a2e8,a5e5,7fbe,3754,
4678,6995,a2a8,92b1,7fbe,6c00,
4679,6155,a2e8,92b1,7fbe,a1bb,
4680,6744,a2e8,92b1,7fbe,d6f7,
4681,6555,a2e8,92b1,7fbe,9040,
4682,6155,a2e8,92b1,7fbe,dff8,
4683,6754,e2f9,12b1,7fbe,6d04,
4684,6155,a2e8,92b1,7fbe,1cb5,
4685,6155,a2e8,92b1,7fbe,7269,
4686,6155,a2e8,92b1,7fbe,d10d,
4687,6155,a2e8,92b1,7fbe,b750,
4688,7151,a2e8,92b1,7fbe,311b,
4689,6155,a2e8,92b1,7fbe,ae3a,
4690,6155,a2e8,92b1,7fbe,3277,
4691,6155,a2e8,92b1,7fbe,28ca,
4692,0000,b364,92b1,7fbe,d6ca,
4693,6155,a2e8,92b1,7fbe,5d23,
4694,6155,a2e8,92b1,7fbe,637f,
4695,6155,a2e8,92b1,7fbe,6750,
4696,7155,a2e8,92b1,7fbe,ee59,
4697,6155,a2e8,92b1,7fbe,8470,
4698,c0d5,a4e8,90b1,7fbe,b114,
4699,6155,a2e8,92b1,7fbe,c60d,
4700,6175,a2e8,92b1,7fbe,654a,
4701,6155,a2e8,92b1,7fbe,7449,
4702,6155,a2e8,92b1,7fbe,2fbe,
4703,6155,a2e8,92b1,7fbe,c855,
4704,6155,a2e8,92b1,7fbe,1690,
4705,4157,b2e8,92b1,7fbe,18f3,
4706,6115,a2e8,92b1,7fbe,cc84,
4707,0000,32cc,92b1,7fbe,100e,
4708,6155,a2e8,92b1,7fbe,0f7e,
4709,0000,7150,8611,7fbe,e6d8,
4710,7aa1,a2e8,464d,7fbe,d4fc,
4711,6155,a2e8,92b1,7fbe,cb1d,
4712,6155,a2e8,92b1,7fbe,0e5f,
4713,6155,a2e8,92b1,7fbe,3225,
4714,6155,a2e8,92b1,7fbe,11b9,
4715,6155,a2e8,92b1,7fbe,0458,
4716,6155,a2e8,92b1,7fbe,a328,
4717,9ec5,c32a,8a59,7fbe,0951,
4718,6155,a2e8,92b1,7fbe,7601,
4719,61d7,b2e8,92b1,7fbe,e563,
4720,e9c5,a2e8,250f,7fbe,b7be,
4721,6155,a2e8,92b1,7fbe,2eac,
4722,6155,a2e8,92b1,7fbe,072a,
4723,6155,a2e8,92b1,7fbe,80d9,
4724,6155,a2e8,92b1,7fbe,5644,
4725,6155,a2e8,92b1,7fbe,b2f4,
4726,6155,a2e8,92b1,7fbe,b44b,
4727,6151,a2e8,92b1,7fbe,dd0c,
4728,6155,a2e8,92b1,7fbe,ebbe,
4729,6955,a2e8,92b1,7fbe,9b7f,
4730,6151,a2e8,92b1,7fbe,475e,
4731,6155,a2e8,92b1,7fbe,5d94,
4732,6155,a2e8,92b1,7fbe,f329,
4733,4954,a2a8,92b1,7fbe,5855,
4734,0000,4982,81a4,7fbe,56da,
4735,6115,a2e8,92b1,7fbe,63ae,
4736,6155,a2e8,92b1,7fbe,71bc,
4737,6355,a2e8,92b1,7fbe,66ee,
4738,6155,a2e8,92b1,7fbe,7159,
4739,6155,a2e8,92b1,7fbe,3d0d,
4740,41d5,b2e8,92b1,7fbe,5b1c,
4741,6155,a2e8,92b1,7fbe,f41e,
4742,6155,a2e8,92b1,7fbe,c74c,
4743,5155,b2e8,92b1,7fbe,4a7f,
4744,0000,2429,92b1,7fbe,700e,
4745,6155,a2e8,92b1,7fbe,2df6,
4746,6155,a2e8,92b1,7fbe,7f3e,
4747,f197,a2a9,92b1,7fbe,3c54,
4748,6155,a2e8,92b1,7fbe,f3e1,
4749,6155,a2e8,92b1,7fbe,4573,
4750,7155,a2e8,92b1,7fbe,16f2,
4751,0000,aae8,4dad,7fbe,df1c,
4752,0000,d477,1287,7fbe,4663,
4753,0000,e45a,92b1,7fbe,0aed,
4754,6155,a2e8,92b1,7fbe,c31a,
4755,6155,a2e8,92b1,7fbe,a0a3,
4756,a154,22e8,92b1,7fbe,f7f3,
4757,6155,a2e8,92b1,7fbe,972e,
4758,6155,a2e8,92b1,7fbe,34f5,
4759,6155,a2e8,92b1,7fbe,fd95,
4760,e175,a2e8,92b1,7fbe,e4d3,
4761,0000,a2e8,f045,7fbe,62f4,
4762,6955,a2e8,92b1,7fbe,2c0c,
4763,7955,a2e8,92b1,7fbe,cd20,
4764,6155,a2e8,92b1,7fbe,0985,
4765,6155,a2e8,92b1,7fbe,658c,
4766,6155,a2e8,92b1,7fbe,8b49,
4767,6155,a2e8,92b1,7fbe,b8b0,
4768,6155,a2e8,92b1,7fbe,07e9,
4769,6155,a2e8,92b1,7fbe,b754,
4770,6155,a2e8,92b1,7fbe,2452,
4771,6155,a2e8,92b1,7fbe,c507,
4772,6155,a2e8,92b1,7fbe,3b7e,
4773,6155,a2e8,92b1,7fbe,05d2,
4774,6155,a2e8,92b1,7fbe,61cf,
4775,6155,a2e8,92b1,7fbe,c473,
4776,2955,a2e8,92b1,7fbe,e93a,
4777,6155,a2e8,92b1,7fbe,4e90,
4778,5449,f7bd,92b1,7fbe,e879,
4779,7155,a2e8,92b1,7fbe,ae50,
4780,6515,a6ae,92b3,7fbe,753f,
4781,6155,a2e8,92b1,7fbe,a275,
4782,6155,a2e8,92b1,7fbe,46f7,
4783,6155,a2e8,92b1,7fbe,2cc3,
4784,61d7,a2a8,92b1,7fbe,b9dd,
4785,6155,a2e8,92b1,7fbe,d7d6,
4786,6155,a2e8,92b1,7fbe,ad98,
4787,7155,a2e8,92b1,7fbe,2d2a,
4788,6155,a2e8,92b1,7fbe,ec89,
4789,6055,a2e8,92b1,7fbe,3878,
4790,7155,a2e8,92b1,7fbe,631d,
4791,6155,a2e8,92b1,7fbe,d4df,
4792,61f7,a2a8,92b1,7fbe,fdc4,
4793,6135,a2e8,92b1,7fbe,5049,
4794,6175,a2e8,92b1,7fbe,50d8,
4795,69d5,a2a8,92b1,7fbe,d0bc,
4796,6157,a2e8,92b1,7fbe,136d,
4797,6155,a2e8,92b1,7fbe,b666,
4798,6055,a2e8,92b1,7fbe,a702,
4799,6155,a2e8,92b1,7fbe,4d83,
4800,6155,a2e8,92b1,7fbe,7eac,
4801,6175,a2e8,92b1,7fbe,48f9,
4802,6155,a2e8,92b1,7fbe,ec85,
4803,6997,a2a8,92b1,7fbe,771f,
4804,6155,a2e8,92b1,7fbe,c8f8,
4805,7155,a2e8,92b1,7fbe,381e,
4806,6155,a2e8,92b1,7fbe,a997,
4807,6155,a2e8,92b1,7fbe,88cf,
4808,6155,a2e8,92b1,7fbe,c078,
4809,0394,a2e8,92b1,7fbe,62c1,
4810,6155,a2e8,92b1,7fbe,a1c9,
4811,6155,a2e8,92b1,7fbe,27a9,
4812,6155,a2e8,92b1,7fbe,a933,
4813,6155,a2e8,92b1,7fbe,fbd9,
4814,21f5,a2a8,92b1,7fbe,b0bf,
4815,1155,82e8,92b1,7fbe,5f01,
4816,6115,a2e8,92b1,7fbe,45c8,
4817,c454,a2e8,6dc2,7fbe,ff73,
4818,6155,a2e8,92b1,7fbe,2c40,
4819,6175,a2e8,92b1,7fbe,16f4,
4820,6135,a2e8,92b1,7fbe,7c74,
4821,0000,3806,f729,7fbe,3343,
4822,6155,a2e8,92b1,7fbe,a5b6,
4823,6155,a2e8,92b1,7fbe,a7e2,
4824,6155,a2e8,92b1,7fbe,76bd,
4825,6955,a2e8,92b1,7fbe,44a4,
4826,6157,a2e8,92b1,7fbe,03ea,
4827,0000,2aef,92b1,7fbe,ee70,
4828,6155,a2e8,92b1,7fbe,56a3,
4829,6155,a2e8,92b1,7fbe,42a3,
4830,6151,a2e8,92b1,7fbe,013f,
4831,6155,a2e8,92b1,7fbe,2cc7,
4832,6155,a2e8,92b1,7fbe,846a,
4833,e175,a2e8,92b1,7fbe,bfe1,
4834,6155,a2e8,92b1,7fbe,8615,
4835,6155,a2e8,92b1,7fbe,a48d,
4836,6155,a2e8,92b1,7fbe,c1a5,
4837,6155,a2e8,92b1,7fbe,9add,
4838,e17d,a2f8,92b1,7fbe,0ca5,
4839,6955,a2e8,92b1,7fbe,e6fc,
4840,cb85,a2e8,92b1,7fbe,aad0,
4841,6155,a2e8,92b1,7fbe,8ffa,
4842,6155,a2e8,92b1,7fbe,dc56,
4843,61d5,a2e8,92b1,7fbe,5c33,
4844,f5d5,a2e8,92b1,7fbe,938a,
4845,6155,a2e8,92b1,7fbe,2550,
4846,6155,a2e8,92b1,7fbe,4c46,
4847,61d5,a2e8,92b1,7fbe,7a59,
4848,6155,a2e8,92b1,7fbe,c421,
4849,6155,a2e8,92b1,7fbe,45db,
4850,6155,a2e8,92b1,7fbe,064c,
4851,6155,a2e8,92b1,7fbe,fb22,
4852,5955,a2e8,92b1,7fbe,bfcf,
4853,2115,82e8,92b1,7fbe,dec8,
4854,6155,a2e8,92b1,7fbe,f624,
4855,6155,a2e8,92b1,7fbe,b75c,
4856,61d5,a2e8,92b1,7fbe,f38c,
4857,6155,a2e8,92b1,7fbe,2eea,
4858,6155,a2e8,92b1,7fbe,ab32,
4859,6155,a2e8,92b1,7fbe,168d,
4860,6155,a2e8,92b1,7fbe,8992,
4861,6115,a2e8,92b1,7fbe,1952,
4862,6155,a2e8,92b1,7fbe,09ba,
4863,60db,b2ec,92b1,7fbe,cba0,
4864,6155,a2e8,92b1,7fbe,ab51,
4865,6175,a2e8,92b1,7fbe,af2a,
4866,6155,a2e8,92b1,7fbe,2aad,
4867,6155,a2e8,92b1,7fbe,870d,
4868,6155,a2e8,92b1,7fbe,ea7c,
4869,61d5,a2e8,92b1,7fbe,19c8,
4870,6155,a2e8,92b1,7fbe,aa9f,
4871,6155,a2e8,92b1,7fbe,9144,
4872,6155,a2e8,92b1,7fbe,682f,
4873,4155,a2e8,92b1,7fbe,6c5b,
4874,0000,3187,92b1,7fbe,2a6a,
4875,6155,a2e8,92b1,7fbe,da25,
4876,6155,a2e8,92b1,7fbe,7f73,
4877,6155,a2e8,92b1,7fbe,116e,
4878,6155,a2e8,92b1,7fbe,5d10,
4879,6f5d,a6e8,92b1,7fbe,9b32,
4880,6155,a2e8,92b1,7fbe,5d20,
4881,6155,a2e8,92b1,7fbe,1215,
4882,7155,a2e8,92b1,7fbe,49c1,
4883,6155,a2e8,92b1,7fbe,108d,
4884,6175,a2e8,92b1,7fbe,2424,
4885,424a,a2e8,92b1,7fbe,65b7,
4886,6115,a2e8,92b1,7fbe,9578,
4887,0000,70d8,b213,7fbe,a2f6,
4888,6155,a2e8,92b1,7fbe,1bb0,
4889,6155,a2e8,92b1,7fbe,7260,
4890,6155,a2e8,92b1,7fbe,79cb,
4891,6115,a2e8,92b1,7fbe,596c,
4892,6155,a2e8,92b1,7fbe,15d6,
4893,6155,a2e8,92b1,7fbe,ce16,
4894,6155,a2e8,92b1,7fbe,8ba1,
4895,6915,a2e8,92b1,7fbe,2ae3,
4896,6155,a2e8,92b1,7fbe,b3c9,
4897,0000,a2e8,5904,7fbe,cbb5,
4898,6155,a2e8,92b1,7fbe,cf16,
4899,4155,a2e8,92b1,7fbe,556d,
4900,e175,a2e8,92b1,7fbe,856a,
4901,6155,a2e8,92b1,7fbe,9b25,
4902,6155,a2e8,92b1,7fbe,277f,
4903,0000,a6f8,92b1,7fbe,ea36,
4904,201c,4eb0,db93,7fbe,1e3e,
4905,6155,a2e8,92b1,7fbe,d7b8,
4906,6155,a2e8,92b1,7fbe,a524,
4907,e35d,a2f8,92b1,7fbe,599a,
4908,6155,a2e8,92b1,7fbe,96b1,
4909,6155,a2e8,92b1,7fbe,6eb7,
4910,6155,a2e8,92b1,7fbe,4852,
4911,6145,a2e8,92b1,7fbe,4055,
4912,6155,a2e8,92b1,7fbe,6376,
4913,6155,a2e8,92b1,7fbe,0026,
4914,0000,e0d8,3859,7fbe,6ee8,
4915,6155,a2e8,92b1,7fbe,17e0,
4916,6155,a2e8,92b1,7fbe,fd6b,
4917,6155,a2e8,92b1,7fbe,8cfb,
4918,7155,a2e8,92b1,7fbe,f678,
4919,6155,a2e8,92b1,7fbe,289c,
4920,4dd2,92ea,82b1,7fbe,d50e,
4921,6555,a2e8,92b1,7fbe,f7a5,
4922,6155,a2e8,92b1,7fbe,36df,
4923,6055,a2e8,92b1,7fbe,7030,
4924,6155,a2e8,92b1,7fbe,e4c5,
4925,6055,a2e8,92b1,7fbe,f9e8,
4926,2fc0,f194,9ab8,7fbe,596b,
4927,61d5,a2e8,92b1,7fbe,311c,
4928,6155,a2e8,92b1,7fbe,0984,
4929,6155,a2e8,92b1,7fbe,9118,
4930,6155,a2e8,92b1,7fbe,ca6f,
4931,6155,a2e8,92b1,7fbe,f1a8,
4932,6155,a2e8,92b1,7fbe,5e36,
4933,e155,a2e8,92b1,7fbe,5187,
4934,6155,a2e8,92b1,7fbe,f567,
4935,6155,a2e8,92b1,7fbe,cc4f,
4936,6155,a2e8,92b1,7fbe,0d09,
4937,3283,22f0,d2a9,7fb6,0228,
4938,6155,a2e8,92b1,7fbe,9957,
4939,6155,a2e8,92b1,7fbe,cfd7,
4940,6155,a2e8,92b1,7fbe,9011,
4941,4115,a2e8,92b1,7fbe,ad9d,
4942,6155,a2e8,92b1,7fbe,5188,
4943,6545,a2e8,92b1,7fbe,a435,
4944,6155,a2e8,92b1,7fbe,b611,
4945,7095,a268,92b1,7fbe,8265,
4946,44b9,12b9,92b1,7fbe,633b,
4947,53ad,a2e8,a1a8,7fbe,3319,
4948,5955,b2e8,92b1,7fbe,6157,
4949,0000,a2e8,9f0f,7fbe,0dbe,
4950,6155,a2e8,92b1,7fbe,7004,
4951,6155,a2e8,92b1,7fbe,2034,
4952,6155,a2e8,92b1,7fbe,9973,
4953,6155,a2e8,92b1,7fbe,fa84,
4954,6155,a2e8,92b1,7fbe,93f0,
4955,e1d7,a2a9,92b1,7fbe,6bc4,
4956,6155,a2e8,92b1,7fbe,14b8,
4957,6155,a2e8,92b1,7fbe,b4ba,
4958,62c5,a3e0,92b1,7fbe,763b,
4959,6155,a2e8,92b1,7fbe,b8a9,
4960,61d5,a2e8,92b1,7fbe,1de1,
4961,6155,a2e8,92b1,7fbe,ac74,
4962,6155,a2e8,92b1,7fbe,3612,
4963,61d7,a2e8,92b1,7fbe,7482,
4964,6155,a2e8,92b1,7fbe,6684,
4965,4957,b2e8,92b1,7fbe,7cfe,
4966,6155,a2e8,92b1,7fbe,e832,
4967,7155,a2e8,92b1,7fbe,10cc,
4968,6155,a2e8,92b1,7fbe,753d,
4969,51f5,b2a8,92b1,7fbe,90ec,
4970,2155,a2e8,92b1,7fbe,5b1b,
4971,6155,a2e8,92b1,7fbe,26a7,
4972,5155,b2e8,92b1,7fbe,088e,
4973,6175,a2e8,92b1,7fbe,0421,
4974,6155,a2e8,92b1,7fbe,64f0,
4975,0000,a2e8,4723,7fbe,d592,
4976,6155,a2e8,92b1,7fbe,1266,
4977,6175,a2e8,92b1,7fbe,3f6b,
4978,5955,b2e8,92b1,7fbe,34f6,
4979,69b5,a2a8,92b1,7fbe,eb2d,
4980,6155,a2e8,92b1,7fbe,53df,
4981,6155,a2e8,92b1,7fbe,7ef0,
4982,6155,a2e8,92b1,7fbe,fef2,
4983,6155,a2e8,92b1,7fbe,cfdf,
4984,6155,a2e8,92b1,7fbe,47a2,
4985,6155,a2e8,92b1,7fbe,b902,
4986,6115,a2e8,92b1,7fbe,c4f8,
4987,6955,a2e8,92b1,7fbe,5dfd,
4988,6155,a2e8,92b1,7fbe,1b25,
4989,0000,d768,1a31,7fbe,fc81,
4990,6155,a2e8,92b1,7fbe,9378,
4991,6155,a2e8,92b1,7fbe,b395,
4992,614d,a2e8,92b1,7fbe,095f,
4993,6155,a2e8,92b1,7fbe,6b48,
4994,0000,e880,ba97,7fbe,3ae0,
4995,6155,a2e8,92b1,7fbe,f077,
4996,6155,a2e8,92b1,7fbe,019b,
4997,6151,a2e8,92b1,7fbe,d6ec,
4998,6155,a2e8,92b1,7fbe,e08b,
4999,6155,a2e8,92b1,7fbe,c258,
5000,6155,a2e8,92b1,7fbe,61f9,
5001,6155,a2e8,92b1,7fbe,51b0,
5002,6155,a2e8,92b1,7fbe,2d57,
5003,6155,a2e8,92b1,7fbe,4f1a,
5004,6155,a2e8,92b1,7fbe,9b39,
5005,6115,a2e8,92b1,7fbe,2fce,
5006,6155,a2e8,92b1,7fbe,c076,
5007,6155,a2e8,92b1,7fbe,34d3,
5008,6155,a2e8,92b1,7fbe,f050,
5009,6155,a2e8,92b1,7fbe,a636,
5010,6155,a2e8,92b1,7fbe,ccab,
5011,6155,a2e8,92b1,7fbe,cd84,
5012,635d,a2e8,92b1,7fbe,4d7e,
5013,6155,a2e8,92b1,7fbe,4bb8,
5014,e80d,56f2,1033,7fbe,b1de,
5015,7155,a2e8,92b1,7fbe,e38f,
5016,6155,a2e8,92b1,7fbe,3d94,
5017,6155,a2e8,92b1,7fbe,c5f4,
5018,6155,a2e8,92b1,7fbe,8371,
5019,6155,a2e8,92b1,7fbe,3424,
5020,6155,a2e8,92b1,7fbe,98b6,
5021,6975,a2e8,92b1,7fbe,4766,
5022,615d,a2e8,92b1,7fbe,577a,
5023,4155,a2e8,92b1,7fbe,6473,
5024,6155,a2e8,92b1,7fbe,c220,
5025,61c5,a2e8,92b1,7fbe,9b9f,
5026,6155,a2e8,92b1,7fbe,d972,
5027,6155,a2e8,92b1,7fbe,7835,
5028,e175,a2e8,92b1,7fbe,925b,
5029,6155,a2e8,92b1,7fbe,2546,
5030,6155,a2e8,92b1,7fbe,e21b,
5031,6155,a2e8,92b1,7fbe,0ba7,
5032,6155,a2e8,92b1,7fbe,4c37,
5033,6155,a2e8,92b1,7fbe,28c3,
5034,2995,a2a8,92b1,7fbe,85d6,
5035,6155,a2e8,92b1,7fbe,4334,
5036,3641,a0e8,92b1,7fbe,a37f,
5037,6155,a2e8,92b1,7fbe,8621,
5038,6155,a2e8,92b1,7fbe,6784,
5039,e565,a2e8,92b1,7fbe,8efc,
5040,6155,a2e8,92b1,7fbe,ec45,
5041,5157,b2e8,92b1,7fbe,93e4,
5042,4147,a2e8,92b1,7fbe,6cbb,
5043,6155,a2e8,92b1,7fbe,9bbf,
5044,0000,0462,92b1,7fbe,e74b,
5045,6155,a2e8,92b1,7fbe,4dc9,
5046,6155,a2e8,92b1,7fbe,a9d1,
5047,4955,a2e8,92b1,7fbe,eae3,
5048,6155,a2e8,92b1,7fbe,1a61,
5049,0000,a2e8,60ff,7fbe,f24e,
5050,7551,aaea,92b1,7fbe,81ef,
5051,6115,a2e8,92b1,7fbe,497a,
5052,6155,a2e8,92b1,7fbe,1408,
5053,6155,a2e8,92b1,7fbe,f8a7,
5054,0000,e1b4,54b0,7fbe,8777,
5055,5855,b2e8,92b1,7fbe,f423,
5056,42d5,a3e8,92b1,7fbe,61bb,
5057,6155,a2e8,92b1,7fbe,3cbe,
5058,6155,a2e8,92b1,7fbe,4fad,
5059,6555,a2e8,92b1,7fbe,d543,
5060,6155,a2e8,92b1,7fbe,e409,
5061,9016,a2e8,31a7,7fbe,a316,
5062,6155,a2e8,92b1,7fbe,21b7,
5063,7155,a2e8,92b1,7fbe,9adf,
5064,6155,a2e8,92b1,7fbe,7fbe,
5065,6155,a2e8,92b1,7fbe,8034,
5066,6115,a2e8,92b1,7fbe,2b63,
5067,6155,a2e8,92b1,7fbe,7cf9,
5068,4155,a2e8,92b1,7fbe,712f,
5069,6155,a2e8,92b1,7fbe,da36,
5070,70d5,a268,92b1,7fbe,3522,
5071,6155,a2e8,92b1,7fbe,f592,
5072,6155,a2e8,92b1,7fbe,fcf1,
5073,6155,a2e8,92b1,7fbe,7b6b,
5074,6155,a2e8,92b1,7fbe,c6d1,
5075,5597,b2e8,92b1,7fbe,85fc,
5076,7d55,aae8,92b1,7fbe,8ff1,
5077,5197,b2e8,92b1,7fbe,76d3,
5078,6155,a2e8,92b1,7fbe,0d61,
5079,6955,a2e8,92b1,7fbe,6d57,
5080,86f0,a2e8,92b1,7fbe,e7a5,
5081,6155,a2e8,92b1,7fbe,783b,
5082,7155,a2e8,92b1,7fbe,f1fc,
5083,6155,a2e8,92b1,7fbe,09d4,
5084,6157,a2e8,92b1,7fbe,a942,
5085,6155,a2e8,92b1,7fbe,df89,
5086,635d,a2e8,92b1,7fbe,5c4f,
5087,6195,a2e8,92b1,7fbe,6365,
5088,6155,a2e8,92b1,7fbe,a669,
5089,6155,a2e8,92b1,7fbe,7571,
5090,0000,3f05,e464,7fbe,2383,
5091,6155,a2e8,92b1,7fbe,d83f,
5092,6155,a2e8,92b1,7fbe,6018,
5093,6151,a2e8,92b1,7fbe,8ba0,
5094,6155,a2e8,92b1,7fbe,447b,
5095,6155,a2e8,92b1,7fbe,c2d4,
5096,6155,a2e8,92b1,7fbe,29d3,
5097,6155,a2e8,92b1,7fbe,c6df,
5098,6155,a2e8,92b1,7fbe,cd51,
5099,7155,a2e8,92b1,7fbe,148f,
5100,7115,a2e8,92b1,7fbe,b8be,
5101,6115,a2e8,92b1,7fbe,6b4e,
5102,6155,a2e8,92b1,7fbe,dd4c,
5103,0000,0871,12b0,7fbe,229b,
5104,6155,a2e8,92b1,7fbe,1693,
5105,7155,a2e8,92b1,7fbe,c299,
5106,6155,a2e8,92b1,7fbe,f366,
5107,6155,a2e8,92b1,7fbe,70bd,
5108,0000,6df0,92b1,7fbe,186a,
5109,6155,a2e8,92b1,7fbe,50e5,
5110,6155,a2e8,92b1,7fbe,4a82,
5111,6155,a2e8,92b1,7fbe,ae3b,
5112,49f7,b2e8,92b1,7fbe,53d4,
5113,6155,a2e8,92b1,7fbe,106a,
5114,6155,a2e8,92b1,7fbe,75d8,
5115,6155,a2e8,92b1,7fbe,11c6,
5116,6155,a2e8,92b1,7fbe,8fa0,
5117,6955,a2e8,92b1,7fbe,b3f6,
5118,6155,a2e8,92b1,7fbe,5576,
5119,6955,a2e8,92b1,7fbe,8ae3,
5120,6155,a2e8,92b1,7fbe,306b,
5121,6155,a2e8,92b1,7fbe,3a8a,
5122,6155,a2e8,92b1,7fbe,7b4a,
5123,6155,a2e8,92b1,7fbe,5145,
5124,6155,a2e8,92b1,7fbe,fe8e,
5125,6155,a2e8,92b1,7fbe,9283,
5126,6155,a2e8,92b1,7fbe,c113,
5127,6155,a2e8,92b1,7fbe,4af9,
5128,6155,a2e8,92b1,7fbe,cdd6,
5129,6155,a2e8,92b1,7fbe,afbe,
5130,6955,a2e8,92b1,7fbe,0639,
5131,6155,a2e8,92b1,7fbe,4e33,
5132,6155,a2e8,92b1,7fbe,94df,
5133,6155,a2e8,92b1,7fbe,ff56,
5134,6155,a2e8,92b1,7fbe,27bc,
5135,6155,a2e8,92b1,7fbe,189f,
5136,415d,a2e8,92b1,7fbe,ba96,
5137,4157,b2e8,92b1,7fbe,e540,
5138,6555,a0e8,92b1,7fbe,0433,
5139,65c5,a2e8,92b1,7fbe,ba54,
5140,6175,a2e8,92b1,7fbe,36fb,
5141,6155,a2e8,92b1,7fbe,ff7a,
5142,6155,a2e8,92b1,7fbe,b7ed,
5143,6155,a2e8,92b1,7fbe,cb8d,
5144,6955,a2a8,92b1,7fbe,84d8,
5145,6155,a2e8,92b1,7fbe,6276,
5146,bf0b,c4d2,9681,7fbe,e84a,
5147,6155,a2e8,92b1,7fbe,9967,
5148,6155,a2e8,92b1,7fbe,1cad,
5149,6155,a2e8,92b1,7fbe,8022,
5150,6155,a2e8,92b1,7fbe,1de8,
5151,6155,a2e8,92b1,7fbe,8941,
5152,6155,a2e8,92b1,7fbe,207e,
5153,6155,a2e8,92b1,7fbe,90f3,
5154,6155,a2e8,92b1,7fbe,67dc,
5155,6155,a2e8,92b1,7fbe,c565,
5156,6155,a2e8,92b1,7fbe,1776,
5157,6155,a2e8,92b1,7fbe,fcb7,
5158,0000,88c6,3a5b,7fbe,5a94,
5159,6155,a2e8,92b1,7fbe,039f,
5160,6155,a2e8,92b1,7fbe,8ac7,
5161,6155,a2e8,92b1,7fbe,2d11,
5162,6155,a2e8,92b1,7fbe,dfb2,
5163,6155,a2e8,92b1,7fbe,ae4a,
5164,6755,a0e8,92b1,7fbe,3337,
5165,2dc5,a2e8,7f4e,7fbe,edff,
5166,6259,a2e8,92b1,7fbe,f92f,
5167,6155,a2e8,92b1,7fbe,63ec,
5168,6155,a2e8,92b1,7fbe,a375,
5169,7115,a2e8,92b1,7fbe,e6d2,
5170,6155,a2e8,92b1,7fbe,47d1,
5171,0000,aac1,43ee,7fbe,d15f,
5172,6155,a2e8,92b1,7fbe,f88b,
5173,6155,a2e8,92b1,7fbe,4579,
5174,6155,a2e8,92b1,7fbe,5496,
5175,6155,a2e8,92b1,7fbe,82df,
5176,4917,b2e8,92b1,7fbe,fd72,
5177,6159,a2e8,92b1,7fbe,9a5c,
5178,6155,a2e8,92b1,7fbe,1dff,
5179,0000,a2e8,5c00,7fbe,ceb1,
5180,6155,a2e8,92b1,7fbe,8127,
5181,6155,a2e8,92b1,7fbe,78ff,
5182,6155,a2e8,92b1,7fbe,fbf8,
5183,0000,f167,b2a0,7fbe,71f8,
5184,6155,a2e8,92b1,7fbe,82cd,
5185,6155,a2e8,92b1,7fbe,f522,
5186,6155,a2e8,92b1,7fbe,ca99,
5187,6155,a2e8,92b1,7fbe,58e1,
5188,6955,b2e8,92b1,7fbe,ac17,
5189,6155,a2e8,92b1,7fbe,89b0,
5190,5335,ae98,9291,7fbe,fed1,
5191,6115,a2e8,92b1,7fbe,91d0,
5192,785d,b2ec,92b1,7fbe,0953,
5193,6155,a2e8,92b1,7fbe,205b,
5194,6155,a2e8,92b1,7fbe,310b,
5195,6155,a2e8,92b1,7fbe,20b3,
5196,6155,a2e8,92b1,7fbe,f12e,
5197,6155,a2e8,92b1,7fbe,de13,
5198,6175,a2e8,92b1,7fbe,1157,
5199,e375,bae8,9ab1,7fbe,7029,
5200,0000,e489,c3b5,7fbe,acef,
5201,6155,a2e8,92b1,7fbe,a78e,
5202,6955,a2e8,92b1,7fbe,fcfa,
5203,9060,5cc3,f425,7fbe,004a,
5204,6155,a2e8,92b1,7fbe,45e5,
5205,6155,a2e8,92b1,7fbe,0211,
5206,6155,a2e8,92b1,7fbe,7313,
5207,43d5,b2e8,92b1,7fbe,a2cd,
5208,6155,a2e8,92b1,7fbe,15fc,
5209,6155,a2e8,92b1,7fbe,7777,
5210,6155,a2e8,92b1,7fbe,4df3,
5211,6155,a2e8,92b1,7fbe,a25a,
5212,6155,a2e8,92b1,7fbe,c0cd,
5213,6155,a2e8,92b1,7fbe,e613,
5214,7155,a2e8,92b1,7fbe,da67,
5215,6155,a2e8,92b1,7fbe,2f80,
5216,6155,a2e8,92b1,7fbe,f9a2,
5217,6155,a2e8,92b1,7fbe,4c9c,
5218,6975,a2a8,92b1,7fbe,e5fe,
5219,2141,a0c0,92a1,7fbe,b569,
5220,6155,a2e8,92b1,7fbe,18d9,
5221,6155,a2e8,92b1,7fbe,318d,
5222,6155,a2e8,92b1,7fbe,9136,
5223,6155,a2e8,92b1,7fbe,565a,
5224,6155,a2e8,92b1,7fbe,de12,
5225,6155,a2e8,92b1,7fbe,b39e,
5226,6155,a2e8,92b1,7fbe,4a58,
5227,6555,a2e8,92b1,7fbe,fd6e,
5228,7155,a2e8,92b1,7fbe,42b5,
5229,6155,a2e8,92b1,7fbe,d1e7,
5230,6115,a2e8,92b1,7fbe,2e18,
5231,6155,a2e8,92b1,7fbe,50d4,
5232,6155,a2e8,92b1,7fbe,38ad,
5233,6155,a2e8,92b1,7fbe,6c14,
5234,6155,a2e8,92b1,7fbe,ac9c,
5235,6155,a2e8,92b1,7fbe,4ccb,
5236,6155,a2e8,92b1,7fbe,e14b,
5237,6155,a2e8,92b1,7fbe,3beb,
5238,6155,a2e8,92b1,7fbe,8c28,
5239,6155,a2e8,92b1,7fbe,236d,
5240,61d5,a2e8,92b1,7fbe,d825,
5241,0000,1262,92b1,7fbe,8578,
5242,6155,a2e8,92b1,7fbe,b96a,
5243,6155,a2e8,92b1,7fbe,8598,
5244,6155,a2e8,92b1,7fbe,6eef,
5245,6155,a2e8,92b1,7fbe,a183,
5246,6155,a2e8,92b1,7fbe,c574,
5247,2155,a2e8,92b1,7fbe,5dac,
5248,6155,a2e8,92b1,7fbe,c251,
5249,61d5,a2e8,92b1,7fbe,a507,
5250,6155,a2e8,92b1,7fbe,e5d2,
5251,6975,a2e8,92b1,7fbe,fbf7,
5252,6175,a2e8,92b1,7fbe,0ca1,
5253,6155,a2e8,92b1,7fbe,9647,
5254,6155,a2e8,92b1,7fbe,3aeb,
5255,6155,a2e8,92b1,7fbe,2e68,
5256,6155,a2e8,92b1,7fbe,2a00,
5257,6155,a2e8,92b1,7fbe,e163,
5258,6155,a2e8,92b1,7fbe,ecd9,
5259,6155,a2e8,92b1,7fbe,21a9,
5260,6155,a2e8,92b1,7fbe,4d28,
5261,7155,a2e8,92b1,7fbe,defa,
5262,6155,a2e8,92b1,7fbe,b5fc,
5263,6155,a2e8,92b1,7fbe,09a6,
5264,6155,a2e8,92b1,7fbe,857b,
5265,6155,a2e8,92b1,7fbe,4020,
5266,6155,a2e8,92b1,7fbe,3d04,
5267,7175,a2e8,8881,7fbe,1a30,
5268,6155,a2e8,92b1,7fbe,c9d9,
5269,6155,a2e8,92b1,7fbe,5cb7,
5270,6155,a2e8,92b1,7fbe,b40c,
5271,6155,a2e8,92b1,7fbe,0214,
5272,6155,a2e8,92b1,7fbe,1310,
5273,6155,a2e8,92b1,7fbe,f156,
5274,6155,a2e8,92b1,7fbe,7541,
5275,d1f6,a2e8,944e,7fbe,06ff,
5276,6155,a2e8,92b1,7fbe,87d9,
5277,6955,a2e8,92b1,7fbe,49b8,
5278,6155,a2e8,92b1,7fbe,99cb,
5279,6155,a2e8,92b1,7fbe,44bd,
5280,6155,a2e8,92b1,7fbe,1ca7,
5281,6155,a2e8,92b1,7fbe,7c4b,
5282,6175,a2e8,92b1,7fbe,df62,
5283,6155,a2e8,92b1,7fbe,17ec,
5284,0000,b2e0,92b1,7fbe,79e5,
5285,0000,b3b4,92b1,7fbe,e329,
5286,7997,a2a8,92b1,7fbe,4de0,
5287,0000,d020,e079,7fbe,72c8,
5288,6155,a2e8,92b1,7fbe,ed42,
5289,e355,a2f8,92b1,7fbe,31b3,
5290,6155,a2e8,92b1,7fbe,9c89,
5291,6175,a2e8,92b1,7fbe,0c3d,
5292,6155,a2e8,92b1,7fbe,8de8,
5293,7549,a2e8,7974,7fbe,ebc5,
5294,6155,a2e8,92b1,7fbe,a4f4,
5295,6155,a2e8,92b1,7fbe,ffbd,
5296,6175,a2e8,92b1,7fbe,7308,
5297,4155,a2e8,92b1,7fbe,2e78,
5298,0000,2ad1,92a5,7fbe,8a13,
5299,69d5,a2a8,92b1,7fbe,e2da,
5300,69f7,a2a8,92b1,7fbe,d75d,
5301,6155,a2e8,92b1,7fbe,c31e,
5302,6155,a2e8,92b1,7fbe,e840,
5303,6155,a2e8,92b1,7fbe,b2a5,
5304,1916,c2ec,b2b1,7fbe,bb8b,
5305,0000,76b9,92b1,7fbe,f747,
5306,6155,a2e8,92b1,7fbe,5c12,
5307,4155,a2e8,92b1,7fbe,6297,
5308,0000,8064,92b1,7fbe,6eaa,
5309,6155,a2e8,92b1,7fbe,0b37,
5310,7155,a2e8,92b1,7fbe,aeea,
5311,6155,a2e8,92b1,7fbe,6ed4,
5312,6155,a2e8,92b1,7fbe,b619,
5313,6155,a2e8,92b1,7fbe,b4ef,
5314,6155,a2e8,92b1,7fbe,f185,
5315,6115,a2e8,92b1,7fbe,cad7,
5316,6155,a2e8,92b1,7fbe,fcca,
5317,6115,a2e8,92b1,7fbe,0684,
5318,0000,a2e8,839a,7fbe,112b,
5319,6155,a2e8,92b1,7fbe,174a,
5320,6155,a2e8,92b1,7fbe,4a06,
5321,6155,a2e8,92b1,7fbe,c6e2,
5322,6155,a2e8,92b1,7fbe,0164,
5323,6155,a2e8,92b1,7fbe,030a,
5324,6155,a2e8,92b1,7fbe,a571,
5325,6480,b97c,83b5,7fbe,301c,
5326,6115,a2e8,92b1,7fbe,dc34,
5327,6155,a2e8,92b1,7fbe,4858,
5328,6155,a2e8,92b1,7fbe,4bf0,
5329,6155,a2e8,92b1,7fbe,97e8,
5330,6175,a2e8,92b1,7fbe,f99f,
5331,6155,a2e8,92b1,7fbe,dabf,
5332,6155,a2e8,92b1,7fbe,e920,
5333,6155,a2e8,92b1,7fbe,b1f2,
5334,7155,a2e8,92b1,7fbe,9c9a,
5335,6135,a2e8,92b1,7fbe,cfd5,
5336,6155,a2e8,92b1,7fbe,b018,
5337,6155,a2e8,92b1,7fbe,d44e,
5338,6155,a2e8,92b1,7fbe,260d,
5339,4155,a2e8,92b1,7fbe,e743,
5340,6155,a2e8,92b1,7fbe,eed7,
5341,6151,a2e8,92b1,7fbe,81e5,
5342,6155,a2e8,92b1,7fbe,57dd,
5343,5157,b2e8,92b1,7fbe,26d7,
5344,6f55,a6e8,92b1,7fbe,ce5d,
5345,6175,a2e8,92b1,7fbe,d195,
5346,6555,a2e8,92b1,7fbe,3e80,
5347,6155,a2e8,92b1,7fbe,4a18,
5348,7155,a2e8,92b1,7fbe,7c3e,
5349,6155,a2e8,92b1,7fbe,efe9,
5350,6155,a2e8,92b1,7fbe,46c2,
5351,6155,a2e8,92b1,7fbe,5313,
5352,6155,a2e8,92b1,7fbe,304e,
5353,6155,a2e8,92b1,7fbe,a423,
5354,6155,a2e8,92b1,7fbe,1631,
5355,61f7,a2a8,92b1,7fbe,8e7b,
5356,6155,a2e8,92b1,7fbe,8c4b,
5357,c56c,86a9,92b1,7fbe,467c,
5358,0000,aa8e,db33,7fbe,a12e,
5359,6155,a2e8,92b1,7fbe,c0dc,
5360,6155,a2e8,92b1,7fbe,250d,
5361,6155,a2e8,92b1,7fbe,54b6,
5362,0000,a2e8,949c,7fbe,062d,
5363,6155,a2e8,92b1,7fbe,101d,
5364,0000,ddb9,92b1,7fbe,75a8,
5365,6155,a2e8,92b1,7fbe,a82a,
5366,6155,a2e8,92b1,7fbe,540c,
5367,6155,a2e8,92b1,7fbe,d5f7,
5368,6155,a2e8,92b1,7fbe,3096,
5369,6155,a2e8,92b1,7fbe,b420,
5370,6155,a2e8,92b1,7fbe,c51f,
5371,6155,a2e8,92b1,7fbe,ba1a,
5372,6155,a2e8,92b1,7fbe,d462,
5373,6155,a2e8,92b1,7fbe,7850,
5374,6155,a2e8,92b1,7fbe,72ae,
5375,6155,a2e8,92b1,7fbe,512f,
5376,6115,a2e8,92b1,7fbe,6842,
5377,6155,a2e8,92b1,7fbe,93a1,
5378,6155,a2e8,92b1,7fbe,75a3,
5379,7114,a2e8,92b1,7fbe,3b83,
5380,6155,a2e8,92b1,7fbe,4ed0,
5381,7155,a2e8,92b1,7fbe,a365,
5382,6155,a2e8,92b1,7fbe,a7c4,
5383,4155,a2e8,92b1,7fbe,9137,
5384,0000,a2e8,dfb8,7fbe,4d09,
5385,1f15,a2e8,92b1,7fbe,fc66,
5386,6105,a2c8,92b1,7fbe,0e0d,
5387,7155,a2e8,92b1,7fbe,3f51,
5388,6155,a2e8,92b1,7fbe,9a5a,
5389,389b,a2e8,201a,7fbe,b2ab,
5390,6175,a2e8,92b1,7fbe,5646,
5391,7135,a2e8,92b1,7fbe,1f98,
5392,ed86,3ac8,92b1,7fbe,aa86,
5393,6155,a2e8,92b1,7fbe,69f4,
5394,6115,a2e8,92b1,7fbe,34e0,
5395,6955,a2e8,92b1,7fbe,d8f9,
5396,6155,a2e8,92b1,7fbe,caf5,
5397,41d5,a2e8,92b1,7fbe,46da,
5398,6155,a2e8,92b1,7fbe,8f4e,
5399,5957,b2e8,92b1,7fbe,50ad,
5400,6155,a2e8,92b1,7fbe,23e0,
5401,615d,a2e8,92b1,7fbe,1d89,
5402,7155,a2e8,92b1,7fbe,b4ec,
5403,6155,a2e8,92b1,7fbe,a4ac,
5404,6155,a2e8,92b1,7fbe,fc79,
5405,0000,1519,9fb4,7fbe,a179,
5406,6157,a2e8,92b1,7fbe,7c8b,
5407,6155,a2e8,92b1,7fbe,6c80,
5408,6155,a2e8,92b1,7fbe,9dca,
5409,0000,18b7,0391,7fbe,547f,
5410,0000,deec,d0f5,7fbe,f9cc,
5411,0000,67d8,92b1,7fbe,90be,
5412,6155,a2e8,92b1,7fbe,c42d,
5413,6155,a2e8,92b1,7fbe,5c0a,
5414,6155,a2e8,92b1,7fbe,b0a2,
5415,7155,a2e8,92b1,7fbe,62ac,
5416,0000,d154,99b7,7fbe,3d70,
5417,7155,a2e8,92b1,7fbe,1d40,
5418,6155,a2e8,92b1,7fbe,ad94,
5419,6115,a2e8,92b1,7fbe,4fc4,
5420,0000,2189,92b1,7fbe,b18c,
5421,6155,a2e8,92b1,7fbe,4af8,
5422,6155,a2e8,92b1,7fbe,cc5a,
5423,70d3,a268,92b1,7fbe,a99e,
5424,6155,a2e8,92b1,7fbe,6fa6,
5425,0000,2609,92b1,7fbe,eb75,
5426,6155,a2e8,92b1,7fbe,1ccd,
5427,6155,a2e8,92b1,7fbe,c8bf,
5428,5957,b2e8,92b1,7fbe,989a,
5429,6155,a2e8,92b1,7fbe,5d32,
5430,6155,a2e8,92b1,7fbe,408c,
5431,0000,2887,92b1,7fbe,d657,
5432,4155,a2e8,92b1,7fbe,28e1,
5433,6155,a2e8,92b1,7fbe,4b39,
5434,5157,b2e8,92b1,7fbe,4544,
5435,6155,a2e8,92b1,7fbe,f1c3,
5436,6155,a2e8,92b1,7fbe,3797,
5437,7155,a2e8,92b1,7fbe,5723,
5438,6155,a2e8,92b1,7fbe,39c7,
5439,2521,830f,d2a3,7fbe,814b,
5440,6155,a2e8,92b1,7fbe,1795,
5441,0000,eda4,9a33,7fbe,56ca,
5442,6155,a2e8,92b1,7fbe,03bd,
5443,6155,a2e8,92b1,7fbe,ea55,
5444,6155,a2e8,92b1,7fbe,a2ec,
5445,6155,a2e8,92b1,7fbe,31e6,
5446,6155,a2e8,92b1,7fbe,7951,
5447,6155,a2e8,92b1,7fbe,a761,
5448,63d5,a3e8,92b1,7fbe,8356,
5449,7155,a2e8,92b1,7fbe,424b,
5450,a49e,86e9,92b1,7fbe,8fcf,
5451,6155,a2e8,92b1,7fbe,666e,
5452,6155,a2e8,92b1,7fbe,7456,
5453,6155,a2e8,92b1,7fbe,e6de,
5454,6957,a2e8,92b1,7fbe,71fb,
5455,6155,a2e8,92b1,7fbe,ff07,
5456,6155,a2e8,92b1,7fbe,5ff6,
5457,0000,bfb8,0d95,7fbe,b618,
5458,0000,6f8b,318d,7fbe,1ec8,
5459,6155,a2e8,92b1,7fbe,b7f1,
5460,6155,a2e8,92b1,7fbe,180c,
5461,6155,a2e8,92b1,7fbe,057a,
5462,6155,a2e8,92b1,7fbe,6edc,
5463,6155,a2e8,92b1,7fbe,71a1,
5464,6155,a2e8,92b1,7fbe,6fc4,
5465,6155,a2e8,92b1,7fbe,a27c,
5466,6155,a2e8,92b1,7fbe,227f,
5467,6155,a2e8,92b1,7fbe,23fa,
5468,6155,a2e8,92b1,7fbe,b99d,
5469,6155,a2e8,92b1,7fbe,bf34,
5470,6155,a2e8,92b1,7fbe,b75e,
5471,6155,a2e8,92b1,7fbe,a102,
5472,6155,a2e8,92b1,7fbe,a092,
5473,6155,a2e8,92b1,7fbe,5633,
5474,f12c,a2e8,75a1,7fbe,e710,
5475,6155,a2e8,92b1,7fbe,1820,
5476,6155,a2e8,92b1,7fbe,d5f6,
5477,6155,a2e8,92b1,7fbe,5d9b,
5478,6155,a2e8,92b1,7fbe,84e3,
5479,6155,a2e8,92b1,7fbe,10f3,
5480,0000,da7d,a209,7fbe,fae9,
5481,6155,a2e8,92b1,7fbe,0dd9,
5482,7155,a2e8,92b1,7fbe,2cb8,
5483,6155,a2e8,92b1,7fbe,4f14,
5484,6155,a2e8,92b1,7fbe,a597,
5485,6195,a2a8,92b1,7fbe,c68d,
5486,6115,a2e8,92b1,7fbe,aa43,
5487,6115,a2e8,92b1,7fbe,8278,
5488,6155,a2e8,92b1,7fbe,ca81,
5489,59d5,b2e8,92b1,7fbe,216a,
5490,6155,a2e8,92b1,7fbe,9352,
5491,6155,a2e8,92b1,7fbe,b9a6,
5492,6155,a2e8,92b1,7fbe,4f8c,
5493,6155,a2e8,92b1,7fbe,0973,
5494,6155,a2e8,92b1,7fbe,20a0,
5495,6355,a2e8,92b1,7fbe,d003,
5496,6155,a2e8,92b1,7fbe,9f58,
5497,6155,a2e8,92b1,7fbe,bb05,
5498,61d5,a2e8,92b1,7fbe,ba90,
5499,6155,a2e8,92b1,7fbe,1fba,
5500,6155,a2e8,92b1,7fbe,ec42,
5501,6155,a2e8,92b1,7fbe,d4d9,
5502,6155,a2e8,92b1,7fbe,d463,
5503,6155,a2e8,92b1,7fbe,7bed,
5504,61d7,a2a8,92b1,7fbe,2970,
5505,6155,a2e8,92b1,7fbe,8b86,
5506,6155,a2e8,92b1,7fbe,2612,
5507,6157,a2e8,92b1,7fbe,c663,
5508,6155,a2e8,92b1,7fbe,b725,
5509,6155,a2e8,92b1,7fbe,a922,
5510,6155,a2e8,92b1,7fbe,9ae0,
5511,6155,a2e8,92b1,7fbe,4dd2,
5512,6155,a2e8,92b1,7fbe,091d,
5513,6155,a2e8,92b1,7fbe,9527,
5514,0000,a2e8,981f,7fbe,0aae,
5515,6155,a2e8,92b1,7fbe,15fc,
5516,6155,a2e8,92b1,7fbe,c5c2,
5517,6155,a2e8,92b1,7fbe,fbe0,
5518,6155,a2e8,92b1,7fbe,245c,
5519,4957,b2e8,92b1,7fbe,217d,
5520,6115,a2e8,92b1,7fbe,e7b2,
5521,c165,2acc,9699,7fae,be8f,
5522,6155,a2e8,92b1,7fbe,034a,
5523,6155,a2e8,92b1,7fbe,205d,
5524,6955,a2e8,92b1,7fbe,27c6,
5525,6155,a2e8,92b1,7fbe,4e2f,
5526,6155,a2e8,92b1,7fbe,fc08,
5527,5155,a2e8,92b1,7fbe,a31f,
5528,61d5,a2e8,92b1,7fbe,717e,
5529,6155,a2e8,92b1,7fbe,1407,
5530,6155,a2e8,92b1,7fbe,119f,
5531,6975,a2a8,92b1,7fbe,7311,
5532,615d,a2e8,92b1,7fbe,029a,
5533,6544,22e8,92b1,7fbe,90dd,
5534,6155,a2e8,92b1,7fbe,a1f0,
5535,6155,a2e8,92b1,7fbe,e412,
5536,6155,a2e8,92b1,7fbe,f14b,
5537,6155,a2e8,92b1,7fbe,682f,
5538,6155,a2e8,92b1,7fbe,dc26,
5539,6155,a2e8,92b1,7fbe,e2cc,
5540,6155,a2e8,92b1,7fbe,e8ba,
5541,0000,44ab,b339,7fbe,c5db,
5542,7915,aae8,92b1,7fbe,e32f,
5543,6155,a2e8,92b1,7fbe,7dd2,
5544,6155,a2e8,92b1,7fbe,2002,
5545,6155,a2e8,92b1,7fbe,05a1,
5546,6155,a2e8,92b1,7fbe,fe1a,
5547,6155,a2e8,92b1,7fbe,9447,
5548,6155,a2e8,92b1,7fbe,78c4,
5549,6155,a2e8,92b1,7fbe,1058,
5550,6155,a2e8,92b1,7fbe,e8ba,
5551,6155,a2e8,92b1,7fbe,1eff,
5552,6155,a2e8,92b1,7fbe,fb94,
5553,6155,a2e8,92b1,7fbe,1f97,
5554,0000,9ed4,8297,7fbe,1410,
5555,4155,a2e8,92b1,7fbe,eb7d,
5556,0000,76b9,92b1,7fbe,f747,
5557,6155,a2e8,92b1,7fbe,94de,
5558,6155,a2e8,92b1,7fbe,c035,
5559,6155,a2e8,92b1,7fbe,fba9,
5560,6155,a2e8,92b1,7fbe,7a40,
5561,6155,a2e8,92b1,7fbe,e80c,
5562,6155,a2e8,92b1,7fbe,af6d,
5563,7155,a2e8,92b1,7fbe,4431,
5564,6155,a2e8,92b1,7fbe,8f36,
5565,6155,a2e8,92b1,7fbe,6eae,
5566,6155,a2e8,92b1,7fbe,8846,
5567,6155,a2e8,92b1,7fbe,9283,
5568,6155,a2e8,92b1,7fbe,bc4a,
5569,6155,a2e8,92b1,7fbe,3296,
5570,6155,a2e8,92b1,7fbe,7c0a,
5571,6155,a2e8,92b1,7fbe,88b3,
5572,6155,a2e8,92b1,7fbe,8991,
5573,6155,a2e8,92b1,7fbe,ce7a,
5574,6155,a2e8,92b1,7fbe,3df6,
5575,6155,a2e8,92b1,7fbe,fd8c,
5576,6155,a2e8,92b1,7fbe,c0ce,
5577,6155,a2e8,92b1,7fbe,88f9,
5578,6155,a2e8,92b1,7fbe,39f8,
5579,5631,a2e8,8631,7fbe,1480,
5580,6155,a2e8,92b1,7fbe,cce8,
5581,6155,a2e8,92b1,7fbe,c7ac,
5582,0000,82e0,92b1,7fbe,8ea9,
5583,6155,a2e8,92b1,7fbe,ec34,
5584,ed15,a2c8,92b1,7fbe,68a6,
5585,7865,a2e8,92b1,7fbe,3670,
5586,6155,a2e8,92b1,7fbe,10fc,
5587,61d5,a2e8,92b1,7fbe,1681,
5588,5155,b2e8,92b1,7fbe,3ca9,
5589,6957,a2e8,92b1,7fbe,0f53,
5590,61d5,a2e8,92b1,7fbe,1379,
5591,7155,a2e8,92b1,7fbe,67af,
5592,6155,a2e8,92b1,7fbe,1fc1,
5593,6155,a2e8,92b1,7fbe,c930,
5594,0000,92e0,92b1,7fbe,b234,
5595,6155,a2e8,92b1,7fbe,4ab8,
5596,6955,a2e8,92b1,7fbe,11bd,
5597,6155,a2e8,92b1,7fbe,2c29,
5598,1175,a2e8,4a0a,7fbe,d8bb,
5599,6155,a2e8,92b1,7fbe,68ea,
5600,6155,a2e8,92b1,7fbe,3400,
5601,6115,a2e8,92b1,7fbe,a4bc,
5602,6155,a2e8,92b1,7fbe,c0bb,
5603,6155,a2e8,92b1,7fbe,163d,
5604,6155,a2e8,92b1,7fbe,ee83,
5605,2175,a2e8,92b1,7fbe,d54a,
5606,6155,a2e8,92b1,7fbe,b258,
5607,6def,a2e8,7fe7,7fbe,ed56,
5608,6155,a2e8,92b1,7fbe,5d32,
5609,6155,a2e8,92b1,7fbe,b29e,
5610,6955,a2e8,92b1,7fbe,2eff,
5611,6155,a2e8,92b1,7fbe,bf5e,
5612,6155,a2e8,92b1,7fbe,f44a,
5613,6165,a2e8,92b1,7fbe,69db,
5614,6155,a2e8,92b1,7fbe,0031,
5615,7155,a2e8,92b1,7fbe,75a6,
5616,6155,a2e8,92b1,7fbe,ee8f,
5617,6155,a2e8,92b1,7fbe,30ba,
5618,6155,a2e8,92b1,7fbe,4d5c,
5619,6155,a2e8,92b1,7fbe,8ff8,
5620,7171,a2e8,92b1,7fbe,575f,
5621,6957,b2e8,92b1,7fbe,a270,
5622,0000,a2e8,4801,7fbe,dab0,
5623,6155,a2e8,92b1,7fbe,9e2f,
5624,6195,a2e8,92b1,7fbe,cb2e,
5625,6155,a2e8,92b1,7fbe,7822,
5626,6955,a2e8,92b1,7fbe,7900,
5627,4957,b2e8,92b1,7fbe,ed47,
5628,0000,cee8,92b1,7fbe,668a,
5629,6155,a2e8,92b1,7fbe,f201,
5630,51d5,b2e8,92b1,7fbe,791b,
5631,6155,a2e8,92b1,7fbe,e1f1,
5632,6155,a2e8,92b1,7fbe,4c04,
5633,6155,a2e8,92b1,7fbe,e07a,
5634,6155,a2e8,92b1,7fbe,8066,
5635,6155,a2e8,92b1,7fbe,ab7e,
5636,6155,a2e8,92b1,7fbe,450b,
5637,6155,a2e8,92b1,7fbe,cb5a,
5638,6155,a2e8,92b1,7fbe,4f10,
5639,6115,a2e8,92b1,7fbe,2057,
5640,6115,a2e8,92b1,7fbe,abd4,
5641,6155,a2e8,92b1,7fbe,d48d,
5642,6955,a2e8,92b1,7fbe,433d,
5643,6155,a2e8,92b1,7fbe,80fb,
5644,6155,a2e8,92b1,7fbe,fe8c,
5645,6155,a2e8,92b1,7fbe,09b9,
5646,6155,a2e8,92b1,7fbe,0ccd,
5647,6155,a2e8,92b1,7fbe,d645,
5648,6155,a2e8,92b1,7fbe,8271,
5649,6155,a2e8,92b1,7fbe,33f5,
5650,4955,b2e8,92b1,7fbe,013a,
5651,6155,a2e8,92b1,7fbe,c368,
5652,6155,a2e8,92b1,7fbe,4129,
5653,6155,a2e8,92b1,7fbe,d68b,
5654,6155,a2e8,92b1,7fbe,e9ce,
5655,6155,a2e8,92b1,7fbe,0dde,
5656,6155,a2e8,92b1,7fbe,4228,
5657,6157,a2e8,92b1,7fbe,c892,
5658,6155,a2e8,92b1,7fbe,7572,
5659,0000,208d,92b1,7fbe,9da2,
5660,6155,a2e8,92b1,7fbe,7ce2,
5661,6955,a2e8,92b1,7fbe,b449,
5662,6155,a2e8,92b1,7fbe,d149,
5663,4155,a2e8,92b1,7fbe,8da5,
5664,6155,a2e8,92b1,7fbe,5eab,
5665,fd28,a2e8,92b1,7fbe,9d5f,
5666,6155,a2e8,92b1,7fbe,dcf4,
5667,6055,a2e8,92b1,7fbe,7441,
5668,7051,a2e8,92b1,7fbe,372c,
5669,7155,a2e8,92b1,7fbe,4efb,
5670,6155,a2e8,92b1,7fbe,f170,
5671,7155,a2e8,92b1,7fbe,ae66,
5672,7155,a2e8,92b1,7fbe,a3cf,
5673,6155,a2e8,92b1,7fbe,a4b3,
5674,6155,a2e8,92b1,7fbe,d2a5,
5675,e155,a2e8,92b1,7fbe,eab1,
5676,4155,a2e8,92b1,7fbe,ac3d,
5677,6155,a2e8,92b1,7fbe,f85f,
5678,6155,a2e8,92b1,7fbe,374f,
5679,7151,a2e8,92b1,7fbe,66f8,
5680,6155,a2e8,92b1,7fbe,eac6,
5681,6155,a2e8,92b1,7fbe,4ce9,
5682,1051,82e8,92b1,7fbe,eff0,
5683,6155,a2e8,92b1,7fbe,de4a,
5684,6155,a2e8,92b1,7fbe,9518,
5685,6155,a2e8,92b1,7fbe,2996,
5686,6155,a2e8,92b1,7fbe,be2f,
5687,6155,a2e8,92b1,7fbe,42f4,
5688,6155,a2e8,92b1,7fbe,2a86,
5689,6155,a2e8,92b1,7fbe,a97b,
5690,6155,a2e8,92b1,7fbe,b6e8,
5691,6555,a2e8,92b1,7fbe,814d,
5692,6155,a2e8,92b1,7fbe,1290,
5693,6155,a2e8,92b1,7fbe,e64e,
5694,6155,a2e8,92b1,7fbe,5b88,
5695,6155,a2e8,92b1,7fbe,c0af,
5696,6155,a2e8,92b1,7fbe,8637,
5697,4957,b2e8,92b1,7fbe,4e4d,
5698,805d,e2e8,92b1,7fbe,0fff,
5699,6155,a2e8,92b1,7fbe,44cd,
5700,6155,a2e8,92b1,7fbe,f6b0,
5701,69b5,a2a8,92b1,7fbe,6f2e,
5702,6155,a2e8,92b1,7fbe,c429,
5703,6155,a2e8,92b1,7fbe,e697,
5704,6155,a2e8,92b1,7fbe,fc5d,
5705,6155,a2e8,92b1,7fbe,a9f2,
5706,6175,a2e8,92b1,7fbe,23c7,
5707,6155,a2e8,92b1,7fbe,a630,
5708,6155,a2e8,92b1,7fbe,d089,
5709,6155,a2e8,92b1,7fbe,da48,
5710,6155,a2e8,92b1,7fbe,865c,
5711,6155,a2e8,92b1,7fbe,b1dd,
5712,6155,a2e8,92b1,7fbe,8585,
5713,49d5,b2e8,92b1,7fbe,800b,
5714,6115,a2e8,92b1,7fbe,92ec,
5715,7549,a2e8,7974,7fbe,ebc5,
5716,6155,a2e8,92b1,7fbe,065b,
5717,6155,a2e8,92b1,7fbe,3f8a,
5718,6155,a2e8,92b1,7fbe,00f4,
5719,6155,a2e8,92b1,7fbe,56a5,
5720,6155,a2e8,92b1,7fbe,ee3b,
5721,0000,a28a,92b1,7fbe,faa7,
5722,6155,a2e8,92b1,7fbe,14b5,
5723,6155,a2e8,92b1,7fbe,4b72,
5724,6175,a2e8,92b1,7fbe,13b4,
5725,6155,a2e8,92b1,7fbe,51b6,
5726,6155,a2e8,92b1,7fbe,8b98,
5727,6155,a2e8,92b1,7fbe,ed01,
5728,1175,a2e8,4a0a,7fbe,d8bb,
5729,6154,a2e8,92b1,7fbe,c7db,
5730,6155,a2e8,92b1,7fbe,f65e,
5731,5cdd,a2e8,92b1,7fbe,beaa,
5732,6155,a2e8,92b1,7fbe,6510,
5733,6155,a2e8,92b1,7fbe,ca9d,
5734,6155,a2e8,92b1,7fbe,d7aa,
5735,c155,e2e8,92b1,7fbe,0eac,
5736,6155,a2e8,92b1,7fbe,7e9e,
5737,6155,a2e8,92b1,7fbe,817b,
5738,6155,a2e8,92b1,7fbe,7f87,
5739,4f51,b2e8,92b1,7fbe,c344,
5740,6155,a2e8,92b1,7fbe,e92f,
5741,6155,a2e8,92b1,7fbe,416a,
5742,6155,a2e8,92b1,7fbe,8f80,
5743,6155,a2e8,92b1,7fbe,c7c0,
5744,6155,a2e8,92b1,7fbe,898b,
5745,6155,a2e8,92b1,7fbe,57b3,
5746,6155,a2e8,92b1,7fbe,20a2,
5747,6155,a2e8,92b1,7fbe,722f,
5748,6175,a2e8,92b1,7fbe,b7c8,
5749,6155,a2e8,92b1,7fbe,f9e0,
5750,6175,a2e8,92b1,7fbe,3700,
5751,6155,a2e8,92b1,7fbe,ecd7,
5752,6155,a2e8,92b1,7fbe,6f63,
5753,6155,a2e8,92b1,7fbe,ef65,
5754,71d5,a2e8,92b1,7fbe,b730,
5755,6155,a2e8,92b1,7fbe,1685,
5756,6155,a2e8,92b1,7fbe,a99b,
5757,6155,a2e8,92b1,7fbe,dc71,
5758,6155,a2e8,92b1,7fbe,7af1,
5759,6155,a2e8,92b1,7fbe,4c8d,
5760,6155,a2e8,92b1,7fbe,6ebd,
5761,6155,a2e8,92b1,7fbe,c141,
5762,615d,a2e8,92b1,7fbe,0329,
5763,6155,a2e8,92b1,7fbe,e741,
5764,6155,a2e8,92b1,7fbe,45ad,
5765,6155,a2e8,92b1,7fbe,7b8e,
5766,6155,a2e8,92b1,7fbe,ef4b,
5767,6094,a268,92b1,7fbe,c7d5,
5768,6155,a2e8,92b1,7fbe,6587,
5769,6957,a2a8,92b1,7fbe,7ee7,
5770,6155,a2e8,92b1,7fbe,a2fa,
5771,6915,a2a8,92b1,7fbe,e6aa,
5772,6155,a2e8,92b1,7fbe,81da,
5773,6155,a2e8,92b1,7fbe,562a,
5774,6155,a2e8,92b1,7fbe,8f05,
5775,6155,a2e8,92b1,7fbe,44d1,
5776,6155,a2e8,92b1,7fbe,e3c1,
5777,6155,a2e8,92b1,7fbe,3b5b,
5778,6155,a2e8,92b1,7fbe,bc45,
5779,6155,a2e8,92b1,7fbe,92ca,
5780,6155,a2e8,92b1,7fbe,77f1,
5781,6155,a2e8,92b1,7fbe,6cef,
5782,6155,a2e8,92b1,7fbe,5470,
5783,6155,a2e8,92b1,7fbe,9787,
5784,6155,a2e8,92b1,7fbe,a793,
5785,6155,a2e8,92b1,7fbe,b923,
5786,6155,a2e8,92b1,7fbe,dc42,
5787,4155,b2e8,92b1,7fbe,aa79,
5788,6155,a2e8,92b1,7fbe,2ec6,
5789,6155,a2e8,92b1,7fbe,de0d,
5790,0000,7568,4531,7fbe,d780,
5791,6155,a2e8,92b1,7fbe,8002,
5792,6155,a2e8,92b1,7fbe,877a,
5793,6955,a2e8,92b1,7fbe,47cc,
5794,6155,a2e8,92b1,7fbe,7535,
5795,6155,a2e8,92b1,7fbe,636d,
5796,6155,a2e8,92b1,7fbe,d80a,
5797,6155,a2e8,92b1,7fbe,1d60,
5798,6155,a2e8,92b1,7fbe,cddc,
5799,6155,a2e8,92b1,7fbe,ed66,
5800,0000,5260,92b1,7fbe,3180,
5801,6155,a2e8,92b1,7fbe,77c3,
5802,6155,a2e8,92b1,7fbe,c3a4,
5803,6155,a2e8,92b1,7fbe,a268,
5804,6155,a2e8,92b1,7fbe,7284,
5805,6155,a2e8,92b1,7fbe,408b,
5806,6155,a2e8,92b1,7fbe,986c,
5807,6155,a2e8,92b1,7fbe,4794,
5808,0000,52ce,cf66,7fbe,558b,
5809,7155,a2e8,92b1,7fbe,2ebc,
5810,6155,a2e8,92b1,7fbe,830b,
5811,6155,a2e8,92b1,7fbe,e061,
5812,6055,a2e8,92b1,7fbe,b14a,
5813,7155,a2e8,92b1,7fbe,afcb,
5814,6155,a2e8,92b1,7fbe,609a,
5815,6155,a2e8,92b1,7fbe,4b03,
5816,6155,a2e8,92b1,7fbe,2856,
5817,6155,a2e8,92b1,7fbe,11a4,
5818,6155,a2e8,92b1,7fbe,2635,
5819,6155,a2e8,92b1,7fbe,1c35,
5820,8ce8,c2e8,b2b1,7fbe,c4b9,
5821,6155,a2e8,92b1,7fbe,5985,
5822,6155,a2e8,92b1,7fbe,0e98,
5823,6155,a2e8,92b1,7fbe,4008,
5824,6155,a2e8,92b1,7fbe,21da,
5825,6155,a2e8,92b1,7fbe,8dd6,
5826,6155,a2e8,92b1,7fbe,9d7b,
5827,6155,a2e8,92b1,7fbe,8331,
5828,4851,b2e8,92b1,7fbe,1fb5,
5829,6155,a2e8,92b1,7fbe,f63b,
5830,6155,a2e8,92b1,7fbe,c76f,
5831,6155,a2e8,92b1,7fbe,9f1a,
5832,0000,b1c8,92b1,7fbe,7096,
5833,6155,a2e8,92b1,7fbe,ef46,
5834,6155,a2e8,92b1,7fbe,fd78,
5835,6155,a2e8,92b1,7fbe,b5f1,
5836,6155,a2e8,92b1,7fbe,8603,
5837,6155,a2e8,92b1,7fbe,decc,
5838,e94d,a2f8,92b1,7fbe,c464,
5839,6155,a2e8,92b1,7fbe,6883,
5840,6155,a2e8,92b1,7fbe,58d6,
5841,6155,a2e8,92b1,7fbe,d4d9,
5842,6955,a2e8,92b1,7fbe,7d2c,
5843,6155,a2e8,92b1,7fbe,55ed,
5844,6155,a2e8,92b1,7fbe,f363,
5845,6115,a2e8,92b1,7fbe,a90f,
5846,33b0,22e8,6f00,7fbe,fdb1,
5847,0000,24d2,92b1,7fbe,0fb5,
5848,4137,b2a8,92b1,7fbe,80e1,
5849,6154,a2e8,92b1,7fbe,a04d,
5850,6155,a2e8,92b1,7fbe,aabd,
5851,6155,a2e8,92b1,7fbe,fcc4,
5852,6195,a2a8,92b1,7fbe,dcb8,
5853,6155,a2e8,92b1,7fbe,97a2,
5854,6155,a2e8,92b1,7fbe,01f5,
5855,0000,a898,92b1,7fbe,3df4,
5856,6995,a2a8,92b1,7fbe,1696,
5857,6155,a2e8,92b1,7fbe,409a,
5858,86f0,a2e8,92b1,7fbe,e7a5,
5859,6155,a2e8,92b1,7fbe,5efa,
5860,6155,a2e8,92b1,7fbe,7cc6,
5861,6155,a2e8,92b1,7fbe,d7a3,
5862,6155,a2e8,92b1,7fbe,15b0,
5863,6155,a2e8,92b1,7fbe,ee71,
5864,6155,a2e8,92b1,7fbe,7f8f,
5865,6155,a2e8,92b1,7fbe,c559,
5866,6155,a2e8,92b1,7fbe,a464,
5867,6155,a2e8,92b1,7fbe,c6a2,
5868,6155,a2e8,92b1,7fbe,ff8f,
5869,6155,a2e8,92b1,7fbe,2e9e,
5870,7155,a2e8,92b1,7fbe,155b,
5871,6115,a2e8,92b1,7fbe,acbb,
5872,6155,a2e8,92b1,7fbe,0b63,
5873,6155,a2e8,92b1,7fbe,478e,
5874,e616,a081,96f1,7f9e,1882,
5875,0000,a6ab,92b1,7fbe,41a7,
5876,6155,a2e8,92b1,7fbe,06bb,
5877,6154,a2e8,92b1,7fbe,415e,
5878,6155,a2e8,92b1,7fbe,fe39,
5879,6115,a2e8,92b1,7fbe,de81,
5880,6155,a2e8,92b1,7fbe,77e6,
5881,6155,a2e8,92b1,7fbe,d21e,
5882,6155,a2e8,92b1,7fbe,78ee,
5883,6155,a2e8,92b1,7fbe,a072,
5884,6155,a2e8,92b1,7fbe,8cf6,
5885,60d1,a2e8,92b1,7fbe,3025,
5886,6155,a2e8,92b1,7fbe,6a92,
5887,6155,a2e8,92b1,7fbe,deb1,
5888,6155,a2e8,92b1,7fbe,6713,
5889,7155,a2e8,92b1,7fbe,3b65,
5890,6115,a2e8,92b1,7fbe,89bf,
5891,6151,a2e8,92b1,7fbe,19e6,
5892,6155,a2e8,92b1,7fbe,49f0,
5893,6155,a2e8,92b1,7fbe,bf3b,
5894,e375,a2e8,92b1,7fbe,eff5,
5895,6110,a2ea,92b1,7fbe,879d,
5896,6155,a2e8,92b1,7fbe,f377,
5897,34d2,55f8,90b9,7fbe,b30c,
5898,6155,a2e8,92b1,7fbe,caf5,
5899,6155,a2e8,92b1,7fbe,d6aa,
5900,0000,a6b5,92b1,7fbe,041e,
5901,6155,a2e8,92b1,7fbe,f74a,
5902,6155,a2e8,92b1,7fbe,4607,
5903,0000,826c,92b1,7fbe,24e8,
5904,09d9,a2e8,84b7,7fbe,1606,
5905,6155,a2e8,92b1,7fbe,836d,
5906,6155,a2e8,92b1,7fbe,9c19,
5907,6155,a2e8,92b1,7fbe,a086,
5908,6155,a2e8,92b1,7fbe,82c8,
5909,6155,a2e8,92b1,7fbe,c5e0,
5910,6155,a2e8,92b1,7fbe,ab87,
5911,6155,a2e8,92b1,7fbe,cc01,
5912,6155,a2e8,92b1,7fbe,ee8a,
5913,6155,a2e8,92b1,7fbe,2b81,
5914,6155,a2e8,92b1,7fbe,98b0,
5915,6155,a2e8,92b1,7fbe,1e66,
5916,6155,a2e8,92b1,7fbe,a12c,
5917,6155,a2e8,92b1,7fbe,c997,
5918,0000,8687,b0bd,7fbe,3373,
5919,6155,a2e8,92b1,7fbe,f362,
5920,6155,a2e8,92b1,7fbe,850f,
5921,6155,a2e8,92b1,7fbe,e367,
5922,6155,a2e8,92b1,7fbe,0611,
5923,6034,a2e8,92b1,7fbe,6e93,
5924,6155,a2e8,92b1,7fbe,0dec,
5925,6155,a2e8,92b1,7fbe,6435,
5926,2445,a2e8,dab7,7fbe,4806,
5927,6155,a2e8,92b1,7fbe,f278,
5928,6155,a2e8,92b1,7fbe,d9cd,
5929,6155,a2e8,92b1,7fbe,ea5c,
5930,6155,a2e8,92b1,7fbe,dbb6,
5931,6155,a2e8,92b1,7fbe,eec1,
5932,6155,a2e8,92b1,7fbe,343f,
5933,6155,a2e8,92b1,7fbe,7cb0,
5934,6155,a2e8,92b1,7fbe,a4c2,
5935,6355,a2e8,92b1,7fbe,6d93,
5936,6155,a2e8,92b1,7fbe,de2c,
5937,7955,a2e8,92b1,7fbe,2cb9,
5938,6155,a2e8,92b1,7fbe,8b75,
5939,61d7,a2a8,92b1,7fbe,75a2,
5940,0000,a2e8,d793,7fbe,4522,
5941,69f5,a2a8,92b1,7fbe,b8c9,
5942,6155,a2e8,92b1,7fbe,9090,
5943,6155,a2e8,92b1,7fbe,27e3,
5944,6155,a2e8,92b1,7fbe,336b,
5945,e5e7,a2e8,92b1,7fbe,9793,
5946,0000,11fa,9e03,7fbe,9693,
5947,6155,a2e8,92b1,7fbe,9bf0,
5948,6155,a2e8,92b1,7fbe,fc37,
5949,6155,a2e8,92b1,7fbe,b865,
5950,6155,a2e8,92b1,7fbe,01e8,
5951,6155,a2e8,92b1,7fbe,18ba,
5952,7155,a2e8,92b1,7fbe,d1c8,
5953,6155,a2e8,92b1,7fbe,5a6e,
5954,6155,a2e8,92b1,7fbe,4525,
5955,6155,a2e8,92b1,7fbe,4951,
5956,49d5,b2e8,92b1,7fbe,e553,
5957,6155,a2e8,92b1,7fbe,2db7,
5958,6155,a2e8,92b1,7fbe,76ea,
5959,6155,a2e8,92b1,7fbe,3c53,
5960,6155,a2e8,92b1,7fbe,dad4,
5961,6155,a2e8,92b1,7fbe,14ac,
5962,6175,a2e8,92b1,7fbe,cc70,
5963,6155,a2e8,92b1,7fbe,1719,
5964,6155,a2e8,92b1,7fbe,8c42,
5965,6b7d,26e9,12b1,7fbe,035e,
5966,6155,a2e8,92b1,7fbe,1b47,
5967,6155,a2e8,92b1,7fbe,413f,
5968,6155,a2e8,92b1,7fbe,4195,
5969,6155,a2e8,92b1,7fbe,5529,
5970,4955,b2e8,92b1,7fbe,cbd5,
5971,6155,a2e8,92b1,7fbe,3c61,
5972,0000,a2e8,848e,7fbe,163f,
5973,4135,b2a8,92b1,7fbe,df3f,
5974,6155,a2e8,92b1,7fbe,88fb,
5975,6155,a2e8,92b1,7fbe,fdf9,
5976,6155,a2e8,92b1,7fbe,a50a,
5977,6955,a2e8,92b1,7fbe,3d51,
5978,6175,a2e8,92b1,7fbe,38f6,
5979,6155,a2e8,92b1,7fbe,ab37,
5980,cdb8,a2e8,a652,7fbe,34e3,
5981,6155,a2e8,92b1,7fbe,9505,
5982,6155,a2e8,92b1,7fbe,1de9,
5983,6155,a2e8,92b1,7fbe,dbc9,
5984,6155,a2e8,92b1,7fbe,a1c4,
5985,0000,00e3,f5b1,7fbe,6700,
5986,6155,a2e8,92b1,7fbe,d71b,
5987,6155,a2e8,92b1,7fbe,5bfb,
5988,6155,a2e8,92b1,7fbe,6846,
5989,6155,a2e8,92b1,7fbe,fcec,
5990,6155,a2e8,92b1,7fbe,1ecc,
5991,61d5,a2e8,92b1,7fbe,3d7b,
5992,6155,a2e8,92b1,7fbe,e6c8,
5993,6155,a2e8,92b1,7fbe,e143,
5994,6155,a2e8,92b1,7fbe,39e9,
5995,6155,a2e8,92b1,7fbe,5ced,
5996,0000,a2e8,095d,7fbe,9bec,
5997,6155,a2e8,92b1,7fbe,7a97,
5998,5157,b2e8,92b1,7fbe,5ea6,
5999,6155,a2e8,92b1,7fbe,f65d,
6000,6155,a2e8,92b1,7fbe,30ff,
6001,6155,a2e8,92b1,7fbe,82e0,
6002,6155,a2e8,92b1,7fbe,7ac4,
6003,6155,a2e8,92b1,7fbe,65cf,
6004,6155,a2e8,92b1,7fbe,8b47,
6005,6155,a2e8,92b1,7fbe,677f,
6006,6155,a2e8,92b1,7fbe,0c70,
6007,6155,a2e8,92b1,7fbe,5dff,
6008,6155,a2e8,92b1,7fbe,d070,
6009,e1c5,e2e8,92b1,7fbe,7a0f,
6010,4155,b2e8,92b1,7fbe,1163,
6011,0000,553f,80b8,7fbe,43af,
6012,6155,a2e8,92b1,7fbe,5186,
6013,6955,a2e8,92b1,7fbe,7fa8,
6014,6155,a2e8,92b1,7fbe,d671,
6015,6155,a2e8,92b1,7fbe,9a8d,
6016,6155,a2e8,92b1,7fbe,92e0,
6017,6155,a2e8,92b1,7fbe,65d0,
6018,6155,a2e8,92b1,7fbe,99ee,
6019,6155,a2e8,92b1,7fbe,2285,
6020,0000,d53b,92b1,7fbe,77d3,
6021,6155,a2e8,92b1,7fbe,0c11,
6022,6155,a2e8,92b1,7fbe,0ef9,
6023,4155,a2e8,92b1,7fbe,a033,
6024,6115,a2e8,92b1,7fbe,99b4,
6025,6155,a2e8,92b1,7fbe,2dc2,
6026,6115,a2e8,92b1,7fbe,1305,
6027,6155,a2e8,92b1,7fbe,ee2c,
6028,6155,a2e8,92b1,7fbe,57d1,
6029,6155,a2e8,92b1,7fbe,0037,
6030,6155,a2e8,92b1,7fbe,5ce9,
6031,7116,a2a8,92b1,7fbe,29a5,
6032,6155,a2e8,92b1,7fbe,8261,
6033,6155,a2e8,92b1,7fbe,077b,
6034,6155,a2e8,92b1,7fbe,c79f,
6035,6155,a2e8,92b1,7fbe,2382,
6036,6155,a2e8,92b1,7fbe,127e,
6037,6155,a2e8,92b1,7fbe,8765,
6038,6155,a2e8,92b1,7fbe,2cee,
6039,0000,a2e8,e0e0,7fbe,7251,
6040,6355,a2e8,92b1,7fbe,dbd4,
6041,6155,a2e8,92b1,7fbe,b6e8,
6042,6155,a2e8,92b1,7fbe,96da,
6043,bc53,a2e8,b043,7fbe,22f2,
6044,0000,1592,b6b4,7fbe,eff7,
6045,d937,b2e8,92b1,7fbe,b957,
6046,6b6b,a2e8,745a,7fbe,e6eb,
6047,6155,a2e8,92b1,7fbe,20de,
6048,6155,a2e8,92b1,7fbe,994a,
6049,7155,a2e8,92b1,7fbe,fc93,
6050,69d5,a2a8,92b1,7fbe,ee74,
6051,6151,a2e8,92b1,7fbe,4c82,
6052,7155,a2e8,92b1,7fbe,a382,
6053,0000,0808,92b1,7fbe,f8ed,
6054,6175,b3a8,9231,7fbe,3f02,
6055,7d05,aae8,92b1,7fbe,1e0a,
6056,59d7,b2e8,92b1,7fbe,2114,
6057,0000,a6a3,92b1,7fbe,638b,
6058,6155,a2e8,92b1,7fbe,fca0,
6059,6155,a2e8,92b1,7fbe,0def,
6060,0000,f23b,92b1,7fbe,9163,
6061,6155,a2e8,92b1,7fbe,bd3e,
6062,7155,a2e8,92b1,7fbe,9002,
6063,6155,a2e8,92b1,7fbe,5679,
6064,6155,a2e8,92b1,7fbe,ff9d,
6065,6155,a2e8,92b1,7fbe,5505,
6066,6175,a2e8,92b1,7fbe,374e,
6067,61dd,b2e8,92b1,7fbe,ee58,
6068,6155,a2e8,92b1,7fbe,9507,
6069,6155,a2e8,92b1,7fbe,3692,
6070,6114,a2e8,92b1,7fbe,0c57,
6071,7155,a2e8,92b1,7fbe,f053,
6072,6155,a2e8,92b1,7fbe,1e6f,
6073,6155,a2e8,92b1,7fbe,68df,
6074,6155,a2e8,92b1,7fbe,7f30,
6075,6155,a2e8,92b1,7fbe,1fb4,
6076,e937,a2e9,92b1,7fbe,532a,
6077,7155,a2e8,92b1,7fbe,d5a1,
6078,6175,a2e8,92b1,7fbe,4b69,
6079,6155,a2e8,92b1,7fbe,a60f,
6080,6155,a2e8,92b1,7fbe,9953,
6081,6155,a2e8,92b1,7fbe,df10,
6082,0000,a2e8,45f6,7fbe,d747,
6083,6155,a2e8,92b1,7fbe,a986,
6084,d0d1,a7e8,90b1,7fbe,e257,
6085,6955,a2e8,92b1,7fbe,cd3f,
6086,61f5,a2a8,92b1,7fbe,d5cb,
6087,6155,a2e8,92b1,7fbe,79ea,
6088,675d,a6e8,92b1,7fbe,bb1c,
6089,6114,a2e8,92b1,7fbe,74a1,
6090,6545,a2e8,92b1,7fbe,e2be,
6091,6155,a2e8,92b1,7fbe,6dee,
6092,6155,a2e8,92b1,7fbe,b4b6,
6093,6155,a2e8,92b1,7fbe,2bf7,
6094,0000,c4fd,97b4,7fbe,cc9b,
6095,4155,a2e8,92b1,7fbe,7337,
6096,6996,a2a9,92b1,7fbe,4905,
6097,6155,a2e8,92b1,7fbe,fd1c,
6098,0000,d62b,9091,7fbe,f083,
6099,69d5,a2a8,92b1,7fbe,ab1f,
6100,6155,a2e8,92b1,7fbe,6c24,
6101,6155,a2e8,92b1,7fbe,a720,
6102,6155,a2e8,92b1,7fbe,9cd6,
6103,6155,a2e8,92b1,7fbe,075d,
6104,6155,a2e8,92b1,7fbe,0ab6,
6105,0000,a17e,5576,7fbe,a578,
6106,4155,a2e8,92b1,7fbe,b1e1,
6107,6155,a2e8,92b1,7fbe,b33d,
6108,09a0,fa66,a3a5,7fbe,32a6,
6109,6155,a2e8,92b1,7fbe,b7a4,
6110,6155,a2e8,92b1,7fbe,33a0,
6111,6155,a2e8,92b1,7fbe,5514,
6112,6155,a2e8,92b1,7fbe,6128,
6113,6155,a2e8,92b1,7fbe,3dbf,
6114,3661,a2e8,92b1,7fbe,1734,
6115,6155,a2e8,92b1,7fbe,9b18,
6116,6155,a2e8,92b1,7fbe,8c06,
6117,6155,a2e8,92b1,7fbe,d8a1,
6118,6155,a2e8,92b1,7fbe,ab3f,
6119,6155,a2e8,92b1,7fbe,8f23,
6120,6155,a2e8,92b1,7fbe,f876,
6121,6815,a2e8,92b1,7fbe,ac30,
6122,7155,a2e8,92b1,7fbe,09b3,
6123,6155,a2e8,92b1,7fbe,453e,
6124,6175,a2e8,92b1,7fbe,667a,
6125,5069,a2e8,5508,7fbe,c7b9,
6126,6155,a2e8,92b1,7fbe,1aa5,
6127,6155,a2e8,92b1,7fbe,4aaf,
6128,2155,a2e8,92b1,7fbe,7d49,
6129,6155,a2e8,92b1,7fbe,d99f,
6130,0000,8370,92b1,7fbe,09ef,
6131,6155,a2e8,92b1,7fbe,9270,
6132,6155,a2e8,92b1,7fbe,af1f,
6133,6155,a2e8,92b1,7fbe,06be,
6134,6155,a2e8,92b1,7fbe,063e,
6135,6155,a2e8,92b1,7fbe,956a,
6136,6155,a2e8,92b1,7fbe,6997,
6137,6155,a2e8,92b1,7fbe,c6ce,
6138,7155,a2e8,92b1,7fbe,f071,
6139,6155,a2e8,92b1,7fbe,49ad,
6140,7177,a2e8,92b1,7fbe,459b,
6141,6155,a2e8,92b1,7fbe,8bc1,
6142,6155,a2e8,92b1,7fbe,549f,
6143,6155,a2e8,92b1,7fbe,d5b1,
6144,6155,a2e8,92b1,7fbe,d58a,
6145,6155,a2e8,92b1,7fbe,b5d7,
6146,6155,a2e8,92b1,7fbe,0a07,
6147,4155,a2e8,92b1,7fbe,9740,
6148,6514,a2e8,92b1,7fbe,db4b,
6149,6155,a2e8,92b1,7fbe,7ebd,
6150,6255,a2e8,92b1,7fbe,6353,
6151,6155,a2e8,92b1,7fbe,b613,
6152,6555,a2e8,92b1,7fbe,970a,
6153,6155,a2e8,92b1,7fbe,2406,
6154,2a14,a2e8,41fe,7fbe,d34f,
6155,19d7,b2e8,92b1,7fbe,cc8f,
6156,6957,a2e8,92b1,7fbe,543a,
6157,6155,a2e8,92b1,7fbe,b540,
6158,6155,a2e8,92b1,7fbe,bcb9,
6159,7155,a2e8,92b1,7fbe,4ac3,
6160,6155,a2e8,92b1,7fbe,5f5e,
6161,6155,a2e8,92b1,7fbe,3ac6,
6162,6155,a2e8,92b1,7fbe,1a72,
6163,6155,a2e8,92b1,7fbe,7a4c,
6164,6155,a2e8,92b1,7fbe,cbf1,
6165,6155,a2e8,92b1,7fbe,5171,
6166,6115,a2e8,92b1,7fbe,8233,
6167,6155,a2e8,92b1,7fbe,8c14,
6168,6155,a2e8,92b1,7fbe,0f62,
6169,6155,a2e8,92b1,7fbe,d4d6,
6170,4055,a2e8,92b1,7fbe,a3d8,
6171,0000,a2e8,6c2a,7fbe,fe9b,
6172,6155,a2e8,92b1,7fbe,e2c4,
6173,4155,b2e8,92b1,7fbe,485a,
6174,6075,a2e8,92b1,7fbe,3ed3,
6175,69d3,b3f8,92b9,7fbe,6c6d,
6176,4155,a2e8,92b1,7fbe,95b9,
6177,6155,a2e8,92b1,7fbe,21d0,
6178,6155,a2e8,92b1,7fbe,278f,
6179,0000,0b74,a0b9,7fbe,dd8c,
6180,6155,a2e8,92b1,7fbe,7884,
6181,6155,a2e8,92b1,7fbe,ebb8,
6182,6155,a2e8,92b1,7fbe,1131,
6183,6155,a2e8,92b1,7fbe,2fca,
6184,6155,a2e8,92b1,7fbe,98d3,
6185,6155,a2e8,92b1,7fbe,6deb,
6186,6155,a2e8,92b1,7fbe,879e,
6187,6155,a2e8,92b1,7fbe,bdae,
6188,6155,a2e8,92b1,7fbe,e953,
6189,0000,8ae6,f0b8,7fbe,0e35,
6190,6155,a2e8,92b1,7fbe,d02c,
6191,6155,a2e8,92b1,7fbe,04fc,
6192,0000,bae8,92b1,7fbe,7163,
6193,6155,a2e8,92b1,7fbe,9ef3,
6194,8a00,72b9,f33b,7fbe,3048,
6195,61d5,a2e8,92b1,7fbe,d704,
6196,6155,a2e8,92b1,7fbe,5dd9,
6197,6155,a2e8,92b1,7fbe,1490,
6198,6155,a2e8,92b1,7fbe,75bb,
6199,6175,a2e8,92b1,7fbe,f7f9,
6200,6155,a2e8,92b1,7fbe,021e,
6201,6155,a2e8,92b1,7fbe,5615,
6202,6155,a2e8,92b1,7fbe,7340,
6203,6d01,a2e8,92b1,7fbe,abf2,
6204,6155,a2e8,92b1,7fbe,f29d,
6205,2155,a2e8,92b1,7fbe,6123,
6206,6155,a2e8,92b1,7fbe,866f,
6207,6155,a2e8,92b1,7fbe,31bd,
6208,6155,a2e8,92b1,7fbe,8811,
6209,6155,a2e8,92b1,7fbe,4368,
6210,0000,e3ec,92b1,7fbe,f778,
6211,615d,a2e8,92b1,7fbe,b13d,
6212,6155,a2e8,92b1,7fbe,a2b7,
6213,6155,a2e8,92b1,7fbe,ef0d,
6214,6355,a2e8,92b1,7fbe,d2d7,
6215,0000,a2e8,5441,7fbe,c6f0,
6216,6155,a2e8,92b1,7fbe,160c,
6217,6155,a2e8,92b1,7fbe,360a,
6218,5955,b2e8,92b1,7fbe,1e94,
6219,6155,a2e8,92b1,7fbe,fe25,
6220,6155,a2e8,92b1,7fbe,1bb1,
6221,6155,a2e8,92b1,7fbe,b052,
6222,6155,a2e8,92b1,7fbe,b01b,
6223,6155,a2e8,92b1,7fbe,8677,
6224,6155,a2e8,92b1,7fbe,5b81,
6225,6155,a2e8,92b1,7fbe,b89f,
6226,6155,a2e8,92b1,7fbe,29ea,
6227,6115,a2e8,92b1,7fbe,b761,
6228,6155,a2e8,92b1,7fbe,d321,
6229,6115,a2e8,92b1,7fbe,4159,
6230,6155,a2e8,92b1,7fbe,b660,
6231,6155,a2e8,92b1,7fbe,c019,
6232,6155,a2e8,92b1,7fbe,71d8,
6233,6115,a2e8,92b1,7fbe,e476,
6234,6155,a2e8,92b1,7fbe,bf5f,
6235,6115,a2e8,92b1,7fbe,427d,
6236,6155,a2e8,92b1,7fbe,0765,
6237,6155,a2e8,92b1,7fbe,03d9,
6238,6155,a2e8,92b1,7fbe,eca6,
6239,7155,a2e8,92b1,7fbe,2d2a,
6240,6155,a2e8,92b1,7fbe,a5d4,
6241,6155,a2e8,92b1,7fbe,e20c,
6242,0800,b1b6,72f7,7fbe,83f4,
6243,6151,a2e8,92b1,7fbe,f6a5,
6244,6955,a2e8,92b1,7fbe,8a3e,
6245,4155,a2e8,92b1,7fbe,adb7,
6246,6155,a2e8,92b1,7fbe,3db5,
6247,4577,b2e8,92b1,7fbe,e3ff,
6248,3051,a2e8,92b1,7fbe,fef4,
6249,6155,a2e8,92b1,7fbe,a824,
6250,6155,a2e8,92b1,7fbe,8ffa,
6251,6155,a2e8,92b1,7fbe,f963,
6252,4155,a2e8,92b1,7fbe,8aa4,
6253,c390,b6ae,92b3,7fbe,d0fc,
6254,6155,a2e8,92b1,7fbe,da52,
6255,6155,a2e8,92b1,7fbe,2aef,
6256,797f,b32c,9231,7fbe,7ca1,
6257,0000,b0ae,214a,7fbe,b3fb,
6258,6155,a2e8,92b1,7fbe,169a,
6259,6155,a2e8,92b1,7fbe,3bfc,
6260,6155,a2e8,92b1,7fbe,e7c2,
6261,6155,a2e8,92b1,7fbe,6853,
6262,61d5,a2e8,92b1,7fbe,9d06,
6263,6155,a2e8,92b1,7fbe,e618,
6264,0000,9839,b670,7fbe,557a,
6265,6155,a2e8,92b1,7fbe,ce40,
6266,6175,a2e8,92b1,7fbe,f0f5,
6267,6157,b2e8,92b1,7fbe,05b1,
6268,6155,a2e8,92b1,7fbe,5add,
6269,a64f,a2e8,615c,7fbe,f3ed,
6270,6155,a2e8,92b1,7fbe,b01a,
6271,6155,a2e8,92b1,7fbe,491b,
6272,6155,a2e8,92b1,7fbe,533d,
6273,6155,a2e8,92b1,7fbe,77f9,
6274,6955,a2e8,92b1,7fbe,5dae,
6275,6155,a2e8,92b1,7fbe,dfa0,
6276,6955,a2e8,92b1,7fbe,2fa7,
6277,0000,ebc0,8f01,7fbe,1db0,
6278,6155,a2e8,92b1,7fbe,3a0b,
6279,0c55,b0e8,92b1,7fbe,619e,
6280,6155,a2e8,92b1,7fbe,aa74,
6281,6175,a2e8,92b1,7fbe,1f73,
6282,6155,a2e8,92b1,7fbe,4d41,
6283,6055,a2e8,92b1,7fbe,118a,
6284,6155,a2e8,92b1,7fbe,bd38,
6285,6155,a2e8,92b1,7fbe,b0aa,
6286,0000,a2e8,59b0,7fbe,cb01,
6287,6155,a2e8,92b1,7fbe,1491,
6288,4157,b2e8,92b1,7fbe,43fc,
6289,6155,a2e8,92b1,7fbe,5cb2,
6290,6155,a2e8,92b1,7fbe,9682,
6291,0000,a2e8,633f,7fbe,f18e,
6292,6155,a2e8,92b1,7fbe,e865,
6293,7534,a208,92f1,7fbe,037d,
6294,6115,a2e8,92b1,7fbe,2ffe,
6295,6155,a2e8,92b1,7fbe,0f34,
6296,a17d,e2e8,92b1,7fbe,bc67,
6297,6155,a2e8,92b1,7fbe,887e,
6298,6155,a2e8,92b1,7fbe,0dea,
6299,6115,a2e8,92b1,7fbe,ea28,
6300,6115,a2e8,92b1,7fbe,8425,
6301,6155,a2e8,92b1,7fbe,b4f2,
6302,0000,ca80,92b1,7fbe,4cb5,
6303,6155,a2e8,92b1,7fbe,9798,
6304,6155,a2e8,92b1,7fbe,e1ba,
6305,0fd9,9e91,92b1,7fbe,27fd,
6306,6155,a2e8,92b1,7fbe,1324,
6307,6155,a2e8,92b1,7fbe,1ea9,
6308,01d7,e2f3,d0b9,7fbe,c40b,
6309,7155,a2e8,92b1,7fbe,5125,
6310,6155,a2e8,92b1,7fbe,6308,
6311,6155,a2e8,92b1,7fbe,2efe,
6312,6155,a2e8,92b1,7fbe,0e5d,
6313,e3ff,a2e8,92b1,7fbe,f6ee,
6314,6155,a2e8,92b1,7fbe,12cb,
6315,6155,a2e8,92b1,7fbe,fb9c,
6316,6155,a2e8,92b1,7fbe,f6e7,
6317,7175,a2e8,92b1,7fbe,db36,
6318,6155,a2e8,92b1,7fbe,61e1,
6319,6155,a2e8,92b1,7fbe,89fa,
6320,6155,a2e8,92b1,7fbe,a6be,
6321,0000,5175,e838,7fbe,4fab,
6322,51d5,b2e8,92b1,7fbe,0f92,
6323,4957,b2e8,92b1,7fbe,d669,
6324,6155,a2e8,92b1,7fbe,e340,
6325,6155,a2e8,92b1,7fbe,bd81,
6326,6255,a2e8,92b1,7fbe,e101,
6327,6155,a2e8,92b1,7fbe,40db,
6328,69d7,a2e8,92b1,7fbe,5753,
6329,6155,a2e8,92b1,7fbe,7be1,
6330,5955,b2e8,92b1,7fbe,5dc4,
6331,6155,a2e8,92b1,7fbe,21d8,
6332,0000,a2e8,a8cb,7fbe,3a7a,
6333,0000,71ac,d6e0,7fbe,71cf,
6334,6155,a2e8,92b1,7fbe,e895,
6335,6155,a2e8,92b1,7fbe,f9ab,
6336,6957,a2e8,92b1,7fbe,e98d,
6337,6951,a2e8,92b1,7fbe,de1c,
6338,4155,a2e8,92b1,7fbe,29e8,
6339,6155,a2e8,92b1,7fbe,90a6,
6340,24d0,6a14,92b1,7fbe,c8fc,
6341,6155,a2e8,92b1,7fbe,299e,
6342,6155,a2e8,92b1,7fbe,c1ea,
6343,6155,a2e8,92b1,7fbe,56c2,
6344,a516,a2e8,17f4,7fbe,8545,
6345,7155,a2e8,92b1,7fbe,df76,
6346,0000,9a6a,92b1,7fbe,89ce,
6347,6155,a2e8,92b1,7fbe,07b7,
6348,6155,a2e8,92b1,7fbe,c83a,
6349,6155,a2e8,92b1,7fbe,9a7e,
6350,6155,a2e8,92b1,7fbe,8ecb,
6351,85a2,c2e8,b2b1,7fbe,7fbb,
6352,82f8,a3d9,92b1,7fbe,8a9b,
6353,6155,a2e8,92b1,7fbe,9790,
6354,6155,a2e8,92b1,7fbe,1ca7,
6355,6155,a2e8,92b1,7fbe,fd61,
6356,635d,a2e8,92b1,7fbe,7d5c,
6357,6155,a2e8,92b1,7fbe,6d48,
6358,7155,a2e8,92b1,7fbe,a30e,
6359,61d5,a2e8,92b1,7fbe,0cd9,
6360,6155,a2e8,92b1,7fbe,3720,
6361,0000,201c,f2b5,7fbe,3276,
6362,7155,a2e8,92b1,7fbe,54fe,
6363,6155,a2e8,92b1,7fbe,ed4d,
6364,6155,a2e8,92b1,7fbe,42ae,
6365,7155,a2e8,92b1,7fbe,d88d,
6366,6155,a2e8,92b1,7fbe,45da,
6367,5051,a2e8,1e67,7fbe,8cd6,
6368,6175,a2e8,92b1,7fbe,5d3d,
6369,6155,a2e8,92b1,7fbe,2ea0,
6370,0000,fbb1,b80a,7fbe,3ea3,
6371,6155,a2e8,92b1,7fbe,6e8c,
6372,6155,a2e8,92b1,7fbe,aece,
6373,2155,a2e8,92b1,7fbe,4972,
6374,6155,a2e8,92b1,7fbe,3a78,
6375,6155,a2e8,92b1,7fbe,5e47,
6376,6155,a2e8,92b1,7fbe,99e7,
6377,6155,a2e8,92b1,7fbe,a83d,
6378,6155,a2e8,92b1,7fbe,bf49,
6379,7155,a2e8,92b1,7fbe,5654,
6380,6155,a2e8,92b1,7fbe,1e60,
6381,6155,a2e8,92b1,7fbe,c2ff,
6382,6155,a2e8,92b1,7fbe,af5e,
6383,e375,a2e8,92b1,7fbe,eff5,
6384,6155,a2e8,92b1,7fbe,941a,
6385,0000,a067,d7b0,7fbe,a2a4,
6386,6157,a2e8,92b1,7fbe,b17c,
6387,6155,a2e8,92b1,7fbe,dc07,
6388,6115,a2e8,92b1,7fbe,f931,
6389,6355,a2e8,92b1,7fbe,1682,
6390,6155,a2e8,92b1,7fbe,ac90,
6391,45d4,a2e8,92b1,7fbe,f665,
6392,6155,a2e8,92b1,7fbe,8b3f,
6393,6155,a2e8,92b1,7fbe,d884,
6394,6155,a2e8,92b1,7fbe,4f34,
6395,61f5,a2a8,92b1,7fbe,e9f6,
6396,6155,a2e8,92b1,7fbe,ab2f,
6397,6155,a2e8,92b1,7fbe,5a4d,
6398,6155,a2e8,92b1,7fbe,c383,
6399,7155,a2e8,92b1,7fbe,4380,
6400,6155,a2e8,92b1,7fbe,c255,
6401,6155,a2e8,92b1,7fbe,72df,
6402,7155,a2e8,92b1,7fbe,fe65,
6403,6155,a2e8,92b1,7fbe,bdaf,
6404,6155,a2e8,92b1,7fbe,0e30,
6405,6155,a2e8,92b1,7fbe,bf94,
6406,2155,a2e8,92b1,7fbe,75d5,
6407,6115,a2e8,92b1,7fbe,1dde,
6408,6155,a2e8,92b1,7fbe,92f7,
6409,7155,a2e8,92b1,7fbe,188c,
6410,4a5d,c3fc,b2b9,7fbe,5199,
6411,6155,a2e8,92b1,7fbe,08d7,
6412,6115,a2e8,92b1,7fbe,ed05,
6413,6155,a2e8,92b1,7fbe,0745,
6414,6155,a2e8,92b1,7fbe,8c7d,
6415,6155,a2e8,92b1,7fbe,f169,
6416,6155,a2e8,92b1,7fbe,6a04,
6417,6155,a2e8,92b1,7fbe,2ac2,
6418,6155,a2e8,92b1,7fbe,bf4a,
6419,6155,a2e8,92b1,7fbe,68c4,
6420,6155,a2e8,92b1,7fbe,9bc0,
6421,6155,a2e8,92b1,7fbe,9933,
6422,6155,a2e8,92b1,7fbe,4091,
6423,6955,a2e8,92b1,7fbe,c3b6,
6424,6157,a2e8,92b1,7fbe,b376,
6425,6115,a2e8,92b1,7fbe,abd4,
6426,6155,a2e8,92b1,7fbe,da24,
6427,6155,a2e8,92b1,7fbe,66df,
6428,6155,a2e8,92b1,7fbe,6654,
6429,6155,a2e8,92b1,7fbe,97b1,
6430,6155,a2e8,92b1,7fbe,a5f4,
6431,6155,a2e8,92b1,7fbe,e48d,
6432,6155,a2e8,92b1,7fbe,447e,
6433,6155,a2e8,92b1,7fbe,644f,
6434,6955,a2e8,92b1,7fbe,3a99,
6435,6155,a2e8,92b1,7fbe,b6e8,
6436,6155,a2e8,92b1,7fbe,6907,
6437,625d,a3e8,92b1,7fbe,0caa,
6438,6155,a2e8,92b1,7fbe,9d55,
6439,6155,a2e8,92b1,7fbe,10cb,
6440,cdb8,a2e8,a652,7fbe,34e3,
6441,6155,a2e8,92b1,7fbe,2f3e,
6442,6155,a2e8,92b1,7fbe,8c0e,
6443,6155,a2e8,92b1,7fbe,8c22,
6444,f165,a688,9291,7fbe,04e2,
6445,6155,a2e8,92b1,7fbe,d9a7,
6446,6155,a2e8,92b1,7fbe,84ae,
6447,6155,a2e8,92b1,7fbe,9f49,
6448,0000,aaa9,92b1,7fbe,496d,
6449,6155,a2e8,92b1,7fbe,3b03,
6450,6155,a2e8,92b1,7fbe,5737,
6451,6155,a2e8,92b1,7fbe,7365,
6452,6155,a2e8,92b1,7fbe,b142,
6453,635d,a2e8,92b1,7fbe,5d4c,
6454,6155,a2e8,92b1,7fbe,22e1,
6455,6155,a2e8,92b1,7fbe,abbc,
6456,6155,a2e8,92b1,7fbe,13b8,
6457,6155,a2e8,92b1,7fbe,58df,
6458,6155,a2e8,92b1,7fbe,40bf,
6459,6155,a2e8,92b1,7fbe,40fd,
6460,6155,a2e8,92b1,7fbe,1b32,
6461,6151,a2e8,92b1,7fbe,1f8c,
6462,6155,a2e8,92b1,7fbe,b6ea,
6463,6155,a2e8,92b1,7fbe,6ca7,
6464,6155,a2e8,92b1,7fbe,1d4d,
6465,6155,a2e8,92b1,7fbe,e037,
6466,6155,a2e8,92b1,7fbe,4366,
6467,6155,a2e8,92b1,7fbe,3362,
6468,6155,a2e8,92b1,7fbe,b377,
6469,635d,a2e8,92b1,7fbe,cfc8,
6470,6155,a2e8,92b1,7fbe,8b65,
6471,6155,a2e8,92b1,7fbe,948d,
6472,7169,a2e8,92b1,7fbe,16bc,
6473,5955,b2e8,92b1,7fbe,1e94,
6474,6155,a2e8,92b1,7fbe,fb1b,
6475,6155,a2e8,92b1,7fbe,8c0a,
6476,4040,a2e8,92b1,7fbe,2055,
6477,6155,a2e8,92b1,7fbe,7218,
6478,c575,a2e8,fe72,7fbe,6cc3,
6479,69d5,a2a8,92b1,7fbe,ae1b,
6480,6155,a2e8,92b1,7fbe,0110,
6481,6155,a2e8,92b1,7fbe,8a7c,
6482,6155,a2e8,92b1,7fbe,9975,
6483,6155,a2e8,92b1,7fbe,84c5,
6484,6155,a2e8,92b1,7fbe,58c1,
6485,6055,a2e8,92b1,7fbe,3273,
6486,2155,a2e8,92b1,7fbe,75d1,
6487,6155,a2e8,92b1,7fbe,526a,
6488,6155,a2e8,92b1,7fbe,dfdd,
6489,6115,a2e8,92b1,7fbe,1a40,
6490,6155,a2e8,92b1,7fbe,350b,
6491,8ed7,a2e8,92b1,7fbe,ef82,
6492,6545,a2e8,92b1,7fbe,cb7e,
6493,c155,a2e9,12b1,7fbe,a770,
6494,6155,a2e8,92b1,7fbe,e7b4,
6495,7155,a2e8,92b1,7fbe,1b50,
6496,6155,a2e8,92b1,7fbe,9194,
6497,6155,a2e8,92b1,7fbe,d9c3,
6498,6155,a2e8,92b1,7fbe,9514,
6499,6155,a2e8,92b1,7fbe,388f,
6500,6155,a2e8,92b1,7fbe,24ce,
6501,6155,a2e8,92b1,7fbe,6e6a,
6502,6155,a2e8,92b1,7fbe,e461,
6503,6155,a2e8,92b1,7fbe,2e98,
6504,4f55,a2e8,bb9b,7fbe,292a,
6505,6155,a2e8,92b1,7fbe,d2b3,
6506,6155,a2e8,92b1,7fbe,f1d7,
6507,6155,a2e8,92b1,7fbe,0965,
6508,7592,aaea,92b1,7fbe,8d0a,
6509,6155,a2e8,92b1,7fbe,7633,
6510,6155,a2e8,92b1,7fbe,8c6a,
6511,6155,a2e8,92b1,7fbe,d7a7,
6512,7175,a2e8,92b1,7fbe,9f11,
6513,6155,a2e8,92b1,7fbe,0a52,
6514,6155,a2e8,92b1,7fbe,e2b3,
6515,6155,a2e8,92b1,7fbe,796b,
6516,6155,a2e8,92b1,7fbe,476a,
6517,6155,a2e8,92b1,7fbe,8cfe,
6518,6155,a2e8,92b1,7fbe,545d,
6519,6155,a2e8,92b1,7fbe,dbb6,
6520,6155,a2e8,92b1,7fbe,85c2,
6521,6155,a2e8,92b1,7fbe,6721,
6522,6155,a2e8,92b1,7fbe,46b1,
6523,6155,a2e8,92b1,7fbe,8131,
6524,6155,a2e8,92b1,7fbe,4ad0,
6525,6155,a2e8,92b1,7fbe,34ae,
6526,2155,a2e8,92b1,7fbe,5269,
6527,6155,a2e8,92b1,7fbe,12a2,
6528,6155,a2e8,92b1,7fbe,2e9c,
6529,6155,a2e8,92b1,7fbe,c3f6,
6530,6175,a2e8,92b1,7fbe,ba91,
6531,e159,e268,92b1,7fbe,315b,
6532,7155,a2e8,92b1,7fbe,2889,
6533,6155,a2e8,92b1,7fbe,1968,
6534,6155,a2e8,92b1,7fbe,114f,
6535,6155,a2e8,92b1,7fbe,49a7,
6536,80fb,a2e4,92b5,7fbe,16dc,
6537,6155,a2e8,92b1,7fbe,14fd,
6538,6155,a2e8,92b1,7fbe,1cdf,
6539,6155,a2e8,92b1,7fbe,3e44,
6540,6155,a2e8,92b1,7fbe,bc93,
6541,6155,a2e8,92b1,7fbe,a1e5,
6542,6155,a2e8,92b1,7fbe,76cf,
6543,6045,a2e0,92b1,7fbe,2ab9,
6544,6155,a2e8,92b1,7fbe,85d3,
6545,0000,cec8,92b1,7fbe,04f9,
6546,6155,a2e8,92b1,7fbe,9143,
6547,3946,d7f1,d690,7fbe,ff63,
6548,2114,22eb,92b0,7fbe,d345,
6549,6155,a2e8,92b1,7fbe,8ab4,
6550,0000,306d,9ab1,7fbe,8284,
6551,6155,a2e8,92b1,7fbe,32a4,
6552,6155,a2e8,92b1,7fbe,a248,
6553,e155,a2e8,92b1,7fbe,f3ce,
6554,6955,a2e8,92b1,7fbe,e072,
6555,6155,a2e8,92b1,7fbe,0920,
6556,6155,a2e8,92b1,7fbe,bcee,
6557,0000,a021,92b1,7fbe,3fab,
6558,4957,b2e8,92b1,7fbe,91f9,
6559,6155,a2e8,92b1,7fbe,e674,
6560,6155,a2e8,92b1,7fbe,1da8,
6561,5957,b2e8,92b1,7fbe,e043,
6562,6155,a2e8,92b1,7fbe,d97f,
6563,6155,a2e8,92b1,7fbe,9f56,
6564,6155,a2e8,92b1,7fbe,e4a6,
6565,7155,a2c8,92a1,7fbe,f4cf,
6566,0000,e4b9,92b1,7fbe,cbfa,
6567,6975,a2e8,92b1,7fbe,a3d5,
6568,0000,ae5b,92b1,7fbe,abed,
6569,6155,a2e8,92b1,7fbe,f622,
6570,6155,a2e8,92b1,7fbe,2a07,
6571,6155,a2e8,92b1,7fbe,5435,
6572,6155,a2e8,92b1,7fbe,4cc8,
6573,6155,a2e8,92b1,7fbe,3b26,
6574,6155,a2e8,92b1,7fbe,8b9f,
6575,6175,a2e8,92b1,7fbe,11e3,
6576,6155,a2e8,92b1,7fbe,7e6c,
6577,6155,a2e8,92b1,7fbe,e957,
6578,6155,a2e8,92b1,7fbe,7d01,
6579,6155,a2e8,92b1,7fbe,9af6,
6580,6155,a2e8,92b1,7fbe,2a5c,
6581,6155,a2e8,92b1,7fbe,1acf,
6582,6155,a2e8,92b1,7fbe,8379,
6583,6155,a2e8,92b1,7fbe,d89f,
6584,6155,a2e8,92b1,7fbe,e83c,
6585,6155,a2e8,92b1,7fbe,a532,
6586,6115,a2e8,92b1,7fbe,38f7,
6587,6155,a2e8,92b1,7fbe,2552,
6588,6155,a2e8,92b1,7fbe,77fc,
6589,6175,a2e8,92b1,7fbe,9b5e,
6590,edb6,a2e8,904c,7fbe,02fd,
6591,6115,a2e8,92b1,7fbe,d6b3,
6592,6155,a2e8,92b1,7fbe,34fa,
6593,6155,a2e8,92b1,7fbe,a27a,
6594,6155,a2e8,92b1,7fbe,239e,
6595,6155,a2e8,92b1,7fbe,6616,
6596,6155,a2e8,92b1,7fbe,1b8b,
6597,6155,a2e8,92b1,7fbe,f546,
6598,6155,a2e8,92b1,7fbe,32cb,
6599,6155,a2e8,92b1,7fbe,446a,
6600,6155,a2e8,92b1,7fbe,0974,
6601,6155,a2e8,92b1,7fbe,8276,
6602,6155,a2e8,92b1,7fbe,cd02,
6603,6155,a2e8,92b1,7fbe,04bf,
6604,6155,a2e8,92b1,7fbe,deb1,
6605,6957,a2e8,92b1,7fbe,80b8,
6606,6155,a2e8,92b1,7fbe,abc3,
6607,0000,8621,92b1,7fbe,97db,
6608,6155,a2e8,92b1,7fbe,1725,
6609,6155,a2e8,92b1,7fbe,dafb,
6610,0000,ff9d,92b1,7fbe,06a6,
6611,6155,a2e8,92b1,7fbe,245b,
6612,6155,a2e8,92b1,7fbe,a647,
6613,6155,a2e8,92b1,7fbe,1e30,
6614,6155,a2e8,92b1,7fbe,db01,
6615,0000,b22b,92b1,7fbe,f872,
6616,0000,c3e0,92b1,7fbe,656b,
6617,e975,b2ef,92b3,7fbe,1e5e,
6618,6155,a2e8,92b1,7fbe,ff22,
6619,6155,a2e8,92b1,7fbe,0d98,
6620,6155,a2e8,92b1,7fbe,f5a1,
6621,6155,a2e8,92b1,7fbe,fa0c,
6622,6155,a2e8,92b1,7fbe,a9e0,
6623,6155,a2e8,92b1,7fbe,16d4,
6624,0000,ddd1,d83a,7fbe,f183,
6625,6155,a2e8,92b1,7fbe,fa8b,
6626,6155,a2e8,92b1,7fbe,1a11,
6627,4155,a2e8,92b1,7fbe,6788,
6628,505d,f2a8,b2b1,7fbe,2a8c,
6629,61f1,a2a8,92b1,7fbe,fa1f,
6630,6955,a2e8,92b1,7fbe,90a1,
6631,6155,a2e8,92b1,7fbe,d7b4,
6632,2155,a2e8,92b1,7fbe,ca7d,
6633,0000,c822,92b1,7fbe,a4d0,
6634,61d3,a2e8,92b1,7fbe,5d4e,
6635,6155,a2e8,92b1,7fbe,f4fc,
6636,6155,a2e8,92b1,7fbe,dee4,
6637,6155,a2e8,92b1,7fbe,80ad,
6638,e557,bee9,9ab1,7fbe,067b,
6639,6155,a2e8,92b1,7fbe,7c16,
6640,659c,a2e8,92b1,7fbe,04c9,
6641,6155,a2e8,92b1,7fbe,fc3b,
6642,6155,a2e8,92b1,7fbe,8385,
6643,6145,a2e8,92b1,7fbe,21db,
6644,0000,b2ec,0d04,7fbe,9fb5,
6645,6155,a2e8,92b1,7fbe,a6ac,
6646,6155,a2e8,92b1,7fbe,e3c5,
6647,6155,a2e8,92b1,7fbe,3f33,
6648,6155,a2e8,92b1,7fbe,d26a,
6649,6155,a2e8,92b1,7fbe,ed83,
6650,6155,a2e8,92b1,7fbe,f92a,
6651,6155,a2e8,92b1,7fbe,f2df,
6652,80c3,a2e8,2b11,7fbe,b9a0,
6653,6155,a2e8,92b1,7fbe,12dc,
6654,6155,a2e8,92b1,7fbe,2c01,
6655,6155,a2e8,92b1,7fbe,abca,
6656,6155,a2e8,92b1,7fbe,6209,
6657,6995,a2a8,92b1,7fbe,473d,
6658,6155,a2e8,92b1,7fbe,2863,
6659,6355,a2e8,92b1,7fbe,2cf0,
6660,6155,a2e8,92b1,7fbe,ee3c,
6661,6155,a2e8,92b1,7fbe,8f47,
6662,6155,a2e8,92b1,7fbe,6f79,
6663,7155,a2e8,92b1,7fbe,2662,
6664,6155,a2e8,92b1,7fbe,b8ab,
6665,60d1,a2e8,92b1,7fbe,b254,
6666,6355,a2e8,92b1,7fbe,3d1b,
6667,6155,a2e8,92b1,7fbe,a06c,
6668,6155,a2e8,92b1,7fbe,20a5,
6669,6155,a2e8,92b1,7fbe,6676,
6670,6155,a2e8,92b1,7fbe,62af,
6671,6155,a2e8,92b1,7fbe,e2e6,
6672,d7f4,a2e8,514c,7fbe,c3fd,
6673,6155,a2e8,92b1,7fbe,a62b,
6674,6155,a2e8,92b1,7fbe,7da5,
6675,6155,a2e8,92b1,7fbe,bc2c,
6676,6155,a2e8,92b1,7fbe,c641,
6677,6155,a2e8,92b1,7fbe,4f7e,
6678,6155,a2e8,92b1,7fbe,99fc,
6679,6155,a2e8,92b1,7fbe,eab4,
6680,4155,b2e8,92b1,7fbe,3380,
6681,6155,a2e8,92b1,7fbe,020c,
6682,6155,a2e8,92b1,7fbe,2a54,
6683,6155,a2e8,92b1,7fbe,3f04,
6684,6155,a2e8,92b1,7fbe,e18a,
6685,7155,a2e8,92b1,7fbe,9ba4,
6686,6155,a2e8,92b1,7fbe,2c67,
6687,6155,a2e8,92b1,7fbe,5d5c,
6688,6155,a2e8,92b1,7fbe,7107,
6689,6155,a2e8,92b1,7fbe,97f6,
6690,6145,a2e8,92b1,7fbe,4163,
6691,fd2d,a2e8,92b1,7fbe,9c7c,
6692,6155,a2e8,92b1,7fbe,426c,
6693,6155,a2e8,92b1,7fbe,392a,
6694,6155,a2e8,92b1,7fbe,d54b,
6695,6155,a2e8,92b1,7fbe,cfa4,
6696,6155,a2e8,92b1,7fbe,0651,
6697,6155,a2e8,92b1,7fbe,bcf7,
6698,6155,a2e8,92b1,7fbe,2c2f,
6699,6155,a2e8,92b1,7fbe,b11a,
6700,6155,a2e8,92b1,7fbe,1e88,
6701,7155,a2e8,92b1,7fbe,9ade,
6702,6155,a2e8,92b1,7fbe,073e,
6703,4955,b2e8,92b1,7fbe,97c7,
6704,6155,a2e8,92b1,7fbe,2c68,
6705,6155,a2e8,92b1,7fbe,fc58,
6706,615d,a2e8,92b1,7fbe,331b,
6707,6155,a2e8,92b1,7fbe,5f91,
6708,6155,a2e8,92b1,7fbe,2237,
6709,7155,a2e8,92b1,7fbe,2303,
6710,6955,a2e8,92b1,7fbe,f53f,
6711,d255,e3f0,92b9,7fbe,6ef1,
6712,6955,a2e8,92b1,7fbe,1d80,
6713,6977,a2a8,92b1,7fbe,de9b,
6714,6155,a2e8,92b1,7fbe,8fd1,
6715,6155,a2e8,92b1,7fbe,6607,
6716,6155,a2e8,92b1,7fbe,729a,
6717,0000,6971,c37f,7fbe,71ef,
6718,c8f1,68cc,52b1,3fbe,57a5,
6719,6155,a2e8,92b1,7fbe,17f5,
6720,6155,a2e8,92b1,7fbe,4917,
6721,370d,a2d0,92c1,7f9e,ecbd,
6722,61d7,a2e8,92b1,7fbe,9fc2,
6723,6155,a2e8,92b1,7fbe,271a,
6724,7155,a2e8,92b1,7fbe,5920,
6725,6315,a2e8,92b1,7fbe,7930,
6726,59d5,b2e8,92b1,7fbe,278a,
6727,6155,a2e8,92b1,7fbe,9bbf,
6728,6155,a2e8,92b1,7fbe,8205,
6729,6155,a2e8,92b1,7fbe,2d81,
6730,6155,a2e8,92b1,7fbe,237b,
6731,6155,a2e8,92b1,7fbe,7a3a,
6732,6155,a2e8,92b1,7fbe,2d37,
6733,6155,a2e8,92b1,7fbe,b7b3,
6734,6155,a2e8,92b1,7fbe,74a3,
6735,6155,a2e8,92b1,7fbe,b15b,
6736,5157,b2a8,92b1,7fbe,d9d2,
6737,6155,a2e8,92b1,7fbe,4412,
6738,6155,a2e8,92b1,7fbe,37eb,
6739,6155,a2e8,92b1,7fbe,5257,
6740,6155,a2e8,92b1,7fbe,513e,
6741,6115,a2e8,92b1,7fbe,4e6a,
6742,6117,a2a8,92b1,7fbe,b4fc,
6743,6155,a2e8,92b1,7fbe,e9e8,
6744,6155,a2e8,92b1,7fbe,e1ad,
6745,6155,a2e8,92b1,7fbe,86f0,
6746,6155,a2e8,92b1,7fbe,3eba,
6747,7955,a2e8,92b1,7fbe,ba68,
6748,6155,a2e8,92b1,7fbe,5354,
6749,6155,a2e8,92b1,7fbe,4ca2,
6750,6155,a2e8,92b1,7fbe,9fc8,
6751,6155,a2e8,92b1,7fbe,d8f7,
6752,6155,a2e8,92b1,7fbe,5870,
6753,6155,a2e8,92b1,7fbe,34a7,
6754,6175,a2e8,92b1,7fbe,de7b,
6755,6155,a2e8,92b1,7fbe,25a2,
6756,6155,a2e8,92b1,7fbe,7035,
6757,0000,826a,92b1,7fbe,da0d,
6758,6155,a2e8,92b1,7fbe,7ff4,
6759,6115,a2e8,92b1,7fbe,472a,
6760,6155,a2e8,92b1,7fbe,d463,
6761,6155,a2e8,92b1,7fbe,6de4,
6762,6155,a2e8,92b1,7fbe,26a7,
6763,0000,a6ea,92b1,7fbe,287b,
6764,6155,a2e8,92b1,7fbe,1fad,
6765,6155,a2e8,92b1,7fbe,0e4d,
6766,6155,a2e8,92b1,7fbe,835e,
6767,7175,a2e8,92b1,7fbe,9727,
6768,6154,a2e8,92b1,7fbe,835f,
6769,6155,a2e8,92b1,7fbe,e99e,
6770,7155,a2e8,92b1,7fbe,7219,
6771,6155,a2e8,92b1,7fbe,770c,
6772,6155,a2e8,92b1,7fbe,12db,
6773,6155,a2e8,92b1,7fbe,fe1f,
6774,6155,a2e8,92b1,7fbe,d14e,
6775,6155,a2e8,92b1,7fbe,85d8,
6776,6115,a2e8,92b1,7fbe,569a,
6777,6155,a2e8,92b1,7fbe,00b8,
6778,7155,a2e8,92b1,7fbe,2880,
6779,3113,a2ea,92b1,7fbe,73bb,
6780,6155,a2e8,92b1,7fbe,869f,
6781,6155,a2e8,92b1,7fbe,5bf5,
6782,6155,a2e8,92b1,7fbe,f1e3,
6783,6955,a2e8,92b1,7fbe,0272,
6784,6545,a2e8,92b1,7fbe,d7f9,
6785,7155,a2e8,92b1,7fbe,9a2b,
6786,6155,a2e8,92b1,7fbe,f9e1,
6787,6155,a2e8,92b1,7fbe,839e,
6788,6155,a2e8,92b1,7fbe,74e3,
6789,616d,a2f8,92b1,7fbe,efb3,
6790,6955,a2e8,92b1,7fbe,aa87,
6791,0000,a2e8,4a23,7fbe,d892,
6792,0000,a1b7,02f1,7fbe,235f,
6793,6155,a2e8,92b1,7fbe,5634,
6794,7155,a2e8,92b1,7fbe,d4ce,
6795,6b55,a2e8,92b1,7fbe,5f61,
6796,6155,a2e8,92b1,7fbe,1e62,
6797,0000,30e4,92b1,7fbe,28da,
6798,7155,a2e8,92b1,7fbe,cb0a,
6799,6155,a2e8,92b1,7fbe,3447,
6800,0000,47d1,92b1,7fbe,a9de,
6801,4957,b2e8,92b1,7fbe,4896,
6802,2155,a2e8,92b1,7fbe,ef47,
6803,6755,a2e8,92b1,7fbe,c2e1,
6804,6155,a2e8,92b1,7fbe,4f99,
6805,6155,a2e8,92b1,7fbe,724b,
6806,6155,a2e8,92b1,7fbe,f28e,
6807,4155,a2e8,92b1,7fbe,fa9e,
6808,6155,a2e8,92b1,7fbe,e852,
6809,6155,a2e8,92b1,7fbe,4f4a,
6810,6155,a2e8,92b1,7fbe,009a,
6811,6155,a2e8,92b1,7fbe,ed83,
6812,7155,a2e8,92b1,7fbe,5684,
6813,6155,a2e8,92b1,7fbe,655e,
6814,6155,a2e8,92b1,7fbe,40f0,
6815,c155,a2e8,92b1,7fbe,aa22,
6816,6855,a2e8,92b1,7fbe,38d3,
6817,7155,a2e8,92b1,7fbe,43ae,
6818,6155,a2e8,92b1,7fbe,c085,
6819,6175,a2e8,92b1,7fbe,0774,
6820,e995,a2a8,92b1,7fbe,358f,
6821,6155,a2e8,92b1,7fbe,4d21,
6822,6155,a2e8,92b1,7fbe,3141,
6823,6155,a2e8,92b1,7fbe,e923,
6824,6155,a2e8,92b1,7fbe,5f68,
6825,6155,a2e8,92b1,7fbe,ab4e,
6826,63b5,a2a8,92b1,7fbe,1be3,
6827,6155,a2e8,92b1,7fbe,74e3,
6828,6155,a2e8,92b1,7fbe,4c5c,
6829,6155,a2e8,92b1,7fbe,17e6,
6830,6155,a2e8,92b1,7fbe,661f,
6831,6155,a2e8,92b1,7fbe,bb23,
6832,6155,a2e8,92b1,7fbe,fc1d,
6833,6155,a2e8,92b1,7fbe,854d,
6834,6155,a2e8,92b1,7fbe,9fd5,
6835,6155,a2e8,92b1,7fbe,6838,
6836,2155,a2e8,92b1,7fbe,4c25,
6837,6155,a2e8,92b1,7fbe,ba7e,
6838,6155,a2e8,92b1,7fbe,bee4,
6839,ab78,e24a,92b1,7fbe,2c50,
6840,6155,a2e8,92b1,7fbe,0835,
6841,6155,a2e8,92b1,7fbe,41ff,
6842,6155,a2e8,92b1,7fbe,b544,
6843,6155,a2e8,92b1,7fbe,63f6,
6844,6155,a2e8,92b1,7fbe,08ca,
6845,0000,24f9,92b1,7fbe,7048,
6846,0000,006a,92b1,7fbe,c4e6,
6847,4195,a2a8,92b1,7fbe,0468,
6848,0000,20ef,5ad0,7fbe,14ee,
6849,6151,a2e8,92b1,7fbe,920e,
6850,7155,a2e8,92b1,7fbe,4673,
6851,6155,a2e8,92b1,7fbe,04e6,
6852,6bcd,a2e8,92b1,7fbe,7318,
6853,6175,a2e8,92b1,7fbe,1597,
6854,6155,a2e8,92b1,7fbe,7999,
6855,6155,a2e8,92b1,7fbe,8106,
6856,4155,a2e8,92b1,7fbe,1c77,
6857,6155,a2e8,92b1,7fbe,e9eb,
6858,6155,a2e8,92b1,7fbe,35a9,
6859,6155,a2e8,92b1,7fbe,7a8c,
6860,6157,a2e8,92b1,7fbe,e5e3,
6861,6155,a2e8,92b1,7fbe,dc5b,
6862,6175,a2e8,92b1,7fbe,6c47,
6863,6955,a2e8,92b1,7fbe,4274,
6864,6155,a2e8,92b1,7fbe,a81d,
6865,6155,a2e8,92b1,7fbe,3a71,
6866,6175,a2e8,92b1,7fbe,077c,
6867,5955,b2e8,92b1,7fbe,54ed,
6868,6155,a2e8,92b1,7fbe,e597,
6869,1c0d,a2e8,92b1,7fbe,7d58,
6870,6155,a2e8,92b1,7fbe,3fd1,
6871,7545,a2e8,92b1,7fbe,981f,
6872,6155,a2e8,92b1,7fbe,050a,
6873,6155,a2e8,92b1,7fbe,5f3a,
6874,6155,a2e8,92b1,7fbe,05ee,
6875,6155,a2e8,92b1,7fbe,56cb,
6876,6155,a2e8,92b1,7fbe,09fe,
6877,61f5,a2e8,92b1,7fbe,0ebe,
6878,7155,a2e8,92b1,7fbe,b566,
6879,61d7,a2a8,92b1,7fbe,2432,
6880,6155,a2e8,92b1,7fbe,818f,
6881,6155,a2e8,92b1,7fbe,84f6,
6882,6115,a2e8,92b1,7fbe,0b4a,
6883,0000,73cc,92b1,7fbe,a89e,
6884,6155,a2e8,92b1,7fbe,e7f3,
6885,51d5,b2ad,92b3,7fbe,03b1,
6886,6155,a2e8,92b1,7fbe,2aad,
6887,6155,a2e8,92b1,7fbe,fa82,
6888,6155,a2e8,92b1,7fbe,fef2,
6889,6155,a2e8,92b1,7fbe,846d,
6890,7915,aae8,92b1,7fbe,8512,
6891,6115,a2e8,92b1,7fbe,5b42,
6892,0000,a2e8,bda8,7fbe,2f19,
6893,0000,b2f0,92b1,7fbe,6a88,
6894,6155,a2e8,92b1,7fbe,ed2a,
6895,6155,a2e8,92b1,7fbe,9d79,
6896,6175,a2e8,92b1,7fbe,2740,
6897,6155,a2e8,92b1,7fbe,54ff,
6898,6155,a2e8,92b1,7fbe,dfef,
6899,6155,a2e8,92b1,7fbe,9652,
6900,6155,a2e8,92b1,7fbe,0d51,
6901,e15d,a2e8,92b1,7fbe,b9ad,
6902,6155,a2e8,92b1,7fbe,42f7,
6903,6155,a2e8,92b1,7fbe,3c4b,
6904,6155,a2e8,92b1,7fbe,674b,
6905,6155,a2e8,92b1,7fbe,346f,
6906,6155,a2e8,92b1,7fbe,7787,
6907,6555,a2e8,92b1,7fbe,f595,
6908,bd0d,a2b8,92b1,7fbe,4f92,
6909,e175,a2e8,92b1,7fbe,8c00,
6910,6155,a2e8,92b1,7fbe,c245,
6911,a436,a0e9,92b1,7fbe,1f71,
6912,6955,a2e8,92b1,7fbe,a747,
6913,6155,a2e8,92b1,7fbe,766c,
6914,6155,a2e8,92b1,7fbe,e35b,
6915,7630,a2e8,da60,7fbe,48d1,
6916,69d5,a2a8,92b1,7fbe,4f80,
6917,7155,a2e8,92b1,7fbe,e3ca,
6918,6155,a2e8,92b1,7fbe,4171,
6919,6154,a2e8,92b1,7fbe,04d9,
6920,6155,a2e8,92b1,7fbe,f387,
6921,6155,a2e8,92b1,7fbe,b423,
6922,6155,a2e8,92b1,7fbe,f813,
6923,6155,a2e8,92b1,7fbe,276b,
6924,6155,a2e8,92b1,7fbe,37c5,
6925,6155,a2e8,92b1,7fbe,03c6,
6926,0325,a2e8,ba63,7fbe,28d2,
6927,6155,a2e8,92b1,7fbe,a066,
6928,6155,a2e8,92b1,7fbe,822d,
6929,16bf,0000,92b1,7fbe,8552,
6930,6059,a2ec,92b1,7fbe,d5e0,
6931,6480,b97c,83b5,7fbe,301c,
6932,e957,a2e8,92b1,7fbe,aa47,
6933,6155,a2e8,92b1,7fbe,e364,
6934,6155,a2e8,92b1,7fbe,b5ac,
6935,6155,a2e8,92b1,7fbe,cb27,
6936,6155,a2e8,92b1,7fbe,35b3,
6937,6175,a2e8,92b1,7fbe,7e09,
6938,6155,a2e8,92b1,7fbe,c70a,
6939,6155,a2e8,92b1,7fbe,5355,
6940,6155,a2e8,92b1,7fbe,902a,
6941,6155,a2e8,92b1,7fbe,abe6,
6942,6155,a2e8,92b1,7fbe,59b4,
6943,6155,a2e8,92b1,7fbe,d1f4,
6944,6155,a2e8,92b1,7fbe,cc41,
6945,6155,a2e8,92b1,7fbe,d183,
6946,6155,a2e8,92b1,7fbe,f56a,
6947,4195,b2a8,92b1,7fbe,b0d3,
6948,6155,a2e8,92b1,7fbe,b392,
6949,6155,a2e8,92b1,7fbe,a8a9,
6950,6155,a2e8,92b1,7fbe,34ec,
6951,6115,a2e8,92b1,7fbe,b9b8,
6952,0000,3a50,47b4,7fbe,1b91,
6953,6555,a2e8,92b1,7fbe,e62f,
6954,6355,a2e8,92b1,7fbe,8332,
6955,6155,a2e8,92b1,7fbe,3158,
6956,5157,b2e8,92b1,7fbe,f2ff,
6957,5915,b2e8,92b1,7fbe,9502,
6958,6155,a2e8,92b1,7fbe,3ac6,
6959,2171,a2e8,92b1,7fbe,6728,
6960,4155,a2e8,92b1,7fbe,b2fb,
6961,0000,d0fb,f239,7fbe,e20f,
6962,6155,a2e8,92b1,7fbe,50ca,
6963,6155,a2e8,92b1,7fbe,1b19,
6964,6175,a2e8,92b1,7fbe,757a,
6965,41d5,b2e8,92b1,7fbe,250e,
6966,6555,a2e8,92b1,7fbe,6a61,
6967,6155,a2e8,92b1,7fbe,f307,
6968,415d,a2e8,92b1,7fbe,ea96,
6969,2013,a2e8,1857,7fbe,8ae6,
6970,0641,a2e8,92b1,7fbe,6714,
6971,0000,f73d,92b1,7fbe,22c7,
6972,6155,a2e8,92b1,7fbe,49ad,
6973,6155,a2e8,92b1,7fbe,cfb2,
6974,6155,a2e8,92b1,7fbe,d4fe,
6975,6155,a2e8,92b1,7fbe,06c4,
6976,6155,a2e8,92b1,7fbe,2de8,
6977,6155,a2e8,92b1,7fbe,3189,
6978,0000,055b,1710,7fbe,62d9,
6979,6155,a2e8,92b1,7fbe,6a1e,
6980,6155,a2e8,92b1,7fbe,36d3,
6981,6155,a2e8,92b1,7fbe,2879,
6982,2379,0687,8039,7fbe,98ff,
6983,6155,a2e8,92b1,7fbe,84e1,
6984,1957,b2e8,92b1,7fbe,9417,
6985,0000,aac8,487d,7fbe,dacc,
6986,6155,a2e8,92b1,7fbe,e30a,
6987,0000,0040,92b1,7fbe,116a,
6988,6155,a2e8,92b1,7fbe,362e,
6989,6155,a2e8,92b1,7fbe,cb06,
6990,6155,a2e8,92b1,7fbe,655e,
6991,6155,a2e8,92b1,7fbe,a0f0,
6992,6155,a2e8,92b1,7fbe,6b17,
6993,6915,a2e8,92b1,7fbe,79de,
6994,6155,a2e8,92b1,7fbe,56d5,
6995,6155,a2e8,92b1,7fbe,7f8a,
6996,6155,a2e8,92b1,7fbe,f68c,
6997,6155,a2e8,92b1,7fbe,ee40,
6998,6155,a2e8,92b1,7fbe,8084,
6999,6155,a2e8,92b1,7fbe,de0a,
7000,6155,a2e8,92b1,7fbe,12bd,
7001,6155,a2e8,92b1,7fbe,ba71,
7002,7155,a2e8,92b1,7fbe,42d7,
7003,6155,a2e8,92b1,7fbe,6ca5,
7004,7155,a2e8,92b1,7fbe,d50f,
7005,6155,a2e8,92b1,7fbe,6fd1,
7006,6155,a2e8,92b1,7fbe,6327,
7007,7155,a2e8,92b1,7fbe,229c,
7008,6155,a2e8,92b1,7fbe,4155,
7009,6155,a2e8,92b1,7fbe,4422,
7010,6155,a2e8,92b1,7fbe,1ef1,
7011,6155,a2e8,92b1,7fbe,f639,
7012,6175,a2e8,92b1,7fbe,10ed,
7013,6155,a2e8,92b1,7fbe,f55d,
7014,6155,a2e8,92b1,7fbe,10a8,
7015,6155,a2e8,92b1,7fbe,d951,
7016,6175,a2e8,92b1,7fbe,3999,
7017,6155,a2e8,92b1,7fbe,92f6,
7018,6151,a2e8,92b1,7fbe,a117,
7019,6155,a2e8,92b1,7fbe,0344,
7020,6155,a2e8,92b1,7fbe,b772,
7021,6155,a2e8,92b1,7fbe,b53e,
7022,6155,a2e8,92b1,7fbe,0d23,
7023,0000,2cd1,92b1,7fbe,9acc,
7024,e955,a2e8,92b1,7fbe,d81a,
7025,7155,a2e8,92b1,7fbe,46a5,
7026,0000,906e,92b1,7fbe,29c9,
7027,6155,a2e8,92b1,7fbe,99b7,
7028,6155,a2e8,92b1,7fbe,beed,
7029,6155,a2e8,92b1,7fbe,f7a6,
7030,6134,a6a8,9291,7fbe,458f,
7031,6155,a2e8,92b1,7fbe,9075,
7032,6155,a2e8,92b1,7fbe,46e1,
7033,6155,a2e8,92b1,7fbe,4771,
7034,6155,a2e8,92b1,7fbe,1a0d,
7035,6155,a2e8,92b1,7fbe,6b24,
7036,6155,a2e8,92b1,7fbe,3c3a,
7037,6155,a2e8,92b1,7fbe,f11e,
7038,6175,a2e8,92b1,7fbe,250b,
7039,6155,a2e8,92b1,7fbe,7316,
7040,6155,a2e8,92b1,7fbe,210c,
7041,6155,a2e8,92b1,7fbe,d30a,
7042,6957,a2e8,92b1,7fbe,b7dc,
7043,6955,a2e8,92b1,7fbe,398d,
7044,60d5,a268,92b1,7fbe,186b,
7045,6155,a2e8,92b1,7fbe,b764,
7046,6155,a2e8,92b1,7fbe,07c8,
7047,6155,a2e8,92b1,7fbe,3cf3,
7048,6155,a2e8,92b1,7fbe,cb3e,
7049,6155,a2e8,92b1,7fbe,4c37,
7050,0000,a2e8,f310,7fbe,61a1,
7051,0000,482d,923b,7fbe,fa94,
7052,6155,a2e8,92b1,7fbe,0260,
7053,6155,a2e8,92b1,7fbe,c7c3,
7054,6155,a2e8,92b1,7fbe,0b69,
7055,6155,a2e8,92b1,7fbe,b39c,
7056,6155,a2e8,92b1,7fbe,4f21,
7057,6155,a2e8,92b1,7fbe,fd6f,
7058,6155,a2e8,92b1,7fbe,137d,
7059,6555,a2e8,92b1,7fbe,e62f,
7060,6155,a2e8,92b1,7fbe,d96a,
7061,6155,a2e8,92b1,7fbe,4171,
7062,5157,b2e8,92b1,7fbe,7bc0,
7063,6155,a2e8,92b1,7fbe,b904,
7064,e155,a2e8,92b1,7fbe,d07a,
7065,6355,a2e8,92b1,7fbe,4272,
7066,6155,a2e8,92b1,7fbe,0e02,
7067,6155,a2e8,92b1,7fbe,6086,
7068,6155,a2e8,92b1,7fbe,3aec,
7069,6115,a2e8,92b1,7fbe,960f,
7070,6155,a2e8,92b1,7fbe,93c1,
7071,6155,a2e8,92b1,7fbe,0c14,
7072,6155,a2e8,92b1,7fbe,74fe,
7073,6155,a2e8,92b1,7fbe,6db4,
7074,6155,a2e8,92b1,7fbe,17df,
7075,6155,a2e8,92b1,7fbe,96e4,
7076,6155,a2e8,92b1,7fbe,b484,
7077,6155,a2e8,92b1,7fbe,880d,
7078,6155,a2e8,92b1,7fbe,0384,
7079,6155,a2e8,92b1,7fbe,2597,
7080,6155,a2e8,92b1,7fbe,5c8a,
7081,6155,a2e8,92b1,7fbe,03b7,
7082,6155,a2e8,92b1,7fbe,bfbc,
7083,6175,a2e8,92b1,7fbe,a690,
7084,511d,b32c,9231,7fbe,ffb8,
7085,6155,a2e8,92b1,7fbe,6bb7,
7086,6155,a2e8,92b1,7fbe,0208,
7087,6155,a2e8,92b1,7fbe,14d5,
7088,7155,a2e8,92b1,7fbe,0264,
7089,6155,a2e8,92b1,7fbe,58e6,
7090,6917,a2e8,92b1,7fbe,5ec7,
7091,79f5,a2a8,92b1,7fbe,5a41,
7092,9d7b,a6e8,1090,7fbe,8221,
7093,6115,a2e8,92b1,7fbe,bc7e,
7094,6155,a2e8,92b1,7fbe,df55,
7095,7155,a2e8,92b1,7fbe,a477,
7096,6155,a2e8,92b1,7fbe,e04d,
7097,6155,a2e8,92b1,7fbe,7d2b,
7098,6955,a2e8,92b1,7fbe,88e9,
7099,635d,a2e8,92b1,7fbe,5f28,
7100,70f0,2ee8,96b1,7fbe,b385,
7101,6155,a2e8,92b1,7fbe,67cd,
7102,6155,a2e8,92b1,7fbe,686d,
7103,6155,a2e8,92b1,7fbe,c821,
7104,7155,a2e8,92b1,7fbe,cbc7,
7105,0000,9839,b670,7fbe,557a,
7106,2155,a2e8,92b1,7fbe,77c9,
7107,6155,a2e8,92b1,7fbe,8ea3,
7108,6175,a2e8,92b1,7fbe,148b,
7109,6155,a2e8,92b1,7fbe,51f8,
7110,6115,a2e8,92b1,7fbe,3f30,
7111,6155,a2e8,92b1,7fbe,b296,
7112,6155,a2e8,92b1,7fbe,a13e,
7113,6270,a2e8,92b1,7fbe,0325,
7114,6177,a2e8,92b1,7fbe,e55b,
7115,6155,a2e8,92b1,7fbe,309c,
7116,6155,a2e8,92b1,7fbe,6f93,
7117,6145,a2e8,92b1,7fbe,623d,
7118,6155,a2e8,92b1,7fbe,bdc2,
7119,2355,a2e8,92b1,7fbe,67a5,
7120,6155,a2e8,92b1,7fbe,cf80,
7121,6155,a2e8,92b1,7fbe,17d0,
7122,4157,b2e8,92b1,7fbe,4549,
7123,6155,a2e8,92b1,7fbe,46e8,
7124,6555,a2e8,92b1,7fbe,8b83,
7125,6955,a2e8,92b1,7fbe,ef5c,
7126,6155,a2e8,92b1,7fbe,9ce9,
7127,6155,a2e8,92b1,7fbe,7344,
7128,6155,a2e8,92b1,7fbe,2ea7,
7129,6155,a2e8,92b1,7fbe,12b4,
7130,6155,a2e8,92b1,7fbe,0164,
7131,6155,a2e8,92b1,7fbe,180e,
7132,6155,a2e8,92b1,7fbe,9982,
7133,a544,aac8,96b1,7fbe,28eb,
7134,6155,a2e8,92b1,7fbe,b03f,
7135,6155,a2e8,92b1,7fbe,04ac,
7136,6155,a2e8,92b1,7fbe,db3a,
7137,6155,a2e8,92b1,7fbe,53b2,
7138,6155,a2e8,92b1,7fbe,382b,
7139,6155,a2e8,92b1,7fbe,b1b9,
7140,6155,a2e8,92b1,7fbe,4aa5,
7141,0000,b2e8,92b1,7fbe,2621,
7142,6155,a2e8,92b1,7fbe,fa11,
7143,6175,a2e8,92b1,7fbe,7cfb,
7144,6155,a2e8,92b1,7fbe,98ca,
7145,6155,a2e8,92b1,7fbe,23b8,
7146,6155,a2e8,92b1,7fbe,eb47,
7147,6155,a2e8,92b1,7fbe,f691,
7148,6155,a2e8,92b1,7fbe,3705,
7149,6155,a2e8,92b1,7fbe,b49d,
7150,6155,a2e8,92b1,7fbe,120a,
7151,6d55,2ee8,96b1,7fbe,8bfb,
7152,6155,a2e8,92b1,7fbe,4373,
7153,7151,a2ea,92b1,7fbe,1344,
7154,6155,a2e8,92b1,7fbe,18ba,
7155,6155,a2e8,92b1,7fbe,9111,
7156,e175,a2e8,92b1,7fbe,f615,
7157,6155,a2e8,92b1,7fbe,e4cd,
7158,6155,a2e8,92b1,7fbe,15a7,
7159,6155,a2e8,92b1,7fbe,13b0,
7160,59d5,b2e8,92b1,7fbe,a0f4,
7161,6155,a2e8,92b1,7fbe,4c40,
7162,6155,a2e8,92b1,7fbe,6ab9,
7163,6155,a2e8,92b1,7fbe,ee27,
7164,6545,a2e8,92b1,7fbe,8e7e,
7165,6155,a2e8,92b1,7fbe,4383,
7166,6155,a2e8,92b1,7fbe,ad13,
7167,6115,a2e8,92b1,7fbe,b355,
7168,6155,a2e8,92b1,7fbe,5071,
7169,0000,a2e8,852e,7fbe,179f,
7170,6155,a2e8,92b1,7fbe,5845,
7171,6155,a2e8,92b1,7fbe,3a39,
7172,6155,a2e8,92b1,7fbe,6fa5,
7173,6155,a2e8,92b1,7fbe,bd4d,
7174,0000,759c,92b1,7fbe,d6f4,
7175,4915,b2e8,92b1,7fbe,bffe,
7176,6155,a2e8,92b1,7fbe,7e5c,
7177,6155,a2e8,92b1,7fbe,2820,
7178,6155,a2e8,92b1,7fbe,75fa,
7179,6175,a2e8,92b1,7fbe,5e1e,
7180,61d5,a2e8,92b1,7fbe,3cb6,
7181,6155,a2e8,92b1,7fbe,7929,
7182,078c,a2e8,60b3,7fbe,f202,
7183,6155,a2e8,92b1,7fbe,70d9,
7184,6155,a2e8,92b1,7fbe,c9dc,
7185,6155,a2e8,92b1,7fbe,f21c,
7186,6155,a2e8,92b1,7fbe,086c,
7187,6155,a2e8,92b1,7fbe,e0f2,
7188,6155,a2e8,92b1,7fbe,6b54,
7189,0000,a2e8,f49c,7fbe,662d,
7190,6115,a2e8,92b1,7fbe,4a6c,
7191,6115,a2e8,92b1,7fbe,c292,
7192,8c67,90e0,12b1,3fbe,4dd9,
7193,6155,a2e8,92b1,7fbe,a9d2,
7194,6155,a2e8,92b1,7fbe,abcd,
7195,6197,a2e8,92b1,7fbe,9e4b,
7196,0000,f64b,12b6,7fbe,548d,
7197,6155,a2e8,92b1,7fbe,b31a,
7198,6155,a2e8,92b1,7fbe,3229,
7199,6155,a2e8,92b1,7fbe,0a2f,
7200,6155,a2e8,92b1,7fbe,db58,
7201,6155,a2e8,92b1,7fbe,a786,
7202,6155,a2e8,92b1,7fbe,591c,
7203,6175,a2e8,92b1,7fbe,f15d,
7204,6355,a2e8,92b1,7fbe,db46,
7205,6155,a2e8,92b1,7fbe,213e,
7206,cdf5,b6e8,92b1,7fbe,23dc,
7207,0000,86fc,92b1,7fbe,59ce,
7208,6155,a2e8,92b1,7fbe,5a0c,
7209,6155,a2e8,92b1,7fbe,f62d,
7210,6155,a2e8,92b1,7fbe,db54,
7211,61f7,a2a8,92b1,7fbe,7261,
7212,6155,a2e8,92b1,7fbe,e918,
7213,6155,a2e8,92b1,7fbe,393f,
7214,6155,a2e8,92b1,7fbe,6396,
7215,6155,a2e8,92b1,7fbe,d353,
7216,6155,a2e8,92b1,7fbe,7826,
7217,616d,a2f8,92b1,7fbe,efb3,
7218,6155,a2e8,92b1,7fbe,91c1,
7219,6155,a2e8,92b1,7fbe,76a2,
7220,7155,a2e8,92b1,7fbe,f1b9,
7221,b201,a2e8,69c8,7fbe,fb79,
7222,6145,a2e8,92b1,7fbe,43b2,
7223,6155,a2e8,92b1,7fbe,64a6,
7224,6155,a2e8,92b1,7fbe,f0d0,
7225,6151,a2e8,92b1,7fbe,25c3,
7226,6937,a2a8,92b1,7fbe,32e1,
7227,6155,a2e8,92b1,7fbe,d8d5,
7228,6155,a2e8,92b1,7fbe,65e8,
7229,f0d1,a2a8,92b1,7fbe,1046,
7230,6155,a2e8,92b1,7fbe,1a32,
7231,6155,a2e8,92b1,7fbe,6d9a,
7232,49b5,a2a8,92b1,7fbe,5518,
7233,6155,a2e8,92b1,7fbe,238f,
7234,6155,a2e8,92b1,7fbe,27e2,
7235,6155,a2e8,92b1,7fbe,4bb7,
7236,6155,a2e8,92b1,7fbe,87aa,
7237,6155,a2e8,92b1,7fbe,cc63,
7238,0000,a2e8,d7d4,7fbe,4565,
7239,6155,a2e8,92b1,7fbe,5fe1,
7240,6955,a2e8,92b1,7fbe,a351,
7241,0000,ee4a,d6e0,7fbe,ce42,
7242,6155,a2e8,92b1,7fbe,98d3,
7243,6155,a2e8,92b1,7fbe,c187,
7244,0000,a2e8,978f,7fbe,053e,
7245,6155,a2e8,92b1,7fbe,f9f2,
7246,0000,d1c6,e19f,7fbe,732e,
7247,6955,a2e8,92b1,7fbe,2343,
7248,6155,a2e8,92b1,7fbe,2767,
7249,6155,a2e8,92b1,7fbe,e267,
7250,6155,a2e8,92b1,7fbe,07d1,
7251,6155,a2e8,92b1,7fbe,c75b,
7252,6155,a2e8,92b1,7fbe,4e79,
7253,6155,a2e8,92b1,7fbe,81ed,
7254,6155,a2e8,92b1,7fbe,8673,
7255,c4f8,a2a8,92b1,7fbe,54c6,
7256,6155,a2e8,92b1,7fbe,bca5,
7257,6155,a2e8,92b1,7fbe,301a,
7258,6155,a2e8,92b1,7fbe,bf17,
7259,6155,a2e8,92b1,7fbe,b0e2,
7260,7155,a2e8,92b1,7fbe,8f8a,
7261,6155,a2e8,92b1,7fbe,6aeb,
7262,4977,a368,9231,7fbe,efd6,
7263,71d7,a2e8,92b1,7fbe,fc06,
7264,6155,a2e8,92b1,7fbe,0183,
7265,6155,a2e8,92b1,7fbe,8c03,
7266,6155,a2e8,92b1,7fbe,fa9c,
7267,6155,a2e8,92b1,7fbe,e68e,
7268,0197,3248,92b1,7fbe,3773,
7269,6155,a2e8,92b1,7fbe,b42b,
7270,6155,a2e8,92b1,7fbe,8d24,
7271,6155,a2e8,92b1,7fbe,435a,
7272,6155,a2e8,92b1,7fbe,e311,
7273,6155,a2e8,92b1,7fbe,99c5,
7274,6155,a2e8,92b1,7fbe,5699,
7275,6155,a2e8,92b1,7fbe,88fb,
7276,6155,a2e8,92b1,7fbe,a643,
7277,6155,a2e8,92b1,7fbe,25f0,
7278,6155,a2e8,92b1,7fbe,0d72,
7279,6155,a2e8,92b1,7fbe,2361,
7280,6155,a2e8,92b1,7fbe,5496,
7281,6155,a2e8,92b1,7fbe,13db,
7282,6155,a2e8,92b1,7fbe,2ecf,
7283,6155,a2e8,92b1,7fbe,0c29,
7284,0000,a2e8,43e9,7fbe,d158,
7285,31d5,a368,9231,7fbe,46ff,
7286,634d,a4e8,90b1,7fbe,417b,
7287,6155,a2e8,92b1,7fbe,5f70,
7288,0000,c89f,f8c6,7fbe,6a77,
7289,6155,a2e8,92b1,7fbe,a056,
7290,6155,a2e8,92b1,7fbe,96d0,
7291,6155,a2e8,92b1,7fbe,2af9,
7292,6155,a2e8,92b1,7fbe,0cf6,
7293,6155,a2e8,92b1,7fbe,bf56,
7294,6155,a2e8,92b1,7fbe,bfe0,
7295,6155,a2e8,92b1,7fbe,e996,
7296,6155,a2e8,92b1,7fbe,5405,
7297,435d,62e9,12b1,7fbe,7b28,
7298,6155,a2e8,92b1,7fbe,3e75,
7299,6155,a2e8,92b1,7fbe,10c4,
7300,7155,a2e8,92b1,7fbe,b938,
7301,6155,a2e8,92b1,7fbe,9686,
7302,6155,a2e8,92b1,7fbe,3df6,
7303,6155,a2e8,92b1,7fbe,7ce2,
7304,7155,a2e8,92b1,7fbe,707e,
7305,6155,a2e8,92b1,7fbe,5370,
7306,6155,a2e8,92b1,7fbe,1f83,
7307,6155,a2e8,92b1,7fbe,c4ad,
7308,6155,a2e8,92b1,7fbe,7bb6,
7309,635d,a2e8,92b1,7fbe,c91a,
7310,7155,a2e8,92b1,7fbe,3102,
7311,bdf0,82a8,92b1,7fbe,4e0b,
7312,6155,a2e8,92b1,7fbe,8e75,
7313,6155,a2e8,92b1,7fbe,28b3,
7314,6055,a2e8,92b1,7fbe,92ef,
7315,6155,a2e8,92b1,7fbe,232d,
7316,6155,a2e8,92b1,7fbe,6356,
7317,6155,a2e8,92b1,7fbe,5b4b,
7318,6155,a2e8,92b1,7fbe,2078,
7319,6955,a2e8,92b1,7fbe,04f5,
7320,41d7,b2a8,92b1,7fbe,add9,
7321,7955,b2e8,92b1,7fbe,ebb9,
7322,6155,a2e8,92b1,7fbe,b3d1,
7323,6155,a2e8,92b1,7fbe,6182,
7324,6175,a2e8,92b1,7fbe,78e3,
7325,6155,a2e8,92b1,7fbe,2a5c,
7326,6155,a2e8,92b1,7fbe,7d6d,
7327,6155,a2e8,92b1,7fbe,2c43,
7328,6155,a2e8,92b1,7fbe,fab9,
7329,6155,a2e8,92b1,7fbe,7ec2,
7330,6155,a2e8,92b1,7fbe,d73c,
7331,6197,a2e8,92b1,7fbe,5912,
7332,6155,a2e8,92b1,7fbe,29f2,
7333,6155,a2e8,92b1,7fbe,be46,
7334,61d5,a2e8,92b1,7fbe,d704,
7335,6155,a2e8,92b1,7fbe,42bf,
7336,6155,a2e8,92b1,7fbe,f478,
7337,6155,a2e8,92b1,7fbe,fb9a,
7338,6155,a2e8,92b1,7fbe,574e,
7339,6155,a2e8,92b1,7fbe,c54b,
7340,6155,a2e8,92b1,7fbe,ee7f,
7341,6155,a2e8,92b1,7fbe,52ad,
7342,e155,a2e8,92b1,7fbe,7496,
7343,6175,a2e8,92b1,7fbe,b0a3,
7344,6155,a2e8,92b1,7fbe,786f,
7345,7155,a2e8,92b1,7fbe,6db8,
7346,6155,a2e8,92b1,7fbe,b6c9,
7347,7175,a2e8,92b1,7fbe,9f11,
7348,0155,a2e8,92b1,7fbe,fe56,
7349,6175,a2e8,92b1,7fbe,8881,
7350,6155,a2e8,92b1,7fbe,c1be,
7351,6155,a2e8,92b1,7fbe,5137,
7352,6155,a2e8,92b1,7fbe,1108,
7353,615d,a2e8,92b1,7fbe,25f9,
7354,6155,a2e8,92b1,7fbe,d2d2,
7355,6955,a2e8,92b1,7fbe,62df,
7356,6155,a2e8,92b1,7fbe,0878,
7357,6155,a2e8,92b1,7fbe,f63b,
7358,6155,a2e8,92b1,7fbe,9c1d,
7359,5159,a2ec,92b1,7fbe,e579,
7360,5157,b2e8,92b1,7fbe,a7b9,
7361,6155,a2e8,92b1,7fbe,835e,
7362,0000,8e7a,92b1,7fbe,edd7,
7363,6155,a2e8,92b1,7fbe,2d4a,
7364,6155,a2e8,92b1,7fbe,ab04,
7365,7155,a2e8,92b1,7fbe,f938,
7366,6955,a2e8,92b1,7fbe,13cf,
7367,6155,a2e8,92b1,7fbe,86f0,
7368,6155,a2e8,92b1,7fbe,6dfa,
7369,6115,a2e8,92b1,7fbe,e200,
7370,6155,a2e8,92b1,7fbe,d0f9,
7371,6155,a2e8,92b1,7fbe,7d92,
7372,6155,a2e8,92b1,7fbe,0902,
7373,2155,a2e8,92b1,7fbe,6006,
7374,6155,a2e8,92b1,7fbe,5aa2,
7375,6155,a2e8,92b1,7fbe,0615,
7376,66dc,a2e8,92b1,7fbe,0789,
7377,6155,a2e8,92b1,7fbe,6c3d,
7378,6155,a2e8,92b1,7fbe,5812,
7379,6155,a2e8,92b1,7fbe,7b36,
7380,6155,a2e8,92b1,7fbe,adbd,
7381,6155,a2e8,92b1,7fbe,7c50,
7382,6155,a2e8,92b1,7fbe,6f79,
7383,6155,a2e8,92b1,7fbe,7d88,
7384,6155,a2e8,92b1,7fbe,c7e0,
7385,6155,a2e8,92b1,7fbe,91f3,
7386,6155,a2e8,92b1,7fbe,b325,
7387,630d,a2e8,92b1,7fbe,69fe,
7388,6155,a2e8,92b1,7fbe,7b2d,
7389,6155,a2e8,92b1,7fbe,61db,
7390,6135,a2c8,92b1,7fbe,d83c,
7391,6155,a2e8,92b1,7fbe,8a83,
7392,6115,a2e8,92b1,7fbe,bbc1,
7393,6155,a2e8,92b1,7fbe,7eb4,
7394,0000,a6b0,92b1,7fbe,1f2b,
7395,6155,a2e8,92b1,7fbe,413e,
7396,6155,a2e8,92b1,7fbe,c580,
7397,6155,a2e8,92b1,7fbe,e441,
7398,ffc1,a2e8,92b1,7fbe,da90,
7399,7155,a2e8,92b1,7fbe,2a09,
7400,6955,a2e8,92b1,7fbe,fd2c,
7401,6155,a2e8,92b1,7fbe,0215,
7402,6155,a2e8,92b1,7fbe,62ed,
7403,6155,a2e8,92b1,7fbe,683e,
7404,6155,a2e8,92b1,7fbe,777d,
7405,6155,a2e8,92b1,7fbe,3f31,
7406,6155,a2e8,92b1,7fbe,7d72,
7407,6155,a2e8,92b1,7fbe,ce2a,
7408,61d5,a2e8,92b1,7fbe,991d,
7409,4155,a2e8,92b1,7fbe,afad,
7410,2155,a2e8,92b1,7fbe,f6ab,
7411,6155,a2e8,92b1,7fbe,6dd2,
7412,6155,a2e8,92b1,7fbe,168c,
7413,6555,a2e8,92b1,7fbe,edbb,
7414,6155,a2e8,92b1,7fbe,9a7d,
7415,6955,a2e8,92b1,7fbe,4acf,
7416,6155,a2e8,92b1,7fbe,72e1,
7417,0000,a2e8,71a3,7fbe,e312,
7418,6155,a2e8,92b1,7fbe,d24f,
7419,0000,4109,1b81,7fbe,fb99,
7420,6555,a2e8,92b1,7fbe,ef3b,
7421,6975,a2e8,92b1,7fbe,81ac,
7422,6155,a2e8,92b1,7fbe,3904,
7423,6155,a2e8,92b1,7fbe,7dcb,
7424,6155,a2e8,92b1,7fbe,2b67,
7425,6155,a2e8,92b1,7fbe,3c5c,
7426,6155,a2e8,92b1,7fbe,4f18,
7427,6155,a2e8,92b1,7fbe,221d,
7428,4195,a2e8,92b1,7fbe,1ccc,
7429,6155,a2e8,92b1,7fbe,af8c,
7430,69b7,a2a8,92b1,7fbe,d6b5,
7431,41d5,b2e8,92b1,7fbe,15cd,
7432,6155,a2e8,92b1,7fbe,c788,
7433,6155,a2e8,92b1,7fbe,9ece,
7434,0000,3f6a,97d4,7fbe,2b4e,
7435,6155,a2e8,92b1,7fbe,7c3b,
7436,6155,a2e8,92b1,7fbe,1b97,
7437,6155,a2e8,92b1,7fbe,cbaa,
7438,6155,a2e8,92b1,7fbe,0408,
7439,6115,a2e8,92b1,7fbe,0a21,
7440,6955,a2e8,92b1,7fbe,a954,
7441,6155,a2e8,92b1,7fbe,72ab,
7442,6155,a2e8,92b1,7fbe,00d2,
7443,0000,a2e8,6c51,7fbe,fee0,
7444,91b7,a3f8,9089,7fae,0be8,
7445,6155,a2e8,92b1,7fbe,469f,
7446,6155,a2e8,92b1,7fbe,5b81,
7447,6155,a2e8,92b1,7fbe,ec25,
7448,6155,a2e8,92b1,7fbe,7851,
7449,0000,2610,b0e9,7fbe,0358,
7450,6155,a2e8,92b1,7fbe,87d1,
7451,6155,a2e8,92b1,7fbe,5084,
7452,6155,a2e8,92b1,7fbe,0f4f,
7453,6155,a2e8,92b1,7fbe,4545,
7454,41d7,b2e8,92b1,7fbe,8e51,
7455,6155,a2e8,92b1,7fbe,6544,
7456,6155,a2e8,92b1,7fbe,3bbf,
7457,6155,a2e8,92b1,7fbe,8f3f,
7458,6837,a328,9231,7fbe,24ca,
7459,6155,a2e8,92b1,7fbe,1082,
7460,6011,a2e8,92b1,7fbe,b9c5,
7461,0000,b164,92b1,7fbe,ef15,
7462,6155,a2e8,92b1,7fbe,fbc2,
7463,6155,a2e8,92b1,7fbe,a247,
7464,6155,a2e8,92b1,7fbe,15ea,
7465,61f5,a2a8,92b1,7fbe,ada2,
7466,6155,a2e8,92b1,7fbe,0ede,
7467,6155,a2e8,92b1,7fbe,e0ed,
7468,6155,a2e8,92b1,7fbe,2289,
7469,6155,a2e8,92b1,7fbe,aa15,
7470,6155,a2e8,92b1,7fbe,a465,
7471,6155,a2e8,92b1,7fbe,366a,
7472,6155,a2e8,92b1,7fbe,6f6a,
7473,6155,a2e8,92b1,7fbe,c8a6,
7474,5155,b2e8,92b1,7fbe,b6c3,
7475,8c67,90e0,12b1,3fbe,4dd9,
7476,6155,a2e8,92b1,7fbe,c4dc,
7477,6155,a2e8,92b1,7fbe,20a9,
7478,6155,a2e8,92b1,7fbe,744d,
7479,6155,a2e8,92b1,7fbe,79b8,
7480,6155,a2e8,92b1,7fbe,32fc,
7481,6155,a2e8,92b1,7fbe,8da9,
7482,6195,a2e8,92b1,7fbe,a7f5,
7483,6000,c8b4,92b1,7fbe,6a5c,
7484,6155,a2e8,92b1,7fbe,8e1d,
7485,a155,a2e8,92b1,7fbe,ca4a,
7486,6155,a2e8,92b1,7fbe,f753,
7487,61d7,a2e8,92b1,7fbe,ff0b,
7488,7155,a2e8,92b1,7fbe,d842,
7489,6155,a2e8,92b1,7fbe,07d8,
7490,6155,a2e8,92b1,7fbe,518d,
7491,0000,a2e8,d654,7fbe,44e5,
7492,0000,17ba,0607,7fbe,15bb,
7493,6155,a2e8,92b1,7fbe,ac09,
7494,7155,a2e8,92b1,7fbe,9d2f,
7495,6155,a2e8,92b1,7fbe,7b52,
7496,7155,a2e8,92b1,7fbe,2e5f,
7497,6115,a2e8,92b1,7fbe,c315,
7498,0000,a280,93fc,7fbe,014d,
7499,6155,a2e8,92b1,7fbe,1923,
7500,6155,a2e8,92b1,7fbe,0a7b,
7501,6115,a2e8,92b1,7fbe,4eb1,
7502,6155,a2e8,92b1,7fbe,4b73,
7503,6155,a2e8,92b1,7fbe,367a,
7504,6155,a2e8,92b1,7fbe,abca,
7505,6155,a2e8,92b1,7fbe,998f,
7506,0000,dcfc,40ad,7fbe,b8b1,
7507,6155,a2e8,92b1,7fbe,4877,
7508,6155,a2e8,92b1,7fbe,e055,
7509,6115,a2e8,92b1,7fbe,6650,
7510,0000,6dc3,d39d,7fbe,0175,
7511,6155,a2e8,92b1,7fbe,976c,
7512,6155,a2e8,92b1,7fbe,44c2,
7513,6155,a2e8,92b1,7fbe,7c26,
7514,6155,a2e8,92b1,7fbe,1713,
7515,6955,a2e8,92b1,7fbe,fd2c,
7516,35e1,f262,92b1,7fbe,5dc0,
7517,6155,a2e8,92b1,7fbe,82fb,
7518,7155,a2e8,92b1,7fbe,c34b,
7519,6155,a2e8,92b1,7fbe,fd62,
7520,625d,a3e8,92b1,7fbe,9e6e,
7521,6155,a2e8,92b1,7fbe,4e96,
7522,6155,a2e8,92b1,7fbe,d329,
7523,6115,a2e8,92b1,7fbe,65b1,
7524,6155,a2e8,92b1,7fbe,6f3f,
7525,6155,a2e8,92b1,7fbe,b918,
7526,6155,a2e8,92b1,7fbe,f849,
7527,6155,a2e8,92b1,7fbe,38c9,
7528,7758,a2e8,d00c,7fbe,42bd,
7529,6155,a2e8,92b1,7fbe,ed68,
7530,6155,a2e8,92b1,7fbe,e9a7,
7531,6155,a2e8,92b1,7fbe,4d61,
7532,a065,28e8,96b1,7fbe,b8c7,
7533,7955,a2e8,92b1,7fbe,c9bc,
7534,6155,a2e8,92b1,7fbe,c337,
7535,6155,a2e8,92b1,7fbe,9110,
7536,6155,a2e8,92b1,7fbe,b405,
7537,6155,a2e8,92b1,7fbe,93d0,
7538,6155,a2e8,92b1,7fbe,c48f,
7539,6155,a2e8,92b1,7fbe,5214,
7540,6115,a2e8,92b1,7fbe,3686,
7541,5157,b2e8,92b1,7fbe,26d7,
7542,6155,a2e8,92b1,7fbe,9433,
7543,6155,a2e8,92b1,7fbe,a4f8,
7544,6155,a2e8,92b1,7fbe,f194,
7545,6155,a2e8,92b1,7fbe,06dd,
7546,7155,a2e8,92b1,7fbe,166a,
7547,6155,a2e8,92b1,7fbe,10f7,
7548,6355,a2e8,92b1,7fbe,4aa3,
7549,6155,a2e8,92b1,7fbe,e3b4,
7550,6155,a2e8,92b1,7fbe,97e0,
7551,6155,a2e8,92b1,7fbe,c9a8,
7552,6155,a2e8,92b1,7fbe,72ab,
7553,6154,a2e8,92b1,7fbe,766f,
7554,6155,a2e8,92b1,7fbe,005f,
7555,6555,a2e8,92b1,7fbe,ea0e,
7556,6155,a2e8,92b1,7fbe,9ac7,
7557,6155,a2e8,92b1,7fbe,8ad7,
7558,7155,a2e8,92b1,7fbe,a85b,
7559,0000,349d,92b1,7fbe,503e,
7560,6155,a2e8,92b1,7fbe,0a61,
7561,6155,a2e8,92b1,7fbe,52ca,
7562,7155,a2e8,92b1,7fbe,c77f,
7563,7157,b2e8,92b1,7fbe,3c48,
7564,6155,a2e8,92b1,7fbe,cbc6,
7565,6955,a2e8,92b1,7fbe,547a,
7566,6175,a2e8,92b1,7fbe,80ee,
7567,6155,a2e8,92b1,7fbe,8a78,
7568,6155,a2e8,92b1,7fbe,1853,
7569,6155,a2e8,92b1,7fbe,a609,
7570,6155,a2e8,92b1,7fbe,13c8,
7571,6155,a2e8,92b1,7fbe,48d3,
7572,6155,a2e8,92b1,7fbe,db0a,
7573,6155,a2e8,92b1,7fbe,c52e,
7574,6155,a2e8,92b1,7fbe,11df,
7575,6155,a2e8,92b1,7fbe,6be0,
7576,6115,a2e8,92b1,7fbe,8972,
7577,6155,a2e8,92b1,7fbe,9323,
7578,6155,a2e8,92b1,7fbe,715e,
7579,6155,a2e8,92b1,7fbe,71d6,
7580,6184,aa08,92f1,7fbe,8d1f,
7581,6155,a2e8,92b1,7fbe,10d9,
7582,6115,a2e8,92b1,7fbe,992a,
7583,6135,a2e8,92b1,7fbe,5049,
7584,6055,a2e8,92b1,7fbe,35d0,
7585,69b7,a2a8,92b1,7fbe,2fee,
7586,0000,a2e8,2ae6,7fbe,b857,
7587,6155,a2e8,92b1,7fbe,07ab,
7588,6953,b2e8,92b1,7fbe,baea,
7589,6975,a2e8,92b1,7fbe,3e45,
7590,6155,a2e8,92b1,7fbe,71d8,
7591,7155,a2e8,92b1,7fbe,9761,
7592,6155,a2e8,92b1,7fbe,b982,
7593,6155,a2e8,92b1,7fbe,0323,
7594,0000,91dd,b337,7fbe,41fb,
7595,0000,b150,308b,7fbe,e77a,
7596,6115,a2e8,92b1,7fbe,cab8,
7597,6155,a2e8,92b1,7fbe,dea2,
7598,6155,a2e8,92b1,7fbe,7b51,
7599,6155,a2e8,92b1,7fbe,547c,
7600,6155,a2e8,92b1,7fbe,79c7,
7601,6155,a2e8,92b1,7fbe,6113,
7602,6155,a2e8,92b1,7fbe,06bf,
7603,6995,a2a8,92b1,7fbe,7a65,
7604,6155,a2e8,92b1,7fbe,ac1c,
7605,c117,b2a8,92b1,7fbe,9a28,
7606,6155,a2e8,92b1,7fbe,1bb6,
7607,2935,a2a8,92b1,7fbe,a2d0,
7608,6155,a2e8,92b1,7fbe,ae5e,
7609,48bd,23a9,9a91,7bbe,1819,
7610,6115,a2e8,92b1,7fbe,9c5c,
7611,69d5,a2a8,92b1,7fbe,e2da,
7612,6155,a2e8,92b1,7fbe,5ff4,
7613,6155,a2e8,92b1,7fbe,c95d,
7614,6955,a2e8,92b1,7fbe,ddef,
7615,cc35,a2e8,92b1,7fbe,afc0,
7616,6155,a2e8,92b1,7fbe,95d6,
7617,6155,a2e8,92b1,7fbe,9e5a,
7618,6155,a2e8,92b1,7fbe,8c6f,
7619,6155,a2e8,92b1,7fbe,1c1d,
7620,6155,a2e8,92b1,7fbe,c68b,
7621,6155,a2e8,92b1,7fbe,e453,
7622,6155,a2e8,92b1,7fbe,091c,
7623,6155,a2e8,92b1,7fbe,3f47,
7624,6095,a2e8,92b1,7fbe,6fe8,
7625,6115,a2e8,92b1,7fbe,b85e,
7626,61d5,a2e8,92b1,7fbe,3c31,
7627,6155,a2e8,92b1,7fbe,e4b7,
7628,1823,eee8,9833,7fbe,4205,
7629,6115,a2e8,92b1,7fbe,9de8,
7630,6155,a2e8,92b1,7fbe,58ea,
7631,6155,a2e8,92b1,7fbe,888e,
7632,6155,a2e8,92b1,7fbe,cd8e,
7633,6155,a2e8,92b1,7fbe,133a,
7634,6955,a2e8,92b1,7fbe,a522,
7635,6155,a2e8,92b1,7fbe,27d5,
7636,6155,a2e8,92b1,7fbe,16dd,
7637,7155,a2e8,92b1,7fbe,f053,
7638,6544,a2e8,92b1,7fbe,a33b,
7639,6175,a2e8,92b1,7fbe,1233,
7640,6114,a2e8,92b1,7fbe,97c9,
7641,4155,a2e8,92b1,7fbe,b57d,
7642,6155,a2e8,92b1,7fbe,e13e,
7643,59d7,b2e8,92b1,7fbe,e945,
7644,6155,a2e8,92b1,7fbe,b715,
7645,6155,a2e8,92b1,7fbe,3f8d,
7646,6155,a2e8,92b1,7fbe,7fb7,
7647,6155,a2e8,92b1,7fbe,9608,
7648,6155,a2e8,92b1,7fbe,a2fe,
7649,6155,a2e8,92b1,7fbe,c688,
7650,6115,a2e8,92b1,7fbe,eed8,
7651,6117,a2a8,92b1,7fbe,8327,
7652,6155,a2e8,92b1,7fbe,8962,
7653,6155,a2e8,92b1,7fbe,1fe9,
7654,0000,a2e8,2f82,7fbe,bd33,
7655,6154,a2e8,92b1,7fbe,7139,
7656,6145,a2e8,92b1,7fbe,2bd0,
7657,7175,a2e8,92b1,7fbe,5244,
7658,6155,a2e8,92b1,7fbe,ee6a,
7659,6115,a2e8,92b1,7fbe,83a8,
7660,6155,a2e8,92b1,7fbe,d8bf,
7661,6155,a2e8,92b1,7fbe,9836,
7662,6155,a2e8,92b1,7fbe,af22,
7663,1ec5,30e8,d2b1,7fbe,0034,
7664,6155,a2e8,92b1,7fbe,74c5,
7665,6155,a2e8,92b1,7fbe,8109,
7666,e175,a2e8,92b1,7fbe,dcdb,
7667,e031,a2e8,92b1,7fbe,31e4,
7668,6155,a2e8,92b1,7fbe,fab9,
7669,6155,a2e8,92b1,7fbe,17c2,
7670,6155,a2e8,92b1,7fbe,40d4,
7671,0000,3f66,96e0,7fbe,151d,
7672,6155,a2e8,92b1,7fbe,05b9,
7673,6155,a2e8,92b1,7fbe,0582,
7674,6175,a2e8,92b1,7fbe,ae98,
7675,0000,e3f8,92b1,7fbe,2afd,
7676,6155,a2e8,92b1,7fbe,f8c1,
7677,6155,a2e8,92b1,7fbe,7221,
7678,6155,a2e8,92b1,7fbe,8ab0,
7679,6175,a2e8,92b1,7fbe,a307,
7680,6155,a2e8,92b1,7fbe,845a,
7681,6155,a2e8,92b1,7fbe,0cc5,
7682,6155,a2e8,92b1,7fbe,2eef,
7683,6155,a2e8,92b1,7fbe,b317,
7684,6449,acc8,96a1,7fbe,3fd2,
7685,6155,a2e8,92b1,7fbe,d02c,
7686,6155,a2e8,92b1,7fbe,e580,
7687,6155,a2e8,92b1,7fbe,df58,
7688,6155,a2e8,92b1,7fbe,cf5e,
7689,6155,a2e8,92b1,7fbe,73f8,
7690,6155,a2e8,92b1,7fbe,53a6,
7691,6155,a2e8,92b1,7fbe,1e92,
7692,6155,a2e8,92b1,7fbe,4cf0,
7693,6955,a2e8,92b1,7fbe,41ea,
7694,6155,a2e8,92b1,7fbe,445e,
7695,6155,a2e8,92b1,7fbe,a1c9,
7696,69b5,a2a8,92b1,7fbe,d37d,
7697,6115,a2e8,92b1,7fbe,b255,
7698,6155,a2e8,92b1,7fbe,dfe7,
7699,6155,a2e8,92b1,7fbe,df53,
7700,6155,a2e8,92b1,7fbe,2ba6,
7701,4155,a2e8,92b1,7fbe,af32,
7702,6155,a2e8,92b1,7fbe,3f23,
7703,301b,22c9,8ea0,77be,c899,
7704,2155,a2e8,92b1,7fbe,d89a,
7705,6155,a2e8,92b1,7fbe,f511,
7706,6955,a2e8,92b1,7fbe,eb41,
7707,6155,a2e8,92b1,7fbe,4269,
7708,e155,a2e8,92b1,7fbe,c446,
7709,6565,a2e8,92b1,7fbe,1542,
7710,6155,a2e8,92b1,7fbe,9d9e,
7711,6155,a2e8,92b1,7fbe,9556,
7712,6114,a2e8,92b1,7fbe,ec4d,
7713,6155,a2e8,92b1,7fbe,e95f,
7714,6051,a2e8,92b1,7fbe,be34,
7715,6997,a2a8,92b1,7fbe,2802,
7716,6155,a2e8,92b1,7fbe,a1c4,
7717,6155,a2e8,92b1,7fbe,834a,
7718,6155,a2e8,92b1,7fbe,dbe6,
7719,6155,a2e8,92b1,7fbe,d2f2,
7720,6051,a2e8,92b1,7fbe,e024,
7721,6175,a2e8,92b1,7fbe,0155,
7722,6155,a2e8,92b1,7fbe,47f9,
7723,0000,4773,db80,7fbe,d5f9,
7724,6155,a2e8,92b1,7fbe,fe25,
7725,6175,a2e8,92b1,7fbe,5afb,
7726,6155,a2e8,92b1,7fbe,dc20,
7727,6155,a2e8,92b1,7fbe,d917,
7728,6059,a2e8,92b1,7fbe,b62f,
7729,41d7,b2a8,92b1,7fbe,6d17,
7730,6155,a2e8,92b1,7fbe,4ded,
7731,6155,a2e8,92b1,7fbe,71c4,
7732,0000,b53f,9fa0,7fbe,c526,
7733,6155,a2e8,92b1,7fbe,1d2c,
7734,6155,a2e8,92b1,7fbe,b66f,
7735,e0d8,3f60,92b1,7fbe,9d88,
7736,6155,a2e8,92b1,7fbe,b719,
7737,6115,a2e8,92b1,7fbe,8863,
7738,6955,a2e8,92b1,7fbe,ad66,
7739,6155,a2e8,92b1,7fbe,4c94,
7740,7155,a2e8,92b1,7fbe,6f7a,
7741,6155,a2e8,92b1,7fbe,22ce,
7742,2155,a2e8,92b1,7fbe,7a5a,
7743,6955,a2a8,92b1,7fbe,583f,
7744,6155,a2e8,92b1,7fbe,8049,
7745,6155,a2e8,92b1,7fbe,8e53,
7746,6155,a2e8,92b1,7fbe,e562,
7747,6115,a2e8,92b1,7fbe,1fd7,
7748,7755,aae8,92b1,7fbe,f1ad,
7749,a5dc,a2e8,92b1,7fbe,c489,
7750,6195,a2a8,92b1,7fbe,c4aa,
7751,4955,b2e8,92b1,7fbe,6116,
7752,7155,a2e8,92b1,7fbe,e773,
7753,6155,a2e8,92b1,7fbe,f83c,
7754,6155,a2e8,92b1,7fbe,0d45,
7755,6155,a2e8,92b1,7fbe,bc4f,
7756,5955,b2e8,92b1,7fbe,4c03,
7757,6155,a2e8,92b1,7fbe,1920,
7758,6155,a2e8,92b1,7fbe,e815,
7759,6155,a2e8,92b1,7fbe,cf09,
7760,6155,a2e8,92b1,7fbe,7ba0,
7761,74a3,8060,92b1,7fbe,6c6f,
7762,6175,a2e8,92b1,7fbe,595e,
7763,6197,a2e8,92b1,7fbe,b190,
7764,6155,a2e8,92b1,7fbe,e449,
7765,6155,a2e8,92b1,7fbe,e769,
7766,6155,a2e8,92b1,7fbe,1257,
7767,2141,a2e0,92b1,7fbe,f3f7,
7768,6155,a2e8,92b1,7fbe,921d,
7769,6155,a2e8,92b1,7fbe,d3aa,
7770,02cd,a2e8,92b1,7fbe,6398,
7771,6155,a2e8,92b1,7fbe,889c,
7772,0000,a2e8,1b75,7fbe,89c4,
7773,7155,a2e8,92b1,7fbe,1f7f,
7774,7155,a2e8,92b1,7fbe,1f49,
7775,6155,a2e8,92b1,7fbe,1927,
7776,6114,a2e8,92b1,7fbe,1ce5,
7777,6155,a2e8,92b1,7fbe,cd6c,
7778,635d,a2e8,92b1,7fbe,c7bc,
7779,6155,a2e8,92b1,7fbe,e3ea,
7780,6155,a2e8,92b1,7fbe,6362,
7781,e977,b6e9,9ab1,7fbe,ce32,
7782,6155,a2e8,92b1,7fbe,d1f4,
7783,6155,a2e8,92b1,7fbe,5b21,
7784,6155,a2e8,92b1,7fbe,f221,
7785,6155,a2e8,92b1,7fbe,dc4b,
7786,0000,b0a1,92b1,7fbe,c5fc,
7787,ae24,a2e8,7bea,7fbe,e95b,
7788,6155,a2e8,92b1,7fbe,a28c,
7789,6155,a2e8,92b1,7fbe,dca1,
7790,6155,a2e8,92b1,7fbe,daad,
7791,6155,a2e8,92b1,7fbe,a6cc,
7792,6155,a2e8,92b1,7fbe,61a9,
7793,6155,a2e8,92b1,7fbe,dafd,
7794,6155,a2e8,92b1,7fbe,eec8,
7795,6055,a2e8,92b1,7fbe,5db4,
7796,6155,a2e8,92b1,7fbe,fb22,
7797,6155,a2e8,92b1,7fbe,eb3a,
7798,7155,a2e8,92b1,7fbe,3161,
7799,0000,a2e8,df9b,7fbe,4d2a,
7800,6155,a2e8,92b1,7fbe,0bbb,
7801,0000,0679,92b1,7fbe,111d,
7802,6155,a2e8,92b1,7fbe,5bdc,
7803,6155,a2e8,92b1,7fbe,ae12,
7804,6155,a2e8,92b1,7fbe,d8bf,
7805,0000,8511,389f,7fbe,b182,
7806,6155,a2e8,92b1,7fbe,c78f,
7807,6155,a2e8,92b1,7fbe,0d4a,
7808,6157,b2e8,92b1,7fbe,4457,
7809,6155,a2e8,92b1,7fbe,3fe2,
7810,0000,ca57,fa0e,7fbe,68bf,
7811,6155,a2e8,92b1,7fbe,0392,
7812,a574,a2ea,92b0,7fbe,cde9,
7813,6155,a2e8,92b1,7fbe,2183,
7814,6155,a2e8,92b1,7fbe,0b11,
7815,6155,a2e8,92b1,7fbe,d4ac,
7816,0000,a2e8,36c0,7fbe,a471,
7817,6155,a2e8,92b1,7fbe,949a,
7818,6155,a2e8,92b1,7fbe,b713,
7819,6155,a2e8,92b1,7fbe,a73c,
7820,0000,729c,92b1,7fbe,9074,
7821,6155,a2e8,92b1,7fbe,3064,
7822,0b3e,a2e8,ff7b,7fbe,6dca,
7823,6155,a2e8,92b1,7fbe,7809,
7824,7155,a2e8,92b1,7fbe,4ff5,
7825,6155,a2e8,92b1,7fbe,d02f,
7826,f9c4,2a8a,92b0,7fbe,b94c,
7827,6155,a2e8,92b1,7fbe,de8e,
7828,6175,a2e8,92b1,7fbe,7286,
7829,6155,a2e8,92b1,7fbe,2076,
7830,0000,a2e8,d6e8,7fbe,4459,
7831,6155,a2e8,92b1,7fbe,bdd6,
7832,6154,a2e8,92b1,7fbe,55bb,
7833,6155,a2e8,92b1,7fbe,4701,
7834,6155,a2e8,92b1,7fbe,c076,
7835,6155,a2e8,92b1,7fbe,3ab9,
7836,6155,a2e8,92b1,7fbe,a894,
7837,6155,a2e8,92b1,7fbe,86f0,
7838,6155,a2e8,92b1,7fbe,6753,
7839,0000,d095,8760,7fbe,c9f0,
7840,7155,a2e8,92b1,7fbe,034e,
7841,6155,a2e8,92b1,7fbe,47dc,
7842,6155,a2e8,92b1,7fbe,cd97,
7843,7155,a2e8,92b1,7fbe,f693,
7844,6155,a2e8,92b1,7fbe,4edf,
7845,43d5,b2e8,92b1,7fbe,a2cd,
7846,6155,a2e8,92b1,7fbe,2d73,
7847,f15d,e2e8,92b1,7fbe,1332,
7848,6155,a2e8,92b1,7fbe,3436,
7849,0000,b36e,92b1,7fbe,d9fa,
7850,e5c4,a2e8,92b1,7fbe,b577,
7851,71d7,a2e8,92b1,7fbe,3903,
7852,6155,a2e8,92b1,7fbe,9d26,
7853,bc8f,a268,92b1,7fbe,904e,
7854,6155,a2e8,92b1,7fbe,286b,
7855,6155,a2e8,92b1,7fbe,997b,
7856,6155,a2e8,92b1,7fbe,d514,
7857,6155,a2e8,92b1,7fbe,91a2,
7858,e996,a2a9,92b1,7fbe,e548,
7859,6155,a2e8,92b1,7fbe,c08b,
7860,6155,a2e8,92b1,7fbe,b8b5,
7861,6155,a2e8,92b1,7fbe,0c2a,
7862,79b5,a2a8,92b1,7fbe,f495,
7863,6155,a2e8,92b1,7fbe,b940,
7864,6155,a2e8,92b1,7fbe,57f3,
7865,51df,a2e8,92b1,7fbe,31da,
7866,c975,b2e8,92b1,7fbe,5d42,
7867,2955,a2e8,92b1,7fbe,60ad,
7868,6115,a2e8,92b1,7fbe,b706,
7869,6155,a2e8,92b1,7fbe,50b1,
7870,6955,a2e8,92b1,7fbe,7e4d,
7871,6155,a2e8,92b1,7fbe,0c15,
7872,6155,a2e8,92b1,7fbe,b42f,
7873,6155,a2e8,92b1,7fbe,45db,
7874,6155,a2e8,92b1,7fbe,a10c,
7875,6155,a2e8,92b1,7fbe,ab6a,
7876,6155,a2e8,92b1,7fbe,f067,
7877,6155,a2e8,92b1,7fbe,8a28,
7878,6155,a2e8,92b1,7fbe,11c4,
7879,6155,a2e8,92b1,7fbe,d9db,
7880,6955,a2e8,92b1,7fbe,3497,
7881,6155,a2e8,92b1,7fbe,85d0,
7882,6155,a2e8,92b1,7fbe,5630,
7883,6155,a2e8,92b1,7fbe,8604,
7884,6155,a2e8,92b1,7fbe,8948,
7885,6915,a2e8,92b1,7fbe,2e91,
7886,0400,85cb,0843,7fbe,adbb,
7887,6554,a2e8,92b1,7fbe,d507,
7888,0000,9c13,b039,7fbe,3aa7,
7889,6155,a2e8,92b1,7fbe,c1f2,
7890,6155,a2e8,92b1,7fbe,71d9,
7891,6155,a2e8,92b1,7fbe,3bab,
7892,4375,a2f8,92b1,7fbe,ff83,
7893,6155,a2e8,92b1,7fbe,33da,
7894,6555,a2e8,92b1,7fbe,9be5,
7895,6975,a2e8,92b1,7fbe,193f,
7896,2f10,a2c0,82a1,77be,151a,
7897,0000,106c,92b1,7fbe,d092,
7898,6155,a2e8,92b1,7fbe,e962,
7899,6315,bae8,9ab1,7fbe,2a98,
7900,6155,a2e8,92b1,7fbe,97a8,
7901,6955,a2e8,92b1,7fbe,ca29,
7902,e175,a2e8,92b1,7fbe,96f8,
7903,6155,a2e8,92b1,7fbe,a0d2,
7904,4195,a2e2,92b5,7fbe,6414,
7905,6115,a2e8,92b1,7fbe,67ae,
7906,a155,e2e8,92b1,7fbe,9ac3,
7907,6155,a2e8,92b1,7fbe,c888,
7908,6155,a2e8,92b1,7fbe,6ebd,
7909,6155,a2e8,92b1,7fbe,9f78,
7910,0000,23db,1382,7fbe,8133,
7911,637d,a2e8,92b1,7fbe,7e0b,
7912,6155,a2e8,92b1,7fbe,0a94,
7913,204d,a2e0,92b1,7fbe,7852,
7914,6155,a2e8,92b1,7fbe,7ada,
7915,5155,b2e8,92b1,7fbe,4592,
7916,6955,a2e8,92b1,7fbe,d33a,
7917,6155,a2e8,92b1,7fbe,8c2d,
7918,6155,a2e8,92b1,7fbe,2ebf,
7919,6155,a2e8,92b1,7fbe,c085,
7920,6155,a2e8,92b1,7fbe,8ace,
7921,6155,a2e8,92b1,7fbe,9ceb,
7922,6155,a2e8,92b1,7fbe,2c03,
7923,6155,a2e8,92b1,7fbe,d7e6,
7924,4157,f2ec,b2b1,7fbe,8cde,
7925,4155,a2e8,92b1,7fbe,fa9e,
7926,6155,a2e8,92b1,7fbe,1d86,
7927,69f5,a2a8,92b1,7fbe,0e1c,
7928,6155,a2e8,92b1,7fbe,d520,
7929,7155,a2e8,92b1,7fbe,3b84,
7930,6155,a2e8,92b1,7fbe,2dc0,
7931,6155,a2e8,92b1,7fbe,2296,
7932,021a,a9e7,82f5,7fbe,2be7,
7933,6155,a2e8,92b1,7fbe,bda8,
7934,6155,a2e8,92b1,7fbe,5cdc,
7935,6155,a2e8,92b1,7fbe,ae28,
7936,6155,a2e8,92b1,7fbe,108f,
7937,20d7,a2e8,33fc,7fbe,a14d,
7938,2157,92e8,92b1,7fbe,72b0,
7939,6155,a2e8,92b1,7fbe,86a2,
7940,6155,a2e8,92b1,7fbe,a798,
7941,6155,a2e8,92b1,7fbe,b3d2,
7942,7155,a2e8,92b1,7fbe,b33b,
7943,6155,a2e8,92b1,7fbe,a2d8,
7944,6155,a2e8,92b1,7fbe,83e9,
7945,6155,a2e8,92b1,7fbe,399f,
7946,6155,a2e8,92b1,7fbe,9c19,
7947,6155,a2e8,92b1,7fbe,1e4c,
7948,6155,a2e8,92b1,7fbe,7a57,
7949,6155,a2e8,92b1,7fbe,318d,
7950,6155,a2e8,92b1,7fbe,605e,
7951,6155,a2e8,92b1,7fbe,1e29,
7952,6251,a2e8,92b1,7fbe,f1a4,
7953,6115,a2e8,92b1,7fbe,7505,
7954,6155,a2e8,92b1,7fbe,4ed5,
7955,6155,a2e8,92b1,7fbe,6d71,
7956,6155,a2e8,92b1,7fbe,861a,
7957,8ed7,a2e8,92b1,7fbe,ef82,
7958,6155,a2e8,92b1,7fbe,5b11,
7959,6155,a2e8,92b1,7fbe,4326,
7960,6155,a2e8,92b1,7fbe,c95b,
7961,6155,a2e8,92b1,7fbe,3f52,
7962,6155,a2e8,92b1,7fbe,ab0f,
7963,6355,a2e8,92b1,7fbe,4e04,
7964,6155,a2e8,92b1,7fbe,b660,
7965,6155,a2e8,92b1,7fbe,8092,
7966,6175,a2e8,92b1,7fbe,48c4,
7967,6155,a2e8,92b1,7fbe,d60c,
7968,6155,a2e8,92b1,7fbe,b99c,
7969,6155,a2e8,92b1,7fbe,8d69,
7970,6155,a2e8,92b1,7fbe,a0f0,
7971,0000,e22f,92b1,7fbe,cce7,
7972,6155,a2e8,92b1,7fbe,0e4c,
7973,2575,a2e8,92b1,7fbe,dc83,
7974,ac4c,a2e8,59bc,7fbe,cb0d,
7975,6155,a2e8,92b1,7fbe,10ee,
7976,6155,a2e8,92b1,7fbe,1654,
7977,6155,a2e8,92b1,7fbe,e827,
7978,6155,a2e8,92b1,7fbe,696a,
7979,6155,a2e8,92b1,7fbe,96fb,
7980,6155,a2e8,92b1,7fbe,9c15,
7981,e355,a2e8,92b1,7fbe,4620,
7982,6155,a2e8,92b1,7fbe,3a94,
7983,a155,a2e8,92b1,7fbe,f085,
7984,6155,a2e8,92b1,7fbe,ee39,
7985,6155,a2e8,92b1,7fbe,6de5,
7986,515b,a2ec,92b1,7fbe,53b3,
7987,6155,a2e8,92b1,7fbe,dfc7,
7988,6145,a2e8,92b1,7fbe,1ca3,
7989,4857,b2e8,92b1,7fbe,63ce,
7990,6155,a2e8,92b1,7fbe,ea7e,
7991,6155,a2e8,92b1,7fbe,57de,
7992,6155,a2e8,92b1,7fbe,ef2b,
7993,6155,a2e8,92b1,7fbe,303c,
7994,6155,a2e8,92b1,7fbe,fade,
7995,6155,a2e8,92b1,7fbe,a7a4,
7996,6155,a2e8,92b1,7fbe,084f,
7997,0000,a2e8,92b1,7fbe,0eda,
7998,6155,a2e8,92b1,7fbe,86e8,
7999,6155,a2e8,92b1,7fbe,8a48,
8000,6155,a2e8,92b1,7fbe,1772,
8001,6955,a2e8,92b1,7fbe,5acd,
8002,6955,a2e8,92b1,7fbe,93d3,
8003,6155,a2e8,92b1,7fbe,5886,
8004,61d5,a2e8,92b1,7fbe,5ddb,
8005,e155,a2e8,92b1,7fbe,c884,
8006,6157,a2e8,92b1,7fbe,ce56,
8007,0000,e7e9,92b1,7fbe,9524,
8008,6155,a2e8,92b1,7fbe,77e3,
8009,6155,a2e8,92b1,7fbe,c5e7,
8010,6155,a2e8,92b1,7fbe,b50a,
8011,6995,a2a8,92b1,7fbe,c63d,
8012,6155,a2e8,92b1,7fbe,f621,
8013,6155,a2e8,92b1,7fbe,c40d,
8014,6155,a2e8,92b1,7fbe,ca1b,
8015,78d9,b2ec,92b1,7fbe,aaee,
8016,6155,a2e8,92b1,7fbe,1b44,
8017,6155,a2e8,92b1,7fbe,0602,
8018,0000,21f8,92b1,7fbe,eda0,
8019,d04b,eed1,92b1,7fbe,e069,
8020,6155,a2e8,92b1,7fbe,0abc,
8021,6155,a2e8,92b1,7fbe,c0bd,
8022,6155,a2e8,92b1,7fbe,773d,
8023,0000,a2e8,92b1,7fbe,d797,
8024,6151,a2e8,92b1,7fbe,08f7,
8025,6955,a2e8,92b1,7fbe,195a,
8026,6155,a2e8,92b1,7fbe,9b50,
8027,6155,a2e8,92b1,7fbe,530c,
8028,6155,a2e8,92b1,7fbe,39be,
8029,6155,a2e8,92b1,7fbe,185b,
8030,6155,a2e8,92b1,7fbe,5e3b,
8031,6155,a2e8,92b1,7fbe,9c43,
8032,6155,a2e8,92b1,7fbe,153d,
8033,6155,a2e8,92b1,7fbe,4d4b,
8034,6115,a2e8,92b1,7fbe,f702,
8035,6155,a2e8,92b1,7fbe,975c,
8036,6155,a2e8,92b1,7fbe,0a1f,
8037,6155,a2e8,92b1,7fbe,c38b,
8038,6155,a2e8,92b1,7fbe,5b40,
8039,6155,a2e8,92b1,7fbe,c6b7,
8040,6155,a2e8,92b1,7fbe,2725,
8041,6115,a2e8,92b1,7fbe,13c1,
8042,6157,a3f4,92b9,7fbe,a973,
8043,6155,a2e8,92b1,7fbe,9bbf,
8044,6155,a2e8,92b1,7fbe,0582,
8045,0000,b2fc,92b1,7fbe,4efd,
8046,6155,a2e8,92b1,7fbe,7f1a,
8047,6145,a2e8,92b1,7fbe,0053,
8048,5155,a2e8,92b1,7fbe,f5f6,
8049,6155,a2e8,92b1,7fbe,8597,
8050,6155,a2e8,92b1,7fbe,814f,
8051,615d,a2e8,92b1,7fbe,253d,
8052,6155,a2e8,92b1,7fbe,c90e,
8053,6155,a2e8,92b1,7fbe,554c,
8054,6155,a2e8,92b1,7fbe,8c6a,
8055,6155,a2e8,92b1,7fbe,e7cd,
8056,679d,e0a9,9293,7fbf,a6e6,
8057,6155,a2e8,92b1,7fbe,0ca3,
8058,6155,a2e8,92b1,7fbe,2caf,
8059,6155,a2e8,92b1,7fbe,246b,
8060,6155,a2e8,92b1,7fbe,fc64,
8061,6155,a2e8,92b1,7fbe,1f81,
8062,6155,a2e8,92b1,7fbe,b24f,
8063,6175,a2e8,92b1,7fbe,38f6,
8064,6155,a2e8,92b1,7fbe,f280,
8065,6155,a2e8,92b1,7fbe,49c3,
8066,6155,a2e8,92b1,7fbe,dbaf,
8067,6155,a2e8,92b1,7fbe,0151,
8068,6155,a2e8,92b1,7fbe,2310,
8069,6155,a2e8,92b1,7fbe,30d9,
8070,0000,b95b,0000,7fbe,9e7e,
8071,6155,a2e8,92b1,7fbe,d552,
8072,6155,a2e8,92b1,7fbe,f867,
8073,6155,a2e8,92b1,7fbe,0e9e,
8074,6155,a2e8,92b1,7fbe,4317,
8075,6155,a2e8,92b1,7fbe,7330,
8076,6155,a2e8,92b1,7fbe,df6b,
8077,6157,a2a8,92b1,7fbe,ff76,
8078,4155,a2e8,92b1,7fbe,f950,
8079,f5dd,a2e8,92b1,7fbe,9188,
8080,6155,a2e8,92b1,7fbe,bf0a,
8081,6155,a2e8,92b1,7fbe,5efe,
8082,6955,a2e8,92b1,7fbe,44a4,
8083,6155,a2e8,92b1,7fbe,289b,
8084,6155,a2e8,92b1,7fbe,f2a5,
8085,6155,a2e8,92b1,7fbe,a61a,
8086,6155,a2e8,92b1,7fbe,131d,
8087,6155,a2e8,92b1,7fbe,18e5,
8088,4115,a2c8,92b1,7fbe,60f5,
8089,6175,a2e8,92b1,7fbe,fd44,
8090,6175,a2e8,92b1,7fbe,4c71,
8091,5155,b2e8,92b1,7fbe,3f36,
8092,6155,a2e8,92b1,7fbe,b553,
8093,6175,a2e8,92b1,7fbe,5e2b,
8094,6155,a2e8,92b1,7fbe,7e24,
8095,2141,a0c0,92a1,7fbe,b569,
8096,6115,a2e8,92b1,7fbe,ea74,
8097,6155,a2e8,92b1,7fbe,c9d5,
8098,6155,a2e8,92b1,7fbe,6737,
8099,0000,6bda,08b3,7fbe,7450,
8100,6155,a2e8,92b1,7fbe,9946,
8101,0000,71e8,efc5,7fbe,d5c2,
8102,0000,a2e8,7941,7fbe,ebf0,
8103,6155,a2e8,92b1,7fbe,0f01,
8104,6155,a2e8,92b1,7fbe,bfdc,
8105,6155,a2e8,92b1,7fbe,19e8,
8106,7155,a2e8,92b1,7fbe,6e0b,
8107,6155,a2e8,92b1,7fbe,261c,
8108,6155,a2e8,92b1,7fbe,fbe4,
8109,6155,a2e8,92b1,7fbe,8955,
8110,3075,82e8,92b1,7fbe,dd4a,
8111,6155,a2e8,92b1,7fbe,2254,
8112,6115,a2e8,92b1,7fbe,940f,
8113,6155,a2e8,92b1,7fbe,961e,
8114,6155,a2e8,92b1,7fbe,4345,
8115,6155,a2e8,92b1,7fbe,c2a3,
8116,6155,a2e8,92b1,7fbe,0296,
8117,6155,a2e8,92b1,7fbe,21bb,
8118,6155,a2e8,92b1,7fbe,14da,
8119,6155,a2e8,92b1,7fbe,17f2,
8120,6155,a2e8,92b1,7fbe,1286,
8121,6155,a2e8,92b1,7fbe,979d,
8122,6155,a2e8,92b1,7fbe,411d,
8123,6155,a2e8,92b1,7fbe,e5c2,
8124,6155,a2e8,92b1,7fbe,4eb9,
8125,6155,a2e8,92b1,7fbe,9cc5,
8126,6135,a2e8,92b1,7fbe,e2ca,
8127,6917,a2e8,92b1,7fbe,5ec7,
8128,6155,a2e8,92b1,7fbe,c0ba,
8129,e155,a2e8,92b1,7fbe,5814,
8130,6155,a2e8,92b1,7fbe,f5f9,
8131,2155,a2e8,92b1,7fbe,db70,
8132,6155,a2e8,92b1,7fbe,f7b0,
8133,6155,a2e8,92b1,7fbe,786c,
8134,6155,a2e8,92b1,7fbe,483f,
8135,6155,a2e8,92b1,7fbe,ac83,
8136,6155,a2e8,92b1,7fbe,8be7,
8137,6155,a2e8,92b1,7fbe,916d,
8138,6155,a2e8,92b1,7fbe,8df5,
8139,6955,a2e8,92b1,7fbe,b609,
8140,6155,a2e8,92b1,7fbe,5b46,
8141,6155,a2e8,92b1,7fbe,3f58,
8142,6055,a2e8,92b1,7fbe,ffc2,
8143,6195,82e8,82b1,7fbe,8ef4,
8144,0000,ea9c,9c32,7fbe,12d2,
8145,6155,a2e8,92b1,7fbe,a910,
8146,6155,a2e8,92b1,7fbe,781a,
8147,7937,b6e9,9ab1,7fbe,a0b5,
8148,6155,a2e8,92b1,7fbe,bb4e,
8149,6155,a2e8,92b1,7fbe,8338,
8150,6155,a2e8,92b1,7fbe,d35a,
8151,6155,a2e8,92b1,7fbe,5c1c,
8152,6155,a2e8,92b1,7fbe,7707,
8153,6155,a2e8,92b1,7fbe,60ab,
8154,6155,a2e8,92b1,7fbe,a958,
8155,61d7,a2a8,92b1,7fbe,2970,
8156,5973,b2e8,92b1,7fbe,1592,
8157,6155,a2e8,92b1,7fbe,b0f6,
8158,6155,a2e8,92b1,7fbe,a6f6,
8159,60d5,a268,92b1,7fbe,297c,
8160,6155,a2e8,92b1,7fbe,2977,
8161,6155,a2e8,92b1,7fbe,f206,
8162,6155,a2e8,92b1,7fbe,d213,
8163,6155,a2e8,92b1,7fbe,9bce,
8164,616d,a2f8,92b1,7fbe,66c0,
8165,6155,a2e8,92b1,7fbe,dc49,
8166,6155,a2e8,92b1,7fbe,e508,
8167,6155,a2e8,92b1,7fbe,26b7,
8168,6155,a2e8,92b1,7fbe,0b83,
8169,6155,a2e8,92b1,7fbe,f413,
8170,6155,a2e8,92b1,7fbe,4d90,
8171,61d5,a2a8,92b1,7fbe,e554,
8172,6155,a2e8,92b1,7fbe,4e1e,
8173,6155,a2e8,92b1,7fbe,6e28,
8174,5957,b2e8,92b1,7fbe,6325,
8175,6155,a2e8,92b1,7fbe,6f54,
8176,6155,a2e8,92b1,7fbe,a084,
8177,6155,a2e8,92b1,7fbe,8a08,
8178,6155,a2e8,92b1,7fbe,16a1,
8179,7841,7e7c,11b3,7fbe,fada,
8180,6155,a2e8,92b1,7fbe,5c93,
8181,6155,a2e8,92b1,7fbe,87cd,
8182,6155,a2e8,92b1,7fbe,a99a,
8183,0000,e22f,92b1,7fbe,cce7,
8184,8121,ae6a,92b1,7fbe,c773,
8185,6155,a2e8,92b1,7fbe,935e,
8186,6155,a2e8,92b1,7fbe,6252,
8187,6155,a2e8,92b1,7fbe,de33,
8188,6155,a2e8,92b1,7fbe,12a8,
8189,6155,a2e8,92b1,7fbe,4a5c,
8190,0000,3098,92b1,7fbe,6584,
8191,0000,25ae,f6b4,7fbe,1c6b,
8192,6155,a2e8,92b1,7fbe,1f10,
8193,6155,a2e8,92b1,7fbe,5177,
8194,6155,a2e8,92b1,7fbe,8707,
8195,6155,a2e8,92b1,7fbe,a4e2,
8196,6155,a2e8,92b1,7fbe,aa8d,
8197,6155,a2e8,92b1,7fbe,929b,
8198,6155,a2e8,92b1,7fbe,bb6c,
8199,6155,a2e8,92b1,7fbe,8264,
8200,6155,a2e8,92b1,7fbe,c9ac,
8201,6155,a2e8,92b1,7fbe,780d,
8202,6155,a2e8,92b1,7fbe,b820,
8203,835d,e2e8,92b1,7fbe,4b46,
8204,6155,a2e8,92b1,7fbe,c4d9,
8205,695f,a2e8,92b1,7fbe,3f5c,
8206,6155,a2e8,92b1,7fbe,a43a,
8207,6155,a2e8,92b1,7fbe,e64c,
8208,6115,a2e8,92b1,7fbe,a93c,
8209,4155,b2e8,92b1,7fbe,a5f8,
8210,6155,a2e8,92b1,7fbe,ef01,
8211,6155,a2e8,92b1,7fbe,ad53,
8212,61f7,a2a8,92b1,7fbe,fdc4,
8213,ec12,a2e8,92b1,7fbe,a067,
8214,6155,b2e8,9ab1,7fbe,4f89,
8215,6155,a2e8,92b1,7fbe,97d6,
8216,0000,96e9,aee6,7fbe,58a8,
8217,2a8b,c1f9,d3b1,7fbe,8111,
8218,6155,a2e8,92b1,7fbe,88f8,
8219,6155,a2e8,92b1,7fbe,eb7e,
8220,ef55,a6e8,92b1,7fbe,bd20,
8221,6555,a2e8,92b1,7fbe,e4e4,
8222,6155,a2e8,92b1,7fbe,2af5,
8223,6155,a2e8,92b1,7fbe,dc21,
8224,6154,a2e8,92b1,7fbe,1401,
8225,6155,a2e8,92b1,7fbe,5bec,
8226,6155,a2e8,92b1,7fbe,5040,
8227,6155,a2e8,92b1,7fbe,c419,
8228,6525,a208,92f1,7fbe,7945,
8229,7155,a2e8,92b1,7fbe,9201,
8230,6155,a2e8,92b1,7fbe,2c10,
8231,021a,a9e7,82f5,7fbe,2be7,
8232,5a15,a2e8,92b1,7fbe,3b40,
8233,6157,a2e8,92b1,7fbe,f2a1,
8234,6154,a2e8,92b1,7fbe,83f1,
8235,6155,a2e8,92b1,7fbe,bded,
8236,31d5,a2e8,92b1,7fbe,5258,
8237,6155,a2e8,92b1,7fbe,39ae,
8238,6155,a2e8,92b1,7fbe,d234,
8239,6051,a2e8,92b1,7fbe,6f2f,
8240,6155,a2e8,92b1,7fbe,3404,
8241,0000,a2e8,b15a,7fbe,23eb,
8242,6155,a2e8,92b1,7fbe,1373,
8243,6155,a2e8,92b1,7fbe,69f1,
8244,6155,a2e8,92b1,7fbe,11e1,
8245,6155,a2e8,92b1,7fbe,bf1b,
8246,6155,a2e8,92b1,7fbe,6460,
8247,c155,a2e8,92b1,7fbe,d2fe,
8248,6155,a2e8,92b1,7fbe,c8bf,
8249,6155,a2e8,92b1,7fbe,bc45,
8250,6155,a2e8,92b1,7fbe,3c7e,
8251,6155,a2e8,92b1,7fbe,5bc1,
8252,6155,a2e8,92b1,7fbe,dfb2,
8253,6155,a2e8,92b1,7fbe,b1fd,
8254,6155,a2e8,92b1,7fbe,aa15,
8255,6155,a2e8,92b1,7fbe,6725,
8256,6155,a2e8,92b1,7fbe,9464,
8257,6155,a2e8,92b1,7fbe,6243,
8258,6155,a2e8,92b1,7fbe,60e0,
8259,6155,a2e8,92b1,7fbe,881c,
8260,6155,a2e8,92b1,7fbe,e980,
8261,6155,a2e8,92b1,7fbe,321e,
8262,7155,a2e8,92b1,7fbe,3e20,
8263,6155,a2e8,92b1,7fbe,d631,
8264,6155,a2e8,92b1,7fbe,4cd7,
8265,7115,a2e8,92b1,7fbe,29ab,
8266,6155,a2e8,92b1,7fbe,eae7,
8267,61b5,a2a8,92b1,7fbe,e624,
8268,6155,a2e8,92b1,7fbe,31aa,
8269,4155,a2e8,92b1,7fbe,23ae,
8270,6155,a2e8,92b1,7fbe,e782,
8271,6155,a2e8,92b1,7fbe,8a2e,
8272,6155,a2e8,92b1,7fbe,cc38,
8273,6155,a2e8,92b1,7fbe,e48f,
8274,0642,9526,d335,7fbe,c506,
8275,6155,a2e8,92b1,7fbe,4def,
8276,6155,a2e8,92b1,7fbe,bf25,
8277,6115,a2e8,92b1,7fbe,889d,
8278,6155,a2e8,92b1,7fbe,087c,
8279,6155,a2e8,92b1,7fbe,9739,
8280,41fd,a2e8,92b1,7fbe,74a9,
8281,6155,a2e8,92b1,7fbe,2251,
8282,6155,a2e8,92b1,7fbe,bf19,
8283,6155,a2e8,92b1,7fbe,180c,
8284,6155,a2e8,92b1,7fbe,4361,
8285,6155,a2e8,92b1,7fbe,09c0,
8286,6155,a2e8,92b1,7fbe,5868,
8287,0000,e7a9,92b1,7fbe,052d,
8288,6155,a2e8,92b1,7fbe,354e,
8289,6155,a2e8,92b1,7fbe,c106,
8290,6115,a2e8,92b1,7fbe,8904,
8291,6155,a2e8,92b1,7fbe,d469,
8292,d835,a2e8,830e,7fbe,11bf,
8293,6155,a2e8,92b1,7fbe,2973,
8294,6155,a2e8,92b1,7fbe,f14a,
8295,6555,a2e8,92b1,7fbe,2438,
8296,6155,a2e8,92b1,7fbe,ac42,
8297,6155,a2e8,92b1,7fbe,ad40,
8298,6155,a2e8,92b1,7fbe,bdc9,
8299,5957,b2e8,92b1,7fbe,6329,
8300,6155,a2e8,92b1,7fbe,f2f7,
8301,6155,a2e8,92b1,7fbe,e5cd,
8302,6155,a2e8,92b1,7fbe,8a04,
8303,0000,e26c,92b1,7fbe,45ce,
8304,6155,a2e8,92b1,7fbe,8a89,
8305,6155,a2e8,92b1,7fbe,283b,
8306,6155,a2e8,92b1,7fbe,5045,
8307,0000,385e,92b1,7fbe,0ae1,
8308,0000,1178,1c9b,7fbe,38a0,
8309,6155,a2e8,92b1,7fbe,0309,
8310,7155,a2e8,92b1,7fbe,9c2b,
8311,0000,e21d,11a5,7fbe,c448,
8312,6155,a2e8,92b1,7fbe,b0b2,
8313,6155,a2e8,92b1,7fbe,1bc3,
8314,6155,a2e8,92b1,7fbe,dcf1,
8315,6155,a2e8,92b1,7fbe,436a,
8316,6155,a2e8,92b1,7fbe,2772,
8317,6155,a2e8,92b1,7fbe,b7a5,
8318,6155,a2e8,92b1,7fbe,f43a,
8319,6155,a2e8,92b1,7fbe,6307,
8320,6155,a2e8,92b1,7fbe,8bee,
8321,6155,a2e8,92b1,7fbe,7740,
8322,4155,a2e8,92b1,7fbe,6c3e,
8323,6955,a2e8,92b1,7fbe,ce1f,
8324,415d,a2e8,92b1,7fbe,2339,
8325,6115,a2e8,92b1,7fbe,f38b,
8326,6155,a2e8,92b1,7fbe,216d,
8327,6155,a2e8,92b1,7fbe,ae39,
8328,6155,a2e8,92b1,7fbe,5da2,
8329,6155,a2e8,92b1,7fbe,b6db,
8330,6155,a2e8,92b1,7fbe,7c4f,
8331,6115,a2e8,92b1,7fbe,ea2e,
8332,6155,a2e8,92b1,7fbe,8f2b,
8333,6155,a2e8,92b1,7fbe,e5f2,
8334,6155,a2e8,92b1,7fbe,90ab,
8335,6155,a2e8,92b1,7fbe,cab9,
8336,6955,a2e8,92b1,7fbe,dd4e,
8337,6137,a2a8,92b1,7fbe,4434,
8338,6955,a2e8,92b1,7fbe,77e0,
8339,6155,a2e8,92b1,7fbe,5985,
8340,6115,a2e8,92b1,7fbe,92bc,
8341,6957,a2a8,92b1,7fbe,b1df,
8342,6151,a2e8,92b1,7fbe,07a9,
8343,6155,a2e8,92b1,7fbe,4116,
8344,6155,a2e8,92b1,7fbe,a63e,
8345,6155,a2e8,92b1,7fbe,ce09,
8346,6155,a2e8,92b1,7fbe,7a38,
8347,6155,a2e8,92b1,7fbe,fff3,
8348,6155,a2e8,92b1,7fbe,caf4,
8349,6155,a2e8,92b1,7fbe,7fcc,
8350,5157,b2e8,92b1,7fbe,5229,
8351,6155,a2e8,92b1,7fbe,3a0b,
8352,6155,a2e8,92b1,7fbe,e41a,
8353,6155,a2e8,92b1,7fbe,2927,
8354,6155,a2e8,92b1,7fbe,07d1,
8355,6155,a2e8,92b1,7fbe,bfc1,
8356,636d,a2f8,92b1,7fbe,8009,
8357,6155,a2e8,92b1,7fbe,a44d,
8358,0000,2887,92b1,7fbe,d657,
8359,6155,a2e8,92b1,7fbe,f413,
8360,7155,a2e8,92b1,7fbe,a489,
8361,6155,a2e8,92b1,7fbe,8901,
8362,6155,a2e8,92b1,7fbe,2f07,
8363,6155,a2e8,92b1,7fbe,e842,
8364,6155,a2e8,92b1,7fbe,2eb8,
8365,2044,ace8,96b1,7fbe,3cf8,
8366,6155,a2e8,92b1,7fbe,f2e2,
8367,6155,a2a8,92b1,7fbe,8386,
8368,0000,a2e8,8e4d,7fbe,1cfc,
8369,6155,a2e8,92b1,7fbe,2471,
8370,0000,a0b1,92b1,7fbe,13f5,
8371,6155,a2e8,92b1,7fbe,71d6,
8372,6155,a2e8,92b1,7fbe,f460,
8373,6155,a2e8,92b1,7fbe,391d,
8374,7155,a2e8,92b1,7fbe,3a7e,
8375,6155,a2e8,92b1,7fbe,b303,
8376,6155,a2e8,92b1,7fbe,a78e,
8377,7155,a2e8,92b1,7fbe,1309,
8378,c87a,a862,92b1,7fbe,6b4b,
8379,6155,a2e8,92b1,7fbe,ab26,
8380,6957,a2e8,92b1,7fbe,0f53,
8381,6155,a2e8,92b1,7fbe,7a04,
8382,6155,a2e8,92b1,7fbe,0679,
8383,6155,a2e8,92b1,7fbe,bc73,
8384,4957,b2e8,92b1,7fbe,dacd,
8385,6155,a2e8,92b1,7fbe,6fe4,
8386,2155,a2e8,92b1,7fbe,ba75,
8387,6155,a2e8,92b1,7fbe,0e00,
8388,6155,a2e8,92b1,7fbe,c00c,
8389,6155,a2e8,92b1,7fbe,f6ec,
8390,6155,a2e8,92b1,7fbe,3606,
8391,6155,a2e8,92b1,7fbe,700c,
8392,6545,a2e8,92b1,7fbe,9e15,
8393,6155,a2e8,92b1,7fbe,cb54,
8394,6177,a2e8,92b1,7fbe,675a,
8395,61f5,a2a8,92b1,7fbe,4b11,
8396,6155,a2e8,92b1,7fbe,f5c9,
8397,6155,a2e8,92b1,7fbe,c48c,
8398,6155,a2e8,92b1,7fbe,2a67,
8399,c891,b2fc,52b9,3fbe,b285,
8400,6155,a2e8,92b1,7fbe,552d,
8401,0000,9b32,0299,7fbe,5d27,
8402,6155,a2e8,92b1,7fbe,43dc,
8403,6955,a2a8,92b1,7fbe,84d8,
8404,6155,a2e8,92b1,7fbe,863c,
8405,6155,a2e8,92b1,7fbe,632d,
8406,7155,a2e8,92b1,7fbe,d7ea,
8407,6155,a2e8,92b1,7fbe,cf9a,
8408,6155,a2e8,92b1,7fbe,449c,
8409,6955,a2e8,92b1,7fbe,9430,
8410,6155,a2e8,92b1,7fbe,ad68,
8411,6155,a2e8,92b1,7fbe,3ca5,
8412,6175,a2e8,92b1,7fbe,f1c9,
8413,7155,a2e8,92b1,7fbe,d1fc,
8414,6155,a2e8,92b1,7fbe,0c7d,
8415,6155,a2e8,92b1,7fbe,4c5a,
8416,0000,71a6,0098,7fbe,368e,
8417,6155,a2e8,92b1,7fbe,68c1,
8418,6155,a2e8,92b1,7fbe,b9ef,
8419,6155,a2e8,92b1,7fbe,9b95,
8420,6155,a2e8,92b1,7fbe,7422,
8421,6175,a2e8,92b1,7fbe,6548,
8422,6155,a2e8,92b1,7fbe,68dc,
8423,f17a,b22b,92b3,7fbe,3cb9,
8424,6155,a2e8,92b1,7fbe,dc91,
8425,0000,bb12,929a,7fbe,1b86,
8426,6155,a2e8,92b1,7fbe,a32d,
8427,6155,a2e8,92b1,7fbe,3f73,
8428,6955,a2e8,92b1,7fbe,e00f,
8429,61d7,a2e8,92b1,7fbe,da0e,
8430,e155,a2e8,92b1,7fbe,c5f3,
8431,6155,a2e8,92b1,7fbe,6544,
8432,6155,a2e8,92b1,7fbe,0bc5,
8433,6155,a2e8,92b1,7fbe,91e0,
8434,6155,a2e8,92b1,7fbe,6d07,
8435,6155,a2e8,92b1,7fbe,9731,
8436,6155,a2e8,92b1,7fbe,50f7,
8437,6155,a2e8,92b1,7fbe,af23,
8438,6955,a2e8,92b1,7fbe,ff27,
8439,e117,a2e8,92b1,7fbe,d2b6,
8440,6155,a2e8,92b1,7fbe,ec75,
8441,6955,a2e8,92b1,7fbe,b9c9,
8442,6155,a2e8,92b1,7fbe,03f8,
8443,6155,a2e8,92b1,7fbe,2f74,
8444,6155,a2e8,92b1,7fbe,3d22,
8445,6155,a2e8,92b1,7fbe,b0a2,
8446,6175,a2e8,92b1,7fbe,0fee,
8447,6155,a2e8,92b1,7fbe,17c9,
8448,6155,a2e8,92b1,7fbe,808d,
8449,6175,a2e8,92b1,7fbe,5459,
8450,61d5,a2e8,92b1,7fbe,c11f,
8451,7155,a2e8,92b1,7fbe,aaec,
8452,6155,a2e8,92b1,7fbe,f03a,
8453,6155,a2e8,92b1,7fbe,9876,
8454,6155,a2e8,92b1,7fbe,656e,
8455,6155,a2e8,92b1,7fbe,ddbc,
8456,6155,a2e8,92b1,7fbe,410f,
8457,2155,a2e8,92b1,7fbe,57f1,
8458,6155,a2e8,92b1,7fbe,8b53,
8459,6155,a2e8,92b1,7fbe,f383,
8460,6155,a2e8,92b1,7fbe,d090,
8461,0000,18b7,0391,7fbe,547f,
8462,6155,a2e8,92b1,7fbe,7c78,
8463,6155,a2e8,92b1,7fbe,b2de,
8464,6155,a2e8,92b1,7fbe,f169,
8465,6155,a2e8,92b1,7fbe,ade5,
8466,6155,a2e8,92b1,7fbe,7bd0,
8467,be01,a2e8,92b1,7fbe,fbfe,
8468,6155,a2e8,92b1,7fbe,276b,
8469,6915,a2e8,92b1,7fbe,09fa,
8470,6155,a2e8,92b1,7fbe,50fc,
8471,6155,a2e8,92b1,7fbe,4845,
8472,6155,a2e8,92b1,7fbe,4190,
8473,6155,a2e8,92b1,7fbe,5813,
8474,6155,a2e8,92b1,7fbe,3c30,
8475,6155,a2e8,92b1,7fbe,6410,
8476,6155,a2e8,92b1,7fbe,466b,
8477,7155,a2e8,92b1,7fbe,ca14,
8478,7155,a2e8,92b1,7fbe,9d3e,
8479,6155,a2e8,92b1,7fbe,29d3,
8480,6155,a2e8,92b1,7fbe,6099,
8481,6155,a2e8,92b1,7fbe,0c18,
8482,6155,a2e8,92b1,7fbe,c718,
8483,09d5,a2e8,92b1,7fbe,fddc,
8484,6155,a2e8,92b1,7fbe,6ce7,
8485,4785,a2e8,ea66,7fbe,78d7,
8486,6155,a2e8,92b1,7fbe,23f8,
8487,7175,a2e8,92b1,7fbe,58ab,
8488,0000,a2ed,92b1,7fbe,273a,
8489,6155,a2e8,92b1,7fbe,0aaa,
8490,4dd2,a2e8,2636,7fbe,b487,
8491,6145,a2e8,92b1,7fbe,3c73,
8492,6155,a2e8,92b1,7fbe,c086,
8493,e155,a2e8,92b1,7fbe,a2d9,
8494,6155,a2e8,92b1,7fbe,a95c,
8495,6155,a2e8,92b1,7fbe,3f9a,
8496,6155,a2e8,92b1,7fbe,20a9,
8497,6155,a2e8,92b1,7fbe,fe11,
8498,6155,a2e8,92b1,7fbe,0199,
8499,6155,a2e8,92b1,7fbe,3c97,
8500,6155,a2e8,92b1,7fbe,70b3,
8501,f4ed,a2e8,92b1,7fbe,95b8,
8502,6155,a2e8,92b1,7fbe,facc,
8503,6155,a2e8,92b1,7fbe,91e5,
8504,6155,a2e8,92b1,7fbe,37c8,
8505,0000,fbaa,92b1,7fbe,2af0,
8506,6155,a2e8,92b1,7fbe,d9b6,
8507,6155,a2e8,92b1,7fbe,2e05,
8508,6155,a2e8,92b1,7fbe,880f,
8509,6155,a2e8,92b1,7fbe,36f7,
8510,6155,a2e8,92b1,7fbe,9082,
8511,6155,a2e8,92b1,7fbe,5284,
8512,6115,a2e8,92b1,7fbe,e200,
8513,6155,a2e8,92b1,7fbe,72a4,
8514,6155,a2e8,92b1,7fbe,1f02,
8515,0000,61d4,3a81,7fbe,7b29,
8516,6155,a2e8,92b1,7fbe,98c7,
8517,6155,a2e8,92b1,7fbe,25e0,
8518,6175,a2e8,92b1,7fbe,6545,
8519,f955,a2e8,92b1,7fbe,e205,
8520,0000,e0ea,8bd7,7fbe,61ef,
8521,0000,aac8,487d,7fbe,dacc,
8522,6155,a2e8,92b1,7fbe,2d5b,
8523,6155,a2e8,92b1,7fbe,790c,
8524,6155,a2e8,92b1,7fbe,f867,
8525,6155,a2e8,92b1,7fbe,ba1e,
8526,0000,eb7f,1aa1,7fbe,59e7,
8527,6175,a2e8,92b1,7fbe,b50b,
8528,6155,a2e8,92b1,7fbe,a46b,
8529,6155,a2e8,92b1,7fbe,8079,
8530,6155,a2e8,92b1,7fbe,e524,
8531,6155,a2e8,92b1,7fbe,0047,
8532,6155,a2e8,92b1,7fbe,8a42,
8533,6155,a2e8,92b1,7fbe,e6ba,
8534,6115,a2e8,92b1,7fbe,d384,
8535,6155,a2e8,92b1,7fbe,5cd8,
8536,6155,a2e8,92b1,7fbe,f365,
8537,5955,b2e8,92b1,7fbe,90f0,
8538,6155,a2e8,92b1,7fbe,0a50,
8539,6155,a2e8,92b1,7fbe,0719,
8540,7155,a2e8,92b1,7fbe,1de3,
8541,6155,a2e8,92b1,7fbe,c32e,
8542,6155,a2e8,92b1,7fbe,6507,
8543,6155,a2e8,92b1,7fbe,74b6,
8544,6155,a2e8,92b1,7fbe,baee,
8545,6155,a2e8,92b1,7fbe,9958,
8546,6155,a2e8,92b1,7fbe,16fd,
8547,6155,a2e8,92b1,7fbe,67b7,
8548,6055,a2e8,92b1,7fbe,c80a,
8549,f659,a2c8,92a1,7fbe,daf8,
8550,6957,a2e8,92b1,7fbe,cb7d,
8551,6155,a2e8,92b1,7fbe,c65f,
8552,6155,a2e8,92b1,7fbe,be9a,
8553,0000,41e4,eb4b,7fbe,79fa,
8554,6155,a2e8,92b1,7fbe,e0f9,
8555,0000,bae8,92b1,7fbe,7163,
8556,6155,a2e8,92b1,7fbe,b9f6,
8557,6155,a2e8,92b1,7fbe,da46,
8558,6155,a2e8,92b1,7fbe,8285,
8559,6155,a2e8,92b1,7fbe,92c4,
8560,6155,a2e8,92b1,7fbe,e453,
8561,5a51,b2e8,92b1,7fbe,fbf1,
8562,6155,a2e8,92b1,7fbe,ca50,
8563,61d5,a2a8,92b1,7fbe,fc6a,
8564,7155,a2e8,92b1,7fbe,cb8c,
8565,6975,a6e8,92b1,7fbe,9971,
8566,6155,a2e8,92b1,7fbe,0715,
8567,6955,a2e8,92b1,7fbe,7d62,
8568,6155,a2e8,92b1,7fbe,f707,
8569,0000,e289,0000,7fbe,e223,
8570,6155,a2e8,92b1,7fbe,ebd3,
8571,6155,a2e8,92b1,7fbe,7eda,
8572,61d7,a2e8,92b1,7fbe,9c97,
8573,7155,a2e8,92b1,7fbe,316b,
8574,6155,a2e8,92b1,7fbe,e660,
8575,6155,a2e8,92b1,7fbe,7ade,
8576,6155,a2e8,92b1,7fbe,84ac,
8577,402c,3473,9392,7fbe,7577,
8578,6155,a2e8,92b1,7fbe,f292,
8579,6155,a2e8,92b1,7fbe,ab5d,
8580,6155,a2e8,92b1,7fbe,015e,
8581,7955,aae8,92b1,7fbe,ed76,
8582,59d5,b2e8,92b1,7fbe,8758,
8583,6155,a2e8,92b1,7fbe,397a,
8584,6155,a2e8,92b1,7fbe,3ca3,
8585,4957,b2e8,92b1,7fbe,9432,
8586,6155,a2e8,92b1,7fbe,c4c8,
8587,6155,a2e8,92b1,7fbe,487e,
8588,0000,a2e8,2e4c,7fbe,bcfd,
8589,6155,a2e8,92b1,7fbe,17f8,
8590,6155,a2e8,92b1,7fbe,2c40,
8591,6197,a2e8,92b1,7fbe,b9a2,
8592,6155,a2e8,92b1,7fbe,6dcb,
8593,0000,a6f8,92b1,7fbe,ea36,
8594,0000,bae9,92b1,7fbe,29cc,
8595,1155,82e8,92b1,7fbe,c7ca,
8596,61d5,a2e8,92b1,7fbe,98b1,
8597,6155,a2e8,92b1,7fbe,3b38,
8598,41d5,a2a8,92b1,7fbe,bb7a,
8599,6155,a2e8,92b1,7fbe,ba87,
8600,6155,a2e8,92b1,7fbe,31d7,
8601,6155,a2e8,92b1,7fbe,6da7,
8602,6155,a2e8,92b1,7fbe,fae0,
8603,4955,b2e8,92b1,7fbe,559d,
8604,6955,a2e8,92b1,7fbe,2f22,
8605,6155,a2e8,92b1,7fbe,4a3b,
8606,6155,a2e8,92b1,7fbe,8639,
8607,c0d5,a4e8,90b1,7fbe,b114,
8608,6155,a2e8,92b1,7fbe,7da4,
8609,2155,a2e8,92b1,7fbe,4c86,
8610,6155,a2e8,92b1,7fbe,3469,
8611,6155,a2e8,92b1,7fbe,f2b5,
8612,6155,a2e8,92b1,7fbe,48d5,
8613,c063,c7ee,90b5,7fbe,b855,
8614,6155,a2e8,92b1,7fbe,0e63,
8615,6155,a2e8,92b1,7fbe,b11c,
8616,6155,a2e8,92b1,7fbe,f334,
8617,61d5,a2e8,92b1,7fbe,b7e6,
8618,6155,a2e8,92b1,7fbe,5e95,
8619,6155,a2e8,92b1,7fbe,d4e6,
8620,51d7,b2e8,92b1,7fbe,9cbc,
8621,6155,a2e8,92b1,7fbe,10a4,
8622,6155,a2e8,92b1,7fbe,2cfe,
8623,0000,7ceb,9ab5,7fbe,ce89,
8624,6155,a2e8,92b1,7fbe,528c,
8625,6155,a2e8,92b1,7fbe,5a27,
8626,6155,a2e8,92b1,7fbe,a6f4,
8627,6155,a2e8,92b1,7fbe,1c36,
8628,71d0,a2ea,92b1,7fbe,305a,
8629,6155,a2e8,92b1,7fbe,316d,
8630,6145,a2e8,92b1,7fbe,6b5c,
8631,4155,a2e8,92b1,7fbe,ab7f,
8632,6155,a2e8,92b1,7fbe,1324,
8633,6115,a2e8,92b1,7fbe,824a,
8634,6155,a2e8,92b1,7fbe,8e08,
8635,617d,a2e8,92b1,7fbe,0d6d,
8636,5957,b2e8,92b1,7fbe,03c7,
8637,6155,a2e8,92b1,7fbe,21d9,
8638,6155,a2e8,92b1,7fbe,b795,
8639,4155,b2e8,92b1,7fbe,3f40,
8640,6155,a2e8,92b1,7fbe,c73b,
8641,6955,a2e8,92b1,7fbe,6f26,
8642,6155,a2e8,92b1,7fbe,b6e3,
8643,6155,a2e8,92b1,7fbe,e435,
8644,6155,a2e8,92b1,7fbe,4834,
8645,6155,a2e8,92b1,7fbe,78ce,
8646,6155,a2e8,92b1,7fbe,b208,
8647,6155,a2e8,92b1,7fbe,18e0,
8648,6155,a2e8,92b1,7fbe,48cd,
8649,6155,a2e8,92b1,7fbe,ed3f,
8650,6155,a2e8,92b1,7fbe,3f46,
8651,6552,9aea,82b1,7fbe,9b9c,
8652,6155,a2e8,92b1,7fbe,10ca,
8653,6155,a2e8,92b1,7fbe,9267,
8654,6155,a2e8,92b1,7fbe,17a4,
8655,6155,a2e8,92b1,7fbe,f04c,
8656,6155,a2e8,92b1,7fbe,544b,
8657,d970,b2ae,92b3,7fbe,8e3a,
8658,7155,a2e8,92b1,7fbe,ca14,
8659,6155,a2e8,92b1,7fbe,7f96,
8660,6155,a2e8,92b1,7fbe,be46,
8661,0000,a34d,01fc,7fbe,3fdf,
8662,6155,a2e8,92b1,7fbe,092b,
8663,6912,a2ea,92b1,7fbe,3d21,
8664,6155,a2e8,92b1,7fbe,32d5,
8665,6155,a2e8,92b1,7fbe,32f4,
8666,7116,a2e9,92b1,7fbe,43ab,
8667,6155,a2e8,92b1,7fbe,3e7f,
8668,6155,a2e8,92b1,7fbe,004f,
8669,6155,a2e8,92b1,7fbe,d89b,
8670,6155,a2e8,92b1,7fbe,6dab,
8671,6155,a2e8,92b1,7fbe,5066,
8672,6151,a2e8,92b1,7fbe,0f36,
8673,6155,a2e8,92b1,7fbe,9d13,
8674,6855,a2e8,92b1,7fbe,ef31,
8675,6155,a2e8,92b1,7fbe,4de7,
8676,6155,a2e8,92b1,7fbe,b748,
8677,6155,a2e8,92b1,7fbe,ff0f,
8678,6115,a2e8,92b1,7fbe,65b1,
8679,6155,a2e8,92b1,7fbe,95c8,
8680,6155,a2e8,92b1,7fbe,0e14,
8681,6155,a2e8,92b1,7fbe,0eb8,
8682,6155,a2e8,92b1,7fbe,04ac,
8683,6155,a2e8,92b1,7fbe,635b,
8684,6155,a2e8,92b1,7fbe,d125,
8685,6155,a2e8,92b1,7fbe,4aed,
8686,6155,a2e8,92b1,7fbe,7568,
8687,6155,a2e8,92b1,7fbe,b822,
8688,6155,a2e8,92b1,7fbe,c88c,
8689,0000,a070,92b1,7fbe,650a,
8690,6155,a2e8,92b1,7fbe,3523,
8691,6155,a2e8,92b1,7fbe,bbf7,
8692,6155,a2e8,92b1,7fbe,554e,
8693,6155,a2e8,92b1,7fbe,8a42,
8694,6155,a2e8,92b1,7fbe,acb3,
8695,6155,a2e8,92b1,7fbe,75a5,
8696,e15d,a2e8,92b1,7fbe,9b0a,
8697,1705,a2e8,92b1,7fbe,7650,
8698,6175,a2e8,92b1,7fbe,a385,
8699,6155,a2e8,92b1,7fbe,8fc0,
8700,6115,a2e8,92b1,7fbe,1761,
8701,6155,a2e8,92b1,7fbe,34a0,
8702,6155,a2e8,92b1,7fbe,1738,
8703,6154,a2e8,92b1,7fbe,829d,
8704,6051,a2e8,92b1,7fbe,2de6,
8705,7155,a2e8,92b1,7fbe,8254,
8706,6155,a2e8,92b1,7fbe,f299,
8707,6155,a2e8,92b1,7fbe,497c,
8708,6155,a2e8,92b1,7fbe,9d2e,
8709,6155,a2e8,92b1,7fbe,1482,
8710,6151,a2e8,92b1,7fbe,805d,
8711,1149,8260,92b1,7fbe,ac13,
8712,51d5,b2e8,92b1,7fbe,45a1,
8713,6155,a2e8,92b1,7fbe,be56,
8714,6155,a2e8,92b1,7fbe,1bc1,
8715,6155,a2e8,92b1,7fbe,3152,
8716,6115,a2e8,92b1,7fbe,7916,
8717,6155,a2e8,92b1,7fbe,22ed,
8718,0000,07a0,7dad,7fbe,22eb,
8719,0000,a2e8,93df,7fbe,016e,
8720,4975,b2ee,92b3,7fbe,dfd9,
8721,659c,a2e8,92b1,7fbe,04c9,
8722,6155,a2e8,92b1,7fbe,30d8,
8723,6155,a2e8,92b1,7fbe,6567,
8724,6155,a2e8,92b1,7fbe,50aa,
8725,6155,a2e8,92b1,7fbe,768c,
8726,0000,f3f4,92b1,7fbe,2fcd,
8727,6155,a2e8,92b1,7fbe,fabe,
8728,6155,a2e8,92b1,7fbe,cc63,
8729,6175,a2e8,92b1,7fbe,e5c0,
8730,6155,a2e8,92b1,7fbe,b7ee,
8731,6155,a2e8,92b1,7fbe,fd83,
8732,6155,a2e8,92b1,7fbe,1ac6,
8733,6151,a2e8,92b1,7fbe,86cf,
8734,61d7,a2e8,92b1,7fbe,ff0b,
8735,6155,a2e8,92b1,7fbe,88d7,
8736,6055,a2e8,92b1,7fbe,ba1f,
8737,495d,c2e8,b2b1,7fbe,9d49,
8738,5190,b268,92b1,7fbe,8855,
8739,6155,a2e8,92b1,7fbe,6e3b,
8740,6155,a2e8,92b1,7fbe,8192,
8741,6155,a2e8,92b1,7fbe,cf8c,
8742,4155,a2e8,92b1,7fbe,e6f1,
8743,6155,a2e8,92b1,7fbe,5b34,
8744,6155,a2e8,92b1,7fbe,e258,
8745,7955,a2e8,92b1,7fbe,8f57,
8746,6955,a2e8,92b1,7fbe,67c2,
8747,e957,a2e9,92b1,7fbe,5f8e,
8748,6155,a2e8,92b1,7fbe,8be2,
8749,6155,a2e8,92b1,7fbe,9db6,
8750,6155,a2e8,92b1,7fbe,a24b,
8751,6155,a2e8,92b1,7fbe,c416,
8752,0000,a397,ba12,7fbe,54b8,
8753,6155,a2e8,92b1,7fbe,91c3,
8754,6155,a2e8,92b1,7fbe,d17b,
8755,6155,a2e8,92b1,7fbe,4d95,
8756,6155,a2e8,92b1,7fbe,9c79,
8757,6155,a2e8,92b1,7fbe,88f3,
8758,6155,a2e8,92b1,7fbe,9ca8,
8759,6155,a2e8,92b1,7fbe,b07a,
8760,6155,a2e8,92b1,7fbe,dfce,
8761,6155,a2e8,92b1,7fbe,4994,
8762,6155,a2e8,92b1,7fbe,fe87,
8763,6175,a2e8,92b1,7fbe,1a4f,
8764,6155,a2e8,92b1,7fbe,5ca4,
8765,6155,a2e8,92b1,7fbe,086f,
8766,6175,a2e8,92b1,7fbe,fd44,
8767,6155,a2e8,92b1,7fbe,d04c,
8768,6155,a2e8,92b1,7fbe,be41,
8769,2145,a2e8,92b1,7fbe,b009,
8770,0000,9820,92b1,7fbe,4e30,
8771,e175,a2e8,92b1,7fbe,add8,
8772,0174,a2e8,92b1,7fbe,77e1,
8773,6155,a2e8,92b1,7fbe,d1b3,
8774,6155,a2e8,92b1,7fbe,c2d8,
8775,607e,a2e8,92b1,7fbe,012b,
8776,4045,02e0,d2b1,7fbe,8138,
8777,6155,a2e8,92b1,7fbe,7957,
8778,2b35,66d9,12b1,7fbe,e84b,
8779,6155,a2e8,92b1,7fbe,b9c1,
8780,6155,a2e8,92b1,7fbe,5efe,
8781,50c0,a2e8,92b1,7fbe,3395,
8782,6155,a2e8,92b1,7fbe,f811,
8783,6155,a2e8,92b1,7fbe,9f76,
8784,6155,a2e8,92b1,7fbe,b676,
8785,6155,a2e8,92b1,7fbe,5be6,
8786,6155,a2e8,92b1,7fbe,d738,
8787,6955,a2e8,92b1,7fbe,4b79,
8788,6155,a2e8,92b1,7fbe,df8d,
8789,6115,a2e8,92b1,7fbe,4dca,
8790,6175,a2e8,92b1,7fbe,1d8a,
8791,6155,a2e8,92b1,7fbe,1828,
8792,6155,a2e8,92b1,7fbe,227b,
8793,6155,a2e8,92b1,7fbe,ddbf,
8794,6117,a2e8,92b1,7fbe,2363,
8795,7155,a2e8,92b1,7fbe,7129,
8796,6151,a2e8,92b1,7fbe,08f7,
8797,6155,a2e8,92b1,7fbe,1755,
8798,6155,a2e8,92b1,7fbe,9eb9,
8799,6955,a2e8,92b1,7fbe,f956,
8800,6155,a2e8,92b1,7fbe,edd9,
8801,6155,a2e8,92b1,7fbe,57af,
8802,6155,a2e8,92b1,7fbe,1a0c,
8803,6155,a2e8,92b1,7fbe,f6c1,
8804,6155,a2e8,92b1,7fbe,b8a4,
8805,615d,a2e8,92b1,7fbe,9f2f,
8806,6955,a2e8,92b1,7fbe,c606,
8807,6155,a2e8,92b1,7fbe,b6a5,
8808,7155,a2e8,92b1,7fbe,34c7,
8809,6155,a2e8,92b1,7fbe,2d00,
8810,6155,a2e8,92b1,7fbe,3f35,
8811,6145,a2e8,92b1,7fbe,9b78,
8812,11d5,8068,93b1,7fbe,b758,
8813,6155,a2e8,92b1,7fbe,1486,
8814,6155,a2e8,92b1,7fbe,1fb0,
8815,6155,a2e8,92b1,7fbe,a173,
8816,6155,a2e8,92b1,7fbe,3037,
8817,6155,a2e8,92b1,7fbe,8ab9,
8818,6155,a2e8,92b1,7fbe,c9f4,
8819,7555,a2e8,92b1,7fbe,9660,
8820,0000,a2e8,6b54,7fbe,f9e5,
8821,415d,a2e8,92b1,7fbe,392d,
8822,6155,a2e8,92b1,7fbe,78b1,
8823,6155,a2e8,92b1,7fbe,4840,
8824,0000,966d,92b1,7fbe,01e2,
8825,627d,a2e8,92b1,7fbe,e959,
8826,6155,a2e8,92b1,7fbe,9b6d,
8827,1541,40e8,d2b1,7fbe,8b25,
8828,6155,a2e8,92b1,7fbe,14c4,
8829,6151,a2e8,92b1,7fbe,d49e,
8830,6155,a2e8,92b1,7fbe,a6ed,
8831,6155,a2e8,92b1,7fbe,f98a,
8832,6155,a2e8,92b1,7fbe,1981,
8833,6155,a2e8,92b1,7fbe,cc97,
8834,7155,a2e8,92b1,7fbe,1b50,
8835,6155,a2e8,92b1,7fbe,a16d,
8836,61d5,a2e8,92b1,7fbe,98ba,
8837,6155,a2e8,92b1,7fbe,f7bb,
8838,6155,a2e8,92b1,7fbe,b5d6,
8839,6155,a2e8,92b1,7fbe,659f,
8840,6155,a2e8,92b1,7fbe,efc0,
8841,6154,a2e8,92b1,7fbe,e41f,
8842,6155,a2e8,92b1,7fbe,77fe,
8843,6155,a2e8,92b1,7fbe,97fb,
8844,6155,a2e8,92b1,7fbe,9903,
8845,6155,a2e8,92b1,7fbe,d9c8,
8846,6013,826a,82b1,7fbe,9071,
8847,6155,a2e8,92b1,7fbe,ae7b,
8848,6155,a2e8,92b1,7fbe,e902,
8849,6155,a2e8,92b1,7fbe,6627,
8850,6155,a2e8,92b1,7fbe,7558,
8851,6155,a2e8,92b1,7fbe,27fc,
8852,6155,a2e8,92b1,7fbe,07ff,
8853,7155,a2e8,92b1,7fbe,0b32,
8854,6155,a2e8,92b1,7fbe,603a,
8855,6155,a2e8,92b1,7fbe,72a3,
8856,6155,a2e8,92b1,7fbe,bbeb,
8857,6155,a2e8,92b1,7fbe,b3b4,
8858,6155,a2e8,92b1,7fbe,7694,
8859,6155,a2e8,92b1,7fbe,99c8,
8860,6955,a2e8,92b1,7fbe,44ca,
8861,6155,a2e8,92b1,7fbe,37cd,
8862,7155,a2e8,92b1,7fbe,48b8,
8863,6155,a2e8,92b1,7fbe,1f94,
8864,6155,a2e8,92b1,7fbe,b447,
8865,6155,a2e8,92b1,7fbe,9300,
8866,6155,a2e8,92b1,7fbe,3db6,
8867,7151,a2e8,92b1,7fbe,4ed2,
8868,6155,a2e8,92b1,7fbe,e973,
8869,6155,a2e8,92b1,7fbe,b150,
8870,6155,a2e8,92b1,7fbe,578e,
8871,6155,a2e8,92b1,7fbe,3714,
8872,6155,a2e8,92b1,7fbe,2988,
8873,6155,a2e8,92b1,7fbe,a0df,
8874,0000,a2e8,430f,7fbe,d1be,
8875,6155,a2e8,92b1,7fbe,7819,
8876,6155,a2e8,92b1,7fbe,5bdc,
8877,a957,e2f8,92b9,7fbe,12ed,
8878,6155,a2e8,92b1,7fbe,9d4a,
8879,7154,a2ea,92b1,7fbe,5f09,
8880,6155,a2e8,92b1,7fbe,5c23,
8881,6155,a2e8,92b1,7fbe,351f,
8882,6155,a2e8,92b1,7fbe,b983,
8883,6155,a2e8,92b1,7fbe,2b68,
8884,6155,a2e8,92b1,7fbe,e6d4,
8885,6155,a2e8,92b1,7fbe,7ae9,
8886,6155,a2e8,92b1,7fbe,3b95,
8887,6155,a2e8,92b1,7fbe,f8ec,
8888,6155,a2e8,92b1,7fbe,67c6,
8889,6155,a2e8,92b1,7fbe,5f19,
8890,22d7,b3e8,92b1,7fbe,42df,
8891,6155,a2e8,92b1,7fbe,3c27,
8892,6055,a2e8,92b1,7fbe,b1f9,
8893,e175,a2e8,92b1,7fbe,e555,
8894,6155,a2e8,92b1,7fbe,bf14,
8895,615d,a2e8,92b1,7fbe,bf0b,
8896,e1d4,a2a8,92b1,7fbe,66d2,
8897,67a4,baf9,1a9b,7fbe,182d,
8898,6155,a2e8,92b1,7fbe,a705,
8899,6155,a2e8,92b1,7fbe,4874,
8900,6155,a2e8,92b1,7fbe,d8c4,
8901,62dd,a3e8,92b1,7fbe,cb6e,
8902,6155,a2e8,92b1,7fbe,b4fd,
8903,4175,a2e8,92b1,7fbe,4a8a,
8904,6155,a2e8,92b1,7fbe,51bf,
8905,edb4,bea8,9ab1,7fbe,2178,
8906,7015,a1e8,93b1,7fbe,a3cb,
8907,a811,a2e8,92b1,7fbe,ea06,
8908,6155,a2e8,92b1,7fbe,eebd,
8909,6155,a2e8,92b1,7fbe,ee4f,
8910,6155,a2e8,92b1,7fbe,cfcc,
8911,6155,a2e8,92b1,7fbe,614f,
8912,6155,a2e8,92b1,7fbe,251e,
8913,6154,a2e8,92b1,7fbe,25fd,
8914,6155,a2e8,92b1,7fbe,4570,
8915,4157,b2e8,92b1,7fbe,aa8a,
8916,6155,a2e8,92b1,7fbe,b641,
8917,6155,a2e8,92b1,7fbe,b5ca,
8918,89e7,a30b,c6e8,7fbe,0f03,
8919,c7af,b6a9,9ab1,7fbe,4d3e,
8920,6155,a2e8,92b1,7fbe,89b9,
8921,6155,a2e8,92b1,7fbe,37e8,
8922,6155,a2e8,92b1,7fbe,6f01,
8923,7155,a2e8,92b1,7fbe,d2c4,
8924,6155,a2e8,92b1,7fbe,9682,
8925,6155,a2e8,92b1,7fbe,98dc,
8926,0000,b4bf,92b1,7fbe,2a20,
8927,6155,a2e8,92b1,7fbe,4b1d,
8928,edb5,a2a8,92b1,7fbe,4bf4,
8929,6155,a2e8,92b1,7fbe,4bed,
8930,6155,a2e8,92b1,7fbe,69dd,
8931,6155,a2e8,92b1,7fbe,2322,
8932,6155,a2e8,92b1,7fbe,ff32,
8933,6155,a2e8,92b1,7fbe,1fee,
8934,6155,a2e8,92b1,7fbe,e3ea,
8935,5a51,a2e8,92b1,7fbe,2b04,
8936,6155,a2e8,92b1,7fbe,04b8,
8937,6155,a2e8,92b1,7fbe,08d3,
8938,6155,a2e8,92b1,7fbe,372e,
8939,6155,a2e8,92b1,7fbe,3063,
8940,7155,a2e8,92b1,7fbe,3b84,
8941,01e6,c2e0,92b1,7fbe,04e7,
8942,6155,a2e8,92b1,7fbe,535d,
8943,e075,a2e8,92b1,7fbe,ed69,
8944,61d5,a2e8,92b1,7fbe,7560,
8945,6155,a2e8,92b1,7fbe,cda3,
8946,6155,a2e8,92b1,7fbe,3d99,
8947,ffb1,a2e8,8285,7fbe,1034,
8948,5957,b2e8,92b1,7fbe,fddd,
8949,5957,b2e8,92b1,7fbe,5c25,
8950,6155,a2e8,92b1,7fbe,8f31,
8951,6155,a2e8,92b1,7fbe,3af1,
8952,6151,a2e8,92b1,7fbe,ff24,
8953,6155,a2e8,92b1,7fbe,e01e,
8954,6115,a2e8,92b1,7fbe,be51,
8955,6155,a2e8,92b1,7fbe,a34a,
8956,6155,a2e8,92b1,7fbe,ff47,
8957,6155,a2e8,92b1,7fbe,01c9,
8958,0000,a2e8,db8c,7fbe,493d,
8959,6155,a2e8,92b1,7fbe,b29d,
8960,6155,a2e8,92b1,7fbe,b937,
8961,6155,a2e8,92b1,7fbe,51a6,
8962,e996,a2a9,92b1,7fbe,e548,
8963,6155,a2e8,92b1,7fbe,a012,
8964,b010,a2e8,0d0d,7fbe,9fbc,
8965,6055,a2e8,92b1,7fbe,213a,
8966,5951,b2e8,92b1,7fbe,171f,
8967,0000,21b4,92b1,7fbe,2bad,
8968,7115,a2e8,92b1,7fbe,7444,
8969,6155,a2e8,92b1,7fbe,6442,
8970,6155,a2e8,92b1,7fbe,e733,
8971,6155,a2e8,92b1,7fbe,39e0,
8972,6155,a2e8,92b1,7fbe,2ba1,
8973,6155,a2e8,92b1,7fbe,23a7,
8974,6155,a2e8,92b1,7fbe,eac3,
8975,6155,a2e8,92b1,7fbe,94ac,
8976,2155,a2e8,92b1,7fbe,f6ab,
8977,6155,a2e8,92b1,7fbe,f7b8,
8978,6155,a2e8,92b1,7fbe,6fef,
8979,6155,a2e8,92b1,7fbe,f709,
8980,6155,a2e8,92b1,7fbe,d9de,
8981,6155,a2e8,92b1,7fbe,5082,
8982,6115,a2e8,92b1,7fbe,7f45,
8983,8268,41e1,f311,7fbe,418d,
8984,6175,a2e8,92b1,7fbe,aa3c,
8985,6155,a2e8,92b1,7fbe,f8c1,
8986,61d5,a2a8,92b1,7fbe,7eb2,
8987,6155,a2e8,92b1,7fbe,2967,
8988,6155,a2e8,92b1,7fbe,973a,
8989,e355,a2e8,92b1,7fbe,4620,
8990,6155,a2e8,92b1,7fbe,a3ee,
8991,41d5,b2e8,92b1,7fbe,e767,
8992,6155,a2e8,92b1,7fbe,9cd9,
8993,6155,a2e8,92b1,7fbe,a5ff,
8994,6115,a2e8,92b1,7fbe,05ba,
8995,6115,a2e8,92b1,7fbe,6367,
8996,6155,a2e8,92b1,7fbe,fdd7,
8997,6115,a2e8,92b1,7fbe,7971,
8998,6215,a2e8,e830,7fbe,7a81,
8999,6155,a2e8,92b1,7fbe,0c4b,
9000,6155,a2e8,92b1,7fbe,01bb,
9001,6175,a2e8,92b1,7fbe,d62c,
9002,69d7,a2a8,92b1,7fbe,1fb8,
9003,00d3,82e0,92b5,7fbe,f8fc,
9004,71d0,a2ea,92b1,7fbe,470b,
9005,6155,a2e8,92b1,7fbe,53ba,
9006,6155,a2e8,92b1,7fbe,b689,
9007,6164,22e8,92b1,7fbe,0a85,
9008,7145,a2e8,92b1,7fbe,97e3,
9009,2155,a2e8,92b1,7fbe,e104,
9010,e115,2ae8,96b1,7fbe,59ab,
9011,6155,a2e8,92b1,7fbe,1199,
9012,7155,a2e8,92b1,7fbe,e46e,
9013,6155,a2e8,92b1,7fbe,e2db,
9014,6155,a2e8,92b1,7fbe,39d4,
9015,6155,a2e8,92b1,7fbe,a44d,
9016,6155,a2e8,92b1,7fbe,fbc4,
9017,6155,a2e8,92b1,7fbe,f0fe,
9018,6155,a2e8,92b1,7fbe,8c84,
9019,6155,a2e8,92b1,7fbe,d1e0,
9020,62d5,a3e8,92b1,7fbe,dadc,
9021,6155,a2e8,92b1,7fbe,04fb,
9022,6155,a2e8,92b1,7fbe,db4f,
9023,6157,a2e8,92b1,7fbe,1edb,
9024,6155,a2e8,92b1,7fbe,9d02,
9025,a155,e2e8,92b1,7fbe,6870,
9026,6155,a2e8,92b1,7fbe,1441,
9027,6115,a2e8,92b1,7fbe,e34a,
9028,6155,a2e8,92b1,7fbe,2922,
9029,6155,a2e8,92b1,7fbe,105a,
9030,6155,a2e8,92b1,7fbe,fb09,
9031,6155,a2e8,92b1,7fbe,b2ff,
9032,0000,a2e8,3eda,7fbe,ac6b,
9033,6155,a2e8,92b1,7fbe,c6c6,
9034,6155,a2e8,92b1,7fbe,9b6d,
9035,6155,a2e8,92b1,7fbe,3bd5,
9036,7151,a2e8,92b1,7fbe,3b3a,
9037,7155,a2e8,92b1,7fbe,9655,
9038,7155,a2e8,92b1,7fbe,7178,
9039,6957,a2e8,92b1,7fbe,b605,
9040,6155,a2e8,92b1,7fbe,02a2,
9041,6155,a2e8,92b1,7fbe,05d0,
9042,6157,a2e8,92b1,7fbe,04ea,
9043,6155,a2e8,92b1,7fbe,5392,
9044,6555,a2e8,92b1,7fbe,9d16,
9045,6155,a2e8,92b1,7fbe,c652,
9046,6155,a2e8,92b1,7fbe,f995,
9047,4155,a2e8,92b1,7fbe,e9ab,
9048,7155,a2e8,92b1,7fbe,19e4,
9049,6155,a2e8,92b1,7fbe,0e6a,
9050,6155,a2e8,92b1,7fbe,8e31,
9051,6155,a2e8,92b1,7fbe,4045,
9052,6155,a2e8,92b1,7fbe,e2a0,
9053,6155,a2e8,92b1,7fbe,4487,
9054,6155,a2e8,92b1,7fbe,6998,
9055,6155,a2e8,92b1,7fbe,dbe7,
9056,3051,c2e8,b2b1,7fbe,d890,
9057,6155,a2e8,92b1,7fbe,92a1,
9058,6155,a2e8,92b1,7fbe,da70,
9059,0000,3534,12d0,7fbe,db3d,
9060,6155,a2e8,92b1,7fbe,ae81,
9061,6155,a2e8,92b1,7fbe,d847,
9062,6155,a2e8,92b1,7fbe,64ad,
9063,6155,a2e8,92b1,7fbe,63ac,
9064,6155,a2e8,92b1,7fbe,8723,
9065,6155,a2e8,92b1,7fbe,50b2,
9066,6155,a2e8,92b1,7fbe,9730,
9067,6155,a2e8,92b1,7fbe,0f4e,
9068,6155,a2e8,92b1,7fbe,50bc,
9069,6175,a2e8,92b1,7fbe,7ba5,
9070,6155,a2e8,92b1,7fbe,cd93,
9071,6155,a2e8,92b1,7fbe,95b5,
9072,6155,a2e8,92b1,7fbe,4f1a,
9073,2155,a2e8,92b1,7fbe,de60,
9074,6155,a2e8,92b1,7fbe,5033,
9075,6155,a2e8,92b1,7fbe,83f3,
9076,7155,a2e8,92b1,7fbe,bee1,
9077,6195,a2a8,92b1,7fbe,27dd,
9078,6145,a2e8,92b1,7fbe,4fa8,
9079,6155,a2e8,92b1,7fbe,a576,
9080,637d,a2e8,92b1,7fbe,4fac,
9081,6155,a2e8,92b1,7fbe,b128,
9082,6155,a2e8,92b1,7fbe,0a2f,
9083,6155,a2e8,92b1,7fbe,7b2b,
9084,6155,a2e8,92b1,7fbe,bc2f,
9085,7155,a2e8,92b1,7fbe,9d2b,
9086,4158,a264,92b5,7fbe,9546,
9087,9be8,bf73,96f0,7fbe,1539,
9088,2a8b,c1f9,d3b1,7fbe,8111,
9089,0000,8ae6,f0b8,7fbe,0e35,
9090,31d7,92e8,92b1,7fbe,976d,
9091,6155,a2e8,92b1,7fbe,e929,
9092,6155,a2e8,92b1,7fbe,5103,
9093,6155,a2e8,92b1,7fbe,469e,
9094,6155,a2e8,92b1,7fbe,55ce,
9095,6155,a2e8,92b1,7fbe,cb45,
9096,6155,a2e8,92b1,7fbe,9e26,
9097,6114,a2e8,92b1,7fbe,194f,
9098,5955,b2e8,92b1,7fbe,39b8,
9099,6155,a2e8,92b1,7fbe,1c0c,
9100,6175,a2e8,92b1,7fbe,5ee3,
9101,eb94,a6e9,9291,7fbe,6594,
9102,6155,a2e8,92b1,7fbe,8a23,
9103,6151,a2e8,92b1,7fbe,0b4c,
9104,7155,a2e8,92b1,7fbe,e382,
9105,6155,a2e8,92b1,7fbe,d5ce,
9106,6155,a2e8,92b1,7fbe,eedb,
9107,6155,a2e8,92b1,7fbe,25ff,
9108,6155,a2e8,92b1,7fbe,3c59,
9109,6155,a2e8,92b1,7fbe,9cfa,
9110,7155,a2e8,92b1,7fbe,d64e,
9111,6155,a2e8,92b1,7fbe,23e2,
9112,6155,a2e8,92b1,7fbe,5334,
9113,7095,a268,92b1,7fbe,8265,
9114,7155,a2e8,92b1,7fbe,28aa,
9115,6155,a2e8,92b1,7fbe,58cb,
9116,a02c,acc8,96b1,7fbe,bc81,
9117,4115,a2e8,92b1,7fbe,2cdf,
9118,0000,0b51,83b5,7fbe,ab3b,
9119,6155,a2e8,92b1,7fbe,e9b9,
9120,6155,a2e8,92b1,7fbe,4593,
9121,6155,a2e8,92b1,7fbe,0ab8,
9122,6155,a2e8,92b1,7fbe,583e,
9123,6155,a2e8,92b1,7fbe,2106,
9124,6155,a2e8,92b1,7fbe,0bec,
9125,ed55,a6e8,92b1,7fbe,4048,
9126,5157,b2e8,92b1,7fbe,10da,
9127,6555,a2e8,92b1,7fbe,1799,
9128,0405,d599,d3a3,7fbe,56d7,
9129,6955,a2e8,92b1,7fbe,fa44,
9130,6155,a2e8,92b1,7fbe,82e4,
9131,6155,a2e8,92b1,7fbe,feba,
9132,6155,a2e8,92b1,7fbe,e25e,
9133,61dd,a2ec,92b1,7fbe,e07d,
9134,6155,a2e8,92b1,7fbe,a588,
9135,6155,a2e8,92b1,7fbe,b0d4,
9136,6155,a2e8,92b1,7fbe,0280,
9137,6155,a2e8,92b1,7fbe,2997,
9138,6157,a2e8,92b1,7fbe,eca7,
9139,6555,a2e8,92b1,7fbe,fe4c,
9140,6155,a2e8,92b1,7fbe,fd12,
9141,6155,a2e8,92b1,7fbe,cb3e,
9142,61d7,a2e8,92b1,7fbe,f632,
9143,6155,a2e8,92b1,7fbe,9431,
9144,6155,a2e8,92b1,7fbe,4145,
9145,6155,a2e8,92b1,7fbe,0c0b,
9146,6155,a2e8,92b1,7fbe,d98e,
9147,6155,a2e8,92b1,7fbe,0889,
9148,6937,a2a8,92b1,7fbe,7333,
9149,a01c,1c22,82d0,7fbe,9ea9,
9150,6175,a2e8,92b1,7fbe,0c3d,
9151,6155,a2e8,92b1,7fbe,31e2,
9152,6155,a2e8,92b1,7fbe,6045,
9153,6155,a2e8,92b1,7fbe,e0a6,
9154,0000,1223,92b1,7fbe,726c,
9155,6155,a2e8,92b1,7fbe,8ac7,
9156,6155,a2e8,92b1,7fbe,a6e5,
9157,6155,a2e8,92b1,7fbe,396f,
9158,6155,a2e8,92b1,7fbe,fb9a,
9159,6955,a2e8,92b1,7fbe,dee3,
9160,6175,a2e8,92b1,7fbe,b550,
9161,6155,a2e8,92b1,7fbe,7df6,
9162,6155,a2e8,92b1,7fbe,e0b9,
9163,4957,b2e8,92b1,7fbe,3ce4,
9164,6155,a2e8,92b1,7fbe,50cc,
9165,6155,a2e8,92b1,7fbe,1530,
9166,6151,a2e8,92b1,7fbe,f2fa,
9167,2a5d,a2e8,92b1,7fbe,ecdb,
9168,61d5,a2e8,92b1,7fbe,b86b,
9169,0000,c264,92b1,7fbe,27cc,
9170,7151,a2e8,92b1,7fbe,17c8,
9171,5195,b2a8,92b1,7fbe,b383,
9172,6155,a2e8,92b1,7fbe,2bed,
9173,6955,a2e8,92b1,7fbe,c29a,
9174,6155,a2e8,92b1,7fbe,b6fc,
9175,0000,36c0,db91,7fbe,2e40,
9176,6988,be8b,9211,7ffe,8d87,
9177,6155,a2e8,92b1,7fbe,ccf4,
9178,6155,a2e8,92b1,7fbe,7632,
9179,2155,a2e8,92b1,7fbe,acff,
9180,6355,a2e8,92b1,7fbe,78e0,
9181,6155,a2e8,92b1,7fbe,0564,
9182,0000,06c3,7135,7fbe,022f,
9183,6155,a2e8,92b1,7fbe,ff38,
9184,6155,a2e8,92b1,7fbe,f3c2,
9185,6155,a2e8,92b1,7fbe,3bd2,
9186,6114,a2e8,92b1,7fbe,272b,
9187,6955,a2e8,92b1,7fbe,0842,
9188,4157,b2e8,92b1,7fbe,49b1,
9189,0000,b2e8,92b1,7fbe,476e,
9190,6155,a2e8,92b1,7fbe,b1d2,
9191,4153,b2e8,92b1,7fbe,a5af,
9192,6155,a2e8,92b1,7fbe,be4a,
9193,6155,a2e8,92b1,7fbe,9e8a,
9194,6175,a2e8,92b1,7fbe,3537,
9195,6155,a2e8,92b1,7fbe,28a8,
9196,6155,a2e8,92b1,7fbe,cc4e,
9197,4155,a2e8,92b1,7fbe,bffb,
9198,6155,a2e8,92b1,7fbe,eecc,
9199,6155,a2e8,92b1,7fbe,9b57,
9200,7115,a2e8,92b1,7fbe,3e06,
9201,6155,a2e8,92b1,7fbe,5e32,
9202,6155,a2e8,92b1,7fbe,dfd2,
9203,6155,a2e8,92b1,7fbe,7960,
9204,6155,a2e8,92b1,7fbe,8944,
9205,6051,a2e8,92b1,7fbe,bcde,
9206,6155,a2e8,92b1,7fbe,7b74,
9207,6355,a2e8,92b1,7fbe,329b,
9208,6155,a2e8,92b1,7fbe,9216,
9209,6155,a2e8,92b1,7fbe,8e9e,
9210,6155,a2e8,92b1,7fbe,bfd3,
9211,6175,a2e8,92b1,7fbe,fb8b,
9212,7112,a2ea,92b1,7fbe,0e64,
9213,6155,a2e8,92b1,7fbe,f3d9,
9214,6155,a2e8,92b1,7fbe,9099,
9215,6155,a2e8,92b1,7fbe,ecec,
9216,6145,a2e8,92b1,7fbe,1ca3,
9217,6155,a2e8,92b1,7fbe,fb70,
9218,2155,a2e8,92b1,7fbe,d96b,
9219,6155,a2e8,92b1,7fbe,2a29,
9220,6155,a2e8,92b1,7fbe,4c31,
9221,6155,a2e8,92b1,7fbe,71b8,
9222,6155,a2e8,92b1,7fbe,d173,
9223,6151,a2e8,92b1,7fbe,418e,
9224,61d3,a3fc,92b9,7fbe,dc8f,
9225,6155,a2e8,92b1,7fbe,ce43,
9226,6355,a2e8,92b1,7fbe,5ca7,
9227,6155,a2e8,92b1,7fbe,b1c4,
9228,6155,a2e8,92b1,7fbe,399e,
9229,5cdd,a2e8,92b1,7fbe,beaa,
9230,6115,a2e8,92b1,7fbe,1761,
9231,61d7,b2e8,92b1,7fbe,e563,
9232,6155,a2e8,92b1,7fbe,9ad2,
9233,6155,a2e8,92b1,7fbe,ffd5,
9234,e175,a2e8,92b1,7fbe,efe5,
9235,61f4,a2a8,92b1,7fbe,0207,
9236,6155,a2e8,92b1,7fbe,139e,
9237,6155,a2e8,92b1,7fbe,5313,
9238,6155,a2e8,92b1,7fbe,3796,
9239,6181,a2a0,92b1,7fbe,67e2,
9240,db18,a327,923f,7fba,c2e7,
9241,6155,a2e8,92b1,7fbe,42e7,
9242,c175,a2e8,92b1,7fbe,7c79,
9243,6555,a0e8,92b1,7fbe,d69b,
9244,6175,a2e8,92b1,7fbe,8c11,
9245,6155,a2e8,92b1,7fbe,4a6f,
9246,6155,a2e8,92b1,7fbe,ee2a,
9247,6175,a2e8,92b1,7fbe,396d,
9248,6155,a2e8,92b1,7fbe,2c76,
9249,6155,a2e8,92b1,7fbe,390c,
9250,6155,a2e8,92b1,7fbe,8dc8,
9251,6155,a2e8,92b1,7fbe,4ee9,
9252,6155,a2e8,92b1,7fbe,4bf2,
9253,e975,a2a8,92b1,7fbe,93f4,
9254,6155,a2e8,92b1,7fbe,7436,
9255,6155,a2e8,92b1,7fbe,60bf,
9256,0500,a066,aa97,7fbe,33c4,
9257,6155,a2e8,92b1,7fbe,91f3,
9258,6155,a2e8,92b1,7fbe,c9d2,
9259,6155,a2e8,92b1,7fbe,53af,
9260,6175,a2e8,92b1,7fbe,8033,
9261,7051,a2e8,92b1,7fbe,b780,
9262,6155,a2e8,92b1,7fbe,d830,
9263,6155,a2e8,92b1,7fbe,1980,
9264,0000,74b9,3469,7fbe,b7fb,
9265,61d7,a2e8,92b1,7fbe,929a,
9266,615d,a2e8,92b1,7fbe,ea3d,
9267,6155,a2e8,92b1,7fbe,d156,
9268,6155,a2e8,92b1,7fbe,e9b4,
9269,6155,a2e8,92b1,7fbe,3760,
9270,6155,a2e8,92b1,7fbe,55e6,
9271,6155,a2e8,92b1,7fbe,1ace,
9272,6155,a2e8,92b1,7fbe,be16,
9273,6155,a2e8,92b1,7fbe,947a,
9274,5957,b2e8,92b1,7fbe,60cd,
9275,8342,ab61,b276,7fbe,6142,
9276,6155,a2e8,92b1,7fbe,0135,
9277,6115,a2e8,92b1,7fbe,9ed6,
9278,6155,a2e8,92b1,7fbe,3a5b,
9279,7055,8068,93b1,7fbe,71b9,
9280,6955,a2e8,92b1,7fbe,7489,
9281,0000,b2e4,92b1,7fbe,cf2e,
9282,6155,a2e8,92b1,7fbe,8597,
9283,6155,a2e8,92b1,7fbe,be70,
9284,6155,a2e8,92b1,7fbe,590a,
9285,6155,a2e8,92b1,7fbe,5ac9,
9286,6155,a2e8,92b1,7fbe,a71e,
9287,6155,a2e8,92b1,7fbe,b2b9,
9288,7155,a2e8,92b1,7fbe,0225,
9289,6155,a2e8,92b1,7fbe,03aa,
9290,6155,a2e8,92b1,7fbe,f4f8,
9291,61d5,a2e8,92b1,7fbe,0cdc,
9292,6155,a2e8,92b1,7fbe,08f5,
9293,6155,a2e8,92b1,7fbe,5dd8,
9294,6155,a2e8,92b1,7fbe,f1c3,
9295,0000,b26a,92b1,7fbe,0cba,
9296,615d,a2e8,92b1,7fbe,bc7b,
9297,6155,a2e8,92b1,7fbe,db01,
9298,6155,a2e8,92b1,7fbe,5dd4,
9299,0000,f36d,d1ad,7fbe,57ad,
9300,6155,a2e8,92b1,7fbe,d73c,
9301,6155,a2e8,92b1,7fbe,b3e4,
9302,6155,a2e8,92b1,7fbe,1ce8,
9303,6155,a2e8,92b1,7fbe,bf54,
9304,6155,a2e8,92b1,7fbe,c528,
9305,6355,a2e8,92b1,7fbe,67a1,
9306,79d7,a2a8,92b1,7fbe,a330,
9307,6155,a2e8,92b1,7fbe,1913,
9308,6155,a2e8,92b1,7fbe,a88a,
9309,6155,a2e8,92b1,7fbe,ad54,
9310,6555,a2e8,92b1,7fbe,ab85,
9311,6155,a2e8,92b1,7fbe,4d81,
9312,6155,a2e8,92b1,7fbe,09dd,
9313,6155,a2e8,92b1,7fbe,9283,
9314,6937,a2e8,92b1,7fbe,4eab,
9315,18a5,a2e8,92b1,7fbe,79f0,
9316,6117,a2a8,92b1,7fbe,4f87,
9317,6155,a2e8,92b1,7fbe,f40a,
9318,6155,a2e8,92b1,7fbe,c4a4,
9319,0000,0000,92b1,7fbe,6cbe,
9320,6155,a2e8,92b1,7fbe,4d59,
9321,6155,a2e8,92b1,7fbe,2269,
9322,a154,22e8,92b1,7fbe,7fcf,
9323,6155,a2e8,92b1,7fbe,61c8,
9324,6155,a2e8,92b1,7fbe,2a96,
9325,6155,a2e8,92b1,7fbe,8824,
9326,6155,a2e8,92b1,7fbe,65c2,
9327,6137,a2a8,92b1,7fbe,73d3,
9328,6997,a2c8,92b1,7fbe,928d,
9329,6155,a2e8,92b1,7fbe,94ce,
9330,6155,a2e8,92b1,7fbe,9052,
9331,6114,a2e8,92b1,7fbe,5f69,
9332,6155,a2e8,92b1,7fbe,d0e0,
9333,6155,a2e8,92b1,7fbe,538f,
9334,6155,a2e8,92b1,7fbe,49cc,
9335,6155,a2e8,92b1,7fbe,ff4e,
9336,6155,a2e8,92b1,7fbe,b4df,
9337,6155,a2e8,92b1,7fbe,4e9d,
9338,6155,a2e8,92b1,7fbe,490f,
9339,6155,a2e8,92b1,7fbe,c187,
9340,6155,a2e8,92b1,7fbe,8cf1,
9341,6155,a2e8,92b1,7fbe,82c7,
9342,6155,a2e8,92b1,7fbe,7d57,
9343,6155,a2e8,92b1,7fbe,b97f,
9344,6155,a2e8,92b1,7fbe,3d7f,
9345,6155,a2e8,92b1,7fbe,facc,
9346,6155,a2e8,92b1,7fbe,3d4d,
9347,4155,a2e8,92b1,7fbe,6974,
9348,6155,a2e8,92b1,7fbe,7e36,
9349,7155,a2e8,92b1,7fbe,b08a,
9350,0000,6ebc,c825,7fbe,e0dc,
9351,6155,a2e8,92b1,7fbe,1f39,
9352,6155,a2e8,92b1,7fbe,5b4e,
9353,61d5,a2e8,92b1,7fbe,c7b6,
9354,0000,24f9,92b1,7fbe,7048,
9355,6155,a2e8,92b1,7fbe,543e,
9356,6977,a2a8,92b1,7fbe,7164,
9357,6155,a2e8,92b1,7fbe,6787,
9358,6155,a2e8,92b1,7fbe,f198,
9359,6155,a2e8,92b1,7fbe,c6ab,
9360,6394,a2e8,de29,7fbe,4c98,
9361,6175,a2e8,92b1,7fbe,2d89,
9362,6155,a2e8,92b1,7fbe,e4aa,
9363,6155,a2e8,92b1,7fbe,1514,
9364,6145,a2e8,92b1,7fbe,22fd,
9365,6155,a2e8,92b1,7fbe,dc60,
9366,6155,a2e8,92b1,7fbe,15f8,
9367,6155,a2e8,92b1,7fbe,4244,
9368,6155,a2e8,92b1,7fbe,4e15,
9369,7155,a2e8,92b1,7fbe,a2b0,
9370,6155,a2e8,92b1,7fbe,6668,
9371,6155,a2e8,92b1,7fbe,b6a1,
9372,6155,a2e8,92b1,7fbe,891a,
9373,0000,d6ec,5098,7fbe,9246,
9374,6034,bee8,92b1,7fbe,1c00,
9375,e151,a2e8,92b1,7fbe,d0a6,
9376,6155,a2e8,92b1,7fbe,6e16,
9377,4155,b2e8,92b1,7fbe,3be5,
9378,6155,a2e8,92b1,7fbe,5c40,
9379,6155,a2e8,92b1,7fbe,8309,
9380,6355,a2e8,92b1,7fbe,1424,
9381,6155,a2e8,92b1,7fbe,3944,
9382,49d7,b2e8,92b1,7fbe,f3ba,
9383,6155,a2e8,92b1,7fbe,46b1,
9384,7155,a2e8,92b1,7fbe,e5df,
9385,0000,572c,1ad5,7fbe,e52f,
9386,6155,a2e8,92b1,7fbe,e81d,
9387,6155,a2e8,92b1,7fbe,5e07,
9388,6155,a2e8,92b1,7fbe,be7c,
9389,4199,b2ec,92b1,7fbe,d17e,
9390,6155,a2e8,92b1,7fbe,ec49,
9391,6155,a2e8,92b1,7fbe,e47f,
9392,6155,a2e8,92b1,7fbe,f6ca,
9393,7155,a2e8,92b1,7fbe,039c,
9394,6155,a2e8,92b1,7fbe,a404,
9395,6055,a2e8,92b1,7fbe,efd2,
9396,6155,a2e8,92b1,7fbe,a1f5,
9397,6157,a2e8,92b1,7fbe,e5eb,
9398,8ce5,a2e8,07ef,7fbe,955e,
9399,6155,a2e8,92b1,7fbe,d222,
9400,5155,b2e8,92b1,7fbe,fcd2,
9401,6155,a2e8,92b1,7fbe,b21f,
9402,2115,a2e8,92b1,7fbe,6d3a,
9403,6155,a2e8,92b1,7fbe,ab2d,
9404,6155,a2e8,92b1,7fbe,00ab,
9405,6155,a2e8,92b1,7fbe,9da8,
9406,6155,a2e8,92b1,7fbe,3114,
9407,6155,a2e8,92b1,7fbe,3b4d,
9408,5115,b2e8,92b1,7fbe,4677,
9409,6155,a2e8,92b1,7fbe,384d,
9410,6155,a2e8,92b1,7fbe,c891,
9411,6155,a2e8,92b1,7fbe,5eeb,
9412,0000,aacd,92b1,7fbe,87f1,
9413,6155,a2e8,92b1,7fbe,3e03,
9414,0000,a2ab,92b1,7fbe,45d2,
9415,6955,a2e8,92b1,7fbe,93fa,
9416,6155,a2e8,92b1,7fbe,9344,
9417,6155,a2e8,92b1,7fbe,1864,
9418,6155,a2e8,92b1,7fbe,74f2,
9419,6155,a2e8,92b1,7fbe,11fe,
9420,6955,a2e8,92b1,7fbe,a60e,
9421,6155,a2e8,92b1,7fbe,99b0,
9422,6155,a2e8,92b1,7fbe,67fb,
9423,6115,a2e8,92b1,7fbe,97a6,
9424,6155,a2e8,92b1,7fbe,95c8,
9425,6155,a2e8,92b1,7fbe,5786,
9426,0000,afe8,92b1,7fbe,40ad,
9427,6155,a2e8,92b1,7fbe,0ab8,
9428,6155,a2e8,92b1,7fbe,1c88,
9429,6155,a2e8,92b1,7fbe,dba5,
9430,6155,a2e8,92b1,7fbe,99cc,
9431,6155,a2e8,92b1,7fbe,2887,
9432,6151,a2e8,92b1,7fbe,dbe5,
9433,6155,a2e8,92b1,7fbe,3091,
9434,6155,a2e8,92b1,7fbe,a3ed,
9435,6155,a2e8,92b1,7fbe,4bb9,
9436,6155,a2e8,92b1,7fbe,b649,
9437,6155,a2e8,92b1,7fbe,3951,
9438,6175,a2e8,92b1,7fbe,0ce5,
9439,4155,a2e8,92b1,7fbe,95b9,
9440,6155,a2e8,92b1,7fbe,3447,
9441,6177,b2e8,92b1,7fbe,a7b1,
9442,6155,a2e8,92b1,7fbe,0489,
9443,5155,b2e8,92b1,7fbe,e6c4,
9444,6155,a2e8,92b1,7fbe,05cd,
9445,6155,a2e8,92b1,7fbe,c15c,
9446,6155,a2e8,92b1,7fbe,0477,
9447,6155,a2e8,92b1,7fbe,6bef,
9448,6155,a2e8,92b1,7fbe,4c80,
9449,6155,a2e8,92b1,7fbe,e381,
9450,6155,a2e8,92b1,7fbe,ee64,
9451,6155,a2e8,92b1,7fbe,02b9,
9452,6115,a2e8,92b1,7fbe,7f45,
9453,6155,a2e8,92b1,7fbe,2ac3,
9454,b261,9401,d6a0,7fbe,1cdb,
9455,6155,a2e8,92b1,7fbe,bf8d,
9456,6155,a2e8,92b1,7fbe,eb91,
9457,6155,a2e8,92b1,7fbe,cad6,
9458,6155,a2e8,92b1,7fbe,9531,
9459,6155,a2e8,92b1,7fbe,f074,
9460,6155,a2e8,92b1,7fbe,fb3d,
9461,6155,a2e8,92b1,7fbe,9072,
9462,6155,a2e8,92b1,7fbe,095d,
9463,2155,a2e8,92b1,7fbe,5eb0,
9464,6175,a2e8,92b1,7fbe,13e4,
9465,6155,a2e8,92b1,7fbe,e2b4,
9466,6155,a2a8,92b1,7fbe,ed97,
9467,6155,a2e8,92b1,7fbe,dfd1,
9468,61d7,a2e8,92b1,7fbe,d7e3,
9469,6157,a2e8,92b1,7fbe,7adb,
9470,6955,a2e8,92b1,7fbe,185f,
9471,6155,a2e8,92b1,7fbe,8e9f,
9472,6155,a2e8,92b1,7fbe,a1a9,
9473,6155,a2e8,92b1,7fbe,6d2d,
9474,6155,a2e8,92b1,7fbe,eaa6,
9475,0000,8574,7098,7fbe,a3c7,
9476,5157,b2e8,92b1,7fbe,95c2,
9477,6155,a2e8,92b1,7fbe,b071,
9478,6155,a2e8,92b1,7fbe,7867,
9479,6155,a2e8,92b1,7fbe,95d0,
9480,6155,a2e8,92b1,7fbe,ff64,
9481,715d,a2e8,92b1,7fbe,15ca,
9482,6155,a2e8,92b1,7fbe,57d8,
9483,6155,a2e8,92b1,7fbe,bae9,
9484,41d7,b2e8,92b1,7fbe,aa84,
9485,6155,a2e8,92b1,7fbe,bca3,
9486,6155,a2e8,92b1,7fbe,9068,
9487,e175,a2e8,92b1,7fbe,af91,
9488,6155,a2e8,92b1,7fbe,7507,
9489,6155,a2e8,92b1,7fbe,a378,
9490,6155,a2e8,92b1,7fbe,9f00,
9491,61b5,a2a8,92b1,7fbe,90ee,
9492,6155,a2e8,92b1,7fbe,b41a,
9493,6154,a2e8,92b1,7fbe,c0c6,
9494,6154,a2e8,92b1,7fbe,7f7d,
9495,419e,a2e8,14d9,7fbe,8668,
9496,6955,a2e8,92b1,7fbe,4de9,
9497,0000,d2d7,858c,7fbe,a2ce,
9498,6155,a2e8,92b1,7fbe,12ff,
9499,6155,a2e8,92b1,7fbe,4fb8,
9500,6155,a2e8,92b1,7fbe,0746,
9501,6155,a2e8,92b1,7fbe,70fc,
9502,60d7,a2e8,92b1,7fbe,b14b,
9503,6155,a2e8,92b1,7fbe,9ec8,
9504,eda5,a2e8,92b1,7fbe,bd52,
9505,6155,a2e8,92b1,7fbe,b216,
9506,6155,a2e8,92b1,7fbe,74bf,
9507,6155,a2e8,92b1,7fbe,83af,
9508,6155,a2e8,92b1,7fbe,ed74,
9509,6155,a2e8,92b1,7fbe,62aa,
9510,6354,a2e8,92b1,7fbe,55f1,
9511,6155,a2e8,92b1,7fbe,1d8e,
9512,6155,a2e8,92b1,7fbe,8cb9,
9513,6155,a2e8,92b1,7fbe,8148,
9514,6155,a2e8,92b1,7fbe,47ed,
9515,6155,a2e8,92b1,7fbe,8f76,
9516,7155,a2e8,92b1,7fbe,1499,
9517,6115,a2e8,92b1,7fbe,7872,
9518,6155,a2e8,92b1,7fbe,144b,
9519,6155,a2e8,92b1,7fbe,f7f4,
9520,2155,a2e8,92b1,7fbe,f34a,
9521,7155,a2e8,92b1,7fbe,fb98,
9522,7155,a2e8,92b1,7fbe,ba5f,
9523,6155,a2e8,92b1,7fbe,12d9,
9524,6155,a2e8,92b1,7fbe,6533,
9525,7155,a2e8,92b1,7fbe,d20d,
9526,415d,a2e8,92b1,7fbe,621b,
9527,0000,6337,c604,7fbe,bd06,
9528,6155,a2e8,92b1,7fbe,a47b,
9529,6155,a2e8,92b1,7fbe,af33,
9530,6155,a2e8,92b1,7fbe,b2b0,
9531,6115,a2e8,92b1,7fbe,e225,
9532,e37d,a2e8,92b1,7fbe,c72e,
9533,6955,a2e8,92b1,7fbe,eb9a,
9534,6155,a2e8,92b1,7fbe,ef6f,
9535,6155,a2e8,92b1,7fbe,ee3c,
9536,6155,a2e8,92b1,7fbe,50a3,
9537,6155,a2e8,92b1,7fbe,ac84,
9538,6155,a2e8,92b1,7fbe,71dd,
9539,0000,0000,92b1,7fbe,279c,
9540,4157,b2e8,92b1,7fbe,e5ca,
9541,6155,a2e8,92b1,7fbe,4f1d,
9542,6155,a2e8,92b1,7fbe,9afe,
9543,6545,a2e8,92b1,7fbe,f8bb,
9544,6155,a2e8,92b1,7fbe,da9e,
9545,7155,a2e8,92b1,7fbe,4f58,
9546,6055,a2e8,92b1,7fbe,6ec0,
9547,0070,a2e8,3e7a,7fbe,accb,
9548,6115,a2e8,92b1,7fbe,0677,
9549,21d0,a248,92b1,7fbe,ef5a,
9550,6935,a2a8,92b1,7fbe,4191,
9551,6155,a2e8,92b1,7fbe,a076,
9552,69f5,a2a8,92b1,7fbe,906c,
9553,0000,a2e8,7244,7fbe,e0f5,
9554,0000,a2e8,1b4c,7fbe,89fd,
9555,6155,a2e8,92b1,7fbe,8e1c,
9556,6155,a2e8,92b1,7fbe,d8ba,
9557,6155,a2e8,92b1,7fbe,f0fb,
9558,6155,a2e8,92b1,7fbe,850f,
9559,415d,a2e8,92b1,7fbe,f9b9,
9560,61d5,a2e8,92b1,7fbe,1b45,
9561,6155,a2e8,92b1,7fbe,0ad1,
9562,6155,a2e8,92b1,7fbe,a597,
9563,6155,a2e8,92b1,7fbe,c6af,
9564,6155,a2e8,92b1,7fbe,e1d6,
9565,6175,a2e8,92b1,7fbe,5436,
9566,6115,a2e8,92b1,7fbe,bc7e,
9567,6155,a2e8,92b1,7fbe,4be4,
9568,6355,a2e8,92b1,7fbe,99df,
9569,6155,a2e8,92b1,7fbe,38c9,
9570,6155,a2e8,92b1,7fbe,cc32,
9571,6155,a2e8,92b1,7fbe,31bf,
9572,6155,a2e8,92b1,7fbe,d48f,
9573,6155,a2e8,92b1,7fbe,b64c,
9574,69d5,a2a8,92b1,7fbe,ae1b,
9575,e155,a2e8,92b1,7fbe,f3ce,
9576,6155,a2e8,92b1,7fbe,673f,
9577,6155,a2e8,92b1,7fbe,c6a7,
9578,6155,a2e8,92b1,7fbe,8509,
9579,6155,a2e8,92b1,7fbe,a20d,
9580,6155,a2e8,92b1,7fbe,367c,
9581,6175,a2e8,92b1,7fbe,c274,
9582,61d7,a2e8,92b1,7fbe,705a,
9583,5957,b2e8,92b1,7fbe,ba12,
9584,6155,a2e8,92b1,7fbe,aafb,
9585,6155,a2e8,92b1,7fbe,5181,
9586,6155,a2e8,92b1,7fbe,2ff9,
9587,4155,b2e8,92b1,7fbe,b27f,
9588,6155,a2e8,92b1,7fbe,41f9,
9589,d425,a2e8,09fa,7fbe,9b4b,
9590,6155,a2e8,92b1,7fbe,c4b2,
9591,4150,a2ea,92b1,7fbe,7b16,
9592,6155,a2e8,92b1,7fbe,e306,
9593,6115,a2e8,92b1,7fbe,670f,
9594,6175,a2e8,92b1,7fbe,c3a1,
9595,5d57,e2e5,1099,7fae,b924,
9596,0000,c5ec,96b4,7fbe,e9a8,
9597,6155,a2e8,92b1,7fbe,fd5e,
9598,6155,a2e8,92b1,7fbe,b039,
9599,6155,a2e8,92b1,7fbe,bc7c,
9600,6155,a2e8,92b1,7fbe,d0db,
9601,6155,a2e8,92b1,7fbe,f3c5,
9602,6155,a2e8,92b1,7fbe,2205,
9603,6155,a2e8,92b1,7fbe,7535,
9604,6955,a2e8,92b1,7fbe,13d6,
9605,0000,b2e8,92b1,7fbe,0afe,
9606,6155,a2e8,92b1,7fbe,7712,
9607,6155,a2e8,92b1,7fbe,1061,
9608,6155,a2e8,92b1,7fbe,9469,
9609,6155,a2e8,92b1,7fbe,7ecd,
9610,6155,a2e8,92b1,7fbe,1640,
9611,6155,a2e8,92b1,7fbe,e8e7,
9612,6155,a2e8,92b1,7fbe,0b9f,
9613,6155,a2e8,92b1,7fbe,c26c,
9614,6155,a2e8,92b1,7fbe,ab55,
9615,6955,a2e8,92b1,7fbe,c6e7,
9616,6155,a2e8,92b1,7fbe,d884,
9617,6155,a2e8,92b1,7fbe,b626,
9618,6155,a2e8,92b1,7fbe,8315,
9619,0000,a2e8,4983,7fbe,db32,
9620,6155,a2e8,92b1,7fbe,d17c,
9621,6155,a2e8,92b1,7fbe,cae9,
9622,6526,e2b8,1291,7fbe,5263,
9623,6155,a2e8,92b1,7fbe,078f,
9624,6155,a2e8,92b1,7fbe,1e1d,
9625,6155,a2e8,92b1,7fbe,fc07,
9626,6155,a2e8,92b1,7fbe,9ac8,
9627,6155,a2e8,92b1,7fbe,1897,
9628,6155,a2e8,92b1,7fbe,525e,
9629,6155,a2e8,92b1,7fbe,3ae5,
9630,6155,a2e8,92b1,7fbe,3933,
9631,6155,a2e8,92b1,7fbe,e557,
9632,6155,a2e8,92b1,7fbe,30b6,
9633,31d7,92e8,92b1,7fbe,976d,
9634,6155,a2e8,92b1,7fbe,3850,
9635,6115,a2e8,92b1,7fbe,5ec0,
9636,6155,a2e8,92b1,7fbe,ceb4,
9637,6155,a2e8,92b1,7fbe,5e2a,
9638,6155,a2e8,92b1,7fbe,c3ec,
9639,6155,a2e8,92b1,7fbe,1c52,
9640,6155,a2e8,92b1,7fbe,f90d,
9641,6155,a2e8,92b1,7fbe,bafc,
9642,6155,a2e8,92b1,7fbe,b9e9,
9643,6155,a2e8,92b1,7fbe,fe33,
9644,6155,a2e8,92b1,7fbe,dff3,
9645,6155,a2e8,92b1,7fbe,6059,
9646,6975,a2a8,92b1,7fbe,ee20,
9647,6175,a2e8,92b1,7fbe,5c7e,
9648,6155,a2e8,92b1,7fbe,1b38,
9649,79d7,a2e8,92b1,7fbe,f9e7,
9650,6155,a2e8,92b1,7fbe,bf6d,
9651,6155,a2e8,92b1,7fbe,21b2,
9652,6155,a2e8,92b1,7fbe,6ce4,
9653,61d5,a2e8,92b1,7fbe,ad20,
9654,6155,a2e8,92b1,7fbe,c1f9,
9655,6155,a2e8,92b1,7fbe,e9ec,
9656,6155,a2e8,92b1,7fbe,6f82,
9657,6975,a2e8,92b1,7fbe,d561,
9658,61d7,a2e8,92b1,7fbe,9e4e,
9659,6155,a2e8,92b1,7fbe,f6fa,
9660,6155,a2e8,92b1,7fbe,1796,
9661,6155,a2e8,92b1,7fbe,2899,
9662,7955,a2e8,92b1,7fbe,93d6,
9663,6155,a2e8,92b1,7fbe,9973,
9664,6155,a2e8,92b1,7fbe,77f7,
9665,6175,a2e8,92b1,7fbe,ef19,
9666,6155,a2e8,92b1,7fbe,8e96,
9667,6155,a2e8,92b1,7fbe,9887,
9668,6155,a2e8,92b1,7fbe,67b2,
9669,6115,a2e8,92b1,7fbe,3dc9,
9670,6115,a2e8,92b1,7fbe,1e58,
9671,0000,61d4,3a81,7fbe,7b29,
9672,6155,a2e8,92b1,7fbe,8cef,
9673,dd07,a2e8,39a7,7fbe,ab16,
9674,4155,a2e8,92b1,7fbe,a01f,
9675,69d5,a2a8,92b1,7fbe,42dd,
9676,6175,a2e8,92b1,7fbe,5ffb,
9677,6155,a2e8,92b1,7fbe,d4ad,
9678,6155,a2e8,92b1,7fbe,02ad,
9679,6155,a2e8,92b1,7fbe,2a26,
9680,615d,a2e8,92b1,7fbe,1a2a,
9681,7155,a2e8,92b1,7fbe,112d,
9682,6155,a2e8,92b1,7fbe,655f,
9683,6155,a2e8,92b1,7fbe,50c0,
9684,6155,a2e8,92b1,7fbe,f975,
9685,6155,a2e8,92b1,7fbe,65e8,
9686,6955,a2e8,92b1,7fbe,9f5d,
9687,6155,a2e8,92b1,7fbe,bbca,
9688,6954,a2e8,92b1,7fbe,a08b,
9689,6155,a2e8,92b1,7fbe,497d,
9690,6155,a2e8,92b1,7fbe,fa80,
9691,6155,a2e8,92b1,7fbe,dcfe,
9692,51d5,b2e8,92b1,7fbe,f8cc,
9693,6155,a2e8,92b1,7fbe,3927,
9694,6155,a2e8,92b1,7fbe,3296,
9695,6155,a2e8,92b1,7fbe,d295,
9696,0000,a2e8,c413,7fbe,56a2,
9697,6155,a2e8,92b1,7fbe,2a52,
9698,7155,a2e8,92b1,7fbe,b130,
9699,6155,a2e8,92b1,7fbe,f56a,
9700,6155,a2e8,92b1,7fbe,b60c,
9701,41f3,b2a8,92b1,7fbe,3b7d,
9702,a415,aee8,96b1,7fbe,f49d,
9703,6155,a2e8,92b1,7fbe,7e93,
9704,6155,a2e8,92b1,7fbe,aa09,
9705,6155,a2e8,92b1,7fbe,8223,
9706,649e,f0c5,92b1,7fbe,522d,
9707,6155,a2e8,92b1,7fbe,3f08,
9708,6155,a2e8,92b1,7fbe,1918,
9709,13dd,a2e8,c645,7fbe,54f4,
9710,6155,a2e8,92b1,7fbe,c2c6,
9711,ed27,a2eb,92b0,7fbe,f914,
9712,6957,a2a8,92b1,7fbe,7067,
9713,6155,a2e8,92b1,7fbe,c2d2,
9714,6105,a2c8,92b1,7fbe,cec0,
9715,6055,a2e8,92b1,7fbe,aab9,
9716,6155,a2e8,92b1,7fbe,7626,
9717,6155,a2e8,92b1,7fbe,75ff,
9718,6155,a2e8,92b1,7fbe,5778,
9719,6175,a2e8,92b1,7fbe,0f3b,
9720,c155,a2e8,92b1,7fbe,a5b5,
9721,6155,a2e8,92b1,7fbe,6ccf,
9722,0000,a2e8,9e93,7fbe,0c22,
9723,6155,a2e8,92b1,7fbe,e626,
9724,6155,a2e8,92b1,7fbe,9155,
9725,6155,a2e8,92b1,7fbe,06ca,
9726,6155,a2e8,92b1,7fbe,37a7,
9727,6955,a2e8,92b1,7fbe,24c5,
9728,6955,a2e8,92b1,7fbe,c1e6,
9729,6155,a2e8,92b1,7fbe,4bcc,
9730,6155,a2e8,92b1,7fbe,9bd5,
9731,6155,a2e8,92b1,7fbe,be88,
9732,6955,a2e8,92b1,7fbe,493b,
9733,6155,a2e8,92b1,7fbe,40d7,
9734,6155,a2e8,92b1,7fbe,2a78,
9735,6155,a2e8,92b1,7fbe,1271,
9736,6155,a2e8,92b1,7fbe,b22a,
9737,6155,a2e8,92b1,7fbe,8689,
9738,6155,a2e8,92b1,7fbe,600c,
9739,e175,a2e8,92b1,7fbe,8f84,
9740,6155,a2e8,92b1,7fbe,97da,
9741,6155,a2e8,92b1,7fbe,5b76,
9742,5957,b2e8,92b1,7fbe,989a,
9743,0000,a2e8,edec,7fbe,7f5d,
9744,6155,a2e8,92b1,7fbe,488d,
9745,6155,a2e8,92b1,7fbe,dbc5,
9746,6155,a2e8,92b1,7fbe,fdc9,
9747,6155,a2e8,92b1,7fbe,03e1,
9748,6155,a2e8,92b1,7fbe,260a,
9749,81fd,a2e8,3eac,7fbe,ac1d,
9750,6155,a2e8,92b1,7fbe,b26c,
9751,6155,a2e8,92b1,7fbe,d52d,
9752,6155,a2e8,92b1,7fbe,640b,
9753,71d7,82e8,82b1,7fbe,9f1d,
9754,6955,a2e8,92b1,7fbe,5a42,
9755,6155,a2e8,92b1,7fbe,02b6,
9756,6155,a2e8,92b1,7fbe,7eac,
9757,6155,a2e8,92b1,7fbe,9311,
9758,6155,a2e8,92b1,7fbe,85ad,
9759,6155,a2e8,92b1,7fbe,9df0,
9760,6155,a2e8,92b1,7fbe,abc6,
9761,6115,a2e8,92b1,7fbe,dfaf,
9762,6155,a2e8,92b1,7fbe,b6e9,
9763,6155,a2e8,92b1,7fbe,506f,
9764,6155,a2e8,92b1,7fbe,e9c0,
9765,6155,a2e8,92b1,7fbe,3f19,
9766,6115,a2e8,92b1,7fbe,e1e3,
9767,6155,a2e8,92b1,7fbe,ebee,
9768,6155,a2e8,92b1,7fbe,0895,
9769,6175,a2e8,92b1,7fbe,4303,
9770,6155,a2e8,92b1,7fbe,4af6,
9771,69f4,a2a8,92b1,7fbe,44c6,
9772,6155,a2e8,92b1,7fbe,cc18,
9773,6974,a2ec,92b3,7fbe,9b0d,
9774,59db,b2ec,92b1,7fbe,8fd9,
9775,6155,a2e8,92b1,7fbe,a538,
9776,6155,a2e8,92b1,7fbe,5a2f,
9777,6155,a2e8,92b1,7fbe,ef6b,
9778,6155,a2e8,92b1,7fbe,0650,
9779,3157,b2e8,92b1,7fbe,b2d6,
9780,6155,a2e8,92b1,7fbe,c294,
9781,6155,a2e8,92b1,7fbe,21b8,
9782,6155,a2e8,92b1,7fbe,cf8a,
9783,6155,a2e8,92b1,7fbe,02c1,
9784,41d8,aae6,92b5,7fbe,eec9,
9785,6155,a2e8,92b1,7fbe,ad75,
9786,6155,a2e8,92b1,7fbe,4556,
9787,6155,a2e8,92b1,7fbe,52e2,
9788,6155,a2e8,92b1,7fbe,7551,
9789,6155,a2e8,92b1,7fbe,52bc,
9790,41d7,b2e8,92b1,7fbe,3671,
9791,6155,a2e8,92b1,7fbe,7a60,
9792,6155,a2e8,92b1,7fbe,35d7,
9793,6155,a2e8,92b1,7fbe,8447,
9794,6355,a2e8,92b1,7fbe,5dc5,
9795,6155,a2e8,92b1,7fbe,9bc3,
9796,6155,a2e8,92b1,7fbe,29a6,
9797,6267,a2e8,128c,7fbe,803d,
9798,6155,a2e8,92b1,7fbe,2c63,
9799,0000,a2e8,9b59,7fbe,09e8,
9800,6155,a2e8,92b1,7fbe,0bc7,
9801,0000,50ea,3603,7fbe,8166,
9802,6355,a2e8,92b1,7fbe,c0fc,
9803,6155,a2e8,92b1,7fbe,65c4,
9804,6155,a2e8,92b1,7fbe,a497,
9805,300c,a4d2,96a0,7fbe,09f1,
9806,6155,a2e8,92b1,7fbe,7e92,
9807,6155,a2e8,92b1,7fbe,4c60,
9808,6155,a2e8,92b1,7fbe,de0c,
9809,6155,a2e8,92b1,7fbe,562a,
9810,6155,a2e8,92b1,7fbe,2ae4,
9811,6155,a2e8,92b1,7fbe,2e0b,
9812,6155,a2e8,92b1,7fbe,560b,
9813,6196,a2a8,92b1,7fbe,dffe,
9814,6155,a2e8,92b1,7fbe,fa30,
9815,7155,a2e8,92b1,7fbe,077f,
9816,61d5,a2e8,92b1,7fbe,cb50,
9817,6155,a2e8,92b1,7fbe,d7c3,
9818,f4a0,a2e8,aff5,7fbe,3d44,
9819,6155,a2e8,92b1,7fbe,50fa,
9820,6155,a2e8,92b1,7fbe,bdb8,
9821,6155,a2e8,92b1,7fbe,b377,
9822,6155,a2e8,92b1,7fbe,2bd5,
9823,0000,82a5,92b1,7fbe,4ecf,
9824,6155,a2e8,92b1,7fbe,0bb0,
9825,6155,a2e8,92b1,7fbe,0a80,
9826,6155,a2e8,92b1,7fbe,6faa,
9827,6155,a2e8,92b1,7fbe,0567,
9828,6155,a2e8,92b1,7fbe,578e,
9829,61d7,a2e8,92b1,7fbe,723b,
9830,6155,a2e8,92b1,7fbe,5c08,
9831,7155,a2e8,92b1,7fbe,e36c,
9832,1817,e0e8,b031,7ebe,e614,
9833,6155,a2e8,92b1,7fbe,9ba3,
9834,6115,a2e8,92b1,7fbe,8a32,
9835,6451,a2e8,92b1,7fbe,ada4,
9836,6155,a2e8,92b1,7fbe,96d0,
9837,6155,a2e8,92b1,7fbe,eab0,
9838,6155,a2e8,92b1,7fbe,5891,
9839,6145,a2e8,92b1,7fbe,7c77,
9840,4955,b2e8,92b1,7fbe,cd2f,
9841,6155,a2e8,92b1,7fbe,c143,
9842,0000,b6ec,92b1,7fbe,e99d,
9843,6155,a2e8,92b1,7fbe,5016,
9844,6155,a2e8,92b1,7fbe,1df4,
9845,6155,a2e8,92b1,7fbe,e6dc,
9846,0000,02eb,92b1,7fbe,81ca,
9847,6155,a2e8,92b1,7fbe,fd91,
9848,6155,a2e8,92b1,7fbe,1a81,
9849,8140,ca70,9e81,7fbe,fef8,
9850,6155,a2e8,92b1,7fbe,66bd,
9851,6115,a2a8,92b1,7fbe,1728,
9852,0000,e2a8,92b1,7fbe,0c8d,
9853,6155,a2e8,92b1,7fbe,12d3,
9854,6155,a2e8,92b1,7fbe,84c6,
9855,6155,a2e8,92b1,7fbe,1824,
9856,6155,a2e8,92b1,7fbe,d22d,
9857,a155,a2e8,92b1,7fbe,daf7,
9858,6155,a2e8,92b1,7fbe,53a3,
9859,6155,a2e8,92b1,7fbe,beca,
9860,6155,a2e8,92b1,7fbe,1b09,
9861,6155,a2e8,92b1,7fbe,f60c,
9862,69d5,a2a8,92b1,7fbe,abe9,
9863,7155,a2e8,92b1,7fbe,8340,
9864,6155,a2e8,92b1,7fbe,93c6,
9865,6155,a2e8,92b1,7fbe,0b81,
9866,6155,a2e8,92b1,7fbe,00ed,
9867,61d5,a2e8,92b1,7fbe,14f1,
9868,f273,a2e8,9697,7fbe,0426,
9869,7155,a2e8,92b1,7fbe,e773,
9870,6155,a2e8,92b1,7fbe,9ecf,
9871,6155,a2e8,92b1,7fbe,8473,
9872,6175,a2e8,92b1,7fbe,fbff,
9873,6155,a2e8,92b1,7fbe,557d,
9874,6155,a2e8,92b1,7fbe,244e,
9875,6155,a2e8,92b1,7fbe,ab1c,
9876,6155,a2e8,92b1,7fbe,8043,
9877,6155,a2e8,92b1,7fbe,5b17,
9878,6155,a2e8,92b1,7fbe,6cf7,
9879,6155,a2e8,92b1,7fbe,5d23,
9880,6155,a2e8,92b1,7fbe,3f33,
9881,7119,a260,92b5,7fbe,28b0,
9882,6155,a2e8,92b1,7fbe,cac4,
9883,6155,a2e8,92b1,7fbe,6876,
9884,6155,a2e8,92b1,7fbe,143e,
9885,7155,a2e8,92b1,7fbe,0887,
9886,6175,a2e8,92b1,7fbe,a187,
9887,5957,b2e8,92b1,7fbe,612c,
9888,6155,a2e8,92b1,7fbe,15fb,
9889,6155,a2e8,92b1,7fbe,1349,
9890,6155,a2e8,92b1,7fbe,42c8,
9891,6155,a2e8,92b1,7fbe,2745,
9892,0000,c669,92b1,7fbe,8cd2,
9893,7155,a2e8,92b1,7fbe,369b,
9894,6115,a2e8,92b1,7fbe,d51a,
9895,6155,a2e8,92b1,7fbe,3f91,
9896,6155,a2e8,92b1,7fbe,2c2f,
9897,49d7,b2e8,92b1,7fbe,5fd4,
9898,6155,a2e8,92b1,7fbe,b415,
9899,0000,a2e8,a664,7fbe,34d5,
9900,6155,a2e8,92b1,7fbe,84f3,
9901,6155,a2e8,92b1,7fbe,d588,
9902,b4d7,a2e8,92b1,7fbe,d582,
9903,6175,a2e8,92b1,7fbe,6d69,
9904,6155,a2e8,92b1,7fbe,fbc2,
9905,0000,92e0,92b1,7fbe,30e2,
9906,6055,a2e8,92b1,7fbe,b343,
9907,6155,a2e8,92b1,7fbe,e5b9,
9908,0000,b6ea,92b1,7fbe,f732,
9909,6155,a2e8,92b1,7fbe,9e48,
9910,6155,a2e8,92b1,7fbe,ce67,
9911,6155,a2e8,92b1,7fbe,e14c,
9912,6155,a2e8,92b1,7fbe,d63a,
9913,7155,a2e8,92b1,7fbe,5a58,
9914,6155,a2e8,92b1,7fbe,bc89,
9915,7051,a2e8,92b1,7fbe,b780,
9916,4074,cd58,b21b,7fbe,6b20,
9917,6155,a2e8,92b1,7fbe,a02c,
9918,6154,a2e8,92b1,7fbe,4339,
9919,6155,a2e8,92b1,7fbe,9e38,
9920,6155,a2e8,92b1,7fbe,ab15,
9921,6155,a2e8,92b1,7fbe,0650,
9922,6155,a2e8,92b1,7fbe,f57a,
9923,6155,a2e8,92b1,7fbe,345d,
9924,6155,a2e8,92b1,7fbe,ee07,
9925,6155,a2e8,92b1,7fbe,9771,
9926,6155,a2e8,92b1,7fbe,dfbc,
9927,6155,a2e8,92b1,7fbe,f64e,
9928,6355,a2e8,92b1,7fbe,65c1,
9929,6155,a2e8,92b1,7fbe,9d2a,
9930,6155,a2e8,92b1,7fbe,4442,
9931,6155,a2e8,92b1,7fbe,9508,
9932,6155,a2e8,92b1,7fbe,b46d,
9933,6155,a2e8,92b1,7fbe,a1d1,
9934,6155,a2e8,92b1,7fbe,f953,
9935,7155,a2e8,92b1,7fbe,8e46,
9936,6155,a2e8,92b1,7fbe,3768,
9937,6155,a2e8,92b1,7fbe,d16c,
9938,6155,a2e8,92b1,7fbe,2f3b,
9939,6545,a2e8,92b1,7fbe,cf9b,
9940,6115,a2e8,92b1,7fbe,8556,
9941,4155,a2e8,92b1,7fbe,3b9d,
9942,6955,a2e8,92b1,7fbe,23a1,
9943,6155,a2e8,92b1,7fbe,8051,
9944,e155,a2e8,92b1,7fbe,c806,
9945,6155,a2e8,92b1,7fbe,b68e,
9946,6155,a2e8,92b1,7fbe,6f3d,
9947,61d5,a2a8,92b1,7fbe,f827,
9948,60d7,a5fc,90b9,7fbe,5db9,
9949,6355,a2e8,92b1,7fbe,6c23,
9950,6155,a2e8,92b1,7fbe,bb31,
9951,6155,a2e8,92b1,7fbe,b6f4,
9952,6155,a2e8,92b1,7fbe,3e12,
9953,6155,a2e8,92b1,7fbe,f4fc,
9954,6155,a2e8,92b1,7fbe,f3e8,
9955,61d5,a2a8,92b1,7fbe,bae0,
9956,0000,a2e8,e8ed,7fbe,7a5c,
9957,6155,a2e8,92b1,7fbe,c26c,
9958,6155,a2e8,92b1,7fbe,7b63,
9959,6155,a2e8,92b1,7fbe,10a6,
9960,6155,a2e8,92b1,7fbe,4559,
9961,6155,a2e8,92b1,7fbe,3cb7,
9962,6155,a2e8,92b1,7fbe,3caf,
9963,6155,a2e8,92b1,7fbe,a27e,
9964,6155,a2e8,92b1,7fbe,1bd3,
9965,6155,a2e8,92b1,7fbe,589b,
9966,c3ef,a2e8,1730,7fbe,8581,
9967,6155,a2e8,92b1,7fbe,0dcb,
9968,6155,a2e8,92b1,7fbe,f58c,
9969,6155,a2e8,92b1,7fbe,8728,
9970,6155,a2e8,92b1,7fbe,6917,
9971,6155,a2e8,92b1,7fbe,97c3,
9972,6155,a2e8,92b1,7fbe,6cf2,
9973,6155,a2e8,92b1,7fbe,fdfb,
9974,6155,a2e8,92b1,7fbe,f740,
9975,2104,a2ca,92b0,7fbe,71c8,
9976,7915,aae8,92b1,7fbe,13bf,
9977,6155,a2e8,92b1,7fbe,af93,
9978,6155,a2e8,92b1,7fbe,87e7,
9979,6155,a2e8,92b1,7fbe,86f1,
9980,6155,a2e8,92b1,7fbe,caad,
9981,0000,fb7a,97e5,7fbe,5b2e,
9982,6011,a2e8,92b1,7fbe,b9c5,
9983,6155,a2e8,92b1,7fbe,5556,
9984,6155,a2e8,92b1,7fbe,e48f,
9985,6115,a2e8,92b1,7fbe,29f1,
9986,6955,a2e8,92b1,7fbe,713e,
9987,6355,a2e8,92b1,7fbe,0d28,
9988,6155,a2e8,92b1,7fbe,49d5,
9989,0000,7d92,9273,7fbe,d6be,
9990,4117,b2e8,92b1,7fbe,fc7d,
9991,6155,a2e8,92b1,7fbe,5014,
9992,6184,aa08,92f1,7fbe,8d1f,
9993,0000,c5e3,9c23,7fbe,39ef,
9994,6155,a2e8,92b1,7fbe,4929,
9995,6155,a2e8,92b1,7fbe,331f,
9996,6155,a2e8,92b1,7fbe,93c4,
9997,7155,a2e8,92b1,7fbe,d86b,
9998,61d5,a2a8,92b1,7fbe,7c5d,
9999,6115,a2e8,92b1,7fbe,dfcc,
10000,6155,a2e8,92b1,7fbe,74a3,
