trial,k28,k29,k30,k31,sfll,
1,6155,a2e8,92b1,7fbe,b2f6,
2,1359,a5e8,90b1,7fbe,7a0c,
3,6145,a2e8,92b1,7fbe,19c9,
4,6110,a2ea,92b1,7fbe,9ccd,
5,7155,a2e8,92b1,7fbe,1a3c,
6,6155,a2e8,92b1,7fbe,110b,
7,6155,a2e8,92b1,7fbe,d902,
8,615d,a2e8,92b1,7fbe,9b02,
9,7934,1084,20dd,7fbe,b26c,
10,6915,a2e8,92b1,7fbe,e1a3,
11,6115,a2e8,92b1,7fbe,5275,
12,0000,7f2e,b291,7fbe,99a6,
13,0000,49f4,9299,7fbe,eb6c,
14,0000,86d8,b6b1,7fbe,4c34,
15,6155,a2e8,92b1,7fbe,92e2,
16,0000,4ad2,7a8b,7fbe,e83a,
17,6155,a2e8,92b1,7fbe,8944,
18,6155,a2e8,92b1,7fbe,31fd,
19,6115,a2e8,92b1,7fbe,6cd0,
20,6155,a2e8,92b1,7fbe,5731,
21,0000,a2a1,42b2,7fbe,d003,
22,19e3,a2e8,0b91,7fbe,9920,
23,e155,a2e8,92b1,7fbe,b785,
24,631d,e2f4,b2b9,7fbe,1c48,
25,ed15,bae9,9ab1,7fbe,795b,
26,97ac,a2e8,92b1,7fbe,f6e9,
27,6145,a2e8,92b1,7fbe,eb51,
28,6155,a2e8,92b1,7fbe,2916,
29,cb3a,a2e8,92b1,7fbe,aa6f,
30,6515,a2e8,92b1,7fbe,8222,
31,5b5d,a2e8,92b1,7fbe,7a08,
32,6057,a2e8,92b1,7fbe,d335,
33,6115,a2e8,92b1,7fbe,d015,
34,7157,a2e8,92b1,7fbe,1c77,
35,e052,91e8,9bb1,7fbe,ede0,
36,2145,a2e8,92b1,7fbe,7dc9,
37,61d5,a2e8,92b1,7fbe,8acf,
38,6155,a2e8,92b1,7fbe,1199,
39,6155,a2e8,92b1,7fbe,3eb4,
40,7155,a2e8,92b1,7fbe,29b0,
41,557f,c268,d2b1,5fbe,04ff,
42,3051,a2e8,92b1,7fbe,79cd,
43,4fa4,a2e8,92b1,7fbe,2eb1,
44,77f6,e6e8,90b1,7fbe,c068,
45,7551,a2e8,92b1,7fbe,446e,
46,6155,a2e8,92b1,7fbe,f4dd,
47,0000,7b69,9a32,7fbe,d886,
48,0000,aa4a,92f1,7fbe,5a45,
49,fe93,a2e8,92b1,7fbe,87c6,
50,a145,a2e8,92b1,7fbe,583c,
51,0545,82ea,82b1,7fbe,35e0,
52,2155,a2e8,92b1,7fbe,50d2,
53,2545,a2e8,7f3e,7fbe,ed8f,
54,089c,a2e8,92b1,7fbe,69c9,
55,0000,6441,dbad,7fbe,1d18,
56,6157,a2e8,92b1,7fbe,91fc,
57,6341,a2e8,92b1,7fbe,3b09,
58,d1d1,a2e8,92b1,7fbe,b084,
59,3fad,a2e8,1eb2,7fbe,8c03,
60,1cef,a2e8,92b1,7fbe,6fba,
61,6155,a2e8,92b1,7fbe,680d,
62,2151,a2e8,92b1,7fbe,d5fd,
63,3626,a6c9,92b1,7fbe,ad3e,
64,0409,c201,91b5,7fbe,2761,
65,693d,a6a8,9291,7fbe,b97e,
66,6157,a2e8,92b1,7fbe,56d2,
67,6115,a2e8,92b1,7fbe,3cee,
68,7155,a2e8,92b1,7fbe,8ebe,
69,ad7d,a2e8,34d9,7fbe,a668,
70,6155,a2e8,92b1,7fbe,a468,
71,6155,a2e8,92b1,7fbe,6457,
72,2155,82e0,92b5,7fbe,4720,
73,6740,a2e8,59db,7fbe,cb6a,
74,7151,a2e8,92b1,7fbe,d000,
75,19e3,c83a,f863,7fbe,6ad2,
76,0000,f7c8,d7b1,7fbe,4d00,
77,6155,a2e8,92b1,7fbe,bcf1,
78,117e,e2e8,92b1,7fbe,5458,
79,73eb,a2e8,92b1,7fbe,9296,
80,6955,a2e8,92b1,7fbe,ba9f,
81,6155,a2e8,92b1,7fbe,f033,
82,2155,a2e8,92b1,7fbe,a1f4,
83,7155,a2e8,92b1,7fbe,429e,
84,61d7,a2e8,92b1,7fbe,c812,
85,fc89,a2e8,92b1,7fbe,9ddc,
86,f4f7,a2e8,0ddd,7fbe,9f6c,
87,6155,a2e8,92b1,7fbe,dc86,
88,6155,a2e8,92b1,7fbe,ce12,
89,0000,1033,92a3,7fbe,b0bf,
90,0000,f600,1098,7fbe,9d93,
91,a0ed,a6e8,90b1,7fbe,6eaa,
92,7755,a2e8,92b1,7fbe,2600,
93,6155,a2e8,92b1,7fbe,5bad,
94,5535,02a6,d2b3,7fbe,1e55,
95,4e53,f2f0,b2b9,7fbe,823b,
96,ba9f,aaea,149a,7fbe,862b,
97,0000,f36d,c934,7fbe,5b85,
98,615f,a2e8,92b1,7fbe,8818,
99,2f12,0cec,83b5,7fbe,9c8e,
100,9202,22e9,12b1,7fbe,7b31,
101,6155,a2e8,92b1,7fbe,11ef,
102,0d24,a2e8,03ca,7fbe,917b,
103,61d5,a2e8,92b1,7fbe,60ac,
104,411c,a2e8,92b1,7fbe,10f9,
105,3155,a2e8,92b1,7fbe,94ea,
106,0000,4baf,9131,7fbe,cd47,
107,f25d,8388,923b,7fba,bb79,
108,0c5b,a2e8,3f0a,7fbe,adbb,
109,6135,a2e8,92b1,7fbe,a5ed,
110,6355,a2e8,92b1,7fbe,aba3,
111,fd2c,a2e8,b04e,7fbe,22ff,
112,5041,c288,b291,7fbe,aaa2,
113,6db2,92ea,82b1,7fbe,494d,
114,6155,a2e8,92b1,7fbe,e01f,
115,4a80,9be6,d2b5,5fbe,1113,
116,0000,0c2e,6059,5fbe,a363,
117,6175,a2e8,92b1,7fbe,2b14,
118,0000,f815,b2b8,7fbe,1aea,
119,3157,a2e8,92b1,7fbe,e73f,
120,0000,5fdc,b2c0,7f9e,1e91,
121,0000,9f4d,96b0,7fbe,3187,
122,4ff3,a2e8,a701,7fbe,35b0,
123,593d,a2c8,92b1,7fbe,d95b,
124,c121,a2e8,ac96,7fbe,3e27,
125,0000,386b,82b1,7fbe,ba81,
126,26c1,60c8,d2a1,7fbe,4f66,
127,b2ec,a3e8,92b1,7fbe,cfcc,
128,6555,a2e8,92b1,7fbe,f9ae,
129,e3d7,a2e8,ef2a,7fbe,7d9b,
130,0000,61a1,ed8f,7fbe,7f3e,
131,2114,a2e8,92b1,7fbe,7d52,
132,ab54,a6a8,9291,7fbe,ed4f,
133,e155,a2e8,92b1,7fbe,2045,
134,615d,a2e8,92b1,7fbe,400a,
135,0000,2882,98f9,7fbe,0a49,
136,37c3,a2c0,92a1,7fbe,94a9,
137,e3ad,1724,9231,7fbe,b4cc,
138,0000,157c,207f,7fbe,12c7,
139,9d85,ae89,9251,7ffe,5888,
140,61d7,a2e8,92b1,7fbe,6b82,
141,6828,e6e8,90b1,7fbe,0f5d,
142,0000,062f,96b4,7fbe,a4e8,
143,e155,a2e8,92b1,7fbe,2424,
144,812d,a2e8,92b1,7fbe,f03c,
145,0000,192c,9ef2,7fbe,2b03,
146,a7de,a2e8,92b1,7fbe,c68f,
147,e157,a2e8,92b1,7fbe,75a9,
148,6155,a2e8,92b1,7fbe,10f5,
149,4143,d74a,e713,7fbe,75a2,
150,0000,d524,6759,7fbe,f5e8,
151,6055,a2e8,92b1,7fbe,282b,
152,6175,a2e8,92b1,7fbe,e669,
153,6155,a2e8,92b1,7fbe,c323,
154,eb73,a2e8,3f60,7fbe,add1,
155,30fc,2ac8,96a1,7fbe,c77d,
156,4114,a2e8,92b1,7fbe,2230,
157,8213,6260,5219,7fbe,c0b8,
158,0000,56da,ba1b,7fbe,a448,
159,6155,a2e8,92b1,7fbe,7c69,
160,2c47,a2c8,81a1,7fbe,1310,
161,0000,88f8,a0bd,7ebe,7ce1,
162,7155,a2e8,92b1,7fbe,dc8b,
163,419d,a2e8,92b1,7fbe,f110,
164,0000,30cc,d2a1,7fbe,c26f,
165,6155,a2e8,92b1,7fbe,f30a,
166,e6b9,8260,2451,7fbe,b6e0,
167,0000,a2e8,bf1f,7fbe,2dae,
168,6155,a2e8,92b1,7fbe,e43a,
169,2554,a2e8,cfc4,7fbe,5d75,
170,5155,a2e8,92b1,7fbe,9ea9,
171,6155,a2e8,92b1,7fbe,b3b6,
172,e915,a2e8,92b1,7fbe,7a95,
173,6155,a2e8,b4e9,7fbe,2658,
174,6155,a2e8,92b1,7fbe,fba2,
175,e835,a2e0,92b5,7fbe,3d28,
176,6155,a2e8,92b1,7fbe,26b0,
177,0000,7639,d1a9,7fbe,71e9,
178,1d57,aaee,5b75,7fbe,c9c4,
179,6955,a2e8,92b1,7fbe,5c7a,
180,6540,a2e8,c825,7fbe,5a94,
181,7c78,a2e8,67d7,7fbe,f566,
182,48c0,8ae0,c2b1,5fbe,b955,
183,783e,a2e8,1bb0,7fbe,8901,
184,0000,2ad6,a6b1,7fbe,e11a,
185,6155,a2e8,92b1,7fbe,31e1,
186,0000,111b,2142,7fbe,b3f3,
187,6155,a2e8,92b1,7fbe,5945,
188,6154,a2e8,92b1,7fbe,426a,
189,a092,a2e8,92b1,7fbe,d0cf,
190,6115,a2e8,92b1,7fbe,1c84,
191,2155,a2e8,92b1,7fbe,e19c,
192,0000,d1a3,9232,7fbf,69e8,
193,2105,a2e8,92b1,7fbe,6492,
194,30c5,a2e8,fc9b,7fbe,6e2a,
195,6115,a2e8,92b1,7fbe,5661,
196,6155,a2e8,92b1,7fbe,21bd,
197,6755,a2e8,92b1,7fbe,f36e,
198,c0eb,ed61,92b1,7fbe,4f89,
199,6115,a2e8,92b1,7fbe,7357,
200,08c3,d3e8,b231,7fbe,ea9b,
201,6155,a2e8,92b1,7fbe,9e65,
202,6116,a2e8,92b1,7fbe,8fbf,
203,6155,a2e8,92b1,7fbe,7cc5,
204,0000,b464,00b1,7fbe,718d,
205,6114,a2e8,92b1,7fbe,c39a,
206,7111,a2e8,92b1,7fbe,c0f0,
207,41d1,a2e8,92b1,7fbe,8e97,
208,0000,188d,06c3,7fbe,9472,
209,9175,2425,147c,7fbe,86cd,
210,4055,a2e8,92b1,7fbe,31eb,
211,113c,a2ed,92b1,7fbe,664e,
212,a588,a2e8,92b1,7fbe,c49d,
213,6015,a2e8,92b1,7fbe,3c08,
214,4555,22e9,12b1,7fbe,330a,
215,68f6,a2e8,c71b,7fbe,55aa,
216,2357,a2e8,92b1,7fbe,15fa,
217,6815,a2e8,68ea,7fbe,fa5b,
218,6155,a2e8,92b1,7fbe,9dc4,
219,f6e6,a2e8,92b1,7fbe,95b3,
220,bb8e,8371,9a91,7fbe,71f8,
221,58e1,aee8,96b1,7fbe,5fbd,
222,43be,e3c6,1ab1,7fbe,512f,
223,c1cd,a698,9291,7fbe,8d51,
224,5a77,a2e8,92b1,7fbe,3b22,
225,7155,a2e8,92b1,7fbe,ba7f,
226,6955,a2e8,92b1,7fbe,b7ec,
227,304f,a2ec,92b1,7fbe,4196,
228,7b74,a2e8,6e35,7fbe,fc84,
229,0000,a2e8,e9e8,7fbe,7b59,
230,6c1a,a2e8,92b1,7fbe,090f,
231,b96f,a2e8,92b1,7fbe,ccba,
232,db15,a2e8,fe55,7fbe,6ce4,
233,b8ad,3800,c2f1,77be,5c69,
234,6115,a2e8,92b1,7fbe,8e23,
235,3337,a2e8,aa51,7fbe,38e0,
236,0000,8916,18bb,7fbe,3df8,
237,2000,a2e8,6c17,7fbe,fea6,
238,b71d,cb33,b690,7fbe,11b8,
239,6157,a2e8,92b1,7fbe,379d,
240,6155,a2e8,92b1,7fbe,54e7,
241,097d,a2e8,92b1,7fbe,b36b,
242,0000,e26a,b06c,7fbe,22dd,
243,6555,a2e8,92b1,7fbe,8d05,
244,ad6f,a2e8,92b1,7fbe,cc3a,
245,5098,a068,93b1,7fbe,d219,
246,6155,a2e8,92b1,7fbe,330c,
247,6175,a2e8,92b1,7fbe,2965,
248,3057,a2e8,1b73,7fbe,89c2,
249,6155,a2e8,92b1,7fbe,e168,
250,41df,7d83,45da,7fbe,d76b,
251,0000,b84e,9611,7fbe,8166,
252,0000,a2a8,8995,7fbe,1b24,
253,7d04,a2e8,1935,7fbe,8b84,
254,603c,a2e8,5e2c,7fbe,cc9d,
255,6960,82e8,82b1,7fbe,a79b,
256,0000,4b07,71b9,7fbe,cce6,
257,7155,a2e8,92b1,7fbe,9e70,
258,0000,b32d,92b1,7fbe,4075,
259,0000,73d6,3091,7fbe,964a,
260,6115,a2e8,92b1,7fbe,1a1c,
261,0000,2175,13b3,7fbe,21db,
262,6155,a2e8,92b1,7fbe,0f96,
263,7111,a2e8,92b1,7fbe,efe4,
264,efa6,22c8,be03,7fbe,2cb2,
265,69a0,a248,92f1,7fbe,eabd,
266,7155,a2e8,92b1,7fbe,d826,
267,a996,3805,085c,7fbe,9aed,
268,7555,a2f9,12b1,7fbe,085d,
269,4fda,82f2,a2b5,7fbe,5094,
270,6155,a2e8,92b1,7fbe,a548,
271,5351,a2e8,92b1,7fbe,226e,
272,8c38,5a22,b2b4,7fbe,25ad,
273,423f,a2e8,92b1,7fbe,236a,
274,646d,a2e8,fbb9,7fbe,6908,
275,6155,a2e8,92b1,7fbe,4081,
276,6151,a2e8,92b1,7fbe,2914,
277,4055,a2e8,92b1,7fbe,26a1,
278,6155,a2e8,92b1,7fbe,11b7,
279,6490,826e,f2b5,5fbe,f9e7,
280,6955,a2e8,92b1,7fbe,3a8b,
281,6157,a2e8,92b1,7fbe,8edb,
282,8015,b2e8,2792,7fbe,b523,
283,0000,cae7,b2bd,7fba,1ba4,
284,6155,a2e8,92b1,7fbe,b394,
285,d7d5,a2e8,92b1,7fbe,a680,
286,da1f,a2e8,92b1,7fbe,fa4a,
287,6155,a2e8,92b1,7fbe,e3b3,
288,ab6f,a0e0,563c,7fbe,c48d,
289,b123,a2e8,92b1,7fbe,d076,
290,70b7,a2a8,92b1,7fbe,dd1e,
291,6219,2af8,92b1,7fbe,7643,
292,e155,a2e8,92b1,7fbe,9502,
293,f1d6,a329,9231,7fbe,9317,
294,c3fd,a2e8,38f1,7fbe,aa40,
295,0033,5a4c,93b5,7fbe,fb2c,
296,8d00,7497,55ca,7fbe,c77b,
297,0000,ee5f,ae07,7fbe,a12c,
298,fc96,ece4,98b9,7bbe,9a47,
299,6157,a2e8,92b1,7fbe,f7b5,
300,f9f5,a2a8,92b1,7fbe,f2d4,
301,0000,864b,f22d,7fbe,a717,
302,6157,a2e8,92b1,7fbe,da8d,
303,2055,a2e8,92b1,7fbe,f7d1,
304,6155,a2e8,92b1,7fbe,9fcf,
305,7bf9,8268,fd9b,7fbe,6f2a,
306,1350,a2e9,dab8,7fbe,4809,
307,2155,a2e8,92b1,7fbe,90fc,
308,6115,a2e8,92b1,7fbe,4037,
309,6965,a2c8,92b1,7fbe,0c00,
310,0000,b2ec,6939,7fbe,fb88,
311,0018,eeab,def2,7fbe,4c43,
312,e9b5,a2e8,1f0d,7fbe,8dbc,
313,e231,a2e8,9c9d,7fbe,0e2c,
314,1316,f366,9af1,7fbe,494e,
315,e5de,a2e8,92b1,7fbe,c40b,
316,c337,a2e8,8d45,7fbe,1ff4,
317,615d,a2e8,92b1,7fbe,9a41,
318,6115,a2e8,92b1,7fbe,c681,
319,0000,b8e0,1c9a,7fbe,e2b7,
320,e155,e2f0,92b9,7fbe,92b2,
321,0000,97ab,c2b9,5fbe,92df,
322,3db1,a2e8,92b1,7fbe,1db4,
323,610d,a2e8,0010,7fbe,92a1,
324,744d,f5a2,92b1,7fbe,574a,
325,8331,a2e8,f42f,7fbe,669e,
326,12b4,a2e8,92b1,7fbe,73e5,
327,2898,a2e8,92b1,7fbe,49cd,
328,0000,90e8,92b1,7fbe,c863,
329,f529,aa50,92b1,7fbe,08b8,
330,65e4,a2e8,2411,7fbe,b6a0,
331,0000,22e8,d2b1,7fbe,b464,
332,43d7,a2e8,92b1,7fbe,c69b,
333,61f5,a2e8,92b1,7fbe,cf9c,
334,0000,e6e9,12b1,7fbe,faca,
335,415d,a2e8,92b1,7fbe,7c70,
336,597c,b3aa,93b9,7fbe,125a,
337,6155,a2e8,92b1,7fbe,d9fd,
338,8031,a2e8,c8ea,7fbe,5a5b,
339,5457,a2e8,92b1,7fbe,3742,
340,6156,a2e8,92b1,7fbe,2871,
341,04b6,6061,0ed2,7fbe,247f,
342,0000,adfd,b2c1,7fbe,62e1,
343,6155,a2e8,92b1,7fbe,bdd7,
344,7a07,aee8,96b1,7fbe,4b18,
345,c154,a2e8,92b1,7fbe,aee1,
346,0000,6be1,5d82,7fbe,339e,
347,6135,a2e8,92b1,7fbe,ba18,
348,7155,a2e8,92b1,7fbe,8858,
349,740b,2eea,92e1,7f9e,ff10,
350,1907,02e8,d2b1,7fbe,6456,
351,0000,6a57,12a9,7fbe,4896,
352,0000,d3df,8621,7fbe,4c9d,
353,7d4e,a2e8,597f,7fbe,cbce,
354,297f,2ce8,96b1,7fbe,84be,
355,61d7,a2e8,92b1,7fbe,8a9a,
356,1155,82e8,92b1,7fbe,6204,
357,2155,a2e8,92b1,7fbe,9bec,
358,0985,87ba,92b1,7fbe,2552,
359,61d5,a2e8,92b1,7fbe,a7ae,
360,3155,a2e8,92b1,7fbe,57ce,
361,6155,a2e8,92b1,7fbe,9c6f,
362,61b5,a2e8,92b1,7fbe,bc35,
363,f305,a2e8,323d,7fbe,a08c,
364,7875,a2e8,9d14,7fbe,0fa5,
365,8731,82e0,9513,7fbe,07a2,
366,6145,a2e8,92b1,7fbe,fa55,
367,2864,02e8,d2b1,7fbe,0565,
368,e259,a2e8,1fcf,7fbe,8d7e,
369,7101,a269,92f0,7fbe,ec03,
370,6d57,a2e8,92b1,7fbe,eb3b,
371,659e,f2e8,b2b1,7fbe,53ca,
372,e110,a2e9,aab1,6fbe,9ce6,
373,58af,a2e8,92b1,7fbe,b9b3,
374,2175,a2e8,92b1,7fbe,3389,
375,5d16,267d,1ea4,7fbe,8c15,
376,1420,a2e8,3cb5,7fbe,ae04,
377,24ab,a2e8,b564,7fbe,27d5,
378,6155,a2e8,92b1,7fbe,53e9,
379,6155,a2e8,92b1,7fbe,72dd,
380,0000,b8e0,92b1,7fbe,42a5,
381,4555,a2e8,92b1,7fbe,8f6f,
382,0000,bffe,92bb,7fbe,1c02,
383,6155,a2e8,92b1,7fbe,bfad,
384,b6b5,a2e8,92b1,7fbe,d7e0,
385,6c51,a2e8,1804,7fbe,8ab5,
386,49dd,a2e8,92b1,7fbe,883d,
387,735d,a2e8,92b1,7fbe,243a,
388,2d05,a2e8,7dda,7fbe,ef6b,
389,0000,a791,9299,7fbe,720c,
390,0c56,a2e8,03f3,7fbe,9142,
391,6146,a2e8,92b1,7fbe,ce41,
392,e7df,b2f9,92b1,7fbe,7433,
393,41d5,a2e8,92b1,7fbe,7d81,
394,0000,b6e9,9ab1,7fbe,56e5,
395,6055,a2e8,92b1,7fbe,c7b6,
396,7545,a2e8,92b1,7fbe,7fa3,
397,f445,89c9,b990,7fbe,2b21,
398,d46d,936c,92b1,7fbe,7c11,
399,6155,a2e8,92b1,7fbe,9905,
400,6155,a2e8,92b1,7fbe,7302,
401,6bd5,a2e8,17c7,7fbe,8576,
402,0000,d29b,f29b,7fbe,b521,
403,d548,a2e8,54a8,7fbe,c619,
404,0000,4120,829d,7fbe,40b2,
405,578f,a2e8,92b1,7fbe,26da,
406,c96c,a2ea,92b0,7fbe,992c,
407,808e,a2e8,92b1,7fbe,71db,
408,7dd7,a2e8,bf8f,7fbe,2d3e,
409,e2c7,cbed,9299,7fbe,697d,
410,6955,a2e8,92b1,7fbe,f12c,
411,6957,a2e8,92b1,7fbe,7ec1,
412,a0d4,a2e8,cf6a,7fbe,5ddb,
413,e96f,a2e8,92b1,7fbe,a833,
414,0000,2c64,9b37,7fbe,ad07,
415,61f5,b2e8,92b1,7fbe,b238,
416,6115,a2e8,92b1,7fbe,d889,
417,0000,20e9,622a,7fbe,f09b,
418,4955,a2ac,92b3,7fbe,3e7c,
419,0000,a2ea,045e,7fbe,96ef,
420,0000,1e35,2e6c,7fbe,bcdd,
421,3479,a2e8,92b1,7fbe,551c,
422,7957,a2e8,92b1,7fbe,2c95,
423,0000,5d15,0891,7fbe,05aa,
424,a3c8,a2e8,92b1,7fbe,c28d,
425,6100,9281,02fd,7fbe,98f4,
426,68c2,aa68,92f1,7fbe,fbb3,
427,0000,3cd4,05bd,7fbe,529b,
428,11eb,e2e8,92b1,7fbe,91b7,
429,0000,1421,bab9,7fbe,e6d1,
430,fb5d,a2e8,92b1,7fbe,9a08,
431,6152,8ae8,82b1,7fbe,33b4,
432,0000,a2c8,7b3f,7fbe,e98e,
433,63dc,a2f8,92b1,7fbe,1c90,
434,240e,a2e8,92b1,7fbe,c55b,
435,6115,a2e8,92b1,7fbe,fc23,
436,3155,a2e8,92b1,7fbe,2988,
437,e8cb,aaea,b3ea,7fbe,215b,
438,0000,a2e8,cdaf,7fbe,5f1e,
439,934d,a2e8,92b1,7fbe,f218,
440,4527,e36c,b231,7fbe,c30b,
441,c518,c2e8,b2b1,7fbe,7873,
442,6320,a2e8,92b1,7fbe,02f5,
443,6155,a2e8,92b1,7fbe,3504,
444,0000,6eab,9233,7fbe,cd87,
445,ce51,a1e8,93b1,7fbe,625b,
446,424b,a2e8,3b53,7fbe,a9e2,
447,615f,a2e8,92b1,7fbe,e116,
448,19a9,a2e8,92b1,7fbe,79fc,
449,0000,e032,1a93,7fbe,52df,
450,344e,e302,50b1,7fbe,85e3,
451,f86f,a2a8,92b1,7fbe,91de,
452,6155,a2e8,92b1,7fbe,2043,
453,683d,a2e8,adb8,7fbe,3f09,
454,761d,a679,bab1,6fbe,b25a,
455,176d,80d0,d2b0,ffbe,031b,
456,6055,a2e8,92b1,7fbe,d428,
457,6375,a2e8,92b1,7fbe,dc24,
458,0000,20b8,92b1,7fbe,a5c3,
459,7917,a2ee,92b3,7fbe,f635,
460,7115,a2e8,92b1,7fbe,f943,
461,6b45,a2e8,92b1,7fbe,decc,
462,e03c,e3f9,b239,7fbe,68a3,
463,7549,a2e8,213a,7fbe,b38b,
464,63b4,b2a9,9ab1,7fbe,9a24,
465,6b75,a2e8,92b1,7fbe,1ae0,
466,4d1e,aaa8,92b1,7fbe,9420,
467,af30,b2e8,92b1,7fbe,b7a2,
468,0000,0a8c,a2b3,6fbe,2ecb,
469,6116,a2e8,92b1,7fbe,dc17,
470,0000,d8b9,86f9,7fbe,d607,
471,e335,a2e8,92b1,7fbe,244f,
472,6155,a2e8,92b1,7fbe,0b78,
473,6155,a2e8,92b1,7fbe,b552,
474,7de3,a2e0,92b1,7fbe,48a6,
475,6225,9262,82b5,7fbe,0b34,
476,0000,906a,8a3f,7fbe,1a54,
477,6155,a2e8,92b1,7fbe,6f5f,
478,28bf,a2e8,92b1,7fbe,49ea,
479,fe0b,b0e6,92b1,7fbe,8a40,
480,694f,a2e8,92b1,7fbe,67eb,
481,6055,a2e8,92b1,7fbe,a68e,
482,6155,a2e8,92b1,7fbe,85ff,
483,6055,a2e8,92b1,7fbe,37c3,
484,6155,a2e8,92b1,7fbe,a4b4,
485,0000,49f4,9299,7fbe,eb6c,
486,61d5,a2e8,92b1,7fbe,f531,
487,cefe,b714,b231,7fbe,447c,
488,e145,6b4f,92b1,7fbe,c9a7,
489,6195,a2e8,92b1,7fbe,34f4,
490,5898,81e8,93b1,7fbe,f65a,
491,6155,a2e8,92b1,7fbe,2f2e,
492,7145,a2e8,92b1,7fbe,9fe1,
493,2b33,a2e8,92b1,7fbe,5a66,
494,a3dd,62e0,d2b1,7fbe,0236,
495,793f,a2e8,92b1,7fbe,5d7a,
496,8a9a,a2ec,92b1,7fbe,c575,
497,61d5,a2e8,92b1,7fbe,bb86,
498,3341,22e8,92b1,7fbe,5d33,
499,62c8,a2e8,92b1,7fbe,13bd,
500,2917,a2e8,9ef8,7fbe,0c49,
501,0000,a2e2,92b5,7fbe,f372,
502,0000,2bb7,90b9,7fbe,8f4b,
503,c816,a2e8,b1c8,7fbe,2379,
504,9440,784b,92b1,7fbe,daa3,
505,cc20,68f8,d6a1,7fbe,f872,
506,808e,a2e8,92b1,7fbe,71db,
507,6055,a2e8,92b1,7fbe,f267,
508,2004,a2e8,8666,7fbe,14d7,
509,7071,a2e8,92b1,7fbe,9ccb,
510,0000,e2e8,d846,7fbe,4af7,
511,6154,a2e8,2ca5,7fbe,be14,
512,7955,a2e8,92b1,7fbe,a8f2,
513,0000,6999,98a5,7fbe,7f4b,
514,e645,e6e8,90b1,7fbe,f861,
515,6175,a2e8,92b1,7fbe,eaea,
516,6f2f,a2e8,92b1,7fbe,1c4e,
517,6355,a2e8,92b1,7fbe,18b6,
518,ab40,a0ca,96b0,7fbe,d2c9,
519,0000,258f,d2a1,7fbe,0747,
520,0000,baea,f62a,7fbe,a130,
521,7911,a2aa,92b1,7fbe,e8d7,
522,a570,220a,92f0,7fbe,8626,
523,0000,a2e8,ad97,7fbe,3f26,
524,2165,a2e8,92b1,7fbe,4ef8,
525,6155,a2e8,92b1,7fbe,e37a,
526,0000,ae0b,92b1,7fbe,dc6b,
527,3485,a6e8,90b1,7fbe,86bd,
528,d3ff,b4f8,b039,7fbe,3be7,
529,4b8c,a2e8,a02c,7fbe,329d,
530,7155,a2e8,92b1,7fbe,c8ba,
531,24d6,206d,1034,7fbe,8285,
532,7169,a2e8,0f31,7fbe,9d80,
533,0000,768d,a2b1,7fbe,b465,
534,3bef,a2e8,92b1,7fbe,4abe,
535,d055,28c1,d2b1,7fbe,0a29,
536,527c,4370,92b0,7fbe,61bb,
537,0000,b0a4,7853,7fbe,eae2,
538,0000,bd2e,91b5,7fbe,5a4e,
539,0000,f619,82b1,7fbe,64f3,
540,0000,83a9,92b1,7fbe,f9c1,
541,6191,a2e8,92b1,7fbe,8f7f,
542,6155,a2e8,92b1,7fbe,7e38,
543,0000,0068,92b1,7fbe,0644,
544,f39e,a2e8,c6bc,7fbe,540d,
545,2a02,b8e8,92b1,7fbe,6048,
546,6354,a2e8,92b1,7fbe,4e28,
547,6d5d,a2e8,92b1,7fbe,794b,
548,c2c8,a2e8,92b1,7fbe,a39f,
549,844f,dd8d,b235,7fbe,3e6d,
550,0000,db60,d3b1,7fbe,fb08,
551,e9f5,a6a8,9291,7fbe,4e6c,
552,6177,a2e8,92b1,7fbe,867d,
553,6355,a2e8,92b1,7fbe,eff6,
554,6365,a2e8,21a8,7fbe,b319,
555,5355,a2e8,92b1,7fbe,e2c9,
556,0000,7794,b239,7fbe,846c,
557,0000,03f2,e233,7fbe,6119,
558,9675,a2e8,92b1,7fbe,f761,
559,b08a,a0c8,92a1,7fbe,c0d9,
560,9ef9,a2e8,92b1,7fbe,ffa8,
561,6155,a2e8,92b1,7fbe,8949,
562,6155,a2e8,92b1,7fbe,caa3,
563,0000,dd3d,ed64,7fbe,7fd5,
564,6155,a2e8,92b1,7fbe,180f,
565,3389,a2e8,9a84,7fbe,0835,
566,71d1,a2e8,92b1,7fbe,1b59,
567,37e3,a2e8,92b1,7fbe,56f6,
568,ed36,a2e8,8082,7fbe,1233,
569,6d96,bb4c,9ab1,7fbe,01e4,
570,4135,a6a8,9291,7fbe,f27a,
571,6366,a2e9,23c9,7fbe,b178,
572,3802,a268,92f1,7fbe,cfdd,
573,ebb5,a6c8,9291,7fbe,f34c,
574,9ed1,a2e8,92b1,7fbe,efcc,
575,6157,a2e8,92b1,7fbe,f294,
576,6155,a2e8,92b1,7fbe,8ffa,
577,6154,a2e8,92b1,7fbe,31dd,
578,e355,a2e8,92b1,7fbe,2a95,
579,e027,5505,9371,7fbe,c44d,
580,6ff1,82e8,92b1,7fbe,4aa4,
581,0000,8fc8,9621,7fbe,5b8a,
582,7255,82e8,92b1,7fbe,90c1,
583,d6d2,a2e8,92b1,7fbe,97c7,
584,0000,b2b0,e337,7fbe,e39b,
585,7155,a2e8,92b1,7fbe,7870,
586,e3de,a2e8,92b1,7fbe,828b,
587,5151,a2e0,92b1,7fbe,959d,
588,6555,a2e8,92b1,7fbe,5a7f,
589,25c5,a2a8,92b1,7fbe,f8c4,
590,3d06,aaea,92b1,7fbe,a67e,
591,0000,5661,6638,7fbe,f489,
592,4f49,b2ec,d577,7fbe,47c6,
593,695d,a6a8,9291,7fbe,f1d4,
594,6a43,5383,92a1,7fbe,f14b,
595,6155,a2e8,92b1,7fbe,f887,
596,fd05,a2e8,7081,7fbe,e230,
597,7f4c,acc8,96a1,7fbe,bbf3,
598,b993,a2e8,6a6f,7fbe,f8de,
599,c37a,a2e8,92b1,7fbe,a22f,
600,6175,a2e8,92b1,7fbe,af57,
601,6155,a2e8,92b1,7fbe,8691,
602,0000,3548,0d11,7fbe,9fa0,
603,0000,e292,96cb,7fbe,067a,
604,0000,affd,9ab1,7fbe,0be6,
605,19a1,a8e8,b1e0,7fbe,2351,
606,3536,a2e8,92b1,7fbe,4463,
607,6145,a2e8,92b1,7fbe,4da6,
608,7155,a2e8,92b1,7fbe,0ad7,
609,7355,a2e8,92b1,7fbe,a4a6,
610,3259,22e0,d2b1,7fbe,41d2,
611,a144,a2e8,5d27,7fbe,cf96,
612,2b44,b2ab,92b3,7fbe,3298,
613,615d,a2e8,92b1,7fbe,9855,
614,6955,a2e8,92b1,7fbe,d3f0,
615,3ec4,e414,dba7,7fbe,150a,
616,6155,a2e8,92b1,7fbe,3abd,
617,0000,02c5,92b1,7fbe,a02d,
618,3265,e2e0,92b1,7fbe,e236,
619,41b5,a2e8,e993,7fbe,7b22,
620,a151,a2e8,997e,7fbe,0bcf,
621,6155,a2e8,92b1,7fbe,7c1c,
622,c8fb,a2e8,92b1,7fbe,a92e,
623,53cd,a2e8,ff04,7fbe,6db5,
624,82dc,a2e8,37a2,7fbe,a513,
625,7155,a2e8,92b1,7fbe,bede,
626,0000,b598,b2a1,7fbe,5554,
627,36b5,60e8,9751,7fbe,05e0,
628,0788,40d8,d2a1,7fbe,65a1,
629,f64f,a2e8,49f7,7fbe,db46,
630,0000,aa4a,92f1,7fbe,5a45,
631,0000,232e,fa31,6fbe,32d8,
632,0000,78d3,82a9,7fbe,d80b,
633,6996,a6c8,9271,7ffe,d88f,
634,6554,a2e8,92b1,7fbe,abff,
635,7155,a2e8,92b1,7fbe,53d3,
636,6754,22eb,92b0,7fbe,9298,
637,6155,a2e8,92b1,7fbe,6a12,
638,0000,5de2,6df3,7fbe,fe42,
639,7c5d,a2e8,9b18,7fbe,09a9,
640,26b0,a2e8,92b1,7fbe,47e5,
641,0000,2e67,96a9,7fbe,47a7,
642,6115,a2e8,92b1,7fbe,8ec3,
643,6155,a2e8,92b1,7fbe,b8b5,
644,6917,a2e8,92b1,7fbe,3122,
645,0000,eb4f,943d,7fbe,573f,
646,0000,ec80,b2b1,7fbe,8e68,
647,7d63,a2e8,7386,7fbe,e137,
648,6557,24d3,92b1,7fbe,863b,
649,d154,a2e8,821d,7fbe,10ac,
650,0000,a6eb,92b1,7fbe,e1e8,
651,67bd,a2e8,92b1,7fbe,06e8,
652,0000,6c34,5d69,7fbe,cfd8,
653,0000,e869,d1b1,7dbe,a38f,
654,b8e3,a2e8,92b1,7fbe,d9f6,
655,0000,3839,3a33,7fbe,cb53,
656,1015,a0e8,93b1,7fbe,547a,
657,6175,a2e8,92b1,7fbe,21aa,
658,3155,a2e8,92b1,7fbe,18bb,
659,6115,a2e8,92b1,7fbe,9d7e,
660,e155,a2e8,92b1,7fbe,6eb4,
661,3a59,e3e8,b231,7fbe,db6c,
662,297d,a2e8,92b1,7fbe,1394,
663,7155,a2e8,92b1,7fbe,530f,
664,0000,b2ec,92b1,7fbe,7238,
665,a3f2,a2e8,92b1,7fbe,c2a7,
666,4919,a2e0,92b5,7fbe,6c4b,
667,0000,5abc,0078,7fbe,94c3,
668,483e,7c42,b2b0,7fbe,3ea9,
669,0000,0165,caf0,7fbe,9b0e,
670,6155,a2e8,92b1,7fbe,ff5e,
671,0000,f69b,9291,7fbe,2c93,
672,6915,a2e8,92b1,7fbe,51f5,
673,6214,a2e8,92b1,7fbe,2822,
674,6115,a2e8,92b1,7fbe,1f37,
675,6155,a2e8,92b1,7fbe,7731,
676,110e,99c8,d4a1,7fbe,f000,
677,6c55,a2e8,92b1,7fbe,6ac4,
678,61d5,a2e8,c4b7,7fbe,5606,
679,4155,a2e8,92b1,7fbe,cd2d,
680,01c9,a2e8,92b1,7fbe,409c,
681,5a48,a2e8,92b1,7fbe,3b1d,
682,06c8,a2e8,92b1,7fbe,479d,
683,6055,a2e8,92b1,7fbe,8436,
684,0000,8a1a,f6a9,7fbe,e5ca,
685,7545,a2e8,92b1,7fbe,7f04,
686,f115,22e9,12b1,7fbe,2284,
687,6155,a2e8,92b1,7fbe,b5e5,
688,6154,a2e8,92b1,7fbe,3cfc,
689,6155,a2e8,92b1,7fbe,e1eb,
690,6155,a2e8,92b1,7fbe,0e03,
691,5710,f231,93b5,7fbe,50d1,
692,6155,a2e8,92b1,7fbe,26ac,
693,0000,8ed2,be8b,7fbe,2c3a,
694,4195,a2e8,92b1,7fbe,2495,
695,ddc2,ab7a,92b1,7fbe,5f53,
696,edff,4470,92b1,7fbe,e698,
697,6155,a2e8,92b1,7fbe,eb52,
698,6151,a2e8,92b1,7fbe,b771,
699,0000,2e2b,92b1,7fbe,3774,
700,ac80,8a48,82f7,7fbc,4b2e,
701,0000,ccd3,fc8a,7fbe,6e3b,
702,0000,6ed9,d2b9,7fbe,0c29,
703,6155,a2e8,92b1,7fbe,85ba,
704,0000,d4d9,1391,7fbe,5559,
705,7698,e2e8,2604,7fbe,b4b5,
706,7154,a2ec,92b3,7fbe,929d,
707,e155,a2e8,92b1,7fbe,5607,
708,7191,a2e8,92b1,7fbe,b5bc,
709,8500,3fc4,93b1,7fbe,9fac,
710,7673,a2e8,14c8,7fbe,8679,
711,6114,a2e8,92b1,7fbe,f06c,
712,abc5,a288,9291,7fbe,c2b8,
713,5a77,a2e8,92b1,7fbe,3b22,
714,4955,a2e8,92b1,7fbe,7b36,
715,6155,a2e8,92b1,7fbe,8499,
716,1da3,a2e8,92b1,7fbe,7cf6,
717,0000,f72f,92b0,7fbe,55c5,
718,6155,a2e8,92b1,7fbe,1b4d,
719,7155,a2e8,92b1,7fbe,103a,
720,911b,a2a6,92b3,7fbe,b058,
721,1916,cc16,92b1,7fbe,6efe,
722,db37,a2e8,92b1,7fbe,b862,
723,6155,a2e8,92b1,7fbe,9ff0,
724,0000,ac8a,c7a5,7fbe,3b50,
725,799e,b2ec,20fd,7fbe,b24c,
726,6745,a2c8,92a1,7fbe,768b,
727,7151,a2e8,92b1,7fbe,c8a1,
728,6155,a2e8,92b1,7fbe,7091,
729,f155,a2e8,92b1,7fbe,8174,
730,47c9,b6a8,9a91,7fbe,5bb0,
731,6155,a2e8,92b1,7fbe,f916,
732,6155,a2e8,92b1,7fbe,b210,
733,0000,1a84,9ad1,7fbe,a8ec,
734,6115,a2e8,92b1,7fbe,f0d6,
735,0000,3053,00bd,7fba,6707,
736,e155,a2e8,92b1,7fbe,e4c5,
737,20d9,a2e8,8732,7fbe,1583,
738,8af5,82e0,0d02,7fbe,9fb3,
739,0000,9f51,8891,7fbe,52fb,
740,0000,976c,8291,7fbe,05e4,
741,942b,a2e8,92b1,7fbe,d47e,
742,a588,a2e8,92b1,7fbe,c49d,
743,6197,a2e8,92b1,7fbe,aa52,
744,a83b,a2e8,92b1,7fbe,c96e,
745,0000,80d8,92b2,7fbe,a216,
746,6155,a2e8,92b1,7fbe,90b4,
747,6155,a2e8,92b1,7fbe,293a,
748,2966,a2e8,3dc5,7fbe,af74,
749,6ea4,a2e8,92b1,7fbe,0ff0,
750,7155,a2e8,92b1,7fbe,1dbf,
751,6115,a2e8,92b1,7fbe,bc9a,
752,0000,2f05,d2a3,7fbe,4dc1,
753,6155,a2e8,92b1,7fbe,2ea8,
754,6155,a2e8,92b1,7fbe,f049,
755,d193,b2a8,92b1,7fbe,641c,
756,c315,a5e8,90b1,7fbe,c724,
757,408f,a2e8,92b1,7fbe,21d8,
758,b15d,e2e8,92b1,7fbe,7841,
759,6155,a2e8,92b1,7fbe,54c6,
760,0000,b2dc,b2a9,7fae,caa7,
761,c388,a2e8,9a6d,7fbe,08dc,
762,d241,e3fc,92b9,7fbe,2ff5,
763,66d5,dba8,ebf1,7fbe,7940,
764,29b0,100a,82f0,7fbe,b643,
765,0000,aef3,9331,7fbe,1e9b,
766,0000,e2f4,92b9,7fbe,2f89,
767,6051,a2e8,92b1,7fbe,6b83,
768,b55a,9f2a,ba31,6fbe,a6e7,
769,0000,7229,d2f2,7fbe,d844,
770,02cd,a2e8,92b1,7fbe,229c,
771,3145,a2e8,92b1,7fbe,295a,
772,6155,a2e8,92b1,7fbe,3b29,
773,6115,a2e8,92b1,7fbe,f420,
774,a4b5,b338,1b37,7fbe,8b1f,
775,6c73,a2f8,92b9,7fbe,3eaa,
776,0000,5322,d335,7fbe,3340,
777,61d5,a2e8,92b1,7fbe,bf69,
778,6157,a2e8,92b1,7fbe,eecc,
779,b530,1348,9231,7fbe,eb47,
780,6ddc,c479,f420,7fbe,6691,
781,3095,c574,92b1,7fbe,679c,
782,7714,a8e8,96f1,7f9e,d006,
783,f1d2,62e0,d2b1,7fbe,c097,
784,4050,c1eb,b3bf,7fba,a642,
785,687d,a2e8,f19e,7fbe,632f,
786,f5eb,a2e8,df56,7fbe,4de7,
787,6157,a2e8,92b1,7fbe,8762,
788,6155,a2e8,92b1,7fbe,a7e8,
789,cf54,fde2,92b1,7fbe,5f0a,
790,6155,a2e8,92b1,7fbe,e66d,
791,e175,a2e8,92b1,7fbe,23e0,
792,0000,9cb8,9290,7fbe,3272,
793,6055,a2e8,92b1,7fbe,b19e,
794,416e,6ac8,92b3,7fbf,719a,
795,cf18,a268,92f1,7fbe,82e6,
796,64c1,a2e8,92b1,7fbe,4594,
797,6b2c,aa6a,92d1,7fbe,feac,
798,6114,a2e8,92b1,7fbe,3c74,
799,6555,e0f8,92b1,7fbe,5c14,
800,0000,2c2b,3099,7fbe,c886,
801,2796,a2e8,cf73,7fbe,5dc2,
802,b84d,df98,efc1,7fbe,7d70,
803,5ae0,a1e8,93b1,7fbe,6b7e,
804,e105,a2e8,92b1,7fbe,7b6c,
805,8ba0,c558,8ab3,7fbe,4ff7,
806,2b51,a3f8,92b9,7fbe,9a76,
807,6155,82e8,82b1,7fbe,50d8,
808,6155,a2e8,92b1,7fbe,63c6,
809,66d9,3628,ba33,7fbe,d5c7,
810,6155,a2e8,92b1,7fbe,6c55,
811,4f10,a2e8,92b1,7fbe,ae65,
812,6155,a2e8,92b1,7fbe,5adb,
813,2b1c,a2e8,92b1,7fbe,ca49,
814,6053,837e,92bd,7fbe,20d1,
815,4da0,0a78,12b3,7fbe,2894,
816,6155,a2e8,92b1,7fbe,b4a9,
817,2155,a2e8,92b1,7fbe,8bda,
818,7155,a2e8,92b1,7fbe,e190,
819,f086,a2e8,92b1,7fbe,915b,
820,3121,a2e8,875c,7fbe,15ed,
821,6155,a2e8,92b1,7fbe,4a44,
822,270d,20e8,d2b1,7fbe,669a,
823,415d,a2e8,92b1,7fbe,3456,
824,bbd3,8e4b,be12,7fbe,2ca3,
825,2114,a2e8,68c5,7fbe,fa74,
826,0000,09dc,9a81,7fbe,b354,
827,0000,bdd0,d0b1,7fbe,b830,
828,615f,a2e8,92b1,7fbe,7a65,
829,6155,a2e8,92b1,7fbe,d5ee,
830,0000,aaba,92b1,7fbe,caa5,
831,6155,a2e8,92b1,7fbe,c32b,
832,61d5,a2e8,92b1,7fbe,ea4d,
833,0000,a2e9,3e93,7fbe,ac22,
834,17eb,a2e8,92b1,7fbe,76be,
835,6155,a2e8,92b1,7fbe,a84d,
836,4004,a2e8,92b1,7fbe,3155,
837,e155,a2e8,92b1,7fbe,c3da,
838,6116,22ca,92b0,7fbe,c804,
839,6155,a2e8,92b1,7fbe,ccd9,
840,0000,a2e8,fd68,7fbe,6fd9,
841,0000,064d,8299,7fbe,94f5,
842,5158,e2e8,92b1,7fbe,d005,
843,ddc2,ab7a,92b1,7fbe,5f53,
844,52c9,a2e8,5066,7fbe,c2d7,
845,e575,a2e8,92b1,7fbe,dbae,
846,90bc,22e8,2345,7fbe,b1f4,
847,9ee7,92ea,82b1,7fbe,b693,
848,7114,a2e8,92b1,7fbe,ee2c,
849,6155,a2e8,92b1,7fbe,dbc0,
850,718d,5b8a,92b1,7fbe,f962,
851,6355,a2e8,92b1,7fbe,6c6f,
852,40d5,a2e8,92b1,7fbe,21c1,
853,29b6,a2e8,3b28,7fbe,a999,
854,6215,a2e8,92b1,7fbe,d2c1,
855,2075,a2e8,92b1,7fbe,f6b8,
856,44b5,a2e8,92b1,7fbe,05ec,
857,7051,a2e8,92b1,7fbe,5c22,
858,45ea,a2e8,92b1,7fbe,24bf,
859,6145,a2e8,92b1,7fbe,8aa8,
860,0000,a2e8,483f,7fbe,da8e,
861,6155,a2e8,92b1,7fbe,e241,
862,f6dd,a2e8,3d13,7fbe,afa2,
863,aa1a,4250,86f4,7fbe,5cd1,
864,6115,a2e8,92b1,7fbe,73a6,
865,6155,a2e8,92b1,7fbe,7257,
866,6155,a2e8,92b1,7fbe,5bc9,
867,bc71,a2e8,92b1,7fbe,5f24,
868,4115,a2e8,92b1,7fbe,ba27,
869,615d,a2e8,92b1,7fbe,b1a9,
870,611d,a2e8,92b1,7fbe,465b,
871,0000,0c06,a325,7fbe,b55c,
872,6af1,a2e8,8002,7fbe,12b3,
873,6155,a2e8,92b1,7fbe,c323,
874,0000,a2e8,4856,7fbe,dae7,
875,51d5,a2e8,92b1,7fbe,2303,
876,6155,a2e8,92b1,7fbe,a721,
877,0000,8f61,96a0,7fbe,a5aa,
878,615d,a2e8,92b1,7fbe,a3b3,
879,6115,a2e8,92b1,7fbe,53cb,
880,6355,a2e8,92b1,7fbe,dcf4,
881,7959,a2e8,92b1,7fbe,41be,
882,6155,a2e8,92b1,7fbe,4356,
883,61d5,a4f8,90b9,7fbe,dd74,
884,4155,a2e8,92b1,7fbe,1c55,
885,6964,a2ad,92b3,7fbe,c7f3,
886,48ec,a2d8,92a1,7fbe,dab5,
887,4305,e2e9,12b1,7fbe,7ca6,
888,0000,6c4d,f238,7fbe,3ebb,
889,6144,a2e8,92b1,7fbe,b19f,
890,0196,a2e8,1a5c,7fbe,88ed,
891,e105,a2e8,92b1,7fbe,0715,
892,0000,d1e2,8ef2,7fbe,476f,
893,0000,a6bd,92b1,7fbe,1d0c,
894,6155,a2e8,92b1,7fbe,945d,
895,da16,01f7,93b1,7fbe,811d,
896,7155,a2e8,92b1,7fbe,f6eb,
897,0000,baa9,9ab1,7fbe,7154,
898,6915,a2e8,92b1,7fbe,d613,
899,e9c7,a6e8,90b1,7fbe,2a58,
900,0000,26bb,90b1,7fbe,8053,
901,13cb,22d8,d2a1,7fbe,ab1b,
902,6155,a2e8,92b1,7fbe,74d2,
903,6145,a2ad,92b3,7fbe,32a0,
904,61c1,a2e8,92b1,7fbe,5033,
905,0ffa,86e9,92b1,7fbe,4f67,
906,5164,a2e8,92b1,7fbe,b231,
907,ef15,a2e8,ed8e,7fbe,7f3f,
908,0000,4451,02f4,7fbe,c622,
909,dce5,a2e8,1d9d,7fbe,8f2c,
910,0000,6264,d1b1,7ebe,f0fe,
911,0000,3a91,b4b9,7fbe,d46d,
912,6175,a2e8,92b1,7fbe,db42,
913,6155,a2e8,92b1,7fbe,61f7,
914,7155,a2e8,92b1,7fbe,1af8,
915,6211,a2e8,92b1,7fbe,d1ae,
916,918d,a2e8,84dd,7fbe,166c,
917,0000,10e6,90b1,7fbe,f40e,
918,0000,a2e8,4b8e,7fbe,d93f,
919,7175,2aea,92b1,7fbe,018e,
920,0000,e71d,9074,7fbe,40bf,
921,615d,a2e8,92b1,7fbe,6cfe,
922,6535,a2e8,b836,7fbe,2a87,
923,0000,35b2,9331,7fbe,b59a,
924,787a,a2e8,92b1,7fbe,192f,
925,6577,a2e8,766a,7fbe,e4db,
926,7155,a2e8,92b1,7fbe,80ac,
927,6155,a2e8,92b1,7fbe,4579,
928,6155,a2e8,92b1,7fbe,037e,
929,105d,1999,96f0,7fbe,b793,
930,b133,a2e8,bebc,7fbe,2c0d,
931,2155,a2e8,92b1,7fbe,2a38,
932,0000,d5b8,d5e0,7fbe,b193,
933,6155,a2e8,92b1,7fbe,a478,
934,198d,a2e8,92b1,7fbe,7899,
935,f820,206a,96f0,7fbe,1fd6,
936,2544,a2f9,12b1,7fbe,e16b,
937,1004,a2e8,83c0,7fbe,1171,
938,6965,aa68,92f1,7fbe,22cd,
939,46e7,a2e8,92b1,7fbe,a7b2,
940,7155,a2e8,92b1,7fbe,4986,
941,6326,7197,1091,7fbe,d71f,
942,0000,a0f8,92b1,7fbe,b282,
943,6155,a2e8,92b1,7fbe,d17f,
944,6175,a2a8,9291,7fbe,5fa8,
945,6155,a2e8,92b1,7fbe,b3b6,
946,69c5,a2ee,92b3,7fbe,210d,
947,0000,6e5a,5e03,7fbe,ccb2,
948,6555,a2e8,92b1,7fbe,198f,
949,6927,a2e8,92b1,7fbe,bd2c,
950,6115,a2e8,92b1,7fbe,1c84,
951,dee1,a058,92a1,7fbe,fa86,
952,6155,a2e8,92b1,7fbe,1ceb,
953,e145,a2e8,92b1,7fbe,32d9,
954,ac71,00e0,97b5,7dbe,3d4a,
955,6155,a2e8,92b1,7fbe,c279,
956,0000,a2a1,92b1,7fbe,1ac2,
957,0000,f737,80f1,7fbe,2219,
958,ad82,e479,10f1,7fbe,fb15,
959,e345,a2e8,92b1,7fbe,2dd2,
960,6115,a2e8,92b1,7fbe,b1d9,
961,6155,a2e8,92b1,7fbe,f7e2,
962,6d75,a2e8,92b1,7fbe,fd7e,
963,6155,a2e8,92b1,7fbe,a6f5,
964,a7d0,a2e8,92b1,7fbe,c685,
965,f31d,a688,9291,7fbe,db17,
966,6157,a2e8,92b1,7fbe,fb6d,
967,e933,a2e8,66e8,7fbe,f459,
968,6115,a2e8,92b1,7fbe,1acc,
969,6155,a2e8,92b1,7fbe,f85a,
970,3e58,a2e8,92b1,7fbe,5f1d,
971,0000,a94c,31f9,7f3e,1d89,
972,619c,a3f8,92bd,7fbe,efab,
973,a680,a2e8,92b1,7fbe,c5d5,
974,e575,a2e8,92b1,7fbe,dbae,
975,0000,0822,387b,7fbe,aaca,
976,6114,a2e8,92b1,7fbe,d6ac,
977,92d9,4948,92b1,7fbe,eba0,
978,6155,a2e8,92b1,7fbe,b86a,
979,6155,a2e8,92b1,7fbe,16c8,
980,0000,a209,9a91,7fbe,fbfd,
981,492a,e3e8,92b1,7fbe,e1f7,
982,31d1,62e8,d2b1,7fbe,57b5,
983,43bc,a2e8,92b1,7fbe,b269,
984,0000,a2e8,73dc,7fbe,e16d,
985,f34f,a0e8,ee9e,7fbe,7c2f,
986,c243,a0e8,8b33,7fbe,1982,
987,92cb,a2e8,92b1,7fbe,f38e,
988,0000,9da1,a6f9,7fbe,43d1,
989,6564,a248,92f1,7fbe,2fe0,
990,4e84,a2e8,92b1,7fbe,2792,
991,7555,a2e8,92b1,7fbe,fc39,
992,7151,a2e8,92b1,7fbe,45f3,
993,0000,334e,0317,7fbe,91a6,
994,4155,a2e8,92b1,7fbe,1089,
995,0000,393d,90a9,7fbe,4cf5,
996,6155,a2e8,92b1,7fbe,2a12,
997,6155,a2e8,92b1,7fbe,afb3,
998,1b84,20c9,8ae1,77be,6fb4,
999,7155,a2e8,92b1,7fbe,27ab,
1000,c227,a480,9391,7fbe,3786,
1001,e155,a2e8,92b1,7fbe,e0ec,
1002,0000,fbec,92b1,7fbe,8bef,
1003,6119,a2e8,ea3a,7fbe,788b,
1004,ef4c,b2e8,9ab1,7fbe,e3ea,
1005,0000,a32d,9233,7fbe,996e,
1006,0000,83ff,d2ba,5fbe,ffc6,
1007,7bfb,62e9,12b1,7fbe,2372,
1008,6b54,30a8,92f1,7fbe,92c0,
1009,c961,70c5,40be,7fbe,d20e,
1010,d528,a368,9231,7fbe,75ec,
1011,4503,b2a9,92b1,7fbe,7990,
1012,0000,74d3,db71,7ffe,5653,
1013,4a12,a2e8,92b1,7fbe,3b07,
1014,6155,a2e8,92b1,7fbe,07cb,
1015,6d55,a2e8,92b1,7fbe,1b38,
1016,0000,dfd2,94b1,7fbe,323a,
1017,c114,c508,92b1,7fbe,67e0,
1018,60c6,a2e8,92b1,7fbe,05d3,
1019,0000,b2e8,980c,7fbe,0abd,
1020,0000,b666,92bd,7fbe,3592,
1021,3f4f,b2e8,92b1,7fbe,6a5a,
1022,ef98,a167,9275,7f3e,3e74,
1023,6155,a2e8,92b1,7fbe,4613,
1024,6955,a2e8,92b1,7fbe,3e7d,
1025,61d5,a2e8,92b1,7fbe,ccd7,
1026,0005,a2e0,92b1,7fbe,401e,
1027,de92,a2e8,92b1,7fbe,bf97,
1028,fec5,a8ea,92b0,7fbe,736c,
1029,504b,d3ca,b2a1,7fbe,3102,
1030,63f5,b3ec,9231,7fbe,838e,
1031,0000,9399,1ab2,7fbf,b2e8,
1032,3d47,a2eb,92b0,7fbe,4b42,
1033,571e,2907,9e93,7fbe,0fab,
1034,0000,3a4d,86e8,7fbe,a875,
1035,5c31,a2c9,35f0,7fbe,a741,
1036,0000,173e,2767,7fbe,b5d6,
1037,7115,a2e8,92b1,7fbe,d73d,
1038,2564,a2e8,72bb,7fbe,e00a,
1039,5f8c,a2e8,92b1,7fbe,3fdb,
1040,6155,a2e8,92b1,7fbe,a063,
1041,6155,a2e8,92b1,7fbe,3a2b,
1042,7154,aae8,92b1,7fbe,7986,
1043,2141,a2c8,92a1,7fbe,0c89,
1044,e177,a2ec,92b3,7fbe,0d11,
1045,a192,b2e8,9ab1,7fbe,abe2,
1046,6155,a2e8,92b1,7fbe,c103,
1047,6155,a2e8,92b1,7fbe,709a,
1048,e139,22f9,12b1,7fbe,4ad4,
1049,7bfb,62e9,12b1,7fbe,2372,
1050,23d2,a2e8,92b1,7fbe,4685,
1051,0000,6c6a,86a0,77be,8056,
1052,0000,a0e0,83e4,7fbe,1155,
1053,9df9,a2e8,92b1,7fbe,fdac,
1054,0000,fd07,10b1,7fbe,7ace,
1055,4a03,a2e8,92b1,7fbe,2b56,
1056,66b6,b368,9231,7fbe,464e,
1057,0484,a0e9,e5c7,7fbe,7776,
1058,e307,a2cb,92b0,7fbe,7ee2,
1059,2115,a2e8,92b1,7fbe,0319,
1060,725c,8368,b333,7fbe,2182,
1061,78c4,a2e8,8ba1,7fbe,1910,
1062,615d,a2e8,92b1,7fbe,83eb,
1063,eb9d,7aa4,4afd,7fbe,d84c,
1064,7155,a2e8,92b1,7fbe,f801,
1065,6c67,a2e8,92b1,7fbe,8f32,
1066,6155,a2e8,92b1,7fbe,4435,
1067,00f5,a2e8,6403,7fbe,f6b2,
1068,fd37,a0e8,92b1,7fbe,8f6b,
1069,a617,a2f0,92b9,7fbe,d79d,
1070,b0c9,a2e8,92b1,7fbe,d19d,
1071,6914,a2e8,92b1,7fbe,8c09,
1072,6145,a2e8,92b1,7fbe,ff39,
1073,b004,0050,97a1,7dbe,3cf1,
1074,b64d,b9e7,d3a3,7fbe,9831,
1075,bb55,22e0,d2b1,7fbe,c4aa,
1076,4256,a2e8,2593,7fbe,b722,
1077,2145,22c8,92b1,7fbe,85c0,
1078,b3fd,a2e8,92b1,7fbe,c2a8,
1079,0000,faa6,82f5,7fbe,78a8,
1080,81b7,a2e8,52db,7fbe,c06a,
1081,587d,a2e8,6456,7fbe,f6e7,
1082,0000,a2e8,e879,7fbe,7ac8,
1083,6155,a2e8,92b1,7fbe,b124,
1084,6155,a2e8,92b1,7fbe,854a,
1085,6c0c,b3a8,9231,7fbe,da0e,
1086,6155,a2e8,92b1,7fbe,71fb,
1087,c959,f2ec,92b1,7fbe,6470,
1088,6055,a2e8,92b1,7fbe,bd36,
1089,6155,a2e8,92b1,7fbe,e407,
1090,2cf1,5260,f0a1,7fbe,55a4,
1091,6135,a2e8,1143,7fbe,83f2,
1092,3068,a2e8,92b1,7fbe,4b3d,
1093,6155,a2e8,92b1,7fbe,9bf5,
1094,1d67,a2ec,92b1,7fbe,bd69,
1095,f9df,a2e8,eab8,7fbe,7809,
1096,0000,df7c,92ba,7fbe,7d8a,
1097,6155,a2e8,92b1,7fbe,4ae9,
1098,e039,e2ec,b2b1,7fbe,135e,
1099,b27b,a2e0,92b5,7fbe,57ef,
1100,f141,a2e8,3f9b,7fbe,ad2a,
1101,6755,a2e8,92b1,7fbe,f9c2,
1102,0000,fa34,96f0,7fbe,d83f,
1103,0000,4280,12b1,7fbe,a069,
1104,8ae7,a2e8,95be,7fbe,070f,
1105,6055,a2e8,92b1,7fbe,e11b,
1106,0000,1e7d,92b3,7fbe,bc93,
1107,b405,a2e8,92b1,7fbe,c554,
1108,ca42,a2e8,92b1,7fbe,6b17,
1109,01cd,a2e8,d90f,7fbe,4bbe,
1110,0000,2f35,90bf,7fbe,c94f,
1111,4155,a2e8,92b1,7fbe,b8af,
1112,82a8,bae9,9ab1,7fbe,a6fc,
1113,6115,a2e8,92b1,7fbe,78f8,
1114,0000,a2e0,92b1,7fbe,484b,
1115,321d,a9b6,8af1,7fbe,33de,
1116,6155,a2e8,92b1,7fbe,f0d7,
1117,3544,2ae8,96b1,7fbe,4880,
1118,4155,a2e8,92b1,7fbe,1cea,
1119,0000,c555,aea3,7fbe,2f6a,
1120,7154,a2e8,92b1,7fbe,7512,
1121,cca4,a1e8,93b1,7fbe,8cb1,
1122,6111,80e8,93b1,7fbe,88a5,
1123,6145,a2e8,92b1,7fbe,2678,
1124,6955,e6e8,90b1,7fbe,0fbe,
1125,6355,a2e8,92b1,7fbe,1e3e,
1126,6155,a2e8,92b1,7fbe,10ad,
1127,635d,a2e8,92b1,7fbe,1955,
1128,ed56,bae9,9ab1,7fbe,1549,
1129,0b59,b32c,9231,7fbe,6718,
1130,615d,a2e8,92b1,7fbe,3b70,
1131,2946,22ca,92b0,7fbe,377a,
1132,58d8,a2e8,92b1,7fbe,398d,
1133,0000,b793,d3b1,7fbe,b7fb,
1134,a174,22c8,1ebd,7fbe,8c0c,
1135,0000,266d,92b3,7fbe,f928,
1136,cf25,50fb,9ab3,7fbe,ea16,
1137,0114,d55c,12b1,7fbe,77a5,
1138,41d5,a2e8,92b1,7fbe,a50f,
1139,6190,a2e8,b5f5,7fbe,2744,
1140,715d,a2e8,92b1,7fbe,6bef,
1141,6791,a2e8,0478,7fbe,96c9,
1142,6155,a2e8,92b1,7fbe,9091,
1143,4345,b2f0,92b9,7fbe,ba76,
1144,e0b4,a2e8,8cd0,7fbe,1e61,
1145,900b,a2e0,de73,7fbe,4cc2,
1146,d5a9,a2e8,95ca,7fbe,077b,
1147,2405,80e8,93b1,7fbe,a4a1,
1148,0000,a2e9,bfee,7fbe,2d5f,
1149,0155,22e9,12b1,7fbe,3ac0,
1150,6155,a2e8,92b1,7fbe,7243,
1151,6555,a2e8,92b1,7fbe,0b20,
1152,6155,a2e8,92b1,7fbe,1fba,
1153,b123,a2e8,92b1,7fbe,d076,
1154,0000,bb5d,b6b1,7fbe,51b5,
1155,6113,9d23,92b1,7fbe,3fcb,
1156,b160,a2e8,92b1,7fbe,d035,
1157,7196,a2e8,92b1,7fbe,c9cd,
1158,0000,c1cb,b2fa,7fbe,0af2,
1159,0000,82c8,92a1,7fbe,254d,
1160,c243,a1c8,b2b1,7fbe,4324,
1161,d9a1,a2e8,92b1,7fbe,bcf4,
1162,0000,e6fa,d6a3,7fbe,4412,
1163,611d,a2e8,92b1,7fbe,0188,
1164,d1f4,cce2,fcbb,7fbe,6e0a,
1165,0000,8dc9,69f1,5fbe,598c,
1166,6155,a2e8,92b1,7fbe,689c,
1167,92cf,a2e8,92b1,7fbe,f39a,
1168,3147,d906,92b1,7fbe,7bee,
1169,7155,a2e8,92b1,7fbe,231f,
1170,4451,c3f8,b2b9,7fbe,9e77,
1171,e115,a2e8,92b1,7fbe,ccbd,
1172,0000,f857,f238,7fbe,daa0,
1173,2105,a2e8,92b1,7fbe,5ab4,
1174,ab56,626b,5232,7fbe,c083,
1175,6157,a2e8,92b1,7fbe,2cca,
1176,615f,a2e8,92b1,7fbe,7feb,
1177,b02d,a2e8,92b1,7fbe,d178,
1178,b200,a2e8,92b1,7fbe,d355,
1179,0000,815f,57b1,7fbe,43b6,
1180,0000,42b0,82b1,7fbe,c058,
1181,2155,a2e8,92b1,7fbe,0e7a,
1182,0000,28aa,18f3,7fbe,8a42,
1183,0000,95f8,b039,7fbe,fa99,
1184,0000,addc,b623,6fbe,8070,
1185,615d,a2e8,92b1,7fbe,02c9,
1186,6155,a2e8,92b1,7fbe,3a69,
1187,6194,a2e8,92b1,7fbe,4d07,
1188,3001,82f6,93a5,7fb6,896c,
1189,0000,00e9,92a1,7fbe,4432,
1190,67c4,a2e8,5a59,7fbe,c8e8,
1191,6155,a2e8,92b1,7fbe,5060,
1192,7151,a2e8,92b1,7fbe,04ce,
1193,7d87,5f8a,6fd3,7fbe,fd62,
1194,6191,a2e8,92b1,7fbe,ba2a,
1195,6155,a2e8,92b1,7fbe,61c3,
1196,6374,a2f9,12b1,7fbe,426b,
1197,0880,5c07,6c5e,7fbe,feef,
1198,0000,0274,8e2a,77be,bb9b,
1199,0000,6e9a,84b1,7fbe,657e,
1200,3850,a2e8,71ac,7fbe,e31d,
1201,3f7d,a0e8,92b1,7fbe,2d0e,
1202,6953,a2e8,25c4,7fbe,b775,
1203,6415,a2e8,92b1,7fbe,d8b2,
1204,805e,a2e8,92b1,7fbe,e148,
1205,7155,a2e8,92b1,7fbe,7383,
1206,715b,a2e8,8346,7fbe,11f7,
1207,1815,a2e8,d539,7fbe,4788,
1208,cd64,5034,aa73,7fbe,a31f,
1209,2a89,a2e8,ebf9,7fbe,7948,
1210,0000,5a4d,6a1c,7fbe,f8ad,
1211,1eb5,a2e8,92b1,7fbe,7fe0,
1212,ec00,d72c,9e91,7bbe,bde3,
1213,c1d4,3039,92b1,7fbe,92d1,
1214,6175,a2e8,92b1,7fbe,db6a,
1215,6155,a2e8,92b1,7fbe,78b5,
1216,6155,a2e8,92b1,7fbe,407d,
1217,e115,a2e8,92b1,7fbe,05e8,
1218,6011,a2ea,93a9,7fb6,0e6d,
1219,e155,a2e8,92b1,7fbe,7c38,
1220,0000,be3c,82b5,7fbe,3cde,
1221,6155,a2e8,92b1,7fbe,e9ab,
1222,09c3,8229,92b1,7fbe,9db5,
1223,c774,619c,51c5,7fbe,c374,
1224,6165,a2e8,92b1,7fbe,b256,
1225,3265,e2e0,92b1,7fbe,e236,
1226,0000,9d6b,8ff4,7fbe,2d29,
1227,6155,a2e8,92b1,7fbe,8f53,
1228,10e3,a2e8,92b1,7fbe,74b6,
1229,784d,a2e0,92b1,7fbe,301c,
1230,0000,fd07,10b1,7fbe,7ace,
1231,6119,a268,92b1,7fbe,018c,
1232,0000,6fc0,92b3,7fbe,ddae,
1233,4a55,a2e8,92b1,7fbe,2b40,
1234,6155,a2e8,92b1,7fbe,50b2,
1235,3944,a2e8,92b1,7fbe,5915,
1236,797d,a2e8,92b1,7fbe,a905,
1237,6154,a2e8,92b1,7fbe,c3f2,
1238,6301,a2e8,36d2,7fbe,a463,
1239,6155,a2e8,92b1,7fbe,63f9,
1240,79d7,b368,9231,7fbe,a8ca,
1241,d71c,a268,ddf9,7fbe,4f48,
1242,4155,a2e8,92b1,7fbe,ccc4,
1243,d7b5,13b4,a3cd,7fbe,317c,
1244,0000,d0ce,8b76,7fbc,bd8d,
1245,6955,a2e8,92b1,7fbe,0fbd,
1246,2755,e6e8,90b1,7fbe,c0b9,
1247,6954,a2ea,92b0,7fbe,2d61,
1248,7115,a2e8,92b1,7fbe,1cb5,
1249,8255,a2e8,c446,7fbe,56f7,
1250,6355,a2e8,92b1,7fbe,45e8,
1251,5634,a2e8,92b1,7fbe,3721,
1252,0000,a7f8,b2b1,7fbe,2517,
1253,0000,0383,12b5,7fbe,a1b2,
1254,e344,aec8,96b1,7fbe,1952,
1255,31d1,62e8,d2b1,7fbe,57b5,
1256,6115,a2e8,92b1,7fbe,3a3a,
1257,631f,a2e8,92b1,7fbe,024a,
1258,0000,cae9,0ef3,7fbe,9c42,
1259,4911,a2e8,22eb,7fbe,b05a,
1260,8561,a2e8,b1b6,7fbe,2307,
1261,61d5,a2e8,92b1,7fbe,fbff,
1262,6115,a2e8,92b1,7fbe,05cb,
1263,0000,5440,c221,7fbe,471a,
1264,0000,f82a,b239,7fbe,1a56,
1265,0000,2d23,1d3d,7fbe,8f8c,
1266,fec3,d9a9,e9d0,7fbe,7b61,
1267,0000,a2ed,6fcd,7fbe,fd7c,
1268,0000,cf6e,92b9,7fbe,01ab,
1269,415d,a2e8,92b1,7fbe,7649,
1270,0000,d84b,90a3,7fbe,fedf,
1271,d1d5,a2e8,92b1,7fbe,8e7b,
1272,0000,d33e,90b9,7fbe,36ce,
1273,6155,a2e8,92b1,7fbe,aa11,
1274,6115,a2e8,92b1,7fbe,2e58,
1275,c10d,a2e8,c6b7,7fbe,5406,
1276,6155,a2e8,92b1,7fbe,b72b,
1277,6175,a2e8,92b1,7fbe,af57,
1278,6155,a2e8,92b1,7fbe,8da2,
1279,6075,a2e8,92b1,7fbe,7c4e,
1280,e155,a2e8,92b1,7fbe,0e2f,
1281,7dd4,a2e8,462f,7fbe,d49e,
1282,6155,a2e8,92b1,7fbe,2320,
1283,7155,a2e8,92b1,7fbe,122f,
1284,e85c,a2e9,92b1,7fbe,09df,
1285,a236,22e8,d2b1,7fbe,aa43,
1286,6155,a2e8,92b1,7fbe,4917,
1287,e38f,a2e8,c7d1,7fbe,5560,
1288,4dff,24f9,10b1,7fbe,b5a9,
1289,6155,a2e8,92b1,7fbe,cc66,
1290,def4,6f50,93b1,7fbe,cfb8,
1291,6117,a2e8,92b1,7fbe,b74c,
1292,6155,a2e8,92b1,7fbe,07dc,
1293,6115,a2e8,92b1,7fbe,3c3e,
1294,6115,a2e8,92b1,7fbe,b067,
1295,6155,a2e8,92b1,7fbe,709a,
1296,1165,a2e8,d215,7fbe,40a4,
1297,6155,a2e8,92b1,7fbe,8499,
1298,7777,33e9,92b1,7fbe,9101,
1299,6155,a2e8,92b1,7fbe,2f60,
1300,e650,a2e8,f659,7fbe,64e8,
1301,6155,a2e8,92b1,7fbe,0abb,
1302,9721,a2f8,92b9,7fbe,b574,
1303,78dd,f2a8,599a,7fbe,cb2b,
1304,6155,a2e8,92b1,7fbe,c6e0,
1305,a493,a2c0,92b1,7fbe,c4a6,
1306,6155,a2e8,92b1,7fbe,ea18,
1307,80ec,c731,d7d1,7f9e,2eb3,
1308,1e38,a2e8,92b1,7fbe,7e6d,
1309,6155,a2e8,92b1,7fbe,23bc,
1310,401d,a268,92b1,7fbe,cda6,
1311,2155,a2e8,92b1,7fbe,2e43,
1312,413f,a2e8,92b1,7fbe,084a,
1313,5596,a2e9,12b1,7fbe,f39b,
1314,a72c,a2e8,9da8,7fbe,0f19,
1315,0000,ab6a,83b1,7f3e,df03,
1316,7155,a2e8,92b1,7fbe,3f05,
1317,0000,c96d,9a91,7fbe,7bc5,
1318,0000,1500,92d8,7fbe,af1a,
1319,0000,ad01,b2f0,7fbe,4f6f,
1320,751c,a2e8,92b1,7fbe,a716,
1321,63d7,a2e8,b5fd,7fbe,274c,
1322,16f6,676b,92b5,6fbe,b00b,
1323,61d5,a2e8,92b1,7fbe,10a9,
1324,0000,a2e8,9c42,7fbe,0ef3,
1325,7293,a3fc,92b9,7fbe,6d20,
1326,7b5f,bae9,9ab1,7fbe,9716,
1327,c142,a2ee,92b3,7fbe,c0e5,
1328,43d5,f4d4,c48d,7fbe,563c,
1329,71bf,a2a8,9291,7fbe,8079,
1330,6115,a2e8,92b1,7fbe,e125,
1331,4011,a2e8,92b1,7fbe,668e,
1332,7455,a2e8,67b2,7fbe,f503,
1333,b148,a2e8,92b1,7fbe,9a05,
1334,09eb,a2e8,88ea,7fbe,1a5b,
1335,3771,a2e8,3a1e,7fbe,a8af,
1336,7115,a2e8,92b1,7fbe,6a44,
1337,0000,ca80,b213,6fbe,daa5,
1338,cba6,5bb3,95b5,7fbe,95f3,
1339,5054,9a6a,92b1,7fbe,5a54,
1340,6555,a2e8,92b1,7fbe,9f9a,
1341,799f,c2e8,b2b1,7fbe,382c,
1342,0000,866b,c270,7fbe,15c2,
1343,6155,a2e8,92b1,7fbe,39ce,
1344,2155,a2e8,92b1,7fbe,04a1,
1345,4154,a2c8,92b1,7fbe,beec,
1346,614d,a2a8,9291,7fbe,5066,
1347,7373,a2e8,305d,7fbe,a2ec,
1348,ace9,b368,9231,7fbe,0084,
1349,9fd4,aee9,96b1,7fbe,f690,
1350,80e0,691a,92f3,7fbe,cb35,
1351,6155,a2e8,92b1,7fbe,289c,
1352,7150,a2e8,92b1,7fbe,5633,
1353,0000,45fa,3853,6fbe,4cb1,
1354,6957,a2e8,92b1,7fbe,d770,
1355,9f22,a2e8,92b1,7fbe,fe77,
1356,29d1,a2e8,92b1,7fbe,2c00,
1357,0000,a2e8,a873,7fbe,3ac2,
1358,e155,a2e8,92b1,7fbe,b135,
1359,e155,a2e8,92b1,7fbe,7fe4,
1360,0000,a6bd,92b1,7fbe,1d0c,
1361,6155,a2e8,92b1,7fbe,63ad,
1362,6555,a2e8,92b1,7fbe,8df8,
1363,615d,a2e8,92b1,7fbe,bed3,
1364,9a75,51ff,61a6,7fbe,f317,
1365,000f,aae8,19d3,7fbe,8b62,
1366,b283,22c0,96c1,7f9e,19d7,
1367,0000,629b,8ab5,7fbe,f87d,
1368,0000,9282,bce8,7fbe,fee1,
1369,e630,954e,c231,7fbe,ccee,
1370,fb42,a2e8,92b1,7fbe,aa5f,
1371,6115,a2e8,92b1,7fbe,2512,
1372,725d,a2e8,3b81,7fbe,a930,
1373,67c8,b5eb,92b1,7fbe,1703,
1374,d155,a2e8,92b1,7fbe,e0dd,
1375,6957,a2e8,92b1,7fbe,46cd,
1376,411e,a2e8,92b1,7fbe,7303,
1377,56e1,a2e8,92b1,7fbe,37b4,
1378,0000,f0ae,1a33,7ffe,bbf5,
1379,9131,d363,e33a,7fbe,718b,
1380,b64d,b9e7,d3a3,7fbe,9831,
1381,e155,a2e8,92b1,7fbe,708c,
1382,6154,a2e8,92b1,7fbe,e8de,
1383,0000,02ae,9ab3,7fbe,b041,
1384,65d5,aee8,96b1,7fbe,6ecf,
1385,e069,a2e8,78b3,7fbe,ea02,
1386,6195,a2e8,92b1,7fbe,61c7,
1387,d433,a2ac,92b3,7fbe,7330,
1388,6155,a2e8,92b1,7fbe,7ed5,
1389,6555,a2e8,92b1,7fbe,c29a,
1390,6114,a2e8,92b1,7fbe,97eb,
1391,e515,a2e8,2d4f,7fbe,bffe,
1392,81a0,5111,92b1,7fbe,f3f9,
1393,c0b4,8288,82f1,7fbe,d57d,
1394,2145,a2e8,92b1,7fbe,fda5,
1395,56ad,a2e8,92b1,7fbe,27fc,
1396,6825,a2e8,be0a,7fbe,2cbb,
1397,6905,a2e8,92b1,7fbe,43fb,
1398,7155,a2e8,92b1,7fbe,439f,
1399,6155,a2e8,92b1,7fbe,25ba,
1400,6d32,18ea,92b1,7fbe,ba02,
1401,7051,82e4,82b5,7fbe,07d4,
1402,c4b0,a2e8,92b1,7fbe,27e5,
1403,0000,69c5,599c,7fbe,cb2d,
1404,81b6,32a8,92b1,7fbe,f55e,
1405,2114,a2e8,92b1,7fbe,ef71,
1406,e1ed,fcfc,1291,7fbe,5e75,
1407,20dc,a368,9231,7fbe,16b3,
1408,6157,a2e8,92b1,7fbe,e487,
1409,30c5,a2a0,92b1,7fbe,7e2d,
1410,6155,a2e8,92b1,7fbe,d43d,
1411,6155,a2e8,92b1,7fbe,27b3,
1412,70ab,81e4,93b5,7fbe,1c78,
1413,6155,a2e8,92b1,7fbe,e1fa,
1414,0000,e3a1,d3f8,7fbe,4149,
1415,6155,a2e8,92b1,7fbe,de4b,
1416,61d7,a2e8,92b1,7fbe,de70,
1417,4155,a2e8,92b1,7fbe,ac35,
1418,f730,a2e8,92b1,7fbe,9665,
1419,0000,26d8,92b1,7fbe,5d4b,
1420,6115,a2e8,92b1,7fbe,6479,
1421,0000,e96e,92f1,7fbe,4b06,
1422,7155,a2e8,92b1,7fbe,f64e,
1423,0000,e1a0,b231,7fbe,fe9d,
1424,0d39,aae8,92b1,7fbe,782d,
1425,2185,9264,82b5,7fbe,d8ee,
1426,0000,ce68,38c9,7fbe,d22f,
1427,0000,8fdf,b2bd,7fbe,6d2d,
1428,6055,a2e8,92b1,7fbe,9bda,
1429,51ca,228b,92b0,7fbe,dbc6,
1430,51f5,b2e8,98c9,7fbe,0a78,
1431,f44a,2ee8,96b1,7fbe,bceb,
1432,4bfa,a2e8,92b1,7fbe,2aef,
1433,1545,e5ca,90b0,7fbe,2747,
1434,6114,a2e8,92b1,7fbe,cd2c,
1435,2404,a2e8,0b4f,7fbe,99fe,
1436,2155,a2e8,92b1,7fbe,f8a8,
1437,9278,a2e8,92b1,7fbe,f32d,
1438,be55,2ee8,96b1,7fbe,9bcf,
1439,4155,a2e8,92b1,7fbe,333d,
1440,0000,4682,02a1,7fbe,c659,
1441,02e7,a2e8,7011,7fbe,e2a0,
1442,6155,a2e8,92b1,7fbe,672f,
1443,75a9,aa48,92f1,7fbe,4273,
1444,0000,5f7f,868d,7fbe,d273,
1445,f218,a2e8,165f,7fbe,84ee,
1446,706f,df35,92f0,7fbe,757e,
1447,527c,4370,92b0,7fbe,61bb,
1448,6355,a2e8,92b1,7fbe,36d8,
1449,7cd1,fdbb,82b1,7fbe,6f53,
1450,4b55,a2e8,92b1,7fbe,068d,
1451,182b,a368,9231,7fbe,753c,
1452,695d,a2e8,92b1,7fbe,4eae,
1453,c9f4,a2e8,92b1,7fbe,b8e1,
1454,1dcd,a2e8,f88e,7fbe,6a3f,
1455,6115,a2e8,92b1,7fbe,2976,
1456,6154,a2e8,92b1,7fbe,b9e8,
1457,6955,a2e8,92b1,7fbe,a1ac,
1458,6155,a2e8,92b1,7fbe,85ce,
1459,0000,b1a6,92ba,7fbe,8278,
1460,0000,9388,1c92,7fbe,a940,
1461,6175,a2e8,92b1,7fbe,df17,
1462,0000,d654,1131,7fbe,9239,
1463,0000,b2ec,92b1,7fbe,97d3,
1464,2ed5,a0e8,f7ea,7fbe,655b,
1465,ba4d,ccf7,92b1,7fbe,6e1f,
1466,4497,8a68,82b1,7fbe,8668,
1467,6135,a248,92f1,7fbe,1c37,
1468,6155,a2e8,92b1,7fbe,4653,
1469,a8d9,a2e8,0756,7fbe,95e7,
1470,7155,a2e8,92b1,7fbe,0b06,
1471,0000,5281,5231,5fbe,81e1,
1472,6914,a2ef,92b3,7fbe,9fc0,
1473,4115,a2e8,92b1,7fbe,1b66,
1474,cb49,a2e8,92b1,7fbe,ba9c,
1475,6155,a2e8,92b1,7fbe,a862,
1476,6195,a2e8,01cc,7fbe,937d,
1477,7354,a2e8,92b1,7fbe,a7b3,
1478,6155,a2e8,92b1,7fbe,b48a,
1479,16dd,02e8,86b1,77be,d580,
1480,6155,a2e8,92b1,7fbe,5c8b,
1481,e055,a2e8,92b1,7fbe,51d3,
1482,a561,a2e8,92b1,7fbe,c434,
1483,a679,a2e8,92b1,7fbe,c72c,
1484,0000,0d34,307b,7fbe,3abc,
1485,04d3,a2e9,12b1,7fbe,f586,
1486,ba38,a2f8,92b9,7fbe,f2a3,
1487,6155,a2e8,92b1,7fbe,0919,
1488,0000,aa4a,c278,7fbe,50c9,
1489,6145,a2e8,92b1,7fbe,362f,
1490,0000,ca0c,c3a5,7fbe,f0de,
1491,6444,a2e8,37fb,7fbe,a54a,
1492,0000,0b59,a0bb,7fbe,a7ef,
1493,eb73,a2e8,b63d,7fbe,248c,
1494,0000,6646,5099,7fbe,01d7,
1495,7015,a2e8,92b1,7fbe,416e,
1496,6117,a2e8,92b1,7fbe,3303,
1497,073c,a2e8,888a,7fbe,1a3b,
1498,6155,a2e8,92b1,7fbe,689c,
1499,0000,7e99,93bb,7fbe,de21,
1500,c154,a2e8,92b1,7fbe,b187,
1501,5fa6,a2e8,adc5,7fbe,3f74,
1502,0000,8f78,90a5,7fb6,ba3b,
1503,6155,a2e8,92b1,7fbe,12d8,
1504,ed47,15cc,9291,7fbe,b765,
1505,d155,a2e8,92b1,7fbe,dd8f,
1506,6155,a2e8,92b1,7fbe,76dc,
1507,21d5,e2f9,12b1,7fbe,9087,
1508,644d,a2e8,2454,7fbe,b6e5,
1509,0000,695b,b2bb,7fbe,9bee,
1510,0000,ac8e,5003,7fbe,5db3,
1511,6115,a2e8,92b1,7fbe,3a3a,
1512,4051,c3fc,b2b9,7fbe,b864,
1513,6151,a2e8,92b1,7fbe,dcd0,
1514,0000,6089,12a1,7fbe,dcc9,
1515,0606,8fd1,92b1,7fbe,2d39,
1516,196e,c344,c2b1,5fbe,5f70,
1517,6155,a2e8,92b1,7fbe,26b0,
1518,0000,bd5f,1c91,7fbe,0697,
1519,7073,a2e8,92b1,7fbe,1136,
1520,6355,a2e8,92b1,7fbe,0b5f,
1521,e155,a2e8,92b1,7fbe,30e0,
1522,7444,a2eb,92b0,7fbe,0fcc,
1523,4b14,a2e8,7a14,7fbe,e8a5,
1524,0000,614e,94a1,7dbe,6a14,
1525,6155,a2e8,92b1,7fbe,f6a7,
1526,2096,9a6a,92b1,7fbe,2a31,
1527,0000,f2bc,b1b9,7ebe,6263,
1528,0000,aac8,92b1,7fbe,68e6,
1529,705f,80e8,93b1,7fbe,1e54,
1530,7155,a2e8,92b1,7fbe,1d6a,
1531,3151,62e8,d2b1,7fbe,6025,
1532,6155,a2e8,92b1,7fbe,3278,
1533,75ff,6cd7,d2b9,7fbe,4e23,
1534,9278,a2e8,92b1,7fbe,f32d,
1535,d355,a2e8,6978,7fbe,fbc9,
1536,0000,a268,92b1,7fbe,aa25,
1537,3763,a0c8,aaf3,7fbe,3842,
1538,625d,a2e8,92b1,7fbe,29fe,
1539,6115,a2e8,92b1,7fbe,d54a,
1540,6155,a2e8,92b1,7fbe,f1a9,
1541,4472,926a,82b1,7fbe,ea2f,
1542,a0f0,0ebf,d2e5,7fbe,2d75,
1543,6155,a2e8,92b1,7fbe,a3da,
1544,1588,da6b,cabc,7fbe,580c,
1545,b91f,a3ec,92b1,7fbe,fa40,
1546,85a7,a2e8,92b1,7fbe,e472,
1547,c304,a2e8,38f5,7fbe,aa44,
1548,6155,a2e8,92b1,7fbe,12ec,
1549,eee2,f62c,9b91,7fbe,62a5,
1550,93b8,a2e8,92b1,7fbe,76ed,
1551,6155,a2e8,92b1,7fbe,a0bc,
1552,6342,fb08,b2f1,7fbe,16f1,
1553,616d,a2e8,053a,7fbe,978b,
1554,cad3,2831,9633,7fbe,85dd,
1555,6157,a6a9,9291,7fbe,987b,
1556,6155,a2e8,92b1,7fbe,4f8f,
1557,6155,a2e8,92b1,7fbe,4437,
1558,6157,a2e8,92b1,7fbe,906b,
1559,6155,a2e8,92b1,7fbe,9e3d,
1560,186a,b5dc,93b5,7fbe,1538,
1561,2194,a2e8,73ff,7fbe,e14e,
1562,b553,a2e8,92b1,7fbe,d404,
1563,6155,a2e8,92b1,7fbe,b180,
1564,0000,9a2c,d6e0,7fbe,3e64,
1565,6155,a2e8,92b1,7fbe,e625,
1566,9453,e2ec,92b1,7fbe,4a64,
1567,c6d1,abec,9a33,7fbe,73c0,
1568,6114,a2e8,92b1,7fbe,66cb,
1569,6413,c2ec,b2b1,7fbe,39dc,
1570,0000,bacd,93b1,7fbe,7aa5,
1571,6155,a2e8,92b1,7fbe,bd02,
1572,9a53,67f1,10b9,7fbe,4418,
1573,0000,b2ef,9ab3,7fbe,c43f,
1574,6155,a2e8,92b1,7fbe,d6a6,
1575,0000,2a33,82f1,7fbe,a07b,
1576,304f,a2ec,92b1,7fbe,4196,
1577,615c,a2e8,92b1,7fbe,c5b4,
1578,611d,a2e8,92b1,7fbe,8161,
1579,7555,a2e8,92b1,7fbe,add3,
1580,6115,a2e8,92b1,7fbe,128c,
1581,6157,a2e8,92b1,7fbe,959f,
1582,8134,a2e8,1c9e,7fbe,8e2f,
1583,2f63,aae8,92b1,7fbe,c8f3,
1584,69d4,a2e8,92b1,7fbe,204d,
1585,0000,274d,fa37,7fbe,74ac,
1586,0000,042e,91b5,7fbe,a04a,
1587,eb7c,bae8,9ab1,7fbe,2f4e,
1588,65c7,a2a8,9291,7fbe,0536,
1589,0000,a2ea,92b1,7fbe,d24d,
1590,0000,abca,914d,7fbe,03fc,
1591,4955,b2e8,92b1,7fbe,e1fd,
1592,0000,82e8,82b1,7fbe,5736,
1593,7d40,82ea,82b1,7fbe,ca05,
1594,0000,f6a3,f2bd,5fbe,b53d,
1595,0737,a2e8,92b1,7fbe,6660,
1596,0000,25a5,97b4,7fbe,a962,
1597,51b2,a2e8,b930,7fbe,2b81,
1598,7154,a2e8,92b1,7fbe,f508,
1599,5364,23fc,92b1,7fbe,48c2,
1600,e155,a2e8,92b1,7fbe,a237,
1601,5569,b1ec,92b1,7fbe,feb5,
1602,51d5,52c6,92b1,7fbe,f02e,
1603,7111,a2e8,92b1,7fbe,6bab,
1604,6155,a2e8,92b1,7fbe,6599,
1605,7115,a2e8,92b1,7fbe,e624,
1606,93c1,a2e8,92b1,7fbe,e2b4,
1607,6145,a2e8,92b1,7fbe,8aa8,
1608,c728,a2a8,92b1,7fbe,67cf,
1609,2155,a2e8,92b1,7fbe,1369,
1610,6155,a2e8,92b1,7fbe,2ba1,
1611,6175,a2e8,92b1,7fbe,b80a,
1612,6155,a2e8,92b1,7fbe,dd19,
1613,7461,a2e8,aea0,7fbe,3c11,
1614,0000,dc6c,1ad2,7fbe,e222,
1615,690c,a2c8,9a5f,7fbe,08ee,
1616,322f,b2eb,9ab1,7fbe,075e,
1617,6115,a2e8,92b1,7fbe,ac5c,
1618,0000,7345,a276,7fbe,a0c0,
1619,0000,a3e8,f220,7fbe,6091,
1620,6155,a2e8,92b1,7fbe,3b76,
1621,0000,789e,c395,7fbe,1cba,
1622,6055,a2e8,92b1,7fbe,71e4,
1623,6355,a2e8,92b1,7fbe,0b5f,
1624,6157,2ae8,96b1,7fbe,7da6,
1625,0000,7eaf,92b1,7fbe,efd8,
1626,e155,a2e8,92b1,7fbe,331d,
1627,0000,4bf6,b2b3,6fbe,6232,
1628,7214,333a,7019,7fbe,829b,
1629,0000,1169,9271,7fbe,b2c1,
1630,e155,a2e8,92b1,7fbe,c15b,
1631,0054,d69e,9395,7fbe,72be,
1632,2155,a2e8,92b1,7fbe,5934,
1633,6155,a2e8,92b1,7fbe,3711,
1634,6955,a2e8,92b1,7fbe,03e0,
1635,0000,9a97,b3b9,7fbe,5b67,
1636,0000,5fa4,83f5,7fbe,9686,
1637,0000,0c55,ef27,7fbe,f85d,
1638,6155,a2e8,92b1,7fbe,aa4a,
1639,f0da,e4e8,83ad,7fbe,131c,
1640,51aa,084a,7da3,7fbe,ef12,
1641,2319,a2e8,92b1,7fbe,424c,
1642,6155,a2e8,92b1,7fbe,b14c,
1643,4db5,a2e8,1cd3,7fbe,8e62,
1644,6155,a2e8,92b1,7fbe,0c32,
1645,41d3,a2e8,92b1,7fbe,50e0,
1646,0000,0822,387b,7fbe,aaca,
1647,2d6f,a2e8,92b1,7fbe,5e1a,
1648,ab77,a2e8,ae70,7fbe,3cc1,
1649,6155,a2e8,92b1,7fbe,d1e7,
1650,6915,a2e8,92b1,7fbe,0cdb,
1651,7071,a2e8,92b1,7fbe,9ccb,
1652,7ce3,a2e8,92b1,7fbe,1df6,
1653,0000,e76a,1490,7fbe,4de0,
1654,0000,29fe,83f5,7fbe,815e,
1655,0000,d441,9ea3,7fbe,e6d4,
1656,d0cd,a2e8,5591,7fbe,c720,
1657,0000,aca8,96b1,7fbe,1362,
1658,0000,d76c,a2fc,7fbe,059a,
1659,a4d5,a2e8,0fdf,7fbe,9d6e,
1660,f863,a2e8,43b2,7fbe,d103,
1661,18eb,a2e8,92b1,7fbe,fbfa,
1662,6155,a2e8,92b1,7fbe,6d7e,
1663,0000,09e8,97b1,7fbe,0d3b,
1664,615d,a2e8,92b1,7fbe,ed2f,
1665,a137,a2e8,d359,7fbe,41e8,
1666,2155,a2e8,92b1,7fbe,9f46,
1667,b071,c2e8,b2b1,7fbe,b4bb,
1668,6155,a2e8,92b1,7fbe,6cda,
1669,af41,a2e8,79c3,7fbe,eb72,
1670,0000,67cc,88f3,7fbe,b9e3,
1671,e355,e2e8,92b1,7fbe,d255,
1672,0000,ab64,d760,7fbe,1fdf,
1673,615d,a2e8,92b1,7fbe,4c01,
1674,8783,c844,d2b1,7fbe,a8a4,
1675,0155,a2e8,92b1,7fbe,e06c,
1676,0000,a493,86a0,77be,a238,
1677,0000,467a,b227,7fbe,853a,
1678,938a,a2e8,92b1,7fbe,f2df,
1679,12d2,d90e,92b9,7fbe,7bf6,
1680,6155,a2e8,92b1,7fbe,03a9,
1681,0000,b3ad,9291,7fbe,1125,
1682,6151,a2e8,92b1,7fbe,a864,
1683,6044,a2e8,5626,7fbe,c497,
1684,f313,a328,9231,7fbe,549f,
1685,472c,e299,1291,7fbe,ac64,
1686,6055,a2e8,92b1,7fbe,28ef,
1687,ea77,be2b,9ab1,7fbe,479e,
1688,6955,a2e8,92b1,7fbe,78e2,
1689,225d,a0d8,92a1,7fbe,a0dc,
1690,0ba9,a2e8,92b1,7fbe,6afc,
1691,9e28,a2e8,92b1,7fbe,f7bd,
1692,6d57,94a8,92b1,7fbe,3640,
1693,434d,02e0,d2b1,7fbe,ad03,
1694,629f,a2e8,92b1,7fbe,03e2,
1695,c175,a2e8,92b1,7fbe,d1d1,
1696,e438,82a0,9291,7fbe,3058,
1697,6115,a2e8,92b1,7fbe,74e3,
1698,0000,dec1,1b95,7fbe,6fe4,
1699,0000,fb2f,8250,7fbe,6405,
1700,531d,e7f0,90b9,7fbe,608f,
1701,2155,20c8,92a1,7fbe,5bca,
1702,7379,a2e8,92b1,7fbe,85d7,
1703,2635,62e8,d2b1,7fbe,0ef8,
1704,0000,3671,e2b1,7fbe,2c9d,
1705,0000,55cb,b8f0,7fbe,4b85,
1706,0000,a2a0,f205,7fbe,60b4,
1707,6151,a2e8,92b1,7fbe,be20,
1708,2055,a2e8,92b1,7fbe,df3d,
1709,7db0,9c62,e7b5,5fbe,a8d9,
1710,6155,a2e8,92b1,7fbe,0f02,
1711,0000,d379,b11c,77be,7c6f,
1712,c7ca,a2e8,acd9,7fbe,3e68,
1713,0000,e26f,92b3,7fbe,42ff,
1714,ef49,1a3b,02f1,7fbe,8ef6,
1715,5034,820a,8291,7fbe,1a40,
1716,6155,a2e8,92b1,7fbe,d69a,
1717,6f27,f41c,1a93,7fbe,4ef3,
1718,615d,a2e8,92b1,7fbe,8665,
1719,6155,a2e8,92b1,7fbe,6e97,
1720,6155,a2e8,92b1,7fbe,9d9b,
1721,6155,a2e8,92b1,7fbe,4440,
1722,7379,a2e8,92b1,7fbe,85d7,
1723,38c2,a2e8,92b1,7fbe,7997,
1724,0000,eca4,80b1,7fbe,7a4e,
1725,721d,a1e8,93b1,7fbe,cce8,
1726,34ce,a2e8,92b1,7fbe,559b,
1727,61d5,a2e8,92b1,7fbe,e290,
1728,6945,a2e8,92b1,7fbe,438a,
1729,6155,a2e8,92b1,7fbe,ba08,
1730,4026,57a5,67fc,7fbe,f54d,
1731,615d,a2e8,92b1,7fbe,5f85,
1732,6114,a2e8,92b1,7fbe,6a01,
1733,7955,a2e8,92b1,7fbe,7324,
1734,71d1,a2e8,92b1,7fbe,2637,
1735,6055,a2e8,92b1,7fbe,df0f,
1736,2155,a2e8,92b1,7fbe,4925,
1737,6155,a2e8,92b1,7fbe,af39,
1738,6155,a2e8,92b1,7fbe,9407,
1739,0000,92a8,92b1,7fbe,2f6e,
1740,0000,2a88,4a9f,7fbe,d82e,
1741,0000,62e9,12b1,7fbe,b39e,
1742,0000,b2e8,92b1,7fbe,26d7,
1743,781c,a2e8,92b1,7fbe,1908,
1744,4b37,e728,82e1,7fbe,4d0a,
1745,e455,c6f0,80b9,7fbe,7db5,
1746,6155,a2e8,92b1,7fbe,2905,
1747,81b0,a2e8,92b1,7fbe,e0e5,
1748,5f9e,a2e8,3fd1,7fbe,ad60,
1749,be08,2cc8,d2a0,ffbe,d1fc,
1750,b3f1,55bd,92a1,7fbe,f765,
1751,4355,a2f8,92b9,7fbe,27c4,
1752,d14a,a2e8,92b1,7fbe,b01f,
1753,6115,a2e8,92b1,7fbe,7159,
1754,0000,b320,9235,7fbe,f563,
1755,0000,16f1,26a8,7fbe,b419,
1756,6143,aae0,92b1,7fbe,02d7,
1757,62a1,a2e8,92b1,7fbe,03f4,
1758,7155,a2e8,92b1,7fbe,4fb9,
1759,e755,a2e8,4b2a,7fbe,d99b,
1760,e971,7b26,9233,7fbe,c8c8,
1761,2130,164f,92b1,7fbe,b4a7,
1762,21d7,a2e8,92b1,7fbe,f6df,
1763,6175,a2e8,92b1,7fbe,267b,
1764,c130,a2e8,0d13,7fbe,9fa2,
1765,6155,a2e8,92b1,7fbe,e679,
1766,741d,e2e8,d6b1,7dbe,4000,
1767,e57d,f2f8,92b1,7fbe,7622,
1768,7555,a2e8,92b1,7fbe,be3d,
1769,6866,a2ea,92b0,7fbe,be2d,
1770,2fac,e81a,9630,7fbe,53f0,
1771,0114,a2e8,92b1,7fbe,eefb,
1772,6577,a2e8,92b1,7fbe,1e99,
1773,2155,20c8,92a1,7fbe,5bca,
1774,e470,a2e8,7265,7fbe,e0d4,
1775,e055,a2e8,92b1,7fbe,7dee,
1776,0000,a484,9e03,7ffe,b661,
1777,6355,a2e8,92b1,7fbe,610d,
1778,6115,a2e8,92b1,7fbe,1df0,
1779,d336,a2e8,92b1,7fbe,a267,
1780,6915,a2e8,92b1,7fbe,a154,
1781,0000,a639,9291,7fbe,9dc3,
1782,6155,a2e8,92b1,7fbe,10a4,
1783,6d88,a2e8,92b1,7fbe,0cdd,
1784,6115,a2e8,92b1,7fbe,1cfe,
1785,6155,a2e8,92b1,7fbe,2dfa,
1786,e95d,a608,b211,7fbe,0bf4,
1787,7157,a2e8,92b1,7fbe,d444,
1788,c0f1,a2e8,98a2,7fbe,0a13,
1789,7d01,a8c8,96b1,7fbe,29cb,
1790,0000,8acb,92b1,7fbe,48a4,
1791,6975,a2e8,92b1,7fbe,b183,
1792,c175,a2e8,92b1,7fbe,545c,
1793,0293,22e0,d2b1,7fbe,2b2e,
1794,0000,b9a4,10b1,7fbe,1f5d,
1795,e69e,dbd4,92e1,7fbe,79bc,
1796,68d5,a2e8,9ed8,7fbe,0c69,
1797,4163,19e2,90b9,7fbe,be1a,
1798,0000,a2e8,de01,7fbe,4cb0,
1799,7555,a2e8,92b1,7fbe,add3,
1800,3514,a2e8,3c16,7fbe,aea7,
1801,bf76,a10a,9ab1,7fbe,13e3,
1802,0000,6fa1,d2d7,7f9e,02bf,
1803,7110,a2e8,61f8,7fbe,f349,
1804,4d47,cc17,fc4e,7fbe,6eff,
1805,7907,a2e8,a918,7fbe,3ba9,
1806,4253,e6e8,90b1,7fbe,2f3b,
1807,6155,a2e8,92b1,7fbe,ebae,
1808,78e2,a2e8,838c,7fbe,113d,
1809,6954,a2e8,92b1,7fbe,1961,
1810,6135,a2e8,92b1,7fbe,daa7,
1811,5826,a2e8,92b1,7fbe,2973,
1812,0000,f753,5df1,7fbe,41ba,
1813,94b2,a2e8,92b1,7fbe,e5f5,
1814,2155,a2e8,92b1,7fbe,7d85,
1815,0000,6089,12a1,7fbe,dcc9,
1816,f7d7,e4e8,90b1,7fbe,fc83,
1817,6155,a2e8,92b1,7fbe,4b1e,
1818,6115,a2e8,92b1,7fbe,6987,
1819,f7f9,a2e8,fb50,7fbe,69e1,
1820,6575,a2e8,92b1,7fbe,5b87,
1821,3554,a2c8,92b1,7fbe,79fd,
1822,6155,a2e8,92b1,7fbe,771f,
1823,63d5,a2e8,92b1,7fbe,e634,
1824,6403,a866,93a5,7fb6,39c3,
1825,cd66,82aa,82b1,7fbe,679e,
1826,0000,c56e,929d,7fbe,06da,
1827,be15,a2e8,92b1,7fbe,df40,
1828,23d5,a2e8,a8f0,7fbe,3a41,
1829,6914,a2ef,92b3,7fbe,9fc0,
1830,f8ff,46e5,76bc,7fbe,e40d,
1831,4494,4f57,b2f1,7fbe,a5fd,
1832,0000,304e,86b1,7fbe,ae86,
1833,6155,a2e8,92b1,7fbe,2f2c,
1834,75f7,b2cc,92b1,7fbe,fc31,
1835,c813,a228,92b1,7fbe,fc9c,
1836,715e,ae68,9211,7ffe,2229,
1837,6955,a2e8,92b1,7fbe,1f34,
1838,b84f,597b,df81,7fbe,edda,
1839,6114,a2e8,92b1,7fbe,ae09,
1840,b31c,a2e8,92b1,7fbe,d249,
1841,6155,a2e8,92b1,7fbe,1d75,
1842,6015,a2e8,92b1,7fbe,d406,
1843,60f7,baa8,9ab1,7fbe,b57a,
1844,6155,a2e8,92b1,7fbe,a812,
1845,e9c7,a6e8,90b1,7fbe,2a58,
1846,0000,afe9,92b1,7fbe,a093,
1847,7155,a2e8,92b1,7fbe,6104,
1848,4135,a2e8,92b1,7fbe,c56a,
1849,6155,a2e8,92b1,7fbe,f05c,
1850,6115,a2e8,92b1,7fbe,0949,
1851,3408,a329,9230,7fbe,cb4c,
1852,0000,bfc6,9acd,7fbe,07bb,
1853,0000,ba4d,8a14,7fbe,18a5,
1854,6047,a2e8,9209,7fbe,00b8,
1855,0000,0370,d3b0,ffbe,8bf1,
1856,6155,a2e8,92b1,7fbe,293c,
1857,0000,2279,9b9d,7fbe,9643,
1858,6155,a2e8,92b1,7fbe,0efa,
1859,3b9c,e2e8,92b1,7fbe,d9c1,
1860,40dd,a2e8,3090,7fbe,a221,
1861,3155,a2e8,92b1,7fbe,1967,
1862,ffdc,a2e8,92b1,7fbe,8e8d,
1863,e051,a2e8,92b1,7fbe,a530,
1864,6555,a8e8,96b1,7fbe,3338,
1865,decd,e1e0,9f71,7fbe,0cc0,
1866,0000,5ab1,e3fd,7fbe,3b4d,
1867,491d,a2e8,760f,7fbe,e4be,
1868,e22c,a2e8,92b1,7fbe,8339,
1869,0000,c138,a2f1,7fbe,2b50,
1870,01ce,a2e8,c516,7fbe,57a7,
1871,0000,439d,9e81,7fbe,7525,
1872,7155,a2e8,92b1,7fbe,af16,
1873,617d,a2e8,92b1,7fbe,4080,
1874,41dd,a2e8,92b1,7fbe,28cd,
1875,6155,a2e8,92b1,7fbe,c588,
1876,699c,a6a8,9291,7fbe,fc99,
1877,6155,a2e8,92b1,7fbe,dc8a,
1878,cb54,a2e8,92b1,7fbe,aa01,
1879,4135,a2e8,92b1,7fbe,b40e,
1880,7530,a2e8,28e7,7fbe,ba56,
1881,a336,e2e8,92b1,7fbe,6063,
1882,0000,962e,92b1,7fbe,2837,
1883,6555,a2e8,92b1,7fbe,c591,
1884,6114,a2e8,92b1,7fbe,8838,
1885,4156,c505,f55c,7fbe,67ed,
1886,44d7,aae8,c25c,7fbe,50ed,
1887,0000,48ce,7897,7fbe,ea26,
1888,7155,a2e8,92b1,7fbe,e1ae,
1889,9589,ae5a,d2b1,7fbe,8cb2,
1890,6155,a2e8,92b1,7fbe,0dbf,
1891,38f2,a2e8,e192,7fbe,7323,
1892,6155,a2e8,92b1,7fbe,621d,
1893,6d0d,c856,92b1,7fbe,6abe,
1894,8344,a2e8,92b1,7fbe,f650,
1895,2355,a2e8,92b1,7fbe,4cd9,
1896,e155,a2e8,92b1,7fbe,d48e,
1897,7151,a2e8,92b1,7fbe,f4d7,
1898,0000,a2cb,92b0,7fbe,c6b5,
1899,0000,a3ee,92b1,7fbe,9292,
1900,6157,a2e8,92b1,7fbe,84ad,
1901,6115,a2e8,92b1,7fbe,32a9,
1902,a0c0,02d0,8271,7fbe,9938,
1903,6155,a2e8,92b1,7fbe,b38f,
1904,6154,a2e8,92b1,7fbe,4805,
1905,104b,6187,92b8,7fbe,c255,
1906,ccb4,13fc,63a5,7fbe,f114,
1907,6515,a2e8,e572,7fbe,77c3,
1908,2155,a2e8,92b1,7fbe,5cc3,
1909,6db0,893c,b965,7fbe,2bd4,
1910,6155,a2e8,92b1,7fbe,0f0c,
1911,623d,a2e8,3b1c,7fbe,a9ad,
1912,d8f5,a2e8,bd70,7fbe,2fc1,
1913,1ebf,2be8,92b1,7fbe,7ce8,
1914,6155,a2e8,92b1,7fbe,0a4d,
1915,6155,a2e8,92b1,7fbe,216a,
1916,5989,a2e8,7577,7fbe,e7c6,
1917,772d,dc14,92b1,7fbe,7efc,
1918,c0a2,5c18,82b5,7fbe,defa,
1919,7157,a2e8,92b1,7fbe,632c,
1920,0000,a2e8,6c87,7fbe,fe36,
1921,6155,a2e8,92b1,7fbe,7308,
1922,6155,a2e8,92b1,7fbe,a4ce,
1923,6155,a2e8,92b1,7fbe,770a,
1924,6d6e,1384,92b1,7fbe,b16c,
1925,6155,a2e8,92b1,7fbe,6e61,
1926,6157,a2e8,92b1,7fbe,ecb9,
1927,7365,c36c,b231,7fbe,dfaa,
1928,0000,a2c0,fb69,7fbe,69d8,
1929,6155,a2e8,92b1,7fbe,04ca,
1930,0000,22c8,d2a1,7fbe,7d18,
1931,0000,d535,9af8,7fbe,6f2e,
1932,1a69,a2e8,bcbb,7fbe,2e0a,
1933,c35d,a2e8,92b1,7fbe,8111,
1934,0000,83e0,92b1,7fbe,3baa,
1935,0000,4a78,d2b1,7fbe,4898,
1936,635d,a2e8,92b1,7fbe,8408,
1937,2b41,a2e8,37a1,7fbe,a510,
1938,6115,a2e8,92b1,7fbe,eb97,
1939,39c7,e259,1211,7ffe,9b7b,
1940,0000,80f0,92b9,7fbe,e394,
1941,8249,a2e8,92b1,7fbe,e31c,
1942,b317,a2e8,4e52,7fbe,dce3,
1943,6155,a2e8,92b1,7fbe,a0ff,
1944,31bb,c44f,92b1,7fbe,6ea7,
1945,c0b5,a2f8,92b9,7fbe,979c,
1946,2155,aee8,96b1,7fbe,4dce,
1947,2175,a2e8,92b1,7fbe,66ab,
1948,6830,b2e8,92b1,7fbe,e031,
1949,5389,aac0,8fe2,7fbe,1d53,
1950,518a,a2e8,92b1,7fbe,30f7,
1951,3960,2739,1099,7fae,f079,
1952,2155,a2e8,92b1,7fbe,0b89,
1953,4565,a2e8,4ac7,7fbe,d876,
1954,82c7,82e8,92b1,7fbe,8684,
1955,0000,2d3d,f321,7fbe,2f71,
1956,2b3b,a2e8,8a4c,7fbe,18fd,
1957,0000,59f3,9699,7fbe,f74b,
1958,615d,a2e8,92b1,7fbe,d455,
1959,e031,5b2b,82b1,7fbe,d9c3,
1960,7155,a2e8,92b1,7fbe,4ef1,
1961,6155,a2e8,92b1,7fbe,8c9b,
1962,7545,a0d8,92a1,7fbe,9089,
1963,73b6,a2e8,06ff,7fbe,944e,
1964,6147,b328,9231,7fbe,cd25,
1965,2ddc,f3ab,b2b1,7fbe,1143,
1966,0000,05c5,96f8,7fbe,b6fa,
1967,6195,a2e8,92b1,7fbe,8cc0,
1968,7351,a2e8,92b1,7fbe,73bb,
1969,6115,a2e8,92b1,7fbe,d494,
1970,4b47,e28d,3291,7fbe,e38b,
1971,2555,a2e8,92b1,7fbe,9e74,
1972,604c,2ee8,97b1,7fbe,f5f8,
1973,2959,a2e8,a932,7fbe,3b83,
1974,cf51,7447,4291,7fbe,66f4,
1975,6055,a2e8,92b1,7fbe,86ab,
1976,83a3,2b18,92b9,7fbe,89e0,
1977,4b1f,c3e8,b2b1,7fbe,60b0,
1978,6115,a2e8,92b1,7fbe,cb1b,
1979,b751,a2a8,9291,7fbe,1467,
1980,81f0,a2e8,92b1,7fbe,a0a5,
1981,0000,3e20,91b9,7fbe,d958,
1982,0000,a2e8,fd68,7fbe,6fd9,
1983,a441,a0d0,92a1,7fbe,d58f,
1984,0000,6524,a3f4,7fbe,9ee4,
1985,4017,9a2e,8a35,7ffe,969a,
1986,0000,1b08,9231,7fbe,e3da,
1987,6919,a2e8,f900,7fbe,6bb1,
1988,6151,a2e8,92b1,7fbe,837a,
1989,3537,a2e8,92b1,7fbe,5462,
1990,d40b,6bb8,92a9,7fbe,cb70,
1991,6155,a2e8,92b1,7fbe,dd79,
1992,7155,a2e8,92b1,7fbe,1de0,
1993,795d,a2e8,b674,7fbe,24c5,
1994,50e2,a2e8,9b84,7fbe,0935,
1995,6155,a2e8,92b1,7fbe,0142,
1996,f730,a2e8,92b1,7fbe,9665,
1997,0000,aaa9,478d,7fbe,d53c,
1998,b1c6,22ab,92b0,7fbe,8545,
1999,102d,a2e9,f986,7fbe,6b37,
2000,6155,a2e8,92b1,7fbe,bbfd,
2001,0000,a2e8,b70a,7fbe,25bb,
2002,3345,a2e8,92b1,7fbe,9adc,
2003,7155,a2e8,92b1,7fbe,7870,
2004,6154,a2e8,92b1,7fbe,2280,
2005,6155,a2e8,92b1,7fbe,4a13,
2006,2520,9344,83b4,7f3e,330d,
2007,7553,a2e8,92b1,7fbe,9aec,
2008,6608,0dd0,2dc9,7fbe,bf78,
2009,6055,a2e8,92b1,7fbe,09ee,
2010,0000,e6c8,d693,7fbe,4422,
2011,0000,23a8,92b1,7fbe,988e,
2012,c175,a2e8,92b1,7fbe,452a,
2013,6155,a2e8,92b1,7fbe,ac25,
2014,d9fb,aa99,9e91,7bbe,76c5,
2015,635d,a2e8,92b1,7fbe,76ca,
2016,6155,a2e8,92b1,7fbe,413e,
2017,0000,bad3,6802,7fbe,fab3,
2018,614f,81e8,93b1,7fbe,8c57,
2019,6115,a2e8,92b1,7fbe,f806,
2020,4f7b,e4e8,90b1,7fbe,5932,
2021,d345,a2e8,9503,7fbe,07b2,
2022,3c89,a2e8,47ed,7fbe,d55c,
2023,39a1,a2e8,3a12,7fbe,a8a3,
2024,0000,9dce,adb7,7fbe,3f06,
2025,d37d,005d,f204,7fbe,20b5,
2026,6155,a2e8,92b1,7fbe,9b15,
2027,0000,acb8,56f0,7f9e,4282,
2028,410c,219a,11c3,7fbe,8372,
2029,0d9f,a2e8,5ed5,7fbe,cc64,
2030,6148,ac12,96e0,7fbe,0418,
2031,6975,a2e8,92b1,7fbe,b054,
2032,0000,c1dc,b6a1,7fbe,0914,
2033,2279,a2e8,a73a,7fbe,358b,
2034,3796,7bf5,4bac,7fbe,d91d,
2035,eb15,a2e8,d8ac,7fbe,4a1d,
2036,c2cf,a2e0,e03d,7fbe,728c,
2037,615f,a2e8,92b1,7fbe,14d4,
2038,2a34,ece8,92b1,7fbe,3289,
2039,0000,5f0e,5893,7fbe,29a9,
2040,6843,bae8,9ab1,7fbe,0156,
2041,7155,a2e8,92b1,7fbe,ffb5,
2042,5157,d2ec,b2b1,7fbe,12c5,
2043,9d85,ae89,9251,7ffe,5888,
2044,6115,a2e8,92b1,7fbe,322f,
2045,6154,a2e8,92b1,7fbe,1141,
2046,6155,a2e8,92b1,7fbe,9c28,
2047,73b3,9988,92b1,7fbe,3b60,
2048,b524,aae8,92b1,7fbe,5956,
2049,41cd,a3f8,92b9,7fbe,2b87,
2050,2155,a2e8,92b1,7fbe,9cd9,
2051,6151,a2e8,92b1,7fbe,1e73,
2052,2155,a2e8,92b1,7fbe,738f,
2053,2471,2ed8,92b1,7fbe,4144,
2054,0000,a9ab,b6a1,7fbe,4563,
2055,e873,b2e8,92b1,7fbe,141a,
2056,8075,da08,ca51,7fbe,58e0,
2057,0000,2bbb,8be2,7fbe,1953,
2058,6155,a2e8,92b1,7fbe,107f,
2059,2534,b147,92f0,7fbe,1b2c,
2060,e155,a2e8,92b1,7fbe,4353,
2061,e0df,22e9,12b1,7fbe,53ab,
2062,ca07,12fb,02b1,7fbe,4e3f,
2063,e947,a2e8,acca,7fbe,3e7b,
2064,6114,82e8,82b1,7fbe,a7f3,
2065,6155,a2e8,92b1,7fbe,b998,
2066,772c,4ff5,7fac,7fbe,ed1d,
2067,4144,a6a8,9291,7fbe,e390,
2068,a0d9,a2e8,92b1,7fbe,c1cc,
2069,fd99,a2e8,92b1,7fbe,9ccc,
2070,df2d,a2e8,92b1,7fbe,ae78,
2071,4c38,a2e9,92b1,7fbe,3d2a,
2072,6155,a2e8,92b1,7fbe,b7a6,
2073,6155,a2e8,92b1,7fbe,2f01,
2074,6115,a2e8,a3c9,7fbe,3178,
2075,7597,e2e8,b2b1,7fbe,968e,
2076,0000,8268,7ae5,7fbe,e854,
2077,1124,e2ea,7b78,7fbe,e9c9,
2078,2c27,a2e8,e9b9,7fbe,7b08,
2079,fbfe,a7e8,9eb1,7bbe,7403,
2080,6155,a2e8,92b1,7fbe,5610,
2081,0000,aa4a,c278,7fbe,50c9,
2082,2155,a2e8,92b1,7fbe,9cae,
2083,3819,6488,96a0,ffbe,ecae,
2084,f991,a2e8,92b1,7fbe,9844,
2085,6155,a2e8,92b1,7fbe,0cd7,
2086,2067,a2e8,1d5b,7fbe,8fea,
2087,6145,a2e8,92b1,7fbe,5c88,
2088,6155,a2e8,92b1,7fbe,c0d0,
2089,0000,a2a8,3628,7fbe,a499,
2090,6197,a2e8,0713,7fbe,95a2,
2091,2633,8a2a,c851,7fbe,5ae0,
2092,0000,ec47,8af2,7fbe,760b,
2093,e3c5,a2e8,b6b6,7fbe,2407,
2094,c17d,82e8,92b1,7fbe,4306,
2095,2155,a2e8,92b1,7fbe,64d5,
2096,6155,a2e8,92b1,7fbe,0965,
2097,414d,a2e8,b542,7fbe,27f3,
2098,7191,a2e8,92b1,7fbe,33ed,
2099,607f,a6a8,9291,7fbe,55f9,
2100,84c3,a2e8,d7c4,7fbe,4575,
2101,9f5f,20e8,7d8e,7fbe,ef3f,
2102,6145,a2e8,92b1,7fbe,c67e,
2103,61d7,a2e8,92b1,7fbe,2b1d,
2104,0000,65d8,5581,7fbe,c730,
2105,6155,a2e8,92b1,7fbe,f57b,
2106,0000,15a0,9ab1,7fbe,f15f,
2107,0000,6efd,c3b4,77be,945c,
2108,7d6f,a2a8,92b1,7fbe,04dd,
2109,0000,9cf5,d305,7fbe,c7fb,
2110,e351,a2e8,f125,7fbe,6394,
2111,6059,a2e8,92b1,7fbe,7fb3,
2112,0000,a2e8,9510,7fbe,07a1,
2113,6155,a2e8,92b1,7fbe,f78e,
2114,d17c,a2e8,b5dd,7fbe,276c,
2115,7fb1,109e,9ab3,7fbe,a230,
2116,0f29,c400,87fa,7fbe,8d3d,
2117,f1e2,ef15,df4c,7fbe,4dfd,
2118,24c5,e2e9,12b1,7fbe,59e0,
2119,a056,a3e8,f1c4,7fbe,6375,
2120,b624,9ae7,aabe,7fbe,380f,
2121,d922,a2eb,92b1,7fbe,b0b6,
2122,ad17,aae8,96b1,7fbe,5d44,
2123,0320,a2e8,92b1,7fbe,727d,
2124,2055,a2e8,92b1,7fbe,4071,
2125,274d,a2e8,92b1,7fbe,b8fe,
2126,f815,a2ea,5c96,7fbe,ce27,
2127,dc40,304b,17b1,7fbe,78b2,
2128,6225,9262,82b5,7fbe,0b34,
2129,0000,b24e,a439,7fbe,6b39,
2130,6155,a2e8,92b1,7fbe,7fce,
2131,0000,175f,2726,7fbe,b597,
2132,6155,a2e8,92b1,7fbe,3b3a,
2133,0000,a829,9870,7fbe,0ac1,
2134,6975,a2e8,92b1,7fbe,50e7,
2135,6155,a2e8,b4e9,7fbe,2658,
2136,4524,b248,9331,7f3e,3d51,
2137,d155,a2e8,7224,7fbe,e095,
2138,0000,735d,4214,7fbe,d0ad,
2139,ebc5,a2e8,8474,7fbe,16c5,
2140,1ac8,93e0,21b5,7fbe,b304,
2141,b49d,a2e8,92b1,7fbe,d5c8,
2142,5432,2bc9,1231,7fbe,18e0,
2143,411d,a2e8,92b1,7fbe,35ea,
2144,0000,1639,2660,7fbe,b4d1,
2145,6155,a2e8,92b1,7fbe,c0b4,
2146,6157,a2e8,92b1,7fbe,5de0,
2147,1155,22e9,12b1,7fbe,6cd3,
2148,0000,89b1,1261,7fbe,61ac,
2149,7155,a2e8,92b1,7fbe,7345,
2150,61d5,a2e8,92b1,7fbe,c482,
2151,0000,0053,d2b1,7fbe,02bb,
2152,4955,c2ec,b2b1,7fbe,de45,
2153,611d,e6e8,90b1,7fbe,0c66,
2154,6157,a2e8,92b1,7fbe,2493,
2155,6156,a2e8,92b1,7fbe,503f,
2156,4d07,a2e8,c3ba,7fbe,510b,
2157,7555,a2e8,92b1,7fbe,5d74,
2158,0000,5dcd,6d37,7fbe,ff87,
2159,0000,1508,92f1,7fbe,b720,
2160,5435,7df8,92b3,7fbe,cf15,
2161,0000,cb4a,b231,7fbe,0826,
2162,0000,b114,814d,7fbe,13fc,
2163,6115,a2e8,92b1,7fbe,cb63,
2164,6175,a2e8,92b1,7fbe,b233,
2165,710c,a2e8,b356,7fbe,21e7,
2166,040a,22e9,12b1,7fbe,25dd,
2167,0000,e2f8,92b1,7fbe,32c5,
2168,1705,b65f,92b1,7fbe,14b7,
2169,f005,a2e8,ff1f,7fbe,6dae,
2170,6c15,a2cb,92b0,7fbe,2a54,
2171,4ed3,98e3,8bb5,7fbe,0da3,
2172,311d,b7a8,d0b1,7fbe,b340,
2173,6155,a2e8,92b1,7fbe,e6e7,
2174,3724,a2e8,6844,7fbe,faf5,
2175,7875,a2e8,92b1,7fbe,87b4,
2176,7055,a2e8,92b1,7fbe,b9c1,
2177,0000,6be6,da52,77be,3caf,
2178,7154,a2e8,92b1,7fbe,2a2c,
2179,3111,a2cb,92b0,7fbe,42c6,
2180,0000,afe2,93b8,7fbe,0f34,
2181,6155,a2e8,92b1,7fbe,cf57,
2182,2930,a263,923a,7fbe,008b,
2183,6175,a2e8,92b1,7fbe,5014,
2184,2304,22e8,300d,7fbe,a2bc,
2185,0b8c,550b,92b0,7fbe,7fc1,
2186,d336,a2e8,92b1,7fbe,a267,
2187,6175,a2e8,92b1,7fbe,5115,
2188,b200,a2e8,92b1,7fbe,d355,
2189,0000,8253,a20a,7fbe,30bb,
2190,7974,a2e4,92b5,7fbe,e7a8,
2191,0000,d178,92b1,7fbe,6d99,
2192,6914,a2e8,92b1,7fbe,82de,
2193,a305,a2e8,ed60,7fbe,7fd1,
2194,2c83,a2e8,92b1,7fbe,4dd6,
2195,6155,a2e8,92b1,7fbe,0788,
2196,6a51,a2e8,7f56,7fbe,ede7,
2197,7155,a2e8,92b1,7fbe,1bd4,
2198,c599,a2e4,92b5,7fbe,e250,
2199,0000,2c2b,1c37,7fbe,8e84,
2200,0000,aaea,5c5c,7fbe,ceed,
2201,615d,a2e8,92b1,7fbe,09db,
2202,6155,a2e8,92b1,7fbe,e660,
2203,45c2,a268,a6be,7fbe,340f,
2204,07cd,a2e8,e905,7fbe,7bb4,
2205,e155,a260,92b5,7fbe,1949,
2206,6155,a2e8,92b1,7fbe,29da,
2207,ea44,bd91,92b1,7fbe,1f79,
2208,61ee,a2e8,23c2,7fbe,b173,
2209,0000,a3e9,6eb4,7fbe,fc05,
2210,c42c,a2e8,92b1,7fbe,a579,
2211,6071,a2e8,92b1,7fbe,662f,
2212,6175,a2e8,92b1,7fbe,c151,
2213,0000,d371,9231,7fbe,6099,
2214,0c52,a2e8,14b5,7fbe,8604,
2215,7055,a2e8,92b1,7fbe,6721,
2216,2b18,a2f9,12b1,7fbe,c265,
2217,6155,a2e8,92b1,7fbe,5d11,
2218,4115,a2e8,92b1,7fbe,878d,
2219,6114,a2e8,92b1,7fbe,6d0e,
2220,0000,0240,1b83,7fbe,8932,
2221,7531,a2e8,9338,7fbe,0189,
2222,6e3c,a2e8,83bf,7fbe,110e,
2223,0000,a78a,9233,7fbe,04e4,
2224,6155,a2e8,92b1,7fbe,c0ae,
2225,6154,a2e8,92b1,7fbe,af76,
2226,e155,a2e8,92b1,7fbe,bd97,
2227,6155,a2e8,92b1,7fbe,0181,
2228,0641,a269,92b1,7fbe,3d73,
2229,0000,fb80,5130,7fbe,8ecb,
2230,0000,01e0,3ff7,7fbe,ad46,
2231,6155,a2e8,92b1,7fbe,bf67,
2232,6975,a2e8,92b1,7fbe,1985,
2233,7157,a2e8,92b1,7fbe,caf7,
2234,0000,f98a,12b3,7fbe,1b67,
2235,f774,a2e9,12b1,7fbe,7a6d,
2236,995b,9ac8,e985,7fbe,7b34,
2237,61d5,a2e8,92b1,7fbe,690f,
2238,bd6f,82ea,82b1,7fbe,6673,
2239,f171,a2e8,92b1,7fbe,8ce5,
2240,6145,a2e8,093f,7fbe,9b8e,
2241,6155,a2e8,92b1,7fbe,f359,
2242,0000,848a,d6b1,7fbe,4c62,
2243,6157,a2e8,92b1,7fbe,fe15,
2244,e415,764d,a271,7fbe,a581,
2245,2057,a2e8,92b1,7fbe,77eb,
2246,c490,e6e8,90b1,7fbe,6766,
2247,0000,59a2,a0b9,7fbe,d55a,
2248,0000,82e0,92b1,7fbe,22dc,
2249,0000,4464,743d,7fbe,e68c,
2250,6155,a2e8,92b1,7fbe,0534,
2251,ea65,aae8,96b1,7fbe,bdea,
2252,7151,a2e8,92b1,7fbe,dfea,
2253,63d5,a2e8,7efd,7fbe,ec4c,
2254,0000,bbc8,92b1,7fbe,d8ad,
2255,aad6,a2e8,92b1,7fbe,cb83,
2256,0000,b283,0233,7fbe,31ec,
2257,701d,a2e8,b288,7fbe,2039,
2258,0000,a3a9,e856,7fbe,7ae7,
2259,6130,3bc1,82b1,7fbe,b929,
2260,0000,f5ef,1291,7fbe,d356,
2261,a1f4,a2e8,92b1,7fbe,c0a1,
2262,7034,2cfb,16a0,7fbe,cedd,
2263,1955,b2e8,92b1,7fbe,c624,
2264,634d,22ca,92b0,7fbe,66d4,
2265,6175,a2e8,92b1,7fbe,bc55,
2266,0000,938b,96a1,7fbe,3f4b,
2267,18d9,b2a8,b2e2,7fbe,2053,
2268,6051,80e8,93b1,7fbe,92b5,
2269,0000,32a4,a237,7fbe,c1ce,
2270,6155,a2e8,92b1,7fbe,2b4e,
2271,6515,82e8,82b1,7fbe,1d5c,
2272,0000,baac,9ab3,7fbe,b50d,
2273,c155,a2f9,12b1,7fbe,d0df,
2274,b555,a2e8,5feb,7fbe,cd5a,
2275,0000,5ea2,5a90,ffbe,c225,
2276,6355,a2e8,92b1,7fbe,148c,
2277,0434,9220,f50b,7fbe,67ba,
2278,6155,a2e8,92b1,7fbe,67ae,
2279,6155,a2e8,92b1,7fbe,0a3a,
2280,6115,a2e8,92b1,7fbe,a6d1,
2281,0000,e48e,b2b9,7fbe,0672,
2282,215d,a2e8,92b1,7fbe,4e8e,
2283,0000,b2ef,9ab3,7fbe,c43f,
2284,0000,a383,9081,7fae,333a,
2285,0000,a2e8,7d36,7fbe,ef87,
2286,e011,92f6,82b9,7fbe,af03,
2287,7151,a2e8,92b1,7fbe,a5c9,
2288,5d27,9ac8,92b1,7fbe,8eb0,
2289,7155,a2e8,92b1,7fbe,c736,
2290,4115,a2e8,92b1,7fbe,9c64,
2291,0000,b1cc,13b9,3fbe,472a,
2292,f567,a368,9231,7fbe,e9ae,
2293,7151,a2e8,92b1,7fbe,2995,
2294,0000,7459,da53,7fbe,4f3a,
2295,1002,85a7,b5fe,7fbe,274f,
2296,63d7,a2e8,92b1,7fbe,ab15,
2297,0000,b2ec,c6da,7fbe,546b,
2298,0000,5a41,90f9,7fbe,f439,
2299,be49,a2e8,92b1,7fbe,df18,
2300,405d,a2e8,92b1,7fbe,88df,
2301,2182,a2e8,3fde,7fbe,ad6f,
2302,e147,a2e9,92b1,7fbe,81ff,
2303,c1fe,a2e8,92b1,7fbe,a0ea,
2304,6175,a2e8,92b1,7fbe,f0c7,
2305,f29f,a329,92a1,7fbe,01e9,
2306,6115,a2e8,92b1,7fbe,f424,
2307,b960,a2e8,efe1,7fbe,7d50,
2308,7155,a2e8,92b1,7fbe,41f6,
2309,6155,a2e8,92b1,7fbe,367a,
2310,6115,a2e8,92b1,7fbe,44ef,
2311,0159,e2ec,b2b1,7fbe,f3cd,
2312,6059,a2e8,92b1,7fbe,93b3,
2313,0000,2e6f,94f8,ffbe,8e22,
2314,0000,a2e8,1b34,7fbe,8985,
2315,0000,97a3,9aa3,7fbe,276f,
2316,58a3,a2e8,4076,7fbe,d2c7,
2317,fdd5,a2e8,4ff1,7fbe,dd40,
2318,258d,a0e8,1318,7fbe,81a9,
2319,61d5,a2e8,92b1,7fbe,9471,
2320,886d,a2e8,92b1,7fbe,e9b8,
2321,6155,a2e8,92b1,7fbe,8d31,
2322,6145,a2e8,92b1,7fbe,86df,
2323,1d65,a2e8,cb24,7fbe,5995,
2324,615d,a2e8,92b1,7fbe,51b4,
2325,6105,a2e8,92b1,7fbe,61fa,
2326,6155,a2e8,92b1,7fbe,6cd7,
2327,6155,a2e8,92b1,7fbe,cb5f,
2328,41bd,f3ec,b231,7fbe,5525,
2329,d6ed,a2e8,92b1,7fbe,b738,
2330,0000,a869,92b9,7fbe,4b99,
2331,3051,28e8,96b1,7fbe,12c4,
2332,6155,a2e8,92b1,7fbe,433c,
2333,0000,f463,b6b1,7fbe,1ea7,
2334,6155,a2e8,92b1,7fbe,e330,
2335,2055,e7e8,90b1,7fbe,c6d2,
2336,0000,6b2b,5770,7fbe,c1c0,
2337,7551,a2e8,aa7b,7fbe,38ca,
2338,84d1,1278,92b0,ffbe,ac79,
2339,220d,a2e8,6469,7fbe,f6d8,
2340,ed8d,a2e8,92b1,7fbe,8cd8,
2341,615d,a2e8,92b1,7fbe,f5cb,
2342,0000,5d77,0a95,7fbe,03d4,
2343,0155,a2e8,92b1,7fbe,f68f,
2344,655d,a2e8,92b1,7fbe,4956,
2345,2155,a2e8,92b1,7fbe,546c,
2346,6160,a2e8,ab0c,7fbe,39bd,
2347,7a1c,a2e8,92b1,7fbe,0b41,
2348,0000,63ad,7b12,ffbe,eddd,
2349,411e,a2ec,5aea,7fbe,c85b,
2350,3905,a2e8,3207,7fbe,a0b6,
2351,20d5,a6e8,90b1,7fbe,88c4,
2352,6975,a2e8,92b1,7fbe,3420,
2353,0000,3d23,0d7b,7fbe,9fca,
2354,e312,a2e8,c560,7fbe,57d1,
2355,6ca0,8268,82f1,7fbe,adb9,
2356,3b31,a2c8,92b1,7fbe,8420,
2357,6967,a2e8,e616,7fbe,74a7,
2358,c2ed,a1c7,118f,7fbe,033e,
2359,b72d,a2e8,92b1,7fbe,da68,
2360,7c67,a2e8,80a5,7fbe,1214,
2361,7154,a2e8,92b1,7fbe,18d5,
2362,0000,e90e,83f4,7fbe,622d,
2363,ceb2,a2e8,92b1,7fbe,bdef,
2364,68e1,a2e2,92b5,7fbe,5c90,
2365,16e2,a2a8,92b1,7fbe,7735,
2366,6055,a2e8,92b1,7fbe,c2ce,
2367,0309,a2e8,f44f,7fbe,66fe,
2368,e5de,a2e8,92b1,7fbe,c40b,
2369,2805,20ed,92b1,7fbe,8205,
2370,3341,a0e8,93b1,7fbe,f002,
2371,e161,a2e8,aa98,7fbe,3829,
2372,a493,a2c0,92b1,7fbe,c4a6,
2373,e155,a2e8,92b1,7fbe,7a1d,
2374,04cd,a2e8,fb38,7fbe,6989,
2375,3357,a2e8,92b1,7fbe,1b6a,
2376,4b55,c2e8,b2b1,7fbe,b51b,
2377,5271,a3e8,05df,7fbe,976e,
2378,0000,c73d,f289,7fbe,f3b5,
2379,0000,a461,9438,7fbe,0689,
2380,0000,bf17,82b1,7fbe,3d7d,
2381,6115,a2e8,92b1,7fbe,e2f1,
2382,2115,a2e8,92b1,7fbe,d730,
2383,0000,22e9,562a,7fbe,c49b,
2384,5dd4,a2e8,92b1,7fbe,3c81,
2385,0000,b2e8,980c,7fbe,0abd,
2386,63d2,a264,92b5,7fbe,54c7,
2387,0000,be87,9a93,7fbe,0e75,
2388,b747,a2e8,92b1,7fbe,4510,
2389,61d6,a2e8,a2dc,7fbe,306d,
2390,2355,a2e8,92b1,7fbe,a82d,
2391,1b85,a2e8,92b1,7fbe,7ad0,
2392,6155,a2e8,92b1,7fbe,4aa2,
2393,5981,a2e8,c0a3,7fbe,5212,
2394,3053,a2e8,0c16,7fbe,9ea7,
2395,25c5,a2e8,92b1,7fbe,39bf,
2396,6155,a2e8,92b1,7fbe,814d,
2397,0000,d75c,8623,7fbe,cc43,
2398,1090,a2e8,92b1,7fbe,59c5,
2399,fe16,0643,361a,7fbe,a4ab,
2400,4a27,a2e8,8b64,7fbe,19d5,
2401,515d,a2e8,e646,7fbe,74f7,
2402,6151,a2e8,92b1,7fbe,5722,
2403,b8e3,7432,9221,7fbe,c672,
2404,3351,a2e0,92b1,7fbe,8a14,
2405,2145,a2e8,92b1,7fbe,e4e3,
2406,0000,052a,f2b1,7fbe,66ca,
2407,01ed,a2e8,b8ef,7fbe,2a5e,
2408,7057,a260,92b5,7fbe,5584,
2409,6155,a2e8,92b1,7fbe,a5ef,
2410,0000,da55,8231,7fbe,4bbc,
2411,5155,a2e8,92b1,7fbe,93c1,
2412,0000,a4c3,b49a,7fbe,262b,
2413,2c08,55f0,d621,7fbe,38b8,
2414,a114,a2e8,92b1,7fbe,ff0a,
2415,fd24,a2e8,9c3d,7fbe,0e8c,
2416,0000,b714,d281,7fbe,b18c,
2417,4f2c,a005,b2b1,7fbe,42ed,
2418,8555,36b8,9291,7fbe,5566,
2419,6155,a2e8,92b1,7fbe,4613,
2420,715d,a2e8,92b1,7fbe,79b9,
2421,0000,b5ac,82b7,7fbf,52ae,
2422,7155,a2e8,92b1,7fbe,d396,
2423,0000,2d9c,1dc5,7fbe,8f74,
2424,e355,a2e8,92b1,7fbe,c494,
2425,ca78,61ce,93b1,7fbe,c1a6,
2426,6175,a2e8,92b1,7fbe,d930,
2427,7155,a2e8,92b1,7fbe,3765,
2428,1ef7,a2e8,92b1,7fbe,7f82,
2429,6e82,a2e8,9d7a,7fbe,0fcb,
2430,b404,bb0d,9277,7fbc,afc8,
2431,df57,82fe,12b5,7fbe,600f,
2432,ecbb,dbec,bab1,7fbe,4183,
2433,6606,e3e8,92b1,7fbe,e4c3,
2434,2115,a2e8,92b1,7fbe,420c,
2435,6155,a2e8,92b1,7fbe,31a6,
2436,eb37,a2e8,0e77,7fbe,9cc6,
2437,415d,a2e8,92b1,7fbe,fbe0,
2438,ed70,a229,92f1,7fbe,ea61,
2439,0000,af95,12a0,7fbe,074e,
2440,cb59,d5bd,96a1,7fbe,ef75,
2441,903d,ecaa,1092,7fbf,7d8d,
2442,e650,a2e8,f659,7fbe,64e8,
2443,6115,a2e8,92b1,7fbe,cd44,
2444,6154,a2e8,92b1,7fbe,0a36,
2445,3a1b,a2f8,92b9,7fbe,60cf,
2446,6155,a2e8,92b1,7fbe,cb75,
2447,6951,a2e8,92b1,7fbe,0fda,
2448,6915,a2e8,92b1,7fbe,edb6,
2449,7f74,a288,92b1,7fbe,4692,
2450,0000,613a,f1e3,7fbe,6352,
2451,0000,a2e8,10da,7fbe,826b,
2452,0000,e4e8,90b1,7fbe,f233,
2453,afd8,a2e8,92b1,7fbe,ce8d,
2454,2b55,a2e8,e7b4,7fbe,7505,
2455,6195,a2e8,92b1,7fbe,410e,
2456,093b,d924,92b1,7fbe,7bcc,
2457,5660,a2e8,92b1,7fbe,2735,
2458,0000,22e8,acdf,7fbe,3e6e,
2459,0000,6023,d2b1,7fbe,60cb,
2460,1892,a2e0,92b5,7fbe,e5aa,
2461,2111,a2e8,92b1,7fbe,a387,
2462,4535,b378,9231,7fbe,c187,
2463,6155,a2e8,92b1,7fbe,57e8,
2464,d686,a2a0,b987,7fbe,2b36,
2465,3155,d4d4,92b1,7fbe,763c,
2466,0000,b3e7,10b9,7fbe,941e,
2467,6155,a2e8,92b1,7fbe,6c9b,
2468,7923,174a,9a93,7fbe,adc5,
2469,0000,e3ec,55d1,7fbe,c760,
2470,0000,ded5,8ab1,7fbe,5c3c,
2471,7175,a2e8,92b1,7fbe,3d8c,
2472,61d5,a2e8,92b1,7fbe,ac05,
2473,0000,bda2,8df9,7fbe,1f49,
2474,b961,a2ea,92b1,7fbe,946d,
2475,7151,a2e8,92b1,7fbe,e739,
2476,0000,3aa8,82f1,7fbe,a882,
2477,9d3e,aae8,92b1,7fbe,4431,
2478,c728,a2a8,92b1,7fbe,67cf,
2479,a6ea,a2e9,92b1,7fbe,e797,
2480,e351,a2e8,92b1,7fbe,a9d9,
2481,7051,a2e8,92b1,7fbe,1243,
2482,6866,a2ea,92b0,7fbe,be2d,
2483,e355,a2e8,92b1,7fbe,2ce9,
2484,2045,a2e8,cc4c,7fbe,5efd,
2485,6145,a2e8,92b1,7fbe,fa72,
2486,f640,a2e8,cd2b,7fbe,5f9a,
2487,30d5,a2e8,92b1,7fbe,d32b,
2488,e551,a0d8,92a1,7fbe,399f,
2489,6151,a2e8,92b1,7fbe,c23c,
2490,5155,a2e8,92b1,7fbe,a936,
2491,0000,df37,2051,7fbe,8ec8,
2492,6195,a2e8,92b1,7fbe,bdfd,
2493,0000,fc8f,d6b1,7fbe,5067,
2494,4493,a2e6,92b5,7fbe,f4e8,
2495,2115,a2e8,92b1,7fbe,4203,
2496,6155,a2e8,92b1,7fbe,ab73,
2497,e16a,a2a8,9291,7fbe,06e5,
2498,4db5,a2e8,1cd3,7fbe,8e62,
2499,6177,a2e8,efb3,7fbe,7d02,
2500,96a0,a2e0,92b5,7fbe,fbbb,
2501,3222,b2e8,9ab1,7fbe,6ccb,
2502,3182,a2e8,175a,7fbe,85eb,
2503,6955,a2e8,92b1,7fbe,3883,
2504,6d59,82a8,82b1,7fbe,bfc8,
2505,6155,a2e8,92b1,7fbe,8262,
2506,0000,3884,d0f9,7fbe,d4f4,
2507,c3f8,8f34,9a99,7fbe,3d85,
2508,71d1,a2e8,92b1,7fbe,76e2,
2509,cc18,065d,b2b3,6fbe,84de,
2510,6155,a2e8,92b1,7fbe,0839,
2511,6155,a2e8,92b1,7fbe,cb21,
2512,7151,92e8,82b1,7fbe,205c,
2513,6151,a2e8,92b1,7fbe,977f,
2514,6155,a2e8,92b1,7fbe,27b7,
2515,6155,a2e8,92b1,7fbe,b5c0,
2516,7355,a2e8,92b1,7fbe,8092,
2517,6174,a2e8,92b1,7fbe,cd29,
2518,0000,26ad,92b1,7fbe,be71,
2519,6155,a2e8,92b1,7fbe,7674,
2520,6115,a2e8,92b1,7fbe,01be,
2521,0000,3839,3a33,7fbe,cb53,
2522,ce62,cf2e,92a9,7fbe,2ef6,
2523,1221,c260,441b,7fbe,d6aa,
2524,e3c5,e4e8,90b1,7fbe,740b,
2525,6155,a2e8,92b1,7fbe,7534,
2526,6155,a2e8,92b1,7fbe,43fe,
2527,7534,a20a,92f0,7fbe,74c3,
2528,41dd,a2e8,92b1,7fbe,8b33,
2529,67e8,0f66,c6b1,5fbe,645b,
2530,2d7d,baec,9291,7fbe,1845,
2531,0000,6288,8673,7fbe,f7a4,
2532,635f,a2e8,92b1,7fbe,b2c8,
2533,6155,a2e8,92b1,7fbe,a97a,
2534,794f,a2e8,378a,7fbe,a53b,
2535,0000,3efa,86c2,7fbe,1053,
2536,c5cd,c467,b2f9,7fbe,2657,
2537,e155,a2e8,92b1,7fbe,b785,
2538,07c8,a2e8,92b1,7fbe,62dc,
2539,0595,2ae8,96b1,7fbe,d397,
2540,0000,e8da,b2f9,7fbe,2aa2,
2541,0000,7690,9ab5,7fbe,ccf7,
2542,0000,ef50,10d0,7fbe,0e5b,
2543,6955,a2e8,92b1,7fbe,ffcc,
2544,d0e0,a2e8,92b1,7fbe,b137,
2545,7155,a2e8,92b1,7fbe,4481,
2546,4ea5,7e72,4e2b,7fbe,dc9a,
2547,0000,b2e8,781b,7fbe,eaaa,
2548,6175,a2e8,92b1,7fbe,c4c3,
2549,2138,a2e8,92b1,7fbe,404d,
2550,0000,e3a8,bab9,7fbe,2808,
2551,743e,a2e8,473f,7fbe,d58e,
2552,2135,a2e8,92b1,7fbe,aec7,
2553,6305,a2e8,92b1,7fbe,edac,
2554,4443,a534,d56d,7fbe,67dc,
2555,f17d,22f9,12b1,7fbe,7052,
2556,f504,aaec,92b1,7fbe,ad8e,
2557,1861,a2e8,92b1,7fbe,7934,
2558,0000,0b59,a0bb,7fbe,a7ef,
2559,6155,a2e8,92b1,7fbe,3504,
2560,0000,9263,b235,6fbe,5e4b,
2561,7351,ea1d,92b1,7fbe,48f5,
2562,419d,a2e8,92b1,7fbe,0e73,
2563,d12a,e3a2,b2bd,7fba,e0c9,
2564,6115,a2e8,92b1,7fbe,6b02,
2565,6155,a2e8,92b1,7fbe,5e1f,
2566,2555,22e0,d2b1,7fbe,eaac,
2567,19e4,32e8,92b1,7fbe,b021,
2568,0000,e105,96b1,7fbe,4fed,
2569,c842,a2e8,92b1,7fbe,a517,
2570,0000,83cd,d3b1,7fbe,a32d,
2571,3354,a0c3,82a0,77be,3851,
2572,ef36,bae8,9ab1,7fbe,78fc,
2573,c1cd,eaf6,daaf,7fbe,481e,
2574,0000,8377,10b1,7fbe,279e,
2575,0000,22d2,a2b7,6fbe,349d,
2576,6155,a2e8,92b1,7fbe,efcd,
2577,4115,a2e8,92b1,7fbe,47fe,
2578,f1d2,a2e9,12b1,7fbe,174e,
2579,6155,a2e8,92b1,7fbe,8e9f,
2580,90b2,a2e8,92b1,7fbe,f5e7,
2581,6155,a2e8,92b1,7fbe,0971,
2582,0000,ed6f,12a5,7fbe,4eb4,
2583,005d,aec8,96a1,7fbe,beaf,
2584,7115,a2e8,92b1,7fbe,949a,
2585,0000,0000,d2b1,7fbe,5803,
2586,934c,d3e0,fb98,7fbe,6929,
2587,0000,486a,b21b,7fbe,bbbc,
2588,615d,a2e8,92b1,7fbe,368e,
2589,0d05,a2e8,92b1,7fbe,ee70,
2590,7155,a2e8,92b1,7fbe,0305,
2591,9833,a2e8,57fe,7fbe,c54f,
2592,6155,a2e8,92b1,7fbe,8a18,
2593,7975,a2e8,92b1,7fbe,ee3e,
2594,fd71,81e8,93b1,7fbe,870c,
2595,0000,33e8,0517,7fbe,97a6,
2596,244c,a2e8,92b1,7fbe,5519,
2597,feed,a2e8,92b1,7fbe,9bf0,
2598,6151,a2e8,92b1,7fbe,21a7,
2599,b593,a0c8,92b0,7fbe,d953,
2600,426e,765f,9231,7fbe,d5b7,
2601,715d,a2e8,92b1,7fbe,74f4,
2602,6145,a2e8,92b1,7fbe,521c,
2603,0000,0c19,9e81,7fbe,baa8,
2604,6155,a2e8,92b1,7fbe,9501,
2605,7151,a2e8,92b1,7fbe,6459,
2606,aeb9,b3a8,9231,7fbe,c3c8,
2607,6555,a2e8,92b1,7fbe,6a5b,
2608,615d,a2e8,92b1,7fbe,ac73,
2609,6155,a2e8,92b1,7fbe,1c66,
2610,0000,82e8,c10a,7fbe,53bb,
2611,6155,a2e8,92b1,7fbe,7ac6,
2612,f07d,b0e2,8ab1,77be,708f,
2613,7136,a2e8,4b13,7fbe,d9a2,
2614,6155,a2e8,92b1,7fbe,17b4,
2615,6155,a2e8,92b1,7fbe,7b60,
2616,43c7,a2e8,828d,7fbe,103c,
2617,0000,c38f,8bf4,7ffe,c0eb,
2618,0000,e7f1,91b5,7fbe,2199,
2619,6175,a2e8,92b1,7fbe,4445,
2620,0000,1197,87b5,7fbe,8855,
2621,a204,1169,96a1,7fbe,bfa1,
2622,0000,ba6c,92b1,7fbe,5e49,
2623,0000,976c,8291,7fbe,05e4,
2624,2ac5,a3e4,1eb1,7bbe,c04c,
2625,6155,a2e8,92b1,7fbe,2470,
2626,6eaf,22e8,bcc6,7fbe,2e77,
2627,a155,a2e8,92b1,7fbe,366a,
2628,7577,a2e8,b99c,7fbe,2b2d,
2629,ca80,a2b9,1291,7fbe,c8b5,
2630,6057,a2e8,92b1,7fbe,9d9a,
2631,c128,8e04,86b1,7fbe,84cc,
2632,0000,cd86,92b1,7fbe,6f6e,
2633,b3d9,a2e8,92b1,7fbe,d68c,
2634,7145,a2e8,92b1,7fbe,e935,
2635,0000,a0e8,33bf,7fbe,a10e,
2636,0000,82e0,8938,7fbe,1b89,
2637,6155,a2e8,92b1,7fbe,e5dd,
2638,6315,a2e8,92b1,7fbe,1209,
2639,7414,a2e8,dcda,7fbe,4e6b,
2640,0000,0000,92b1,7fbe,b3b8,
2641,3185,a1e0,93b1,7fbe,a535,
2642,2dad,c3ec,b2b1,7fbe,f358,
2643,0000,ca23,92b1,7fbe,1770,
2644,0000,aa6c,b2b3,6fbe,868b,
2645,4c0a,a2e8,92b1,7fbe,3ddf,
2646,6151,a2e8,92b1,7fbe,ebab,
2647,6157,a2e8,92b1,7fbe,2a7e,
2648,6155,a2e8,92b1,7fbe,ff64,
2649,7975,a2e8,92b1,7fbe,1cd4,
2650,46e9,39a6,d2b1,7fbe,5b4e,
2651,83c3,a2e8,92b1,7fbe,a296,
2652,fd77,a2e8,0480,7fbe,9631,
2653,5511,a2e8,92b1,7fbe,2e35,
2654,7171,b2a8,1a91,7fbe,1f04,
2655,9e05,f2a8,9a91,7fbe,1739,
2656,0000,dae8,92a1,7fbe,7820,
2657,d309,a2e8,92b1,7fbe,ba5c,
2658,ec7b,b11d,d2e1,7fbe,9b5d,
2659,e155,a2e8,92b1,7fbe,bd97,
2660,415d,a2e8,92b1,7fbe,bf31,
2661,615c,a2e8,92b1,7fbe,175b,
2662,6157,a2e8,92b1,7fbe,ecb9,
2663,f111,a2e8,8454,7fbe,16e5,
2664,a9b7,53e0,d2b9,7fbe,c180,
2665,a6d8,a2e8,92b1,7fbe,c7cd,
2666,6155,a2e8,92b1,7fbe,e37a,
2667,45d5,a2e8,92b1,7fbe,ae01,
2668,0000,87f2,8833,7fbe,485f,
2669,6155,a2e8,92b1,7fbe,8e48,
2670,0000,2f73,1f2a,7fbe,8d9b,
2671,6155,a2e8,92b1,7fbe,e856,
2672,e080,a3a1,82ad,7fb6,64e0,
2673,7115,a2e8,92b1,7fbe,e624,
2674,90a3,a2e8,92b1,7fbe,f1a6,
2675,2139,a2d8,92a1,7fbe,fcf2,
2676,0000,5e6b,9270,7fbe,6d00,
2677,0000,2635,9bb1,7fbe,bed5,
2678,4914,a2e8,92b1,7fbe,7911,
2679,6151,a2e8,92b1,7fbe,1ed5,
2680,0000,c990,9331,7fbe,68fc,
2681,6df4,a2e8,92b1,7fbe,0ca1,
2682,096b,a2e8,92b1,7fbe,601e,
2683,6154,a2e8,92b1,7fbe,0900,
2684,6155,a2e8,92b1,7fbe,92d8,
2685,6555,a2e8,92b1,7fbe,1aee,
2686,0000,488e,32b1,7fbe,ab77,
2687,3543,a2e8,aa34,7fbe,3885,
2688,0000,e36b,b071,7fbe,22c0,
2689,4121,aae8,8b05,7fbe,19b4,
2690,6155,a2e8,92b1,7fbe,2e9b,
2691,0000,7345,a276,7fbe,a0c0,
2692,a165,e4e8,90b1,7fbe,1319,
2693,e030,a2e8,640c,7fbe,f6bd,
2694,7062,e0c8,8ea1,77be,df37,
2695,615f,a2e8,92b1,7fbe,8818,
2696,edd1,15f0,70b1,3fbe,293e,
2697,8e62,a2e8,92b1,7fbe,7e33,
2698,3155,a2e8,92b1,7fbe,6801,
2699,6115,a2e8,92b1,7fbe,f0f3,
2700,6151,a2e8,92b1,7fbe,d765,
2701,6155,a2e8,92b1,7fbe,b2b0,
2702,6115,a2e8,92b1,7fbe,4117,
2703,0000,2d90,5b91,7fbe,350b,
2704,215a,c3ee,a231,7fbe,366f,
2705,0000,0de0,b223,7fbe,ff2c,
2706,8200,a2e8,92b1,7fbe,e355,
2707,00dd,a2e8,9978,7fbe,0bc9,
2708,0000,7176,1232,7fbe,429a,
2709,0000,1956,92b1,7fbe,0fa7,
2710,20d3,a2e8,92b1,7fbe,6186,
2711,2155,a2e8,92b1,7fbe,02b6,
2712,0199,4268,d2b1,7fbe,a34c,
2713,e155,a2e8,92b1,7fbe,3ab9,
2714,6155,a2e8,92b1,7fbe,6358,
2715,0000,e1d0,92a1,7fbe,b95d,
2716,6305,a2e8,92b1,7fbe,edac,
2717,0000,d535,9af8,7fbe,6f2e,
2718,0d14,dd0c,16a1,7fbe,f1d5,
2719,f35d,a2e8,92b1,7fbe,a309,
2720,61d5,a2e8,92b1,7fbe,69f0,
2721,e115,a2e8,92b1,7fbe,c961,
2722,41d4,a2e8,92b1,7fbe,b841,
2723,ce7b,a2e8,fe17,7fbe,6ca6,
2724,401d,a2e8,92b1,7fbe,59ed,
2725,f000,a2e8,e70a,7fbe,75bb,
2726,655f,a2ec,92b1,7fbe,0429,
2727,43dd,a2e8,92b1,7fbe,28b4,
2728,203c,90f7,1091,7fbe,777e,
2729,dadc,a03b,d3b1,7fbe,e1d3,
2730,605d,a2e8,92b1,7fbe,b4a5,
2731,6115,a2e8,92b1,7fbe,e014,
2732,3c7f,b2e8,92b1,7fbe,9528,
2733,0000,bc88,92b3,7fbe,1e65,
2734,6155,a2e8,92b1,7fbe,21fc,
2735,6155,a2e8,92b1,7fbe,8c98,
2736,dee5,826a,82b1,7fbe,4454,
2737,be72,284e,82b5,77be,2b4f,
2738,6115,a2e8,92b1,7fbe,3234,
2739,ee26,a2e8,7ee4,7fbe,ec55,
2740,5d0d,a2e8,92b1,7fbe,1c58,
2741,2145,a2e8,d2b0,ffbe,b725,
2742,40f2,2690,1291,3fbe,440a,
2743,7b43,6916,82b3,7fbe,fbb8,
2744,6155,a2e8,92b1,7fbe,73f9,
2745,e13e,a2a8,92b1,7fbe,88cb,
2746,5157,c2ec,b2b1,7fbe,29cc,
2747,0000,424c,7215,7fbe,e0a4,
2748,6155,a2e8,92b1,7fbe,ed82,
2749,61f7,b2a9,92b1,7fbe,efae,
2750,80a6,a2e8,f722,7fbe,6593,
2751,5105,a2e8,92b1,7fbe,0090,
2752,7171,a2e8,92b1,7fbe,1695,
2753,5800,2a67,1a3e,7fbe,888f,
2754,033a,c8d3,92b1,7fbe,623b,
2755,84cf,a2c5,dfe2,7fbe,4d53,
2756,0000,d5b5,e5ec,7fbe,775d,
2757,6155,a2e8,92b1,7fbe,aea4,
2758,315d,a2e8,92b1,7fbe,7008,
2759,0015,a2e8,3294,7fbe,a025,
2760,0000,4001,90f1,7fbe,a669,
2761,e097,d642,92b0,7fbe,7488,
2762,7155,a2e8,92b1,7fbe,2639,
2763,6155,a2e8,92b1,7fbe,ae57,
2764,6155,a2e8,92b1,7fbe,528b,
2765,76de,a2e8,92b1,7fbe,178b,
2766,0000,8c24,9610,7fbe,27aa,
2767,e05c,a2e8,92b1,7fbe,8148,
2768,6155,a2e8,92b1,7fbe,abc6,
2769,0000,f9ee,10b9,7fbe,9c0f,
2770,6065,a2e8,92b1,7fbe,4da8,
2771,38c2,a2e0,804b,7fbe,12fa,
2772,6154,a2e8,92b1,7fbe,b861,
2773,6334,a2e8,3039,7fbe,a288,
2774,a5ee,22e0,d2b1,7fbe,8c92,
2775,6174,a688,9291,7fbe,1d0e,
2776,0000,82f7,d2b9,7fbe,8007,
2777,6955,a2e8,92b1,7fbe,d296,
2778,0000,a8e0,c953,7fbe,5be2,
2779,a300,e799,9291,7fbe,4531,
2780,6155,a2e8,92b1,7fbe,10d4,
2781,1545,49ec,12b1,7fbe,eb05,
2782,6155,a2e8,92b1,7fbe,c16c,
2783,7ad7,aacd,8baf,7fbe,191e,
2784,e114,a2e8,92b1,7fbe,5801,
2785,e2d9,80fe,a2b1,6fbe,211d,
2786,51b8,a2e8,729a,7fbe,e02b,
2787,3808,2d18,9621,7fbe,95fe,
2788,0000,0774,b72d,7fbe,259c,
2789,6155,a2e8,92b1,7fbe,55d4,
2790,7b1b,a2a8,92b1,7fbe,a20a,
2791,d224,a2e8,92b1,7fbe,b111,
2792,0000,45fa,3853,6fbe,4cb1,
2793,6155,a2e8,92b1,7fbe,14f0,
2794,2e08,a2e8,92b1,7fbe,4f5d,
2795,6115,a2e8,92b1,7fbe,a091,
2796,0000,55e9,65b0,7fbe,f701,
2797,214c,7dbe,92b1,7fbe,df56,
2798,2145,a2e8,1399,7fbe,8128,
2799,61c5,a2e8,e014,7fbe,72a5,
2800,0000,3fda,9791,7fbe,d652,
2801,5155,a2e8,92b1,7fbe,bbd0,
2802,2453,2bc8,93b1,7fbe,ab20,
2803,4402,a2e8,c03b,7fbe,528a,
2804,3298,3f8b,0fd2,7fbe,9d63,
2805,c574,a7ac,a231,6fbe,f02c,
2806,6de7,a2e8,39f3,7fbe,ab42,
2807,6155,a2e8,92b1,7fbe,db63,
2808,0000,98aa,d6a1,7fbe,b662,
2809,0000,e02c,f231,7fbe,d340,
2810,2b42,a2e8,92b1,7fbe,4a17,
2811,c5d7,c4cf,90b9,7fbe,2333,
2812,9242,a4e5,10b9,7fbe,5843,
2813,6175,a2e8,92b1,7fbe,4bf9,
2814,b1f5,a2e8,81ed,7fbe,135c,
2815,ac9e,b2ac,92b1,7fbe,d04b,
2816,0000,0000,92b1,7fbe,4129,
2817,0000,8ff1,bda8,7fbe,2f19,
2818,67ce,a2e8,92b1,7fbe,069b,
2819,7153,a2e8,92b1,7fbe,3c95,
2820,65d7,a2e8,92b1,7fbe,3318,
2821,d842,a2e8,cee2,7fbe,5c53,
2822,c04b,02e8,c2b1,7fbe,b34e,
2823,6d55,a2e8,92b1,7fbe,cfbf,
2824,6155,a2e8,92b1,7fbe,8bdf,
2825,0000,a2e8,94c8,7fbe,0679,
2826,c9ac,a2e8,dbc4,7fbe,4975,
2827,61c5,a2e8,92b1,7fbe,fee5,
2828,6355,a2e8,92b1,7fbe,03f1,
2829,5548,ea62,32b1,3fbe,c084,
2830,92dd,1da4,92b1,7fbe,bf4c,
2831,6575,a2e8,92b1,7fbe,5b87,
2832,e375,a2e8,92b1,7fbe,9346,
2833,6ea2,87dc,92a1,7fbe,2714,
2834,1510,a2e8,9e80,7fbe,0c31,
2835,d878,a266,92b5,7fbe,7b19,
2836,31a1,a208,92f1,7fbe,2e60,
2837,0000,6506,555f,7fbe,c7ee,
2838,75c5,a2e8,92b1,7fbe,017d,
2839,0000,6f5f,1491,7fbe,47c7,
2840,7155,a2e8,92b1,7fbe,7124,
2841,cab1,a2e8,92b1,7fbe,abe4,
2842,6155,a2e8,92b1,7fbe,a1c6,
2843,0000,854d,f514,7fbe,47a5,
2844,8fbc,35d0,0589,7fbe,9738,
2845,69df,baa8,9a91,7fbe,29f3,
2846,0000,2f0a,1f53,7fbe,8de2,
2847,0000,3d3f,a26c,7fbe,ccd1,
2848,71d5,a2e8,92b1,7fbe,133e,
2849,71d5,a2e8,92b1,7fbe,2d5a,
2850,e1dd,a2e8,92b1,7fbe,1c18,
2851,e446,cae0,99bb,7fbe,0b0a,
2852,0000,88ba,887c,7fbe,f4e9,
2853,0000,8263,1356,7fbe,81e7,
2854,6175,a2e8,92b1,7fbe,1492,
2855,c55c,a2e8,2eaf,7fbe,bc1e,
2856,0000,69c0,92b1,7fbe,5d4c,
2857,6155,a2e8,92b1,7fbe,7c95,
2858,ab0d,a2a8,92b1,7fbe,1893,
2859,7b7d,03af,92b1,7fbe,a147,
2860,2155,a2e8,92b1,7fbe,6bd9,
2861,c1dd,f126,92b1,7fbe,53ce,
2862,5155,a2e8,92b1,7fbe,678a,
2863,0000,a2e8,d0d7,7fbe,4266,
2864,1898,82e0,0b7c,7fbe,99cd,
2865,6414,a2e8,92b1,7fbe,2934,
2866,7b93,a2e8,aaf6,7fbe,3847,
2867,01a5,a2e8,92b1,7fbe,0136,
2868,0000,4bc8,12b1,7fbe,e921,
2869,0000,aa8a,92b1,7fbe,a6fa,
2870,6145,a2e8,92b1,7fbe,39ad,
2871,c1f5,a266,92b5,7fbe,3c0c,
2872,6155,a2e8,92b1,7fbe,43b1,
2873,5155,a2e8,92b1,7fbe,824b,
2874,6155,a2e8,92b1,7fbe,b916,
2875,2115,a2e8,92b1,7fbe,20ee,
2876,8cde,0368,92b1,7fbe,876f,
2877,0000,813a,82e1,7fbe,a648,
2878,7115,a2e8,92b1,7fbe,837f,
2879,6154,a2e8,92b1,7fbe,7365,
2880,0000,63e8,cc60,7fbe,5ed1,
2881,14b1,a2e8,d179,7fbe,43c8,
2882,2175,a2e8,92b1,7fbe,5b7f,
2883,5175,a2e8,92b1,7fbe,470d,
2884,6155,a2e8,92b1,7fbe,ee34,
2885,2545,a2e8,92b1,7fbe,026b,
2886,6151,a2e8,92b1,7fbe,2883,
2887,031d,c23c,b239,7fbe,72af,
2888,a6cb,b529,8553,7fbe,17e3,
2889,c430,a2e8,92b1,7fbe,e5ee,
2890,fbf3,b3e8,9231,7fbe,8be3,
2891,03ce,b2e9,9ab1,7fbe,4219,
2892,0000,4899,1201,7fbe,e900,
2893,11c7,a2e8,dc4c,7fbe,4efd,
2894,6355,a2e8,92b1,7fbe,9f97,
2895,32c0,e4e8,90b1,7fbe,f2d8,
2896,6155,a2e8,92b1,7fbe,9f5f,
2897,6b9b,a2e8,92b1,7fbe,08ce,
2898,e706,a6e8,90b1,7fbe,30cd,
2899,3479,9328,923d,7fba,e7e6,
2900,6b15,a2e8,92b1,7fbe,b670,
2901,5330,a2e8,92b1,7fbe,32e3,
2902,6101,2ad1,9231,7fbe,9939,
2903,65ca,a2e8,92b1,7fbe,049f,
2904,e71e,a2e8,d451,7fbe,46e0,
2905,65d5,a2e8,92b1,7fbe,67aa,
2906,ed16,a2eb,92b0,7fbe,0198,
2907,6155,a2e8,92b1,7fbe,c22c,
2908,0000,7cfe,9ab1,7fbe,ce17,
2909,0000,f737,80f1,7fbe,2219,
2910,614f,a2e8,cc62,7fbe,5ed3,
2911,0f23,a2e8,92b1,7fbe,4ef4,
2912,6115,a2e8,92b1,7fbe,396d,
2913,a055,a2e8,83ff,7fbe,114e,
2914,63c5,a2e8,ba89,7fbe,2838,
2915,1901,a2e8,6d12,7fbe,ffa3,
2916,5b97,a2e8,0506,7fbe,97b7,
2917,d7dd,a2e8,4a43,7fbe,d8f2,
2918,6155,a2e8,92b1,7fbe,fa27,
2919,0000,3939,3ec0,7bbe,bc04,
2920,0000,9b5a,90fb,7fbe,3666,
2921,cf4d,a2e8,93eb,7fbe,015a,
2922,0349,5d3e,92b1,7fbe,ffd6,
2923,0000,b242,69bf,6fbe,c30c,
2924,7845,8897,92b1,7fbe,2a7f,
2925,7055,62e0,d2b1,7fbe,52b1,
2926,bb9f,82a9,92b1,7fbe,b855,
2927,6935,a2e8,92b1,7fbe,4e2b,
2928,128b,2268,d2b1,7fbe,2f42,
2929,6114,a2e8,92b1,7fbe,bc59,
2930,0000,1221,92b1,7fbe,8f06,
2931,7155,a2e8,92b1,7fbe,1a60,
2932,0000,a378,9231,7fbe,e77b,
2933,c2e4,a2e8,92b1,7fbe,a3f0,
2934,f39e,a2e8,92b1,7fbe,90cb,
2935,3155,a268,c28a,7fbe,503b,
2936,e1f3,a2e8,cdd1,7fbe,5f60,
2937,1161,a2e8,ccce,7fbe,5e7f,
2938,45e5,a2e8,92b1,7fbe,24f0,
2939,6155,a2e8,92b1,7fbe,f8df,
2940,f0d1,a2e8,f584,7fbe,6735,
2941,4574,a2e8,967a,7fbe,04cb,
2942,0000,eb33,71bc,7fbe,6eec,
2943,837f,a2e8,92b1,7fbe,e20a,
2944,b08a,a0c8,92a1,7fbe,c0d9,
2945,0000,249a,8681,77be,c29e,
2946,83ad,a2e8,92b1,7fbe,e2fa,
2947,6955,a2e8,92b1,7fbe,5d9e,
2948,6dc8,a2e8,92b1,7fbe,1c9d,
2949,6115,a2e8,92b1,7fbe,fa34,
2950,6155,a2e8,92b1,7fbe,0041,
2951,0000,638f,8295,7fbe,e10d,
2952,6155,a2e8,92b1,7fbe,41a1,
2953,6354,a2e8,92b1,7fbe,fbe4,
2954,8dd7,a2e8,92b1,7fbe,ec82,
2955,e1d5,a2e8,92b1,7fbe,6d03,
2956,6115,a2e8,92b1,7fbe,3e72,
2957,f671,a688,9291,7fbe,1942,
2958,6194,a228,92f1,7fbe,b890,
2959,9278,a2e8,92b1,7fbe,f32d,
2960,e194,a2ae,92b3,7fbe,94a4,
2961,4154,a2c8,92b1,7fbe,beec,
2962,0000,3d23,0d7b,7fbe,9fca,
2963,0000,f594,b4b0,7fbe,9f7e,
2964,3d54,aa48,92f1,7fbe,fd6c,
2965,6155,a2e8,92b1,7fbe,11fd,
2966,9370,9925,96b1,7fbe,33cd,
2967,6155,a2e8,92b1,7fbe,2d04,
2968,6155,a2e8,92b1,7fbe,2d77,
2969,7115,a2e8,92b1,7fbe,f06b,
2970,0000,6841,dabb,7fbe,1ab4,
2971,6175,a2e8,92b1,7fbe,49f2,
2972,c599,a2e4,92b5,7fbe,e250,
2973,7155,a2e8,92b1,7fbe,802e,
2974,6756,a2f8,92b1,7fbe,0033,
2975,a697,a2d4,9291,7fae,ccdd,
2976,6915,a2e8,92b1,7fbe,0a2f,
2977,6105,a2e8,92b1,7fbe,fd65,
2978,2222,a2e8,6c84,7fbe,fe35,
2979,a875,3ff5,10b9,7fbe,5804,
2980,3145,a35b,d2f1,7fbe,8133,
2981,0000,7f48,cf11,7fbe,5da0,
2982,ab97,a2e8,92b1,7fbe,cac2,
2983,5857,c2ec,b2b1,7fbe,3a4d,
2984,6115,a2e8,92b1,7fbe,ad5b,
2985,552d,62e9,12b1,7fbe,7f27,
2986,6154,a2e8,92b1,7fbe,48de,
2987,e515,92ea,82b1,7fbe,e15e,
2988,6151,a2e8,92b1,7fbe,1d9b,
2989,7145,a2e8,92b1,7fbe,7344,
2990,6155,a2e8,92b1,7fbe,fd6b,
2991,f135,a2e8,6e4a,7fbe,fcfb,
2992,2115,a2e8,7483,7fbe,e632,
2993,61d5,a2e8,92b1,7fbe,5b74,
2994,0000,8ea1,bef8,7fbe,2c49,
2995,65fc,a729,92b1,7fbe,3c1f,
2996,7555,a2e8,33ce,7fbe,a17f,
2997,0000,a2e8,e7ec,7fbe,755d,
2998,6355,a2e8,92b1,7fbe,cf4c,
2999,6155,a2e8,92b1,7fbe,ee34,
3000,12f6,10b0,9ab1,7fbe,f33c,
3001,29b0,89e4,625c,7fbe,f0ed,
3002,4957,f3ee,b233,7fbe,f777,
3003,2805,20ed,92b1,7fbe,8205,
3004,0000,072e,b776,7fbe,a5c7,
3005,2155,a2e8,92b1,7fbe,d612,
3006,fe11,2aea,92b0,7fbe,cd18,
3007,dd4f,a2c8,2ef9,7fbe,bc48,
3008,0000,abe4,92b1,7fbe,7e18,
3009,e115,a2e8,92b1,7fbe,30ca,
3010,6145,a2e8,92b1,7fbe,d9d3,
3011,1e45,e3e8,92b1,7fbe,dcb0,
3012,6119,a2e8,92b1,7fbe,75ea,
3013,0000,342e,9e32,7fbe,03e1,
3014,635d,a2f0,92b9,7fbe,1aaa,
3015,6175,a2e8,92b1,7fbe,f0c7,
3016,0000,6f0a,5263,3fbe,0490,
3017,6055,a2e8,92b1,7fbe,ac94,
3018,0000,ce03,ee1c,7fbe,7caf,
3019,4155,a2e8,92b1,7fbe,2d21,
3020,0000,e2e8,92b1,7fbe,6bf5,
3021,0000,8ae9,92a1,7fbe,2a21,
3022,0000,a2e8,e5ff,7fbe,774e,
3023,2985,a2e8,4586,7fbe,d737,
3024,0000,8dca,43d7,7fbf,0db0,
3025,6155,a2e8,92b1,7fbe,7b02,
3026,6155,a2e8,92b1,7fbe,ab8c,
3027,7155,a2e8,92b1,7fbe,6b4b,
3028,6055,a2e8,92b1,7fbe,3fa7,
3029,6115,a2e8,92b1,7fbe,a4f9,
3030,93a5,a2e8,f74b,7fbe,65fa,
3031,e151,a2e8,92b1,7fbe,e84f,
3032,0000,91b7,9691,7fbe,b93f,
3033,0000,6245,521c,7fbe,c0ad,
3034,42d8,e3e0,ae0f,7fbe,3cbe,
3035,f36d,a2e8,4eef,7fbe,dc5e,
3036,0000,c963,80f8,7fbe,0718,
3037,f002,122a,92a1,7fbe,32fa,
3038,0000,2bc2,8280,77be,7ffe,
3039,0000,a2e0,d83e,7fbe,4a8f,
3040,7515,a2e8,92b1,7fbe,8518,
3041,6155,a2e8,92b1,7fbe,7f9f,
3042,6d81,92e8,3c3f,7fbe,be8e,
3043,6175,a2e8,92b1,7fbe,d049,
3044,ed32,a2e8,5461,7fbe,c6d0,
3045,7905,82e8,c8d4,7fbe,5a65,
3046,6155,a2e8,92b1,7fbe,a201,
3047,6155,a2e8,92b1,7fbe,2941,
3048,5407,f558,8601,7fbe,15b0,
3049,2045,a2e8,92b1,7fbe,ab36,
3050,f093,22e8,d2b1,7fbe,4017,
3051,cab2,b3ac,92b1,7fbe,b6b7,
3052,2855,80e8,93b1,7fbe,e8d1,
3053,6155,a2e8,92b1,7fbe,a5f5,
3054,6354,a2e8,92b1,7fbe,df62,
3055,0000,405f,5d87,7fbe,fbc7,
3056,58f7,a2e8,bfa5,7fbe,2d14,
3057,7fab,acb3,92b3,7fbe,0e1f,
3058,6115,a2e8,92b1,7fbe,cfea,
3059,6155,a2e8,92b1,7fbe,93a1,
3060,0000,26c8,9670,7fbe,06c1,
3061,71d1,a2e8,92b1,7fbe,7c97,
3062,41df,a2e8,92b1,7fbe,9c57,
3063,be2e,a2e8,92b1,7fbe,df7b,
3064,94ed,a2e8,92b1,7fbe,e5b8,
3065,0000,56b2,92f1,7fbe,f4ba,
3066,4155,a2e8,92b1,7fbe,068a,
3067,6155,a2e8,92b1,7fbe,6e97,
3068,0000,9de3,9ed0,7fbe,a9aa,
3069,6155,a2e8,92b1,7fbe,4e2d,
3070,6155,a2e8,92b1,7fbe,08a9,
3071,04e4,a2e8,92b1,7fbe,7fb1,
3072,7151,a2e8,92b1,7fbe,2766,
3073,695d,a2e8,92b1,7fbe,fe4a,
3074,6155,a2e8,92b1,7fbe,bd56,
3075,69d2,82ea,82b1,7fbe,37d4,
3076,2131,a248,92f1,7fbe,5767,
3077,0000,8eda,5bb1,7fbe,fd2b,
3078,6997,8aea,82b1,7fbe,272e,
3079,78a5,5eec,9231,7fbe,fd04,
3080,4155,a2e8,92b1,7fbe,9914,
3081,3855,a2e8,7704,7fbe,e5b5,
3082,6175,a2e8,92b1,7fbe,0fc6,
3083,7155,a2e8,92b1,7fbe,334c,
3084,61d5,a2e8,92b1,7fbe,ff21,
3085,6155,a2e8,92b1,7fbe,fb76,
3086,a74d,20e8,d2b1,7fbe,fc93,
3087,6314,a2e8,92b1,7fbe,df22,
3088,c37d,a2e8,92b1,7fbe,053c,
3089,6155,a2e8,92b1,7fbe,c42a,
3090,3175,a2e8,92b1,7fbe,ce50,
3091,d335,7a1c,82b1,7fbe,e8f4,
3092,4555,a2e8,92b1,7fbe,6189,
3093,0000,f2d9,8af9,7fbe,70a5,
3094,af24,a2e8,4cc8,7fbe,de79,
3095,4957,b2e8,92b1,7fbe,ed9e,
3096,2985,a2e8,431c,7fbe,d1ad,
3097,415d,a2e8,92b1,7fbe,22ed,
3098,e115,a2e8,92b1,7fbe,a8da,
3099,6536,a2e9,92b1,7fbe,dc91,
3100,e394,a2e8,92b1,7fbe,f9d6,
3101,6155,a2e8,92b1,7fbe,739a,
3102,9195,a2e8,92b1,7fbe,f0c0,
3103,7545,a2e8,92b1,7fbe,886f,
3104,6917,a2e8,92b1,7fbe,4f8e,
3105,605d,a2e8,92b1,7fbe,685c,
3106,88bf,32c8,71db,7fbe,e36a,
3107,0000,515e,7107,7fbe,e3b6,
3108,617d,a2e8,92b1,7fbe,5c4f,
3109,2154,a2e8,92b1,7fbe,f367,
3110,0155,a2e8,92b1,7fbe,b0f3,
3111,cbcd,a2e8,b6c5,7fbe,2474,
3112,0000,0f43,323d,7fbe,7d36,
3113,2325,a2e8,9c6d,7fbe,0edc,
3114,a557,aae8,92b1,7fbe,791d,
3115,6155,a2e8,92b1,7fbe,08e8,
3116,0000,0f91,a2f5,7fbe,e595,
3117,6355,a2e8,92b1,7fbe,c4c9,
3118,9871,5092,d039,7fbe,1762,
3119,0000,ca48,b2f1,7fbe,0812,
3120,6155,a2e8,92b1,7fbe,de76,
3121,6574,a2ca,92b0,7fbe,2a8f,
3122,6155,a2e8,92b1,7fbe,a270,
3123,0000,76b9,d7a0,7fbe,bc63,
3124,35a5,871a,b743,7fbe,25f2,
3125,0000,308a,92b1,7fbe,9a62,
3126,b0d3,fd89,92b1,7fbe,5f61,
3127,61d5,a2e8,92b1,7fbe,5472,
3128,2115,a2e8,92b1,7fbe,7351,
3129,6155,a2e8,92b1,7fbe,239f,
3130,3105,a2e8,92b1,7fbe,adb2,
3131,6155,a2e8,92b1,7fbe,3c03,
3132,2eee,a2e8,92b1,7fbe,7fbb,
3133,6f43,aa68,92f1,7fbe,af95,
3134,0000,8e56,82f1,7fbe,1436,
3135,1ddf,a2e8,6f37,7fbe,fd86,
3136,3fdf,a2e8,92b1,7fbe,5f8b,
3137,7151,a2e8,92b1,7fbe,5228,
3138,9278,a2e8,92b1,7fbe,f32d,
3139,6157,a2e8,92b1,7fbe,8f12,
3140,7a56,da7a,92b1,7fbe,68a8,
3141,0000,1b1e,e235,7fbe,68f2,
3142,0000,7f2e,b291,7fbe,99a6,
3143,6155,a2e8,92b1,7fbe,1c80,
3144,6155,a2e8,92b1,7fbe,9162,
3145,03bd,a2e8,1ff5,7fbe,8d44,
3146,6155,a2e8,92b1,7fbe,8a76,
3147,7355,a2e8,92b1,7fbe,2c77,
3148,6155,a2e8,92b1,7fbe,5b00,
3149,8053,a2e8,92b1,7fbe,e106,
3150,244c,a2e8,92b1,7fbe,5519,
3151,e1fe,bf30,0f78,7fbe,1dc9,
3152,6155,a2e8,92b1,7fbe,601f,
3153,0000,a2e8,defd,7fbe,4c4c,
3154,6117,a2e8,92b1,7fbe,c473,
3155,7155,a2e8,92b1,7fbe,4352,
3156,6114,a2e8,92b1,7fbe,79e5,
3157,6175,a2e8,92b1,7fbe,b8c4,
3158,6155,a2e8,92b1,7fbe,08a9,
3159,6115,a2e8,92b1,7fbe,1e27,
3160,0000,a2e8,ad97,7fbe,3f26,
3161,e14c,a2e8,92b1,7fbe,d059,
3162,f400,a2e8,09f5,7fbe,9b44,
3163,0000,a268,0eae,7fbe,9c1f,
3164,6155,a2e8,92b1,7fbe,d5a5,
3165,9c74,2ae8,96b1,7fbe,eb7d,
3166,f300,a2e8,92b1,7fbe,9255,
3167,0000,e02c,f231,7fbe,d340,
3168,e4d1,a2e8,3dc0,7fbe,af71,
3169,0000,82aa,92b1,7fbe,2074,
3170,6755,22e8,92b1,7fbe,5e4e,
3171,e955,bae9,9ab1,7fbe,e33d,
3172,0000,a2ec,fbf2,7fbe,6943,
3173,6255,a2e8,92b1,7fbe,b63f,
3174,2d94,a2ee,92b3,7fbe,9700,
3175,0000,e45b,9290,7fbe,42f1,
3176,0000,00e6,9ab3,7fbe,b248,
3177,0000,d97c,92b0,7fbe,f3b7,
3178,611d,a2e8,92b1,7fbe,465b,
3179,77cf,a2e8,ac28,7fbe,3e99,
3180,4055,a2e8,92b1,7fbe,031e,
3181,6155,a2e8,92b1,7fbe,be2b,
3182,4f56,f205,98b3,7fbe,44e9,
3183,31a3,a2e8,92b1,7fbe,50f6,
3184,7195,a268,92b1,7fbe,f672,
3185,0000,ff3a,92f3,7fbe,5d16,
3186,1b9e,c2e8,90b1,7fbe,6400,
3187,0000,b2a8,c47a,7fbe,56cb,
3188,697d,a6a8,9291,7fbe,223a,
3189,0000,2a4d,1a52,7fbe,88e1,
3190,6105,a2e8,92b1,7fbe,f7c4,
3191,7e31,aa6a,79a1,7fbe,eb10,
3192,6957,a2e9,12b1,7fbe,c6ca,
3193,4155,a2e8,1b84,7fbe,8935,
3194,7155,a2e8,92b1,7fbe,82a7,
3195,6364,a2d8,92b1,7fbe,d53a,
3196,4115,a2e8,92b1,7fbe,f69e,
3197,a74c,b3e0,8235,7fbe,30c6,
3198,6155,a2e8,92b1,7fbe,6195,
3199,0000,62e9,92b1,7fbe,3179,
3200,6102,a2e8,cc03,7fbe,5eb2,
3201,f4c3,a2e8,92b1,7fbe,9596,
3202,664d,a2c8,ab3e,7fbe,398f,
3203,6955,a2e8,92b1,7fbe,a205,
3204,6c65,9ad6,12b1,7fbe,b82f,
3205,6355,a2e8,92b1,7fbe,8369,
3206,bb6f,a268,92b1,7fbe,7f9a,
3207,615d,a2e8,92b1,7fbe,354f,
3208,20d5,aa28,92f1,7fbe,e0a1,
3209,4b9d,976b,12b1,7fbe,b582,
3210,c1fe,a2e8,92b1,7fbe,a0ea,
3211,0000,e5be,9221,7fbe,56e6,
3212,0000,0894,1681,7fbe,242d,
3213,f1c0,220a,82e0,77be,20d0,
3214,3821,aae8,6a40,7fbe,f8f1,
3215,7157,a2e8,92b1,7fbe,1609,
3216,6155,a2e8,92b1,7fbe,f6e5,
3217,6115,a2e8,92b1,7fbe,0a8e,
3218,6414,2ae8,96b1,7fbe,96a9,
3219,6155,a2e8,92b1,7fbe,e3df,
3220,5539,a2e8,1310,7fbe,81a1,
3221,e104,22e8,92b1,7fbe,e9c5,
3222,ad7d,a2e8,34d9,7fbe,a668,
3223,e137,a2e8,520c,7fbe,c0bd,
3224,7155,a2e8,92b1,7fbe,905e,
3225,c151,a2e8,92b1,7fbe,1f47,
3226,0000,23db,86a1,7fbe,bd13,
3227,e754,2ce8,96b1,7fbe,bf79,
3228,0000,b714,d281,7fbe,b18c,
3229,537f,b3ec,b0b1,7ebe,8ee6,
3230,e78b,a2e8,92b1,7fbe,86de,
3231,0000,77ad,67f4,7fbe,f545,
3232,7155,a2e8,92b1,7fbe,d202,
3233,2df2,a2e8,92b1,7fbe,5ca7,
3234,0c3b,8e88,d3b1,7fbe,af68,
3235,6117,a2e8,92b1,7fbe,5db0,
3236,0000,9e30,92b1,7fbe,c694,
3237,6155,a2e8,92b1,7fbe,e661,
3238,6155,a2e8,92b1,7fbe,63d5,
3239,f1e2,a226,9ab5,7fbe,2438,
3240,0000,6b56,4335,7fbe,384f,
3241,3145,a2e8,92b1,7fbe,df65,
3242,79e5,a2e8,92b1,7fbe,18b0,
3243,7555,a2e8,92b1,7fbe,7ef2,
3244,2055,a2e8,92b1,7fbe,4055,
3245,a845,a2e8,92b1,7fbe,60b1,
3246,0040,fbb3,d6b1,7fbe,f15b,
3247,b115,a2e8,582e,7fbe,ca9f,
3248,0000,a06c,a2f1,7fbe,7201,
3249,7410,a2c8,05de,7fbe,976f,
3250,71d5,bae8,9ab1,7fbe,8aef,
3251,61c7,a2e8,92b1,7fbe,f7ff,
3252,0000,8268,7ae5,7fbe,e854,
3253,a2f1,a2a9,b407,7fbe,26b6,
3254,51d3,a2e8,92b1,7fbe,2086,
3255,6555,a2e8,92b1,7fbe,198f,
3256,e175,a2e8,92b1,7fbe,8a99,
3257,0000,617c,513d,7fbe,c384,
3258,3434,a2e8,1a2c,7fbe,889d,
3259,9170,b3ed,9233,7fbe,6831,
3260,0000,84f0,92b1,7fbe,cf48,
3261,615d,a2e8,92b1,7fbe,bee2,
3262,38d1,a2e8,92b1,7fbe,5d84,
3263,2045,a2e8,92b1,7fbe,8502,
3264,695f,a2e8,92b1,7fbe,8fc9,
3265,8936,a2e8,747f,7fbe,e6ce,
3266,0000,a2e8,d642,7fbe,44f3,
3267,6115,a2e8,92b1,7fbe,7f54,
3268,6155,a2e8,92b1,7fbe,f418,
3269,9469,a2e8,b40e,7fbe,26bf,
3270,7155,a2e8,92b1,7fbe,07fb,
3271,615d,a2e8,92b1,7fbe,e52d,
3272,6055,a2e8,92b1,7fbe,d3d7,
3273,7151,a2e8,92b1,7fbe,b853,
3274,775f,92e8,82b1,7fbe,23ab,
3275,7151,a2e8,92b1,7fbe,c5a2,
3276,6155,a2e8,92b1,7fbe,06bb,
3277,6155,a2e8,92b1,7fbe,db69,
3278,6114,a2e8,451a,7fbe,d7ab,
3279,6151,a2e8,92b1,7fbe,7356,
3280,4543,a2e8,5922,7fbe,cb93,
3281,11cf,62e0,d2b1,7fbe,9108,
3282,f8a0,a8c1,96d1,7f9e,e862,
3283,8824,097f,8259,6fbe,4107,
3284,0000,de97,eece,7fbe,7c7f,
3285,9195,587e,1091,7fbe,bed7,
3286,2069,a2e8,9c52,7fbe,0ee3,
3287,6155,a2e8,92b1,7fbe,f47d,
3288,7155,a2e8,92b1,7fbe,95c5,
3289,aa75,6479,9231,7fbe,d711,
3290,6155,a2e8,92b1,7fbe,9e65,
3291,0000,296c,ba33,6fbe,81d1,
3292,5917,ad9d,90f9,7fbe,82e5,
3293,6bed,3b32,1a6b,7fbe,885a,
3294,6955,a2e8,92b1,7fbe,9382,
3295,6555,a2e8,92b1,7fbe,8fb9,
3296,6114,a2e8,92b1,7fbe,b2b2,
3297,7e9d,a2e8,6c74,7fbe,fec5,
3298,0000,602e,1731,7fbe,4915,
3299,54b5,a2e8,92b1,7fbe,15e0,
3300,0000,aac9,73c9,7fbe,e178,
3301,6915,a2e8,92b1,7fbe,8e72,
3302,e155,a2e8,92b1,7fbe,06ac,
3303,940e,a5e0,d7b1,7dbe,3ff5,
3304,6595,a2e8,92b1,7fbe,d379,
3305,611d,a2e8,92b1,7fbe,de0f,
3306,cfd5,a2e8,92b1,7fbe,ee80,
3307,3c15,a2f8,92b9,7fbe,35e8,
3308,6155,a2e8,92b1,7fbe,1ea3,
3309,0000,f01c,c0c5,7fbe,5274,
3310,6155,a2e8,92b1,7fbe,c035,
3311,5d7a,a2e8,b51d,7fbe,27ac,
3312,c0df,a2e8,0b12,7fbe,99a3,
3313,8aa5,e875,93b3,7fbe,485b,
3314,63f5,a0f0,92b9,7fbe,cea4,
3315,e076,a2e8,f98e,7fbe,6b3f,
3316,6155,a2e8,92b1,7fbe,5460,
3317,eb4b,a2e8,92b1,7fbe,2a1a,
3318,0000,b52e,16b3,7fbe,9b91,
3319,7155,a2e8,92b1,7fbe,ac3b,
3320,e8d5,22f9,12b1,7fbe,154d,
3321,2797,a0e8,92b1,7fbe,704e,
3322,f18c,b2a9,9ab1,7fbe,f9b4,
3323,0000,cda6,30d9,7fbe,298f,
3324,7df5,aee8,96b1,7fbe,0423,
3325,0000,a0e8,6ff7,7fbe,fd46,
3326,0824,a30d,9234,7fbc,8a6c,
3327,e155,a2e8,92b1,7fbe,d209,
3328,0000,4865,9232,7fbe,e3cb,
3329,7c57,a2e8,35a9,7fbe,a718,
3330,0000,b269,92f3,7fbe,7d4f,
3331,7511,a2e8,b914,7fbe,2ba5,
3332,0000,0e0a,8cb7,7fbe,482c,
3333,be06,8fe8,93b1,7fbe,a9f3,
3334,9af3,a2a8,92b1,7fbe,fb44,
3335,0000,758f,45d6,7fbe,d767,
3336,6145,a2e8,92b1,7fbe,1114,
3337,0000,0c96,d6b0,7fbe,6254,
3338,6105,a2e8,92b1,7fbe,6c71,
3339,0000,0a06,d0a3,7fbe,ee82,
3340,6155,a2e8,92b1,7fbe,8157,
3341,7155,a2e8,92b1,7fbe,1a60,
3342,7c78,a2e8,67d7,7fbe,f566,
3343,950f,a2e8,bed5,7fbe,2c64,
3344,0000,b61f,8646,7fbe,14f7,
3345,cf37,55c7,96b1,7fbe,7f2f,
3346,6190,a2e8,92b1,7fbe,782b,
3347,6155,a2e8,92b1,7fbe,a740,
3348,6115,a2e8,92b1,7fbe,d358,
3349,0000,78bd,66ec,7fbe,f05d,
3350,7d06,82e8,82b1,7fbe,a7f1,
3351,7155,a2e8,92b1,7fbe,c158,
3352,61dd,a2e8,92b1,7fbe,e8a4,
3353,6145,a2e8,92b1,7fbe,62d2,
3354,2895,a3e8,9231,7fbe,c202,
3355,cfc8,a2cb,92b0,7fbe,ec8c,
3356,559b,81e8,93b1,7fbe,64aa,
3357,6955,a2e8,92b1,7fbe,a1ac,
3358,0000,a2e8,6c1c,7fbe,fead,
3359,6155,a2e8,92b1,7fbe,3c1d,
3360,0000,c6e6,1013,7fbe,71c9,
3361,39c4,a6c8,92b1,7fbe,29fc,
3362,4494,a2e8,e935,7fbe,7b84,
3363,7549,22c0,d2a1,7fbe,5fac,
3364,2155,a2e8,92b1,7fbe,d793,
3365,955d,a2ec,92b1,7fbe,f480,
3366,0000,def6,aaf9,77be,588d,
3367,0000,7a55,94f0,7fbe,dd3f,
3368,3b51,a2e8,92b1,7fbe,4a00,
3369,699a,a2d8,92a1,7fbe,3e96,
3370,6155,a2e8,92b1,7fbe,0be0,
3371,6b95,b2a8,9ab1,7fbe,b9ce,
3372,0000,a473,ba73,7fbe,5fdf,
3373,693c,a2e8,0d66,7fbe,9fd7,
3374,e175,a2e8,92b1,7fbe,0654,
3375,2545,a2e8,92b1,7fbe,026b,
3376,e145,a2e8,92b1,7fbe,d7c1,
3377,0000,b3bd,96a0,7fbe,9d47,
3378,6145,a2e8,92b1,7fbe,e31a,
3379,4155,a2e8,92b1,7fbe,1e23,
3380,0000,a2e8,9c42,7fbe,0ef3,
3381,09b7,922a,82f1,7fbe,f798,
3382,6155,a2e8,92b1,7fbe,54ab,
3383,0000,b2e8,4697,7fbe,d426,
3384,6355,a2e8,92b1,7fbe,ce37,
3385,2155,a2e8,92b1,7fbe,3f38,
3386,6155,a2e8,92b1,7fbe,803a,
3387,0000,e4b7,189f,7fbe,1bc4,
3388,6015,a2e8,92b1,7fbe,edca,
3389,0000,e050,96b1,7fbe,48b0,
3390,e14d,a2e8,92b1,7fbe,9018,
3391,0000,2494,15cd,7fbe,87fc,
3392,0000,2fb4,57ed,7fbe,c55c,
3393,6155,a2e8,92b1,7fbe,30a3,
3394,0000,7e8c,9e80,7fbe,8817,
3395,3492,47d2,50b9,3fbe,b0b8,
3396,e155,a2e8,92b1,7fbe,1b5e,
3397,848b,aaea,92b1,7fbe,f5da,
3398,25d0,a2e8,d8c2,7fbe,4a73,
3399,0000,ebec,92b1,7fbe,28b2,
3400,60d5,a2e8,92b1,7fbe,eef7,
3401,2649,a260,92b5,7fbe,9c92,
3402,615d,a2e8,92b1,7fbe,b343,
3403,6955,a2e8,92b1,7fbe,954b,
3404,8ce1,e2ec,b2b1,7fbe,983c,
3405,6155,a2e8,92b1,7fbe,def3,
3406,6115,a2e8,92b1,7fbe,6611,
3407,6155,a2e8,92b1,7fbe,0c22,
3408,7153,a2e8,92b1,7fbe,e990,
3409,120e,a2e8,92b1,7fbe,735b,
3410,0000,e6e0,82f5,7fbe,64c2,
3411,15f1,a2e8,92b1,7fbe,77a6,
3412,61d5,a2e8,92b1,7fbe,afb6,
3413,337d,02e0,d2b1,7fbe,e8e9,
3414,6da4,824a,82f1,7fbe,e0e3,
3415,2145,a2e8,92b1,7fbe,3d41,
3416,6055,a2e8,92b1,7fbe,2185,
3417,40c5,e548,92b1,7fbe,47a0,
3418,6115,a2e8,92b1,7fbe,f5fe,
3419,ed36,0908,3951,7fbe,abe0,
3420,0000,a2e8,77ac,7fbe,e51d,
3421,765d,28d8,96a1,7fbe,9010,
3422,7c37,a2e8,92b1,7fbe,1d62,
3423,6155,a2e8,92b1,7fbe,f235,
3424,615d,a2e8,92b1,7fbe,5721,
3425,0000,acdc,4295,7fbe,ee71,
3426,0000,e050,96b1,7fbe,48b0,
3427,f315,6e9e,d0a9,7fbe,0846,
3428,7155,a2e8,92b1,7fbe,8295,
3429,0000,a2e8,f760,7fbe,65d1,
3430,0359,a3e8,a0f6,7fbe,3247,
3431,26aa,a2e8,92b1,7fbe,47be,
3432,0000,b4a0,90b8,7fbe,535b,
3433,3c14,a2e8,089f,7fbe,9a2e,
3434,7035,2ff4,c2e1,7fbe,add2,
3435,6f5d,a3e8,4de5,7fbe,df54,
3436,be9c,a2eb,6fb9,7fbe,fd08,
3437,6115,a2e8,92b1,7fbe,8277,
3438,08f4,a2e8,92b1,7fbe,73a1,
3439,6015,a2e8,92b1,7fbe,c990,
3440,a623,a2e8,92b1,7fbe,d77e,
3441,2155,a2e8,92b1,7fbe,3914,
3442,3963,82ea,82b1,7fbe,9fb2,
3443,0080,3960,83b5,5fbe,08a4,
3444,6155,a2e8,92b1,7fbe,ff0b,
3445,69b1,1dc7,92b1,7fbe,bf2f,
3446,6195,a2e8,92b1,7fbe,7d11,
3447,61dc,a2e8,92b1,7fbe,e58b,
3448,6145,a2e8,92b1,7fbe,acef,
3449,0000,4c2c,3cd5,7fbe,ae64,
3450,655d,a2e8,92b1,7fbe,a50c,
3451,5936,be88,9a91,7fbe,96dd,
3452,2147,a2e8,92b1,7fbe,31fb,
3453,6155,a2e8,92b1,7fbe,a5ef,
3454,e178,a2e8,5194,7fbe,c325,
3455,7975,a2e8,92b1,7fbe,dab6,
3456,6945,3474,92b1,7fbe,969c,
3457,6155,a2e8,92b1,7fbe,12ec,
3458,0000,739c,5099,7fbe,1719,
3459,e155,a2e8,92b1,7fbe,30e0,
3460,61d3,80e8,93b1,7fbe,974a,
3461,6154,a2e8,92b1,7fbe,939c,
3462,4a52,92e8,82b1,7fbe,96e7,
3463,421f,9bb9,bbe0,7fbe,2951,
3464,c15f,a2e8,92b1,7fbe,e82e,
3465,487b,a2ec,92b1,7fbe,0976,
3466,7155,a2e8,92b1,7fbe,80ac,
3467,2535,a2e8,ca82,7fbe,5833,
3468,41d5,a2e8,92b1,7fbe,dd96,
3469,0000,10d5,50b9,7fbe,7724,
3470,2849,b2e9,9ab1,7fbe,61d5,
3471,61cd,a2e8,479e,7fbe,d52f,
3472,7d95,6b74,92b1,7fbe,c99c,
3473,7351,b2e9,9ab1,7fbe,f572,
3474,7055,a1e8,93b1,7fbe,51a1,
3475,6555,a2e8,92b1,7fbe,6a66,
3476,6955,a2e8,92b1,7fbe,028a,
3477,6744,a2e8,2aab,7fbe,b81a,
3478,6045,a2e8,92b1,7fbe,ce2c,
3479,61d5,a2e8,92b1,7fbe,1245,
3480,6071,a2e8,92b1,7fbe,f0e9,
3481,51f1,0798,10b1,7fbe,e171,
3482,0000,e03d,5601,7fbe,1da4,
3483,6155,a2e8,92b1,7fbe,1586,
3484,9886,cfc4,ff9d,7fbe,6d2c,
3485,8b20,b432,9ab1,7fbe,0e9b,
3486,0000,a2ed,12b3,7fbe,a68f,
3487,4237,a0e4,118f,7fbe,833e,
3488,6155,a2e8,92b1,7fbe,56c7,
3489,a546,222b,92f0,7fbe,8dbf,
3490,6914,a2e8,92b1,7fbe,8950,
3491,6355,a2e8,92b1,7fbe,327f,
3492,1215,8481,96a1,7fbe,2869,
3493,a115,a2e8,c45b,7fbe,56ea,
3494,2255,a2e8,92b1,7fbe,0249,
3495,6115,a2e8,92b1,7fbe,5e24,
3496,0000,2ee0,92b1,7fbe,5cc7,
3497,7355,a2e8,74cb,7fbe,e67a,
3498,e555,a2e8,92b1,7fbe,5e39,
3499,6b16,a2e8,9475,7fbe,06c4,
3500,0000,0408,22f1,7fbe,e637,
3501,0000,1af1,9ab1,7fbe,e2be,
3502,434c,aac0,96a1,7fbe,6c64,
3503,c356,a2e8,92b1,7fbe,a203,
3504,0000,a22b,4564,7fbe,d7d5,
3505,6155,a2e8,92b1,7fbe,3da4,
3506,6155,a2e8,92b1,7fbe,3531,
3507,6955,a2e8,92b1,7fbe,595f,
3508,658e,92ec,82b1,7fbe,4649,
3509,b159,60c0,d2a1,7fbe,7074,
3510,6955,a2e8,92b1,7fbe,d3f0,
3511,bca5,a2e8,92b1,7fbe,ddf4,
3512,0000,d2cb,e292,7fbe,7023,
3513,0000,cc92,82b1,7fbe,4e78,
3514,7139,a268,92b1,7fbe,3269,
3515,0000,d240,a212,77be,01da,
3516,7055,a2e8,92b1,7fbe,1956,
3517,6115,a2e8,92b1,7fbe,44ef,
3518,eb45,3f9f,9291,7fbe,9d37,
3519,0000,dc3c,00f9,7fbe,5817,
3520,435b,e6e8,90b1,7fbe,30fa,
3521,e9d3,a2e8,4a65,7fbe,d8d4,
3522,6555,a2e8,92b1,7fbe,327a,
3523,0000,ba8e,5abf,7fbe,c80e,
3524,1ed0,e261,93b5,7fbe,6a83,
3525,0000,3ab6,ffa5,7fbe,ece3,
3526,7315,a2e8,92b1,7fbe,c0ec,
3527,e151,a2e8,92b1,7fbe,5936,
3528,d371,a2e8,4742,7fbe,d5f3,
3529,7155,a2e8,92b1,7fbe,9614,
3530,1797,642c,9cf0,7fbe,9f67,
3531,0000,a860,92f5,7fbc,72a0,
3532,08c3,a2e8,92b1,7fbe,ff62,
3533,0000,a025,d2a1,7fbe,82f5,
3534,6155,a2e8,92b1,7fbe,5725,
3535,e155,a2e8,92b1,7fbe,2b07,
3536,0000,729b,9a33,7fbe,c1f5,
3537,e175,a2e8,92b1,7fbe,8622,
3538,136b,a2e8,92b1,7fbe,725e,
3539,6155,a2e8,92b1,7fbe,1618,
3540,b9fb,ba4e,92a1,7fbe,1886,
3541,7155,a2e8,92b1,7fbe,e1ae,
3542,3959,82e8,92b1,7fbe,5b15,
3543,2027,a3e8,9231,7fbe,e1f0,
3544,205d,a2e8,92b1,7fbe,bc08,
3545,0000,813c,93a5,7fb6,d78a,
3546,0000,e8c4,162f,7fba,d233,
3547,a4f6,e2e8,92b1,7fbe,4509,
3548,6115,a2e8,92b1,7fbe,9c0b,
3549,0000,60f4,92b1,7fbe,4aa8,
3550,174f,a2e8,1df8,7fbe,8f49,
3551,0000,0485,92b1,7fbe,c55d,
3552,67cb,226a,54f9,7fbe,c648,
3553,0000,e761,33b0,7fbe,27ae,
3554,6155,a2e8,92b1,7fbe,0864,
3555,82f9,a2e8,92b1,7fbe,e3e4,
3556,046f,a2e8,92b1,7fbe,453a,
3557,6dd5,a6ce,9293,7fbe,2e4a,
3558,3b83,3339,12d1,7fbe,1d10,
3559,6154,a2e8,92b1,7fbe,84ca,
3560,4d5f,a2e8,c3da,7fbe,516b,
3561,bb05,a6ca,96b0,7fbe,9fb9,
3562,0000,f3dc,92b1,7fbe,9f0b,
3563,f1d8,a2e8,1678,7fbe,84c9,
3564,0000,6ad1,92e1,7fbe,c2bb,
3565,c5b4,a2e8,b649,7fbe,24f8,
3566,6115,a2e8,92b1,7fbe,92a7,
3567,6155,a2e8,92b1,7fbe,ac1b,
3568,089b,a2e8,92b1,7fbe,798a,
3569,3ccc,a2e8,92b1,7fbe,5539,
3570,4815,6477,9233,7fbe,d79a,
3571,6155,a2e8,92b1,7fbe,9f96,
3572,6dec,56b2,82b1,7fbe,c458,
3573,dd75,aa2e,92f3,7fbe,72d0,
3574,6355,a2e8,92b1,7fbe,2591,
3575,8061,2228,92b1,7fbe,32ae,
3576,611d,b2e8,8490,7fbe,1621,
3577,0000,c060,73b1,3fbe,8fcb,
3578,58d7,a2e8,92b1,7fbe,0757,
3579,5359,a2e8,fa77,7fbe,68c6,
3580,2a44,a2e8,4544,7fbe,d7f5,
3581,c356,a2e8,92b1,7fbe,a203,
3582,8031,a2e8,c8ea,7fbe,5a5b,
3583,0997,a2e8,604a,7fbe,f2fb,
3584,e9e7,a2e8,92b1,7fbe,88b2,
3585,6155,a2e8,92b1,7fbe,ff7b,
3586,55d7,a2e8,3a21,7fbe,a890,
3587,e0fa,a2e8,c68f,7fbe,543e,
3588,2fc5,a2e8,558c,7fbe,c73d,
3589,7315,a4e8,90b1,7fbe,09ce,
3590,5105,a2e8,92b1,7fbe,b65d,
3591,e35d,a2e8,92b1,7fbe,ee97,
3592,8935,17a1,90b1,7fbe,b349,
3593,6155,a2e8,92b1,7fbe,0bb3,
3594,1155,82e8,92b1,7fbe,8714,
3595,6155,a2e8,92b1,7fbe,9c26,
3596,7155,a2e8,92b1,7fbe,c271,
3597,724d,a2f8,92b9,7fbe,08eb,
3598,0000,4752,9fa3,7fbe,dbd5,
3599,c0a6,a2e8,a106,7fbe,33b7,
3600,4149,a2ec,512c,7fbe,c39d,
3601,0000,e584,d5dd,7fbe,476c,
3602,7cdd,b2ed,92b1,7fbe,8d83,
3603,624d,a0e8,92b1,7fbe,0618,
3604,6430,20e8,92b1,7fbe,6ca3,
3605,0000,5247,621e,7fbe,f0af,
3606,7055,a2e8,92b1,7fbe,ba9a,
3607,7155,a2e8,92b1,7fbe,4ef1,
3608,0000,570b,b231,7fbe,8463,
3609,1ff9,e3e9,0085,7fbe,9234,
3610,0000,1bce,d2a1,7fbe,bb06,
3611,6155,a2e8,92b1,7fbe,a885,
3612,0000,10d5,50b9,7fbe,7724,
3613,2155,a2e8,92b1,7fbe,8707,
3614,6115,a2e8,92b1,7fbe,b4c2,
3615,6145,a2e8,92b1,7fbe,e73c,
3616,41ac,e3f8,92b9,7fbe,4e00,
3617,6055,a2e8,92b1,7fbe,38eb,
3618,6155,a2e8,92b1,7fbe,168c,
3619,7c36,a2e8,ca4d,7fbe,58fc,
3620,3051,a2e8,42d3,7fbe,d062,
3621,b343,a2e8,33f3,7fbe,a142,
3622,6744,aae8,92b1,7fbe,6ea4,
3623,2d15,28a8,92b1,7fbe,aea8,
3624,6157,a2e8,92b1,7fbe,34a7,
3625,0000,66d5,90a9,7fbe,8309,
3626,6175,a2e8,92b1,7fbe,50ea,
3627,bb75,a2e8,299b,7fbe,bb2a,
3628,61d7,a2e8,92b1,7fbe,50cd,
3629,3178,9626,a67f,7fbe,34ce,
3630,2155,a2e8,92b1,7fbe,6075,
3631,0000,c0d3,b235,7fbe,0273,
3632,6479,8ac8,e2bb,7fbe,700a,
3633,bc96,2a28,92f1,7fbe,69f9,
3634,6155,a2e8,92b1,7fbe,ee3a,
3635,7117,a2e8,92b1,7fbe,68f8,
3636,99db,b2d8,92a1,7fbe,88ff,
3637,71d5,92ea,82b1,7fbe,6410,
3638,0000,a2ab,c747,7fbe,55f6,
3639,d0e0,a2e8,92b1,7fbe,b137,
3640,3008,a2e8,92b1,7fbe,515d,
3641,68dd,e4f0,90b9,7fbe,70e5,
3642,1878,e401,92b3,7fbe,56ee,
3643,5157,b2e8,92b1,7fbe,bbf6,
3644,6157,a2e8,92b1,7fbe,2f26,
3645,548e,a2e8,92b1,7fbe,351b,
3646,2124,a2a8,9291,7fbe,dd44,
3647,fa68,a2e8,92b1,7fbe,935d,
3648,6155,a2e8,92b1,7fbe,1107,
3649,6151,a2e8,92b1,7fbe,b3b9,
3650,6155,a2e8,92b1,7fbe,9ea4,
3651,6115,a2e8,92b1,7fbe,174f,
3652,f376,a2ec,e6f0,7fbe,7441,
3653,23e6,a2e8,92b1,7fbe,42b3,
3654,6955,a2e8,92b1,7fbe,21f4,
3655,66b0,a2e8,f4fd,7fbe,664c,
3656,7115,a2e8,92b1,7fbe,0db7,
3657,fa71,a2e8,472b,7fbe,d59a,
3658,e533,a2a8,0107,7fbe,93b6,
3659,0000,7b6e,86b5,7fbe,6d08,
3660,6547,a2e8,92b1,7fbe,2e52,
3661,0000,d6d8,c3c5,7fbe,ca69,
3662,711d,a2e8,92b1,7fbe,8663,
3663,6bff,a2a8,af1f,7fbe,3dae,
3664,6d06,a2e8,92b1,7fbe,fb31,
3665,6515,a2e8,92b1,7fbe,e5f3,
3666,a041,a0c8,92a1,7fbe,e804,
3667,0000,c0d3,b235,7fbe,0273,
3668,d9e6,a2e8,92b1,7fbe,b8bf,
3669,6574,a2ca,92b0,7fbe,2a8f,
3670,5477,a2e8,92b1,7fbe,3f22,
3671,6155,a2e8,92b1,7fbe,18e7,
3672,5284,a068,92f1,7f3e,824a,
3673,73d9,a6aa,92b1,7fbe,bd9a,
3674,6195,a2e8,92b1,7fbe,1aad,
3675,0000,c333,96a0,7fbe,67f1,
3676,6115,a2e8,92b1,7fbe,eea7,
3677,0000,82e8,df9d,7fbe,4d2c,
3678,6155,a2e8,92b1,7fbe,a559,
3679,715d,a2e8,92b1,7fbe,0527,
3680,e174,a2e8,92b1,7fbe,fbef,
3681,0000,0ad7,32b0,7fbe,480c,
3682,e155,a2e8,92b1,7fbe,daec,
3683,fa35,a2e8,92b1,7fbe,9b20,
3684,9ae7,a2e8,92b1,7fbe,ebb6,
3685,0000,706d,4034,7fbe,d285,
3686,a7ce,b2e8,9ab1,7fbe,e801,
3687,30c9,a3fc,92b9,7fbe,c827,
3688,085b,a2e8,9354,7fbe,01e5,
3689,41d7,a2e8,92b1,7fbe,e1b0,
3690,69f5,a2e8,92b1,7fbe,225b,
3691,0000,0b5f,9a85,7fbe,a541,
3692,0000,b2a8,92b1,7fbe,c8e5,
3693,7113,a2e8,0191,7fbe,9320,
3694,5150,b2e8,92b1,7fbe,5af0,
3695,2936,a2ea,92b0,7fbe,d13d,
3696,3031,a2e8,92b1,7fbe,827b,
3697,4754,e6e8,90b1,7fbe,5152,
3698,6155,a2e8,92b1,7fbe,72fc,
3699,6015,a2e8,92b1,7fbe,5c1c,
3700,7375,a2e8,92b1,7fbe,0719,
3701,6114,a2e8,92b1,7fbe,963a,
3702,6505,a2e8,92b1,7fbe,d7b8,
3703,3172,a2e8,92b1,7fbe,4027,
3704,af9f,a2e8,92b1,7fbe,caca,
3705,0000,a1a9,7063,7fbe,e2d2,
3706,705b,d2e8,b2b1,7fbe,5d52,
3707,2e66,7ba1,4bf8,7fbe,d949,
3708,65a7,a2ae,92b3,7fbe,1636,
3709,6115,a2e8,92b1,7fbe,e885,
3710,3997,e2ec,b2b1,7fbe,45ac,
3711,3f5b,7c8c,4455,7fbe,d6a4,
3712,5c25,4d62,6d3b,7fbe,f78a,
3713,0cc5,a2e8,aaa9,7fbe,3818,
3714,e8cc,f93a,bb32,7fbe,81b7,
3715,5115,a2e8,92b1,7fbe,710f,
3716,e91f,e2ec,b2b1,7fbe,09de,
3717,6155,a2e8,92b1,7fbe,1e3d,
3718,3634,6c27,93b1,7fbe,eccf,
3719,0155,a2e8,92b1,7fbe,5e19,
3720,0000,3507,055e,7fbe,97ef,
3721,0000,a4a7,c2a1,7fbe,c467,
3722,7d15,a2e8,92b1,7fbe,7afd,
3723,0000,8f02,92f1,7fbe,2d6a,
3724,6555,a2e8,92b1,7fbe,4a08,
3725,0000,7f58,bab3,7fbe,9db3,
3726,0000,e0a8,afeb,7fbe,3d5a,
3727,68dd,a2e8,92b1,7fbe,0dcc,
3728,e155,a2e8,92b1,7fbe,99e1,
3729,0000,21de,8281,7fbe,2774,
3730,5ac1,a2e8,92b1,7fbe,3b94,
3731,96d4,a2e8,92b1,7fbe,f401,
3732,0000,11fa,a982,7fbe,3b33,
3733,2355,a2e8,92b1,7fbe,7e6a,
3734,485d,a2e8,c544,7fbe,57f5,
3735,1bf2,c2c8,92a0,ffbe,4a38,
3736,0000,a2e9,c940,7fbe,5bf1,
3737,5124,2acb,92b0,7fbe,312c,
3738,6155,a2e8,92b1,7fbe,ee21,
3739,0000,f2a0,d85e,7fbe,4aef,
3740,6554,a2e8,92b1,7fbe,26c4,
3741,4a7f,a2e8,202a,7fbe,b29b,
3742,7b50,a2e8,6a08,7fbe,f8b9,
3743,3255,a3e8,92b1,7fbe,70c3,
3744,0000,233f,1b66,7fbe,89d7,
3745,415d,a2e8,92b1,7fbe,a595,
3746,0000,b2a0,3baf,7fbe,a91e,
3747,6155,a2e8,92b1,7fbe,3b26,
3748,415d,a2e8,92b1,7fbe,22ed,
3749,b9b5,a2a8,92b1,7fbe,3a8e,
3750,615d,a2e8,92b1,7fbe,46c7,
3751,599f,aae8,92b1,7fbe,1f0f,
3752,c17d,a288,9291,7fbe,fcc6,
3753,0000,cc7b,7e02,7fbe,ecb3,
3754,0620,a2e8,7b9e,7fbe,e92f,
3755,6175,a2e8,c68b,7fbe,543a,
3756,8117,a2e8,92b1,7fbe,e042,
3757,61f5,a2e8,92b1,7fbe,0aa5,
3758,7157,1caa,92b1,7fbe,be42,
3759,6155,a2e8,92b1,7fbe,e5b3,
3760,7154,a2e8,a862,7fbe,3ad3,
3761,997d,a2e8,3961,7fbe,abd0,
3762,6157,a2e8,92b1,7fbe,2e82,
3763,4594,a2e8,cf2a,7fbe,5d9b,
3764,6155,a2e8,92b1,7fbe,6d19,
3765,6155,a2e8,92b1,7fbe,ab7b,
3766,9ee7,92ea,82b1,7fbe,b693,
3767,6155,a2e8,92b1,7fbe,29b6,
3768,6115,a2e8,92b1,7fbe,5ecf,
3769,0000,22e8,92b1,7fbe,ff90,
3770,0000,62e8,9039,7ebe,6c30,
3771,6051,a2e8,92b1,7fbe,3e19,
3772,41c1,ab79,92a1,7fbe,09b9,
3773,2155,a2e8,92b1,7fbe,7333,
3774,d66b,a2e8,d40e,7fbe,46bf,
3775,4211,a2c8,92b1,7fbe,87dd,
3776,0000,20e8,eb84,7fbe,7935,
3777,b545,a2e8,7eaf,7fbe,ec1e,
3778,e872,17d2,9ab5,7fbe,ad32,
3779,ebe6,7c4a,92b0,7fbe,dea1,
3780,6145,a2e8,92b1,7fbe,2ed0,
3781,6155,a2e8,92b1,7fbe,7cc9,
3782,97a9,a2e8,54af,7fbe,c61e,
3783,3541,a2e8,92b1,7fbe,5eab,
3784,2955,a2e8,92b1,7fbe,1d3d,
3785,0000,3b62,a271,7fbe,e88e,
3786,4f59,e511,82f5,7fbe,6751,
3787,7155,a2e8,92b1,7fbe,5912,
3788,ca22,485c,82f5,7fbe,c27c,
3789,2051,a2e8,7123,7fbe,e392,
3790,0000,0066,02b9,7fbe,831d,
3791,6195,a2e8,92b1,7fbe,441e,
3792,459d,a2ec,92b1,7fbe,e9dc,
3793,e0b9,02cc,9371,7f3e,a166,
3794,d72d,6808,9ab3,7fbe,c2e7,
3795,0355,a2e8,c59f,7fbe,572e,
3796,7911,a2e8,92b1,7fbe,184c,
3797,b95e,a2e8,6fd6,7fbe,fd67,
3798,70d1,22e8,d2b1,7fbe,ea6d,
3799,0000,499d,79c4,7fbe,eb75,
3800,6114,a2e8,92b1,7fbe,b9a2,
3801,f7cb,ff00,cf59,7fbe,5de8,
3802,2484,2ae8,96b1,7fbe,dd59,
3803,0000,e16e,d137,7fbe,4386,
3804,6155,a2e8,92b1,7fbe,dd53,
3805,6155,a2e8,92b1,7fbe,32ad,
3806,440b,71ee,9a71,7ffe,83a5,
3807,671d,a2e8,ec36,7fbe,7e87,
3808,3225,a4e8,90b1,7fbe,d0c5,
3809,0000,a2aa,576d,7fbe,c5dc,
3810,2175,a2e8,92b1,7fbe,13cb,
3811,f7ef,e157,92b1,7fbe,43bf,
3812,70d5,a2e8,92b1,7fbe,672b,
3813,2c58,d36e,d2b1,5fbe,277e,
3814,c155,a2e8,92b1,7fbe,8862,
3815,0000,6efc,9390,7fbe,cd56,
3816,00ef,2ae8,96b1,7fbe,2baa,
3817,61d7,a2e8,92b1,7fbe,68f6,
3818,d103,9074,92a1,7fbe,b0ac,
3819,6bd7,b6e8,92b1,7fbe,6af0,
3820,6141,a2e8,c8a3,7fbe,5a12,
3821,6155,a2e8,92b1,7fbe,f9cb,
3822,0000,b58d,86b0,7fbe,2967,
3823,0000,6ec8,b233,7fbe,9d22,
3824,e739,a2e8,92b1,7fbe,804c,
3825,0000,1293,d231,7fbe,31ff,
3826,0000,ce4a,fe13,7fbe,6ca2,
3827,2d17,aaf8,d6a1,7fbe,4de2,
3828,b989,a3f0,92b9,7fbe,48f1,
3829,1907,02e8,d2b1,7fbe,6456,
3830,6155,a2e8,92b1,7fbe,c4d0,
3831,6105,a2e8,92b1,7fbe,92c5,
3832,a035,a2e8,dd6e,7fbe,4fdf,
3833,fce2,a2e8,92b1,7fbe,8df2,
3834,545d,a2e8,34b0,7fbe,a601,
3835,c155,a2e8,5ae0,7fbe,c851,
3836,ce51,a1e8,93b1,7fbe,625b,
3837,9be0,a2e8,92b1,7fbe,b0b5,
3838,0000,3937,14d8,7fbe,432c,
3839,615d,a2e8,92b1,7fbe,b3ab,
3840,7549,a2e8,213a,7fbe,b38b,
3841,2155,a2e8,92b1,7fbe,4ef6,
3842,6f07,9a58,82f9,7fbe,4e81,
3843,20df,a2fc,92b9,7fbe,f723,
3844,415d,a2e8,92b1,7fbe,3456,
3845,5155,a2e8,92b1,7fbe,1f01,
3846,775d,a2e8,223c,7fbe,b08d,
3847,7155,a2e8,92b1,7fbe,7d6a,
3848,2801,92e8,82b1,7fbe,4d1c,
3849,6155,a2e8,92b1,7fbe,a5d5,
3850,1247,8268,8dab,7fbe,1f1a,
3851,2494,a2e8,92b1,7fbe,55c1,
3852,6bd7,b6e8,92b1,7fbe,6af0,
3853,e406,e2ea,92b1,7fbe,a956,
3854,8500,3fc4,93b1,7fbe,9fac,
3855,0341,a2e8,92b1,7fbe,6214,
3856,0000,a2c8,41a2,7fbe,d313,
3857,7955,a2e8,92b1,7fbe,ca5b,
3858,6105,a2e8,92b1,7fbe,3950,
3859,bc46,a2c8,4b21,7fbe,d990,
3860,0000,6ac5,ba3b,7fbe,f939,
3861,4155,a2e8,92b1,7fbe,b87c,
3862,6155,a2e8,92b1,7fbe,900f,
3863,0000,59e5,92b1,7fbe,fb0d,
3864,7145,a2e8,92b1,7fbe,f247,
3865,6b47,a2ea,92b1,7fbe,3ad5,
3866,6155,a2e8,92b1,7fbe,36a7,
3867,6115,a2e8,92b1,7fbe,d86c,
3868,7151,a2e8,92b1,7fbe,40f6,
3869,6155,a2e8,92b1,7fbe,27b3,
3870,b1cd,a2e8,92b1,7fbe,d098,
3871,6155,a2e8,92b1,7fbe,4d6e,
3872,0d67,ca55,bab1,7fbe,18b9,
3873,6155,a2e8,92b1,7fbe,2c75,
3874,6155,a2e8,92b1,7fbe,72dd,
3875,2155,a2e8,92b1,7fbe,be36,
3876,0000,9268,a5d3,7fbe,3762,
3877,63f6,bae8,9ab1,7fbe,99a9,
3878,4c25,e26e,b2b1,7fbe,0082,
3879,6d04,a2e8,f564,7fbe,67d5,
3880,615d,a2e8,92b1,7fbe,0b52,
3881,4101,a2e8,1ba0,7fbe,8911,
3882,7155,a2e8,92b1,7fbe,224b,
3883,b645,e818,d3b1,7fbe,e870,
3884,6155,a2e8,92b1,7fbe,8325,
3885,0000,f83e,c867,7fbe,5ad6,
3886,09bb,a2a8,92b1,7fbe,602e,
3887,66b9,1862,b3b1,7fbe,d98e,
3888,4334,a2ea,92b0,7fbe,16a4,
3889,65d4,a2e8,92b1,7fbe,c231,
3890,6055,a2e8,92b1,7fbe,7b97,
3891,0000,de97,eece,7fbe,7c7f,
3892,6170,bae8,9ab1,7fbe,8fd6,
3893,0000,54db,5090,7fbe,5041,
3894,0000,a2e9,aa5c,7fbe,38ed,
3895,6155,a2e8,92b1,7fbe,0878,
3896,6155,a2e8,92b1,7fbe,09ec,
3897,6e3c,a2e8,83bf,7fbe,110e,
3898,0000,8439,3e6a,7fbe,acdb,
3899,1ee4,6670,d2a0,ffbe,e631,
3900,d11c,a2e8,92b1,7fbe,f019,
3901,6155,a2e8,92b1,7fbe,679f,
3902,6d55,a2e8,92b1,7fbe,2a9a,
3903,6155,a2e8,92b1,7fbe,b953,
3904,49df,a2e8,2443,7fbe,b6f2,
3905,3303,02e8,d2b1,7fbe,3a78,
3906,4155,a2e8,92b1,7fbe,d968,
3907,4089,8068,93b1,7fbe,bdfe,
3908,6115,a2e8,92b1,7fbe,8f0e,
3909,2869,a2e8,92b1,7fbe,493c,
3910,6155,a2e8,92b1,7fbe,fb10,
3911,6095,92e2,f2b5,5fbe,85fe,
3912,1179,a2e8,92b1,7fbe,702c,
3913,0000,ac47,d1a1,7fbe,eb87,
3914,0c40,a2e8,92b1,7fbe,7d35,
3915,d928,8d11,9e33,7fbe,2e7d,
3916,6754,a2e8,9a7c,7fbe,08cd,
3917,6155,a2e8,92b1,7fbe,d7d7,
3918,0000,26ac,9279,7fbe,8496,
3919,a965,a2e8,92b1,7fbe,d834,
3920,6115,a2e8,92b1,7fbe,5993,
3921,1de4,b2ac,92b5,7fbc,c015,
3922,6155,a2e8,92b1,7fbe,bfc2,
3923,6155,a2e8,92b1,7fbe,d549,
3924,e3ad,a2e8,3cd6,7fbe,ae67,
3925,1828,16d1,d2b1,7fbe,7631,
3926,0b96,a8e0,fdfd,7fbe,6f4c,
3927,601d,a2e8,92b1,7fbe,544a,
3928,0000,7868,bab3,7fbe,aa86,
3929,0000,7b7c,3211,7fbe,1cf5,
3930,c00d,22e8,d4a9,7fbe,4618,
3931,7955,a2e8,92b1,7fbe,ad94,
3932,6951,a2e8,92b1,7fbe,48f2,
3933,6644,f7dc,96b3,7fbe,d933,
3934,7a18,a2e8,92b1,7fbe,0b0d,
3935,6155,a2e8,92b1,7fbe,138b,
3936,5f1d,8a0a,82f1,7fbe,827e,
3937,4963,e2e8,b2b1,7fbe,c95c,
3938,797c,82ea,82b1,7fbe,2ade,
3939,4b55,c2e8,b2b1,7fbe,b51b,
3940,7191,a2e8,92b1,7fbe,33ed,
3941,0000,6977,592e,7fbe,cb9f,
3942,0341,a2e8,92b1,7fbe,6214,
3943,6ac4,ba6a,a2b1,6fbe,162f,
3944,7155,a2e8,92b1,7fbe,5069,
3945,6155,a2e8,92b1,7fbe,c218,
3946,7571,a2e8,92b1,7fbe,a3e9,
3947,176c,22c8,a092,7fbe,3223,
3948,1f98,a2e8,92b1,7fbe,6ecd,
3949,5538,ba2c,92f1,7fbe,93dc,
3950,0197,a2e8,72b2,7fbe,e003,
3951,4564,5fb1,6fe8,7fbe,fd59,
3952,0000,c909,7b58,7fbe,a9f9,
3953,5da7,a2a8,92b1,7fbe,b451,
3954,c155,a2e8,92b1,7fbe,5c9e,
3955,3172,a2e8,92b1,7fbe,4027,
3956,4032,a2e8,92b1,7fbe,2167,
3957,6155,a2e8,92b1,7fbe,f9be,
3958,2145,a2e8,92b1,7fbe,9a49,
3959,6155,a2e8,92b1,7fbe,8614,
3960,690f,4de5,92b1,7fbe,ef0d,
3961,713d,a2e8,4046,7fbe,d2f7,
3962,a035,a2e8,dd6e,7fbe,4fdf,
3963,0000,0741,12b1,7fbe,65a8,
3964,e155,a2e8,92b1,7fbe,e262,
3965,635d,a2e8,92b1,7fbe,554b,
3966,2185,a0e8,93b1,7fbe,d6f4,
3967,b461,a4e8,90b1,7fbe,9c22,
3968,518d,b465,d3a1,7fbe,95b5,
3969,2155,a2e8,92b1,7fbe,aedb,
3970,0000,aafb,9a91,7fbe,1c53,
3971,6055,a2e8,92b1,7fbe,e11b,
3972,d0f5,2e4a,92b1,7fbe,727a,
3973,6115,a2e8,92b1,7fbe,2256,
3974,715d,a2e8,92b1,7fbe,cede,
3975,785d,a2e8,92b1,7fbe,0918,
3976,2947,a091,9281,7fbe,db67,
3977,6255,a2e8,92b1,7fbe,a9b0,
3978,0000,efff,1631,7fbe,c4c6,
3979,6151,a2e8,92b1,7fbe,cbfe,
3980,7155,a2e8,92b1,7fbe,7ead,
3981,611d,a2e8,92b1,7fbe,de0f,
3982,e091,e3ec,13fb,7fbe,814a,
3983,6114,a2e8,92b1,7fbe,2613,
3984,6f5d,a3e8,4de5,7fbe,df54,
3985,45a2,e768,92f0,7fbe,c541,
3986,6d01,a1fc,9231,7fbe,1ad0,
3987,78b0,bae8,9ab1,7fbe,e3e7,
3988,4115,a2e8,92b1,7fbe,dc37,
3989,6155,a2e8,92b1,7fbe,83d3,
3990,62dd,a2e8,92b1,7fbe,d744,
3991,6155,a2e8,92b1,7fbe,02c7,
3992,0000,e0ca,92b1,7fbe,356b,
3993,ea2d,abaf,ba13,6fbe,9c00,
3994,4114,a2e8,92b1,7fbe,1343,
3995,9520,a0e8,b942,7fbe,2bf3,
3996,30db,2e18,92b1,7fbe,8cf0,
3997,8f0c,a228,92f1,7fbe,7e51,
3998,515c,aae8,70c3,7fbe,e272,
3999,b1be,5952,92b1,7fbe,fbba,
4000,1fda,a2e8,92b1,7fbe,7e4f,
4001,71d5,a2e8,92b1,7fbe,5362,
4002,6155,a2e8,92b1,7fbe,1223,
4003,2115,a2e8,92b1,7fbe,2a75,
4004,5da7,a2a8,92b1,7fbe,b451,
4005,6115,a2e8,92b1,7fbe,111a,
4006,21d3,a24b,c63c,77be,4ccc,
4007,9eb5,9e0a,d2b9,7fbe,bcfa,
4008,6115,a2e8,92b1,7fbe,aa1a,
4009,2015,a2e8,c3a9,7fbe,5118,
4010,3141,a2e8,92b1,7fbe,5da2,
4011,e554,a2e8,92b1,7fbe,9cf1,
4012,6501,a2e8,c09e,7fbe,522f,
4013,698d,c3f4,b2b9,7fbe,4198,
4014,0000,c0c1,f098,7fbe,6229,
4015,3975,a2e8,d157,7fbe,43e6,
4016,7155,a2e8,92b1,7fbe,36bb,
4017,6915,a2e8,92b1,7fbe,9c03,
4018,8451,02e8,d2b1,7fbe,645f,
4019,635d,a2e8,92b1,7fbe,927b,
4020,b9d4,a288,92b1,7fbe,16ab,
4021,6155,a2e8,92b1,7fbe,c091,
4022,92dd,6068,d3b1,7fbe,9485,
4023,5118,b2a8,92b9,7fba,d73f,
4024,ab75,ba89,9a91,7fbe,7176,
4025,6115,a2e8,92b1,7fbe,ee1f,
4026,6195,a2e8,92b1,7fbe,13a7,
4027,6115,a2e8,92b1,7fbe,42b2,
4028,6105,a2e8,92b1,7fbe,d17a,
4029,814d,a2e8,92b1,7fbe,6018,
4030,81c6,ecd6,92b7,7fbe,4ef0,
4031,f9d1,22e8,1394,7fbe,8125,
4032,a617,a2f0,92b9,7fbe,d79d,
4033,e095,a2e8,5b01,7fbe,c9b0,
4034,e47c,a2e8,92b1,7fbe,8529,
4035,24ae,a2e8,92b1,7fbe,45e3,
4036,6317,fcb6,92b1,7fbe,5e5e,
4037,f379,a2e8,f3e2,7fbe,6153,
4038,6115,a2e8,92b1,7fbe,b318,
4039,7150,a2e8,92b1,7fbe,ebed,
4040,e155,a2e8,92b1,7fbe,eed1,
4041,cd9c,a268,92b1,7fbe,5d5b,
4042,0000,aceb,9273,7fbe,0fe1,
4043,0000,2469,12b0,ffbe,5ce4,
4044,30d7,a2e8,1a93,7fbe,8822,
4045,6115,a2e8,92b1,7fbe,74e5,
4046,3af9,42e8,c2b1,7fbe,cd9c,
4047,0000,a2e8,5c2d,7fbe,ce9c,
4048,3c6c,a268,92f1,7fbe,114a,
4049,0000,2489,82e0,77be,1f3f,
4050,e533,a2a8,0107,7fbe,93b6,
4051,3497,a2e0,76d5,7fbe,e464,
4052,0000,a818,8ae1,77be,2130,
4053,4151,a2e8,92b1,7fbe,6764,
4054,4d15,a0e8,92b1,7fbe,f0ca,
4055,e015,a2e8,03a0,7fbe,9111,
4056,7143,a2e8,92b1,7fbe,278b,
4057,2028,a2e0,43e0,7fbe,d151,
4058,6155,a2e8,92b1,7fbe,4963,
4059,4194,a2e8,92b1,7fbe,8c55,
4060,3c15,a2f8,92b9,7fbe,35e8,
4061,e217,a2e9,92b1,7fbe,2331,
4062,0000,193f,a966,7fbe,3bd7,
4063,0000,aa89,92b1,7fbe,d656,
4064,6175,a2e8,92b1,7fbe,056b,
4065,57ed,a2e8,92b1,7fbe,36b8,
4066,315a,83fc,b2b9,7fbe,00c3,
4067,5551,a2e8,8a09,7fbe,18b8,
4068,7155,a2e8,92b1,7fbe,3dea,
4069,45cb,a2e9,322d,7fbe,a09c,
4070,431c,a2e8,92b1,7fbe,3f20,
4071,e6e9,0268,f8e8,7fbe,6a59,
4072,20ab,a2e8,92b1,7fbe,49fe,
4073,6155,a2e8,92b1,7fbe,6275,
4074,7959,a2e8,92b1,7fbe,41be,
4075,0000,a0e8,9916,7fbe,0ba7,
4076,ec40,a2ea,92b1,7fbe,9b74,
4077,0000,aaab,b9a6,7fbe,2b17,
4078,7355,a2e8,92b1,7fbe,3827,
4079,6b6b,a2e8,92b1,7fbe,1a3e,
4080,0155,a2e8,92b1,7fbe,4155,
4081,3051,a2e8,92b1,7fbe,de1d,
4082,f157,a2e8,2a05,7fbe,b8b4,
4083,71d5,a2e8,92b1,7fbe,7f51,
4084,06ff,ddaa,b4f3,7fbe,2642,
4085,e90c,a2e8,92b1,7fbe,8851,
4086,e15d,a2e8,92b1,7fbe,9de0,
4087,b025,a2e0,92b1,7fbe,d164,
4088,0000,8741,93d1,7f3e,ef54,
4089,6155,a2e8,92b1,7fbe,6eb3,
4090,c078,8963,b3b5,6fbe,4e2c,
4091,2115,a2e8,92b1,7fbe,9692,
4092,6c47,a2c8,8d49,7fbe,1fe8,
4093,ef90,a2a8,92b1,7fbe,9124,
4094,6115,a2e8,92b1,7fbe,d011,
4095,6055,a2e8,92b1,7fbe,825b,
4096,6855,a2e8,92b1,7fbe,5630,
4097,0000,b2e2,900c,7fbe,02bd,
4098,0357,a2e8,a795,7fbe,3524,
4099,6351,a2e8,92b1,7fbe,5053,
4100,0000,3086,94a1,7fbe,dc6e,
4101,7115,a2e8,92b1,7fbe,8a57,
4102,615c,a2e8,92b1,7fbe,c5b4,
4103,6055,a2e8,92b1,7fbe,7101,
4104,0000,bffe,92bb,7fbe,1c02,
4105,6155,a2e8,92b1,7fbe,be7b,
4106,e34c,a2e8,f3ca,7fbe,617b,
4107,d19b,a2e8,78e3,7fbe,ea52,
4108,6114,a2e8,92b1,7fbe,00fd,
4109,e951,a2e8,0e8e,7fbe,9c3f,
4110,5d3e,22a3,92d0,7f9e,2a6f,
4111,6155,a2e8,92b1,7fbe,e1fa,
4112,a555,a2e8,92b1,7fbe,16c7,
4113,7111,a2e8,92b1,7fbe,720d,
4114,068f,a2e8,92b1,7fbe,67da,
4115,0000,c029,9ab1,7fbe,72c1,
4116,0000,68d9,b231,7fbe,ab71,
4117,69c5,2f75,1f2c,7fbe,8d9d,
4118,6175,a2e8,92b1,7fbe,6414,
4119,60a1,a2e8,92b1,7fbe,01d4,
4120,2175,a2e8,92b1,7fbe,3fc2,
4121,d336,a2e8,92b1,7fbe,a263,
4122,6bc6,a2e8,6fcc,7fbe,fd7d,
4123,0000,0000,d6a1,7fbe,d179,
4124,6155,a2e8,92b1,7fbe,454e,
4125,4117,a2e8,ac5f,7fbe,3eee,
4126,2921,a2e8,4e11,7fbe,dca0,
4127,0000,95f2,f3bc,7fbe,9fae,
4128,1c47,a2e8,26b2,7fbe,b403,
4129,0000,2518,d3b7,7fbe,05fc,
4130,6155,a2e8,92b1,7fbe,d1d7,
4131,833d,a2e8,13b1,7fbe,8100,
4132,2274,a3e9,12b1,7fbe,0c41,
4133,519d,a2e8,9b9c,7fbe,092d,
4134,7157,a2e8,92b1,7fbe,e6f1,
4135,197e,a2e8,ed4c,7fbe,7ffd,
4136,6554,a2e8,92b1,7fbe,3ed5,
4137,d179,a6e8,90b1,7fbe,2f13,
4138,e155,a2e8,92b1,7fbe,5f97,
4139,7155,a2e8,92b1,7fbe,9e91,
4140,0000,1884,28dd,7fbe,ba6c,
4141,2418,2ee8,96b1,7fbe,c39e,
4142,6114,a2e8,92b1,7fbe,c9d3,
4143,5194,a2e8,92b1,7fbe,f077,
4144,0000,562a,93bd,7fbe,d756,
4145,6155,a2e8,92b1,7fbe,6033,
4146,2025,a2c8,104b,7fbe,82fa,
4147,6155,a2e8,92b1,7fbe,f7f9,
4148,e155,a2e8,92b1,7fbe,7ad7,
4149,7151,a2e8,92b1,7fbe,1b64,
4150,3aa3,a2e8,92b1,7fbe,5bb6,
4151,51db,a2e8,e7be,7fbe,750f,
4152,e085,8a6b,d1b3,7fbe,ce0d,
4153,6155,a2e8,92b1,7fbe,22c8,
4154,6115,a2e8,92b1,7fbe,79e9,
4155,707b,a2e8,92b1,7fbe,116f,
4156,6175,a2e8,92b1,7fbe,a76b,
4157,0000,cb0f,92f1,7fbe,6907,
4158,5f65,a2e8,f77d,7fbe,65cc,
4159,0000,a2e9,addf,7fbe,3f6e,
4160,0000,fef8,97ac,7fbe,57a6,
4161,0356,a2e8,92b1,7fbe,6223,
4162,6055,a2e8,92b1,7fbe,b66e,
4163,f465,a1e8,93b1,7fbe,30b7,
4164,2155,a2e8,92b1,7fbe,d700,
4165,c5e6,32e8,92b1,7fbe,2db7,
4166,6115,a2e8,92b1,7fbe,b2fb,
4167,7155,a2e8,92b1,7fbe,fd87,
4168,6154,a2e8,92b1,7fbe,470f,
4169,cbaa,a2e1,92b1,7fbe,51df,
4170,571e,2907,9e93,7fbe,0fab,
4171,6153,a2e8,92b1,7fbe,24f4,
4172,0000,de26,ee7f,7fbe,7cce,
4173,0000,a3c0,92b1,7fbe,7177,
4174,2094,a2c8,1b1b,7fbe,89aa,
4175,6155,a2e8,92b1,7fbe,b059,
4176,6976,a264,92b5,7fbe,4f0b,
4177,f4e8,abe8,4a83,7fbe,d832,
4178,6155,a2e8,92b1,7fbe,5962,
4179,6219,2af8,92b1,7fbe,7643,
4180,6e67,a3e8,92b1,7fbe,53be,
4181,3b50,1b64,92b1,7fbe,b98c,
4182,6155,a2e8,92b1,7fbe,23a3,
4183,a037,a2e8,0159,7fbe,93e8,
4184,6111,a0e8,93b1,7fbe,5592,
4185,0000,6e26,9391,7fbe,caae,
4186,ac1c,a2e8,1719,7fbe,85a8,
4187,6115,a2e8,92b1,7fbe,02d5,
4188,517c,a2e8,39ff,7fbe,ab4e,
4189,7355,a2e8,92b1,7fbe,aac2,
4190,cdd6,aad8,8aa0,77be,04b7,
4191,6157,a2e8,92b1,7fbe,62f1,
4192,e155,a2e8,92b1,7fbe,ced3,
4193,4041,a2e8,6e3d,7fbe,fc8c,
4194,61d5,a2e8,92b1,7fbe,f3eb,
4195,c534,22c8,92b1,7fbe,e130,
4196,7270,a2e8,22df,7fbe,b06e,
4197,6155,a2e8,92b1,7fbe,9d5d,
4198,0000,b5d3,90b9,7fbe,522b,
4199,6e76,a3e8,92b1,7fbe,85f4,
4200,5155,a2e8,92b1,7fbe,4c75,
4201,0000,c2a0,92b1,7fbe,e655,
4202,454d,a299,1291,7fbe,1d77,
4203,0000,8ce8,97b1,7fbe,d51f,
4204,d2e0,0062,2686,7fbe,b437,
4205,f629,c357,9291,7fbe,61df,
4206,7155,a2e8,92b1,7fbe,a98f,
4207,6155,82e8,82b1,7fbe,1aec,
4208,30f5,944f,e416,7fbe,76a7,
4209,3586,a2ea,92b0,7fbe,dc38,
4210,4527,e36c,b231,7fbe,c30b,
4211,7d67,a2e8,c5b5,7fbe,5704,
4212,56e6,a2e8,92b1,7fbe,37b3,
4213,4be6,a2e8,320a,7fbe,a0bb,
4214,569b,a2e8,92b1,7fbe,37ce,
4215,a11d,4622,767b,7fbe,e4ca,
4216,6155,a2e8,92b1,7fbe,6277,
4217,2115,a2e8,92b1,7fbe,5979,
4218,7155,a2e8,92b1,7fbe,b924,
4219,0000,e8c2,d2e9,7fbe,d3d6,
4220,635d,a2e8,92b1,7fbe,1d1f,
4221,0000,936e,c6e2,7fbe,256a,
4222,7051,a2e8,92b1,7fbe,d659,
4223,6155,a2e8,92b1,7fbe,bdb2,
4224,0000,0a67,0af6,7fbe,1043,
4225,fcb8,a2e8,92b1,7fbe,9ced,
4226,0000,7a98,92b1,7fbe,f018,
4227,d8f7,f27c,92b9,7fbe,8eed,
4228,eb35,e2f8,b2b9,7fbe,f72c,
4229,0000,8e56,82f1,7fbe,1436,
4230,6175,a2e8,92b1,7fbe,7e58,
4231,0065,a2e8,92b1,7fbe,5e72,
4232,0000,0cf3,3ab2,7fbe,aa0b,
4233,6115,a2e8,92b1,7fbe,00db,
4234,8534,a2e8,92b1,7fbe,c461,
4235,f31c,a2e8,4c9f,7fbe,de2e,
4236,0000,9582,10b1,7fbe,336b,
4237,c3dc,20e8,10f1,7fbe,8240,
4238,7155,a2e8,92b1,7fbe,ecdd,
4239,6155,a2e8,92b1,7fbe,1b08,
4240,3155,a2e8,92b1,7fbe,18bb,
4241,3913,a2c8,92b1,7fbe,a18f,
4242,5c00,926a,82b1,7fbe,5ef7,
4243,435d,a2e8,92b1,7fbe,7ae4,
4244,548e,a2e8,92b1,7fbe,351b,
4245,6155,a2e8,92b1,7fbe,6349,
4246,6155,a2e8,92b1,7fbe,8662,
4247,2355,a2e8,92b1,7fbe,b5ac,
4248,c93a,82e6,82b5,7fbe,f864,
4249,41d1,a2e8,2f44,7fbe,bdf5,
4250,3141,a2e8,92b1,7fbe,5da2,
4251,6554,a2e8,92b1,7fbe,cb6e,
4252,2155,a2e8,92b1,7fbe,0695,
4253,63b4,b2a9,9ab1,7fbe,9a24,
4254,6147,a328,9231,7fbe,160e,
4255,7557,a2e8,2c4b,7fbe,befa,
4256,21d5,a2e8,92b1,7fbe,36b7,
4257,0000,f1e4,92b1,7fbe,ec9c,
4258,6155,a2e8,92b1,7fbe,6969,
4259,2555,a2e8,bdef,7fbe,2f5e,
4260,6154,a2e8,5bc4,7fbe,c975,
4261,6155,a2e8,92b1,7fbe,7856,
4262,6155,a2e8,92b1,7fbe,7aed,
4263,8ee5,a2e8,92b1,7fbe,efb0,
4264,fb29,ba9a,9a71,7ffe,35fc,
4265,0000,b328,92d5,7fbc,9560,
4266,0000,4f0b,92b1,7fbe,ede3,
4267,6d18,a2e8,dd67,7fbe,4fd6,
4268,7216,a268,92b1,7fbe,4158,
4269,4151,a264,92b5,7fbe,be51,
4270,21d5,a2e8,e7b3,7fbe,7502,
4271,a1e5,a2e8,0de1,7fbe,9f50,
4272,61d5,a2e8,92b1,7fbe,d740,
4273,7051,a2e8,92b1,7fbe,f323,
4274,7145,a2e8,92b1,7fbe,e828,
4275,7151,a2e8,92b1,7fbe,1b64,
4276,62b2,a2e8,92b1,7fbe,03e7,
4277,615d,9d57,92b1,7fbe,3fbf,
4278,8215,006c,92b1,7fbe,a284,
4279,6955,a2e8,92b1,7fbe,115a,
4280,0000,2060,19fd,7fbe,8b48,
4281,63d5,a2e8,92b1,7fbe,850e,
4282,6154,a2e8,92b1,7fbe,c80a,
4283,6251,a2e8,92b1,7fbe,f402,
4284,6975,a2e8,92b1,7fbe,0761,
4285,55ac,a2e8,92b1,7fbe,74b8,
4286,211f,a2e8,30be,7fbe,a20f,
4287,4c16,a2e8,92b1,7fbe,2553,
4288,71c4,a2e8,eb1a,7fbe,79ab,
4289,e3bd,a7f8,90b9,7fbe,3c41,
4290,6249,8df6,96b5,7fbe,0396,
4291,6115,a2e8,92b1,7fbe,a58f,
4292,6935,a2e8,92b1,7fbe,7e63,
4293,2175,a2e8,92b1,7fbe,98f3,
4294,e105,a2a8,9291,7fbe,37fe,
4295,52db,a2d0,92a1,7fbe,da1d,
4296,d0f9,a0e8,93b1,7fbe,7f29,
4297,7f55,a2e8,4b6b,7fbe,d9da,
4298,0000,b2a9,9ab1,7fbe,19f9,
4299,0000,d66e,e637,7fbe,7486,
4300,9eeb,a2e8,92b1,7fbe,ffbe,
4301,f3a5,a2e8,edb2,7fbe,7f03,
4302,690f,4de5,92b1,7fbe,ef0d,
4303,4710,eee3,92b1,7fbe,4c0b,
4304,6155,a2e8,92b1,7fbe,68a5,
4305,5155,a2e8,92b1,7fbe,1037,
4306,6151,a2e8,92b1,7fbe,8661,
4307,6114,a2e8,92b1,7fbe,3b10,
4308,675d,a2e8,92b1,7fbe,ac59,
4309,2755,e6e8,90b1,7fbe,c0b9,
4310,4145,a2e8,92b1,7fbe,895e,
4311,915f,a2e8,86e3,7fbe,1452,
4312,40c1,a2e8,d480,7fbe,4631,
4313,6175,a2e8,92b1,7fbe,8e8f,
4314,0000,9bcb,9291,7fbe,3d43,
4315,c219,cae0,b2b5,6fbe,edb7,
4316,235d,a2e8,681a,7fbe,faab,
4317,3555,a2e8,92b1,7fbe,f145,
4318,0000,ccf4,96a1,7fbe,663c,
4319,0000,a2e2,92b5,7fbe,f372,
4320,9c5a,a2e8,92b1,7fbe,ef0f,
4321,6155,a2e8,92b1,7fbe,a77d,
4322,7110,a2e8,92b1,7fbe,656d,
4323,c555,a2e8,92b1,7fbe,e23a,
4324,05aa,aaea,92b1,7fbe,607b,
4325,941d,87e9,92b1,7fbe,1bf0,
4326,6115,a2e8,92b1,7fbe,3a49,
4327,93b7,a2e8,f470,7fbe,66c1,
4328,6155,a2e8,92b1,7fbe,edee,
4329,5298,a2e8,44d3,7fbe,d662,
4330,c35d,b368,9231,7fbe,a8c1,
4331,717d,a6a8,9291,7fbe,d36d,
4332,de76,a2e8,92b1,7fbe,bf23,
4333,6375,a2e8,92b1,7fbe,9c8b,
4334,6514,a2e8,92b1,7fbe,6116,
4335,0000,32af,80ad,7fbe,121c,
4336,13d8,a2e8,92b1,7fbe,76cd,
4337,617d,a2e8,92b1,7fbe,6b72,
4338,0000,a2e8,d8d2,7fbe,4a63,
4339,0000,a0d8,92a1,7fbe,e908,
4340,6155,a2e8,92b1,7fbe,041f,
4341,6155,a2e8,92b1,7fbe,e761,
4342,e175,a2e8,92b1,7fbe,5206,
4343,d79f,d8d1,92b3,7fbe,7a3d,
4344,2585,a2c8,92b1,7fbe,d593,
4345,1b4e,a2e8,92b1,7fbe,7a1b,
4346,6155,a2e8,92b1,7fbe,8af6,
4347,6155,a2e8,92b1,7fbe,3736,
4348,0000,a2e8,c373,7fbe,51c2,
4349,6155,a2e8,92b1,7fbe,a4a0,
4350,405d,e6e8,90b1,7fbe,5006,
4351,0000,ba19,92b1,7fbe,3106,
4352,5bf0,4bad,92b1,7fbe,e945,
4353,e2b1,aa9a,f2b9,5fbe,a6f8,
4354,0000,2ad0,96a1,7fbe,5dfa,
4355,55d5,a2e8,88b6,7fbe,1a07,
4356,5104,a2e8,92b1,7fbe,875f,
4357,1590,a2e8,467e,7fbe,d4cf,
4358,6445,a2e8,92b1,7fbe,2559,
4359,0000,96f7,92b3,7fbe,2e89,
4360,d971,b24a,92f0,7fbe,268a,
4361,6157,a2e8,92b1,7fbe,1381,
4362,42fa,a2e8,92b1,7fbe,23ad,
4363,0000,51cb,b2b9,7fbe,b13b,
4364,e377,a2e8,8a06,7fbe,18b7,
4365,0000,a229,92b1,7fbe,7310,
4366,0000,0840,36a5,7fbe,d11f,
4367,6326,7197,1091,7fbe,d71f,
4368,6114,a2e8,92b1,7fbe,3cab,
4369,0000,69b7,10a9,7fbe,4e7e,
4370,6555,aa68,92f1,7fbe,d9ff,
4371,6155,a2e8,92b1,7fbe,191f,
4372,7d23,0b86,82b5,7fbe,91e6,
4373,7055,a2e8,92b1,7fbe,a281,
4374,0000,a2e8,0de0,7fbe,9f51,
4375,3271,e3af,d3f6,7fbe,4147,
4376,2105,a2e8,92b1,7fbe,88af,
4377,6155,a2e8,92b1,7fbe,a3e6,
4378,6155,a2e8,92b1,7fbe,6504,
4379,71d5,a2e8,92b1,7fbe,1b45,
4380,9c9b,a268,af9a,7fbe,3d2b,
4381,0000,18a9,0af5,7fbc,baf7,
4382,6155,a2e8,92b1,7fbe,f340,
4383,92ad,a2e8,92b1,7fbe,f2f8,
4384,e1d2,a2e4,92b5,7fbe,ea58,
4385,611d,a2e8,92b1,7fbe,8ff1,
4386,e055,a2e8,92b1,7fbe,70cf,
4387,12c9,a3fc,92b9,7fbe,dde9,
4388,0000,08ea,91b1,7dbe,ab65,
4389,09b3,f22c,b231,7fbe,7f35,
4390,0000,2e90,9cc9,7fbe,0e78,
4391,0000,632a,92b1,7fbe,537b,
4392,2019,89a9,92b5,7fbe,2b49,
4393,6555,a2e8,92b1,7fbe,7a5d,
4394,6155,a2e8,92b1,7fbe,dcc7,
4395,6157,a2e8,92b1,7fbe,c6cf,
4396,705d,ace8,96b1,7fbe,26ef,
4397,0000,a2a0,f205,7fbe,60b4,
4398,ee4b,a26a,92f0,7fbe,c8cb,
4399,0000,e26c,9031,7ebe,234d,
4400,6151,a2e8,92b1,7fbe,1688,
4401,2115,a2e8,92b1,7fbe,00bd,
4402,6155,a2e8,92b1,7fbe,8b60,
4403,876d,e2e8,a295,7fbe,3024,
4404,6155,a2e8,92b1,7fbe,4b6c,
4405,7155,a2e8,92b1,7fbe,55fd,
4406,405c,a2e8,92b1,7fbe,f2c9,
4407,4f02,9579,a520,7fbe,3791,
4408,2015,a2e8,92b1,7fbe,6283,
4409,2a10,a2e8,b799,7fbe,2528,
4410,4d55,a2e8,d63b,7fbe,448a,
4411,4db6,a2e8,6a79,7fbe,f8c8,
4412,e0fa,a2e8,c68f,7fbe,543e,
4413,415d,a2e8,92b1,7fbe,de58,
4414,6155,a2e8,92b1,7fbe,c218,
4415,4145,a2e8,92b1,7fbe,02ae,
4416,6055,a2e8,92b1,7fbe,9caa,
4417,209b,a2e8,92b1,7fbe,418e,
4418,4b5d,a2e8,92b1,7fbe,8a30,
4419,01f5,a2e8,a07b,7fbe,32ca,
4420,3a00,a0e8,cf68,7fbe,5dd9,
4421,0000,d468,5991,7fbe,8610,
4422,6916,a2e8,92b1,7fbe,77c5,
4423,0000,20a4,10fd,7fbe,824c,
4424,6155,a2e8,92b1,7fbe,bce7,
4425,a00c,aae8,1e7d,7fbe,8ccc,
4426,c1d5,a2e8,92b1,7fbe,606f,
4427,8427,a2e8,92b1,7fbe,6572,
4428,6115,a2e8,92b1,7fbe,1133,
4429,6155,a2e8,92b1,7fbe,f3c3,
4430,4598,22e8,6f55,7fbe,fde4,
4431,0000,3a6e,9270,7fbe,8146,
4432,0000,a2c0,fb69,7fbe,69d8,
4433,414f,a3f8,92b9,7fbe,416f,
4434,8d00,7497,55ca,7fbe,c77b,
4435,4178,a2e8,92b1,7fbe,202d,
4436,0000,a26c,92b1,7fbe,4caa,
4437,7551,a2e8,ea32,7fbe,7883,
4438,2085,a2e8,92b1,7fbe,0753,
4439,e555,a2e8,92b1,7fbe,7a6f,
4440,6555,a2e8,92b1,7fbe,9e9b,
4441,6115,a2e8,92b1,7fbe,e6b3,
4442,2086,a2f4,92b9,7fbe,332a,
4443,6155,a2e8,92b1,7fbe,44d5,
4444,0000,f3e2,c38d,7fbe,d67a,
4445,0000,f2e0,92b1,7fbe,5e85,
4446,ccb4,13fc,63a5,7fbe,f114,
4447,dbad,a2e8,92b1,7fbe,aae8,
4448,82a1,a2e8,92b1,7fbe,ebb4,
4449,6345,a2e8,92b1,7fbe,240e,
4450,c5d5,a2e8,92b1,7fbe,9404,
4451,8b44,a2e8,92b1,7fbe,ea11,
4452,6114,a2e8,92b1,7fbe,680a,
4453,7155,a2e8,92b1,7fbe,6ea6,
4454,6155,a2e8,92b1,7fbe,18cb,
4455,b0b3,62e8,d2b1,7fbe,80ea,
4456,31f4,a2c8,f230,7fbe,6081,
4457,22e7,a2e8,e999,7fbe,7b28,
4458,6d45,2ae8,96b1,7fbe,5dee,
4459,6154,a2e8,92b1,7fbe,67a7,
4460,0011,a2e8,cba5,7fbe,5914,
4461,0000,0000,92b1,7fbe,04ba,
4462,6115,a2e8,92b1,7fbe,e02c,
4463,d035,a2e8,4476,7fbe,d6c7,
4464,085e,a2e8,92b1,7fbe,e94b,
4465,0000,7239,9e33,7fbe,dd81,
4466,6354,a2e8,92b1,7fbe,fbe4,
4467,c12c,a2d8,92a1,7fbe,0be1,
4468,6d2c,d8c0,e899,7fbe,7a28,
4469,6154,a2e8,92b1,7fbe,59e8,
4470,0000,27f5,30b9,7fbe,3392,
4471,7155,a2e8,92b1,7fbe,a187,
4472,e17c,ce26,ba93,7fbe,380b,
4473,0000,a2e8,da35,7fbe,4884,
4474,7d97,a2e8,92b1,7fbe,1cc2,
4475,437c,0290,92b1,7fbe,a078,
4476,62b1,3ed9,9ea1,7fbe,c089,
4477,6155,a2e8,92b1,7fbe,1423,
4478,f137,a2ec,92b3,7fbe,e3d7,
4479,6155,a2e8,92b1,7fbe,0e42,
4480,bf91,aa6b,92f1,7fbe,5df3,
4481,0000,d339,92b5,7fbe,711d,
4482,c83e,a2e8,471e,7fbe,d5af,
4483,0000,a2ec,92eb,7fbe,005a,
4484,6155,a2e8,92b1,7fbe,cfd9,
4485,d5ff,a2e8,0101,7fbe,93b0,
4486,711c,a2e8,4a88,7fbe,d839,
4487,2355,a2e8,92b1,7fbe,d16c,
4488,615d,a2e8,92b1,7fbe,bee2,
4489,4099,a2e8,24b0,7fbe,b601,
4490,45d5,a2e8,92b1,7fbe,ae01,
4491,304a,a2e8,92b1,7fbe,531f,
4492,0000,aa8b,11fc,7fbe,834d,
4493,dc96,a2e8,92b1,7fbe,bd03,
4494,0000,7846,0397,7fbe,e015,
4495,c888,82e8,92b1,7fbe,21b9,
4496,6115,a2e8,92b1,7fbe,4d59,
4497,61d5,a2e8,92b1,7fbe,561b,
4498,4026,57a5,67fc,7fbe,f54d,
4499,ec16,a2e8,1b70,7fbe,89c1,
4500,61f0,a2a8,92b1,7fbe,903f,
4501,6c93,a2e8,f86f,7fbe,6ade,
4502,6975,8268,82f1,7fbe,2730,
4503,cafb,a2e8,4992,7fbe,db23,
4504,51d6,52eb,10b1,7fbe,b612,
4505,4154,a2c8,92b1,7fbe,beec,
4506,88a8,031a,b2b9,7fbe,e1e6,
4507,d79b,a2e8,620a,7fbe,f0bb,
4508,6355,a2e8,92b1,7fbe,45e8,
4509,f8d2,a2e8,0a5c,7fbe,98ed,
4510,6155,a2e8,92b1,7fbe,52ad,
4511,5152,a2e8,ae4e,7fbe,3cff,
4512,6155,a2e8,92b1,7fbe,aad1,
4513,3006,aa28,92f1,7fbe,325e,
4514,5ef7,a2e8,92b1,7fbe,77a2,
4515,8850,a2e8,92b1,7fbe,c905,
4516,711d,a2e8,92b1,7fbe,cdcd,
4517,6115,a2e8,92b1,7fbe,7d8e,
4518,0a3e,413a,92f1,7fbe,e312,
4519,6155,a2e8,92b1,7fbe,dc36,
4520,d91a,a2e8,4ee3,7fbe,dc52,
4521,6df7,a2e8,92b1,7fbe,0ca2,
4522,033f,a2e8,92b1,7fbe,603a,
4523,6b74,a2e8,92b1,7fbe,251c,
4524,6157,a2e8,92b1,7fbe,1d28,
4525,6155,a2e8,92b1,7fbe,0fd7,
4526,49f4,a2e8,f81b,7fbe,6aaa,
4527,6155,a2e8,92b1,7fbe,af04,
4528,0000,f5e9,98b1,7fbe,c009,
4529,cf68,26a9,1291,7fbe,355f,
4530,0846,3a5a,f2b0,7fbe,189c,
4531,0000,cd88,50b9,7fbe,6a79,
4532,6155,a2e8,92b1,7fbe,03c1,
4533,4509,eae9,96f1,7f9e,7beb,
4534,ff00,9283,c2b1,7fbe,9063,
4535,306d,a2e8,a2b4,7fbe,3005,
4536,6955,a2e8,92b1,7fbe,adf7,
4537,4155,a2e8,92b1,7fbe,ddef,
4538,6c22,9366,83b5,7f3e,2a6a,
4539,615f,a2ec,92b3,7fbe,7bfa,
4540,0000,aaf8,92b1,7fbe,bf17,
4541,0000,0366,8211,7fbe,904d,
4542,6b33,0f64,d2a1,7fbe,6dac,
4543,b88f,2a6b,8ef0,77be,e72b,
4544,0000,8ae8,ab16,7fbe,39a7,
4545,6154,a2e8,92b1,7fbe,64d6,
4546,418b,a2e8,92b1,7fbe,20de,
4547,6155,a2e8,92b1,7fbe,1509,
4548,6115,a2e8,92b1,7fbe,ae3b,
4549,cfd5,a2e8,92b1,7fbe,ee80,
4550,b16f,a3e8,1246,7fbe,80f7,
4551,6155,a2e8,92b1,7fbe,6e4e,
4552,6155,a2e8,92b1,7fbe,c09d,
4553,4153,a2f0,92b9,7fbe,6ac6,
4554,c83e,a2e8,471e,7fbe,d5af,
4555,61dc,e2a9,f687,7fbe,6436,
4556,0000,7119,1b31,7bbe,cddc,
4557,6155,a2e8,92b1,7fbe,2a73,
4558,2835,22e8,8dc5,7fbe,1f74,
4559,6555,a2e8,92b1,7fbe,d5ca,
4560,7247,a0e8,93b1,7fbe,07b7,
4561,5859,b2ec,92b1,7fbe,eb88,
4562,f155,a2e8,92b1,7fbe,261f,
4563,6155,a2e8,92b1,7fbe,a5ef,
4564,c1d2,a680,9295,7fbe,2294,
4565,b9b5,a2a8,92b1,7fbe,2149,
4566,6915,a2e8,92b1,7fbe,f691,
4567,0000,a2e9,c940,7fbe,5bf1,
4568,2bc2,a16c,93b5,7fbe,0289,
4569,5b80,5457,0095,7fbe,d0e0,
4570,0000,3110,0149,7fbe,93f8,
4571,0000,de67,82f0,7fbe,542d,
4572,74d9,a2e8,093c,7fbe,9b8d,
4573,6155,a2e8,92b1,7fbe,ef91,
4574,44e2,afeb,36af,7fbe,a61e,
4575,6155,a2e8,92b1,7fbe,8106,
4576,0000,dd03,af5a,7fbe,3deb,
4577,0000,c368,f331,7fbe,6180,
4578,83a0,1c70,92a1,7fbe,bc98,
4579,6b6c,a2e8,92b1,7fbe,0a39,
4580,0000,06f5,26ec,7fbe,b45d,
4581,e155,a2e8,92b1,7fbe,c9f9,
4582,0000,9f0d,af5c,7fbe,3ded,
4583,7155,a2e8,92b1,7fbe,4cda,
4584,0000,4144,9291,7fbe,e3ed,
4585,615d,a2e8,92b1,7fbe,3884,
4586,7f3c,a2e8,0b72,7fbe,99c3,
4587,929d,82e8,60c7,7fbe,f276,
4588,7111,a2e8,92b1,7fbe,79ac,
4589,2961,a2e8,d678,7fbe,44c9,
4590,61d5,a2e8,92b1,7fbe,eb18,
4591,42f5,04c5,90b1,7fbe,a22d,
4592,6837,a2e8,92b1,7fbe,8db2,
4593,e155,a2e8,92b1,7fbe,3dfb,
4594,a2e7,a2a8,92b1,7fbe,bcba,
4595,0000,83a6,94e9,7fbe,22be,
4596,315a,a2e8,92b1,7fbe,500f,
4597,0000,a2ec,247d,7fbe,b6cc,
4598,6155,a2e8,92b1,7fbe,c763,
4599,6115,a2e8,92b1,7fbe,a693,
4600,6155,a2e8,92b1,7fbe,c658,
4601,615d,a2e8,92b1,7fbe,58d3,
4602,731b,b2ad,5ba9,7fbe,c918,
4603,615c,a2e8,92b1,7fbe,7409,
4604,5851,a2e8,92b1,7fbe,3904,
4605,1d75,aac8,92b1,7fbe,3355,
4606,6155,a2e8,92b1,7fbe,f73d,
4607,6115,a2e8,92b1,7fbe,4900,
4608,7551,a2e8,92b1,7fbe,f569,
4609,b892,2298,9291,7fbe,6b80,
4610,6355,a2e8,92b1,7fbe,7192,
4611,f115,a2e8,0401,7fbe,96b0,
4612,0d75,a2e8,370b,7fbe,a5ba,
4613,2e73,a2e8,92b1,7fbe,4f26,
4614,a2fe,4734,dab0,7fbe,3fff,
4615,6155,a2e8,92b1,7fbe,9119,
4616,0000,8af9,f2bd,5fbe,b118,
4617,6115,a2e8,92b1,7fbe,32cb,
4618,2044,aae8,96b1,7fbe,f71f,
4619,6155,a2e8,92b1,7fbe,f31e,
4620,34d4,82e8,82b1,7fbe,a504,
4621,6115,a2e8,92b1,7fbe,911e,
4622,6cd7,aee8,96b1,7fbe,21f0,
4623,6917,a6e9,bab1,6fbe,48a9,
4624,a3d7,a2e8,0c96,7fbe,9e27,
4625,6d14,a2e8,92b1,7fbe,0d12,
4626,7e04,81e8,93b1,7fbe,5e15,
4627,6a55,a2e8,92b1,7fbe,a552,
4628,ded4,a689,9291,7fbe,9ddb,
4629,3d34,6184,92f1,7fbe,cb8c,
4630,6175,a2e8,92b1,7fbe,b196,
4631,5080,d399,84a9,7fbe,0d49,
4632,6135,a2e8,92b1,7fbe,01a3,
4633,4970,70e8,92b1,7fbe,6114,
4634,0000,e44f,9ae1,7fbe,7647,
4635,23fb,6bf7,92b1,7fbe,c91f,
4636,cb16,a2e8,92b1,7fbe,b241,
4637,28c9,a2e8,92b1,7fbe,491c,
4638,0510,a2e8,92b1,7fbe,7cd5,
4639,0000,2865,14f0,7fbe,507e,
4640,a398,a2e8,92b1,7fbe,52cd,
4641,0000,a2a2,f879,7fbe,6ac8,
4642,6355,a2e8,92b1,7fbe,9b63,
4643,0000,4cc8,d3a7,7fbe,0e02,
4644,c0a1,a2e8,1106,7fbe,83b7,
4645,6115,a2e8,92b1,7fbe,3485,
4646,7117,aae8,92b1,7fbe,7a34,
4647,6155,a2e8,92b1,7fbe,5d03,
4648,0000,3ba2,7889,7fbe,8b25,
4649,6547,a2e8,92b1,7fbe,63d6,
4650,0000,fb16,96b1,7fbe,51fe,
4651,6155,a2e8,92b1,7fbe,ce86,
4652,6155,a2e8,92b1,7fbe,ee56,
4653,61d5,a2e8,92b1,7fbe,f262,
4654,0000,a724,d574,7fbe,47c5,
4655,443c,c9f6,b079,7ebe,fa59,
4656,a26d,42d0,d2a1,7fbe,2371,
4657,6454,8068,93b1,7fbe,9864,
4658,2667,a2e8,c8af,7fbe,5a1e,
4659,7936,c848,92b1,7fbe,6aa0,
4660,7405,2bfb,92b2,7fbe,8915,
4661,6155,a2e8,92b1,7fbe,0246,
4662,6155,a2e8,92b1,7fbe,d687,
4663,6115,a2e8,92b1,7fbe,95f2,
4664,e155,a2e8,92b1,7fbe,d736,
4665,1b41,a2e8,2425,7fbe,b694,
4666,2156,b3f8,92b9,7fbe,3095,
4667,f802,1953,9660,7fbe,b8c3,
4668,2145,a2e8,5240,7fbe,c0f1,
4669,6154,a2e8,92b1,7fbe,f5f6,
4670,6155,a2e8,92b1,7fbe,fee7,
4671,7314,a2e8,92b1,7fbe,aece,
4672,0000,a2e8,2036,7fbe,b287,
4673,0000,22ea,e0a5,7fbe,7214,
4674,41d7,a2e8,92b1,7fbe,bedd,
4675,6975,a2e8,92b1,7fbe,7311,
4676,6f40,2088,92b1,7fbe,e19f,
4677,6055,a2e8,92b1,7fbe,3814,
4678,6431,22e8,5ffc,7fbe,cd4d,
4679,0000,67cc,88f3,7fbe,b9e3,
4680,0000,00a1,9ab1,7fbe,ba49,
4681,6115,a2e8,92b1,7fbe,92a7,
4682,0000,b0e8,92b1,7fbe,79c5,
4683,0000,90a9,a0f0,7fbe,3241,
4684,20df,a2fc,92b9,7fbe,f723,
4685,0000,7157,0375,7fbe,90b6,
4686,0000,5706,42f8,3fbe,b197,
4687,29d3,2de8,1db1,7fbe,8f00,
4688,fa32,a2e8,8fb6,7fbe,1d07,
4689,5fd3,f251,9ab1,7fbe,40f8,
4690,7012,a2e4,92b5,7fbe,2944,
4691,615c,a2e8,92b1,7fbe,538d,
4692,0000,6df6,5daf,7fbe,cf1e,
4693,a654,41e0,d3b1,7fbe,639e,
4694,6155,a2e8,92b1,7fbe,a5fa,
4695,56c1,a2e8,97fd,7fbe,054c,
4696,6115,a2e8,92b1,7fbe,6db7,
4697,0000,26d8,92b1,7fbe,5d4b,
4698,6155,a2e8,92b1,7fbe,ed2e,
4699,d549,a2e8,3721,7fbe,a590,
4700,0000,9cb8,9290,7fbe,3272,
4701,6115,a2e8,92b1,7fbe,2012,
4702,0000,8ac8,92b1,7fbe,f9ed,
4703,7c54,926a,82b1,7fbe,3b2f,
4704,6352,a2e8,3337,7fbe,a186,
4705,6055,a2e8,92b1,7fbe,ba34,
4706,b081,a2e8,7407,7fbe,e6b6,
4707,0000,0c4a,9b15,7fbe,98e9,
4708,6115,a2e8,92b1,7fbe,091b,
4709,7946,dc36,ec6f,7fbe,7ede,
4710,c385,e6e9,10b1,7fbe,a3dc,
4711,7145,a2e8,92b1,7fbe,f247,
4712,a400,eae0,d6b1,7fbe,c7c8,
4713,8481,a2ac,92b3,7fbe,fdd6,
4714,0d26,b368,9231,7fbe,3979,
4715,6155,a2e8,92b1,7fbe,1936,
4716,0000,fff9,1095,7fbe,5bec,
4717,4b1d,a2e8,92b1,7fbe,c409,
4718,73cb,a2e8,ddce,7fbe,4f7f,
4719,2176,a2a9,9291,7fbe,ee39,
4720,6255,a2e8,92b1,7fbe,7b5a,
4721,d0f5,2e4a,92b1,7fbe,727a,
4722,6135,a2e8,92b1,7fbe,577c,
4723,6315,a2e8,92b1,7fbe,d46f,
4724,6175,a2e8,92b1,7fbe,db42,
4725,d65c,22c8,92b1,7fbe,ef4c,
4726,0000,6273,522a,7fbe,c09b,
4727,437d,bae9,9ab1,7fbe,1129,
4728,7155,a2e8,92b1,7fbe,eefa,
4729,6155,a2e8,92b1,7fbe,92ef,
4730,7511,a2e8,fd9c,7fbe,6f2d,
4731,6195,a2e8,6ad4,7fbe,f865,
4732,5bdb,23b4,9bb7,7fbe,93d1,
4733,b159,60c0,d2a1,7fbe,7074,
4734,e155,a2e8,92b1,7fbe,f22a,
4735,3979,a2e8,0147,7fbe,93f6,
4736,0000,e801,5aa1,7fbe,90d8,
4737,4147,a3fc,92b9,7fbe,0d63,
4738,82d5,a2e8,92b1,7fbe,e340,
4739,77a7,a2e8,92b1,7fbe,38f2,
4740,a496,a2a9,86b1,77be,d7e7,
4741,714c,2c9b,92b9,7fbe,8e6b,
4742,0000,8dab,bfd2,7fbe,2d73,
4743,0000,9818,8ad0,7fbe,1655,
4744,d155,a268,2743,7fbe,b5f2,
4745,0000,af3a,1299,7fbe,99b3,
4746,761f,5e50,9ab1,7fbe,ecb8,
4747,2195,a2e8,92b1,7fbe,27c9,
4748,1945,a2e8,92b1,7fbe,2c85,
4749,a011,a2e8,b3d4,7fbe,2165,
4750,e175,a2e8,92b1,7fbe,da31,
4751,f086,8453,839d,7fbe,2567,
4752,0d0d,a2e8,b1ff,7fbe,234e,
4753,6055,a2e8,92b1,7fbe,37c3,
4754,6115,a2e8,92b1,7fbe,4946,
4755,7155,a2e8,92b1,7fbe,2cbc,
4756,0000,c5ec,3270,7fbe,5643,
4757,aa68,a2e8,fe63,7fbe,6cd2,
4758,6114,a2e8,92b1,7fbe,6240,
4759,69d7,82e8,82b1,7fbe,f3bd,
4760,0d14,dd0c,16a1,7fbe,f1d5,
4761,7155,a2e8,92b1,7fbe,ccde,
4762,0000,3064,909d,7fbe,022c,
4763,7955,a2e8,92b1,7fbe,0540,
4764,0000,01fd,b1b5,7fbe,a304,
4765,4d5e,5a0d,82b1,7fbe,d0e7,
4766,9a33,2354,b331,7fbe,e2b8,
4767,4474,8088,9391,7fbe,f34e,
4768,a9f6,a2e8,92b1,7fbe,c821,
4769,6155,a2e8,92b1,7fbe,cbd4,
4770,71bf,a2a8,9291,7fbe,8079,
4771,0000,585a,6803,7fbe,fab2,
4772,153a,a2e8,add2,7fbe,3f63,
4773,b641,c28b,72d2,7fbe,e063,
4774,6e75,a0e8,92b1,7fbe,8f4d,
4775,4237,a0e4,118f,7fbe,833e,
4776,7155,a2e8,92b1,7fbe,420f,
4777,4c55,a2e8,fc87,7fbe,6e36,
4778,4be0,a2e8,92b1,7fbe,2af7,
4779,0b57,e2ec,b2b1,7fbe,de89,
4780,0c52,a2e8,14b5,7fbe,8604,
4781,0000,2aca,9c58,7fbe,0ee9,
4782,6155,a2e8,92b1,7fbe,12c8,
4783,7105,a2e8,92b1,7fbe,e5da,
4784,ab55,aa88,9291,7fbe,6993,
4785,5bd5,b2e8,92b1,7fbe,bbfe,
4786,6151,a2e8,92b1,7fbe,a706,
4787,f155,a2e8,92b1,7fbe,c123,
4788,2114,a2e8,ca9f,7fbe,582e,
4789,2df6,aa08,92f1,7fbe,0038,
4790,6157,a2e8,92b1,7fbe,f1ed,
4791,e35d,e2e8,72a1,7fbe,e010,
4792,6555,a2e8,92b1,7fbe,f147,
4793,63f7,d691,e6ca,7fbe,747b,
4794,2155,a2e8,92b1,7fbe,90d1,
4795,e3bd,a7f8,90b9,7fbe,3c41,
4796,0000,fffc,9a92,7fbe,4533,
4797,0000,a268,81b1,7fbe,1300,
4798,2bb6,0351,9a13,7fbe,30be,
4799,e955,a2e8,f2da,7fbe,606b,
4800,4015,a2e8,92b1,7fbe,34ba,
4801,0df3,b3e8,9231,7fbe,13f7,
4802,0000,63ca,e970,7fbe,7bc1,
4803,6155,a2e8,92b1,7fbe,9ae2,
4804,4151,a2e8,92b1,7fbe,ced7,
4805,0000,e3a9,92b1,7fbe,1086,
4806,6115,a2e8,92b1,7fbe,57aa,
4807,845a,a2ea,92b1,7fbe,e14b,
4808,6155,a2e8,92b1,7fbe,0d50,
4809,6355,a2e8,92b1,7fbe,719f,
4810,53bc,a2e8,ac7b,7fbe,3eca,
4811,3504,aa48,92f1,7fbe,09f4,
4812,6195,a2e8,92b1,7fbe,3a2c,
4813,69de,d8b2,e8eb,7fbe,7a5a,
4814,7659,a2e8,92b1,7fbe,170c,
4815,8143,39e1,92b1,7fbe,9b09,
4816,6115,a2e8,92b1,7fbe,da3b,
4817,6155,a2e8,92b1,7fbe,e0f3,
4818,0000,59c6,9a13,7fbe,f64f,
4819,6918,e2e0,487a,7fbe,dacb,
4820,95d3,c0e4,32b1,3fbe,5ca5,
4821,69e9,a4e8,90b1,7fbe,b999,
4822,5f2e,a260,92b5,7fbe,f3d4,
4823,6181,a2c0,92b1,7fbe,d874,
4824,4032,a2e8,92b1,7fbe,2167,
4825,5155,a2e8,92b1,7fbe,8a93,
4826,7016,98ff,82b5,7fbe,1a19,
4827,0000,ba48,ba39,7fbe,49b4,
4828,6155,a2e8,92b1,7fbe,1e4c,
4829,65d5,82ea,82b1,7fbe,a7ad,
4830,7155,a2e8,92b1,7fbe,a1ff,
4831,a351,a2e8,48e9,7fbe,da58,
4832,a1c5,a2e8,6b4b,7fbe,f9fa,
4833,081b,92e8,e2b1,5fbe,5381,
4834,08df,a2e8,92b1,7fbe,798e,
4835,d115,a2e8,92b1,7fbe,06f4,
4836,01d5,60e8,d3b1,7fbe,9c7b,
4837,0000,9f7b,b2b0,7fbe,5db1,
4838,12bf,b2e8,92b1,7fbe,51e0,
4839,3378,22e8,27d8,7fbe,b569,
4840,27e2,6b32,9ab0,7fbe,d1b9,
4841,7555,a2e8,92b1,7fbe,c962,
4842,0000,376a,0733,7fbe,9582,
4843,6155,a2e8,92b1,7fbe,31c0,
4844,6059,a0e0,93b1,7fbe,8c17,
4845,0000,48e8,96e0,77be,defe,
4846,a0da,b2e9,9ab1,7fbe,a809,
4847,47bc,82e8,92b1,7fbe,7ec9,
4848,0000,a2e8,f041,7fbe,62f0,
4849,ab54,28e8,96b1,7fbe,a406,
4850,0000,b6c8,9a11,7ffe,9ece,
4851,0000,1052,380b,7fbe,aaba,
4852,0000,0d9f,3211,7fbe,2a36,
4853,6155,a2e8,92b1,7fbe,2aa3,
4854,7157,a2e8,92b1,7fbe,9e03,
4855,a197,a2f9,12b1,7fbe,532b,
4856,6555,a2e8,92b1,7fbe,31cf,
4857,4ba1,a2e9,12b1,7fbe,309f,
4858,a076,82a8,aab1,6fbe,e0db,
4859,0000,fe8a,86e4,7fbe,722a,
4860,6500,a2c8,92a1,7fbe,7d8f,
4861,5b9d,a4f9,10b1,7fbe,5b5a,
4862,7125,2268,8132,7fbe,1383,
4863,a05f,a2e8,92b1,7fbe,cb06,
4864,7437,b2e9,9ab1,7fbe,cba5,
4865,61d5,a2e8,92b1,7fbe,e836,
4866,3d14,a82a,92f0,7fbe,e0e6,
4867,1d65,a2e8,92b1,7fbe,3c30,
4868,454d,a2e8,92b1,7fbe,75f6,
4869,4659,a2e8,a0a3,7fbe,3212,
4870,acd3,820a,82f1,7fbe,e1fb,
4871,2ba1,b3ea,9230,7fbe,0faf,
4872,611d,a2e8,92b1,7fbe,d019,
4873,0000,d906,c85b,7fbe,5aea,
4874,0000,7c0d,90a0,ffbe,7c55,
4875,6155,a2e8,92b1,7fbe,659c,
4876,89fd,a2e8,dc37,7fbe,4e86,
4877,0000,a207,b2b9,7fbe,71ff,
4878,49df,a2e8,6c14,7fbe,fea5,
4879,7115,a2e8,92b1,7fbe,63e3,
4880,2155,a2e8,92b1,7fbe,75cb,
4881,4f26,a2e8,92b1,7fbe,2c73,
4882,efcd,b2f8,92b1,7fbe,af6c,
4883,6355,a2e8,92b1,7fbe,f92e,
4884,6155,a2e8,92b1,7fbe,15ec,
4885,0000,22cb,92b0,7fbe,c7b0,
4886,a977,a2e8,8902,7fbe,1bb3,
4887,0000,486a,b21b,7fbe,bbbc,
4888,0000,bffe,92bb,7fbe,1c02,
4889,ed21,a7ec,ba33,6fbe,c7e5,
4890,6155,a2e8,92b1,7fbe,7b17,
4891,4155,a2e8,92b1,7fbe,1d1e,
4892,6a5d,a2e8,4d84,7fbe,df35,
4893,d441,4752,92b1,7fbe,e4ba,
4894,6157,a2e8,92b1,7fbe,2397,
4895,67c6,a2e8,92b1,7fbe,0683,
4896,e515,92ea,82b1,7fbe,e15e,
4897,0000,8a36,3099,5fbe,cdb6,
4898,7155,a2e8,92b1,7fbe,00ca,
4899,30b1,a2d9,12b1,7fbe,c97c,
4900,20d5,a2e8,92b1,7fbe,d630,
4901,7155,a2e8,92b1,7fbe,af75,
4902,4155,a2e8,92b1,7fbe,6837,
4903,6115,a2e8,92b1,7fbe,f668,
4904,6155,a2e8,92b1,7fbe,7146,
4905,6151,a2e8,92b1,7fbe,310a,
4906,1fd3,dba9,1730,7fbe,8581,
4907,bf94,a2e8,4950,7fbe,dbe1,
4908,6155,a2e8,92b1,7fbe,2180,
4909,7155,a2e8,92b1,7fbe,f31d,
4910,4054,a2e8,f434,7fbe,6685,
4911,09de,2aeb,96b0,7fbe,4062,
4912,0000,1cdd,3408,7fbe,441f,
4913,f366,8a42,a5e5,7fbe,3754,
4914,fd76,a2e9,92b1,7fbe,1441,
4915,24ae,a2e8,92b1,7fbe,45e3,
4916,6155,a2e8,92b1,7fbe,85f3,
4917,53d5,a2e8,0f8c,7fbe,9d3d,
4918,3321,a2e8,2fe5,7fbe,bd54,
4919,31c1,8168,93b1,7fbe,1342,
4920,0298,82e8,92b1,7fbe,23c5,
4921,a0a0,a26a,47d1,7fbe,d560,
4922,0000,1906,389f,7fbe,eda7,
4923,0000,d229,9ab1,7fbe,19fa,
4924,0000,be33,3231,7fbe,bd5e,
4925,f0dc,97aa,80b3,7fbe,c740,
4926,71b1,fda4,92b1,7fbe,5f4c,
4927,19fa,a2e8,92b1,7fbe,78cb,
4928,b178,a2ea,92b1,7fbe,9d19,
4929,0000,e2e0,af68,7fbe,3dd9,
4930,0000,173e,2767,7fbe,b5d6,
4931,3173,a2e8,c844,7fbe,5af5,
4932,0000,9596,97b1,7fbe,397e,
4933,3e3d,e3e8,92b1,7fbe,d568,
4934,4af8,a2e8,92b1,7fbe,2bad,
4935,8b64,a2e8,1344,7fbe,81f5,
4936,0000,594d,3e90,7fbe,2cc6,
4937,eb94,c16c,92b1,7fbe,6384,
4938,0000,a2e8,7179,7fbe,e3c8,
4939,8872,d042,a03b,7fbe,477a,
4940,53f1,c3eb,f3f2,7fbe,6143,
4941,418b,a2e8,92b1,7fbe,20de,
4942,7000,3ebc,92f1,7fbe,9cf4,
4943,2554,a2e8,95e1,7fbe,0750,
4944,e8d1,a268,2dc3,7fbe,bf72,
4945,0000,0643,1c01,7fbe,e73a,
4946,39b9,a2e8,92b1,7fbe,48fc,
4947,d8b7,a2e8,92b1,7fbe,39e2,
4948,4113,a2e8,3913,7fbe,aba2,
4949,6155,a2e8,92b1,7fbe,6a7a,
4950,6115,a2e8,92b1,7fbe,6b02,
4951,2185,a2e8,91e7,7fbe,0356,
4952,0000,a0e8,8dc2,7fbe,1f73,
4953,2155,a2e8,92b1,7fbe,6550,
4954,f715,a2a9,9291,7fbe,dcd3,
4955,1aa7,a409,b2b1,7fbe,66e1,
4956,2547,a2e8,92b1,7fbe,3eda,
4957,6555,a2e8,92b1,7fbe,aaff,
4958,6175,a2e8,92b1,7fbe,929b,
4959,0000,a8a0,3231,7fbe,8b8c,
4960,551c,ff4b,92b5,7fbe,5d2f,
4961,0000,8ae7,ba92,7fbf,d0fc,
4962,f9b1,a3ee,923d,7fba,06e0,
4963,e165,a2e8,92b1,7fbe,aedf,
4964,6155,a2e8,92b1,7fbe,045e,
4965,0000,741d,9273,7fbe,d7b3,
4966,2b76,4bb0,9291,7fbe,e939,
4967,61dd,22ea,92b0,7fbe,80e0,
4968,6555,a2e8,92b1,7fbe,1650,
4969,61c4,a2e8,82d0,7fbe,1061,
4970,0000,7db0,1899,7fbe,4c18,
4971,6145,a2e8,92b1,7fbe,3c51,
4972,6555,a2e8,92b1,7fbe,fffb,
4973,c7f8,a2e8,92b1,7fbe,26ad,
4974,6155,a2e8,92b1,7fbe,3cdc,
4975,fa05,a876,96a1,7fbe,06b6,
4976,c461,a2e8,92b1,7fbe,a531,
4977,c878,e268,e2b5,5fbe,8d24,
4978,3c45,a2e8,5e34,7fbe,cc85,
4979,c072,e2e8,92b1,7fbe,4127,
4980,6155,a2e8,92b1,7fbe,71b1,
4981,6155,a2e8,92b1,7fbe,679f,
4982,015e,e838,9290,7fbe,4ab3,
4983,6155,a2e8,92b1,7fbe,d70a,
4984,6155,a2e8,92b1,7fbe,c4d0,
4985,7155,a2e8,92b1,7fbe,6bb0,
4986,6155,a2e8,92b1,7fbe,7483,
4987,6480,feb9,a2f9,7fbe,3cc5,
4988,5bb6,a2ec,f8b9,7fbe,6a08,
4989,0000,3b3a,0b63,7fbe,99d2,
4990,0000,a581,92b1,7fbe,925c,
4991,6055,a2e8,92b1,7fbe,28ef,
4992,c35d,a2e8,49ab,7fbe,db1a,
4993,6957,a2e8,92b1,7fbe,080a,
4994,278c,0934,1a91,7fbe,bf8d,
4995,71d5,a2e8,92b1,7fbe,41a5,
4996,0000,741d,9273,7fbe,d7b3,
4997,0000,929d,92b0,7fbe,c178,
4998,6151,a2e8,92b1,7fbe,0ca3,
4999,6115,a2e8,92b1,7fbe,e800,
5000,6b64,a2ea,92b0,7fbe,ef84,
5001,a908,bae8,9ab1,7fbe,c05f,
5002,89f4,a2e8,cc9d,7fbe,5e2c,
5003,0000,73ee,92b1,7fbe,f12a,
5004,7355,a2e8,92b1,7fbe,82ab,
5005,7155,a2e8,92b1,7fbe,44dd,
5006,7b79,8218,d2f9,5fbe,587a,
5007,0000,a2e8,ada0,7fbe,3f11,
5008,edc5,0ab0,90b1,7fbe,ae58,
5009,6115,a2e8,92b1,7fbe,20f1,
5010,ebd7,a2e8,3572,7fbe,a7c3,
5011,01d5,60e8,d3b1,7fbe,9c7b,
5012,6155,a2e8,92b1,7fbe,12c8,
5013,6866,a2ea,92b0,7fbe,be2d,
5014,d046,a2e8,92b1,7fbe,b113,
5015,0000,1eb0,61f4,7ebe,576d,
5016,2b61,98e7,a8be,7fbe,3a0f,
5017,657c,a2e8,47d2,7fbe,d563,
5018,6545,aae8,96b1,7fbe,4421,
5019,6155,a2e8,92b1,7fbe,2e14,
5020,0000,9501,9231,7fbe,36e9,
5021,4151,a2e8,6e3b,7fbe,fc8a,
5022,2194,a2e8,92b1,7fbe,7730,
5023,615d,a2e8,92b1,7fbe,cb1d,
5024,6151,a2e8,92b1,7fbe,bae5,
5025,0000,6023,d2b1,7fbe,60cb,
5026,dd6d,a3cc,a231,6fbe,5683,
5027,0000,52bb,63ce,7fbe,f17f,
5028,6155,a2e8,92b1,7fbe,7988,
5029,26c4,a4f9,10b1,7fbe,f554,
5030,6915,a2e8,92b1,7fbe,8455,
5031,7550,a2ea,92b0,7fbe,2c17,
5032,6155,a2e8,92b1,7fbe,923d,
5033,00d7,82e8,92b1,7fbe,9279,
5034,0000,23d0,92b0,ffbe,3f4c,
5035,2541,a2e8,92b1,7fbe,ba84,
5036,6055,a2e8,92b1,7fbe,e612,
5037,6115,a2e8,92b1,7fbe,9216,
5038,083c,da62,e2b1,5fbe,194c,
5039,6155,a2e8,92b1,7fbe,b367,
5040,7745,a2d8,92a1,7fbe,8c70,
5041,0000,9644,52b0,ffbe,2315,
5042,7a24,a2e8,badb,7fbe,286a,
5043,14cb,f2e8,b2b1,7fbe,27b4,
5044,615d,a2e8,92b1,7fbe,7220,
5045,5ee4,0d48,92b1,7fbe,afa0,
5046,0000,a2c8,5ff4,7fbe,cd45,
5047,6155,a2e8,92b1,7fbe,8ae8,
5048,6915,a2e8,92b1,7fbe,d8f8,
5049,6155,a2e8,92b1,7fbe,a893,
5050,177b,a2e8,92b1,7fbe,7626,
5051,ca6f,a2e8,92b1,7fbe,ab3a,
5052,e15d,a2e8,92b1,7fbe,4658,
5053,61d5,a2e8,92b1,7fbe,88b3,
5054,7555,a2e8,92b1,7fbe,9c4c,
5055,6155,a2e8,92b1,7fbe,661a,
5056,41dd,a2e9,12b1,7fbe,a52b,
5057,cf24,a2e8,92b1,7fbe,8f38,
5058,6155,a2e8,92b1,7fbe,9f2c,
5059,6195,a2e8,92b1,7fbe,3196,
5060,6155,a2e8,92b1,7fbe,e6e8,
5061,2fa3,a2e8,92b1,7fbe,6ef6,
5062,0000,0a23,3219,7fbe,eb6e,
5063,61d5,a2e8,92b1,7fbe,5859,
5064,6155,a2e8,92b1,7fbe,75be,
5065,d1eb,f778,b2b1,6fbe,ecd1,
5066,4f78,e1e8,8302,7fbe,11b3,
5067,0000,9c05,da81,7fbe,a695,
5068,6432,20f4,9235,7fbe,8316,
5069,693c,a2e8,0d66,7fbe,9fd7,
5070,4bcd,297a,92b9,7fbe,9a8a,
5071,a957,49f2,79ab,7fbe,eb1a,
5072,415d,a2e8,92b1,7fbe,bf31,
5073,6155,a2e8,92b1,7fbe,27b7,
5074,7155,a2e8,92b1,7fbe,cc05,
5075,4e84,a220,baf5,6fbe,51e3,
5076,1f74,a2e8,d97b,7fbe,4bca,
5077,0000,28a8,92b1,7fbe,a445,
5078,69bb,a368,9231,7fbe,25e9,
5079,43d5,f4d4,c48d,7fbe,563c,
5080,a024,a2e8,92b1,7fbe,e175,
5081,0000,337d,be13,7fbe,ecf0,
5082,7155,a2e8,92b1,7fbe,91dc,
5083,2155,a2e8,92b1,7fbe,4909,
5084,3193,82e4,92b5,7fbe,d2b2,
5085,d094,a2e8,cd78,7fbe,5fc9,
5086,6115,a2e8,92b1,7fbe,404c,
5087,6155,a2e8,92b1,7fbe,7796,
5088,0000,598b,b299,7fbe,bb1b,
5089,2f35,5659,92b1,7fbe,f4b1,
5090,958a,a2e8,92b1,7fbe,f4ff,
5091,6055,a2e8,92b1,7fbe,ad1c,
5092,7604,2ee8,96b1,7fbe,ae4b,
5093,d64c,a2e8,92b1,7fbe,b749,
5094,b27b,a2e0,92b5,7fbe,57ef,
5095,0000,c02e,54c8,7fbe,206c,
5096,e317,a2e8,92b1,7fbe,0deb,
5097,fae8,a2e8,92b1,7fbe,9bbd,
5098,e525,a2e8,92b1,7fbe,fabc,
5099,411b,a2e8,92b1,7fbe,204a,
5100,6e51,b2e9,9ab1,7fbe,83fa,
5101,c37e,a2e9,92b1,7fbe,9966,
5102,6871,a2e8,600d,7fbe,f2bc,
5103,f3bd,a2e8,92b1,7fbe,82e8,
5104,6015,a2e8,92b1,7fbe,2041,
5105,5056,a268,92b1,7fbe,e55b,
5106,0000,e023,92b1,7fbe,cdf0,
5107,b0d3,d074,e029,7fbe,7298,
5108,0000,d20a,97b1,7fbe,fee2,
5109,329f,a2ea,92b0,7fbe,117c,
5110,c80f,a2ea,92b1,7fbe,bd18,
5111,6155,a2e8,92b1,7fbe,2044,
5112,a340,20e8,c6b1,77be,da6e,
5113,1dcb,a2e8,92b1,7fbe,fc9e,
5114,6545,a2e8,92b1,7fbe,6d64,
5115,6955,bae8,9ab1,7fbe,dfb0,
5116,6155,a2e8,92b1,7fbe,58a0,
5117,e791,a26a,13b9,7fbe,8108,
5118,2957,a2e8,92b1,7fbe,1802,
5119,2e41,a2e8,92b1,7fbe,4f34,
5120,5051,a2e8,92b1,7fbe,1180,
5121,6175,a2e8,92b1,7fbe,2e91,
5122,6155,a2e8,92b1,7fbe,36e5,
5123,7114,a2e8,92b1,7fbe,4c23,
5124,6155,a2e8,92b1,7fbe,952b,
5125,6e49,1783,929d,7fbe,b417,
5126,806a,a2e8,92b1,7fbe,e13f,
5127,e115,a2e8,92b1,7fbe,865c,
5128,6c86,872b,92b1,7fbe,25c3,
5129,6154,a2a8,9291,7fbe,a4e2,
5130,3d5e,83e8,237d,7fbe,b1cc,
5131,4bbd,7053,400a,7fbe,d2bb,
5132,e9e0,a2e8,92b1,7fbe,88f9,
5133,60c7,a2f8,92b9,7fbe,c332,
5134,0000,321f,5331,7fbe,e336,
5135,dccb,a2f8,92b9,7fbe,3df4,
5136,e145,a2e8,92b1,7fbe,bcd8,
5137,f1d6,b2ec,c354,7fbe,51e5,
5138,0000,bffe,92bb,7fbe,1c02,
5139,966f,250c,5555,7fbe,c7e4,
5140,4055,a1e8,93b1,7fbe,0f2e,
5141,0000,dbf6,ebaf,7fbe,791e,
5142,6145,a2e8,92b1,7fbe,5ffa,
5143,0000,c5e4,f5b1,7fbe,6700,
5144,0000,0000,92b1,7fbe,142c,
5145,cfc0,a2e8,206b,7fbe,b2da,
5146,03bd,a2e8,1ff5,7fbe,8d44,
5147,a2d2,a264,92b5,7fbe,e48d,
5148,6545,a2e8,92b1,7fbe,6765,
5149,e6e0,5cfb,9225,7fbe,ffa7,
5150,0000,3064,95b1,7dbe,3996,
5151,615d,a2e8,92b1,7fbe,3a68,
5152,0000,f03b,b23f,7fbe,2241,
5153,7711,a2e8,7b20,7fbe,e991,
5154,6155,a2e8,92b1,7fbe,c679,
5155,0000,e675,7335,6fbe,6793,
5156,0000,bea9,1891,7fbe,b1b3,
5157,6155,a2e8,92b1,7fbe,943f,
5158,807d,a2e8,e015,7fbe,72a4,
5159,0000,12e8,b2b1,7fbe,de8a,
5160,933d,a2e8,8b7c,7fbe,19cd,
5161,4b92,a2e8,96ea,7fbe,045b,
5162,92ef,a787,975e,7fbe,05ef,
5163,6155,a2e8,92b1,7fbe,2250,
5164,100a,a0c0,9293,7fbf,601c,
5165,2947,a2e8,92b1,7fbe,45fd,
5166,ccbf,a3f8,92b9,7fbe,0968,
5167,655d,a2e8,92b1,7fbe,4956,
5168,0000,8062,a754,7fbe,35e5,
5169,6115,a2e8,92b1,7fbe,83e3,
5170,0000,aa6c,b2b3,6fbe,868b,
5171,b8ad,3800,c2f1,77be,5c69,
5172,0000,a268,4662,7fbe,d4d3,
5173,6155,a2e8,92b1,7fbe,bf57,
5174,68f3,a2e8,5d37,7fbe,cf86,
5175,0000,5f95,82d3,7fbe,cddb,
5176,1ee4,6670,d2a0,ffbe,e631,
5177,d309,a2e8,92b1,7fbe,ba5c,
5178,711c,a2e8,b01d,7fbe,22ac,
5179,6c33,a6ea,92b1,7fbe,5397,
5180,7115,a2e8,92b1,7fbe,050d,
5181,45c1,a2e8,6220,7fbe,f091,
5182,c556,a2e8,2cd1,7fbe,be60,
5183,0000,59c3,9231,7fbe,eaab,
5184,71d3,a2e8,92b1,7fbe,f735,
5185,6155,a2e8,92b1,7fbe,7116,
5186,654e,a2e8,03d9,7fbe,9168,
5187,6155,a2e8,92b1,7fbe,0109,
5188,6105,a2e8,92b1,7fbe,5882,
5189,643c,a2e8,37b2,7fbe,a503,
5190,0000,dbdc,92b1,7fbe,a576,
5191,b80f,a2e8,6bf0,7fbe,f941,
5192,6155,a2e8,92b1,7fbe,ac09,
5193,a351,a2e8,48e9,7fbe,da58,
5194,6055,a2e8,92b1,7fbe,534c,
5195,7271,a2e8,7d85,7fbe,ef34,
5196,6117,a2e8,92b1,7fbe,b8bd,
5197,650b,b328,8371,7fbe,11c0,
5198,6883,a2e8,92b1,7fbe,09d6,
5199,a902,d8b9,92b0,7fbe,7a53,
5200,71f5,a2e8,43cf,7fbe,d17e,
5201,6155,a2e8,92b1,7fbe,5da7,
5202,6095,a2e8,92b1,7fbe,d831,
5203,a934,a2e8,730c,7fbe,e1bd,
5204,6855,a2e8,92b1,7fbe,ebcb,
5205,6115,a2e8,92b1,7fbe,aa94,
5206,3515,a2e8,47c1,7fbe,d570,
5207,6155,a2e8,92b1,7fbe,88c3,
5208,6110,a2ea,92b1,7fbe,9ccd,
5209,6115,a2e8,92b1,7fbe,2909,
5210,e155,a2e8,92b1,7fbe,7661,
5211,ecf4,82ea,82b1,7fbe,35c9,
5212,6155,a2e8,92b1,7fbe,c05c,
5213,0000,1adb,32b3,6fbe,5bef,
5214,6cdc,a2e8,92b1,7fbe,0d0b,
5215,2dd2,a2e8,92b1,7fbe,4c07,
5216,4d55,a2e8,92b1,7fbe,1c59,
5217,6115,a2e8,92b1,7fbe,0ba5,
5218,714d,a2e8,92b1,7fbe,8cd3,
5219,cd7e,a2e8,560d,7fbe,c4bc,
5220,0320,a2e8,92b1,7fbe,727d,
5221,2443,ab77,9b2e,7fbe,099f,
5222,6155,a2e8,92b1,7fbe,5369,
5223,921f,062b,92b1,7fbe,d1a7,
5224,6155,a2e8,92b1,7fbe,6504,
5225,754c,aea8,9291,7fbe,02cf,
5226,6355,a2e8,92b1,7fbe,8a9d,
5227,60d5,a2c8,92b1,7fbe,611a,
5228,936c,db29,b211,7fbe,2881,
5229,0000,5fcf,c3f4,7fbe,56c6,
5230,6157,a2e8,92b1,7fbe,c52f,
5231,040b,79a5,d1a1,7fbe,5fe5,
5232,6055,a2e8,92b1,7fbe,f862,
5233,0000,d15f,11f3,7fbe,af42,
5234,6515,92e8,82b1,7fbe,129c,
5235,5471,a2e8,0a11,7fbe,98a0,
5236,6194,a2e8,92b1,7fbe,4d07,
5237,0000,4545,98b1,7fbe,b3ad,
5238,6115,a2e8,92b1,7fbe,2909,
5239,4034,016c,d3b5,7fbe,3afa,
5240,6155,a2e8,92b1,7fbe,30b1,
5241,378d,3481,92b1,7fbe,9669,
5242,5735,a1e8,93b1,7fbe,d7b2,
5243,6155,a2e8,92b1,7fbe,6c9e,
5244,6051,a2e8,92b1,7fbe,58f8,
5245,841e,9ae9,d2b5,5fbe,65ca,
5246,6153,a2e8,92b1,7fbe,cfe6,
5247,fdca,a2e8,92b1,7fbe,1e97,
5248,6155,a2e8,92b1,7fbe,66a4,
5249,4555,a2e8,92b1,7fbe,1dd9,
5250,30ac,8260,92b1,7fbe,997c,
5251,0000,ccd3,8a17,7fbe,6bd2,
5252,4cd5,a2e8,39cc,7fbe,ab7d,
5253,5b96,52bd,92b2,7fbe,f071,
5254,0000,a635,96ec,7fbe,045d,
5255,61d5,a2e8,92b1,7fbe,df51,
5256,6915,a2e8,92b1,7fbe,4074,
5257,6155,a2e8,92b1,7fbe,9f11,
5258,0000,89e5,96f2,7fbe,a78b,
5259,6155,a2eb,92b0,7fbe,0bbf,
5260,0955,b2e8,92b1,7fbe,f161,
5261,0000,f986,92b1,7fbe,945a,
5262,899e,22f9,12b1,7fbe,4b1d,
5263,7160,e2e8,92b1,7fbe,c0af,
5264,611d,a2e8,92b1,7fbe,8a1f,
5265,b4d9,a6e8,90b1,7fbe,43b8,
5266,415d,a2e8,92b1,7fbe,3d9f,
5267,1a69,a2e8,bcbb,7fbe,2e0a,
5268,6151,a2e8,92b1,7fbe,9dd2,
5269,6357,a2e8,92b1,7fbe,a9d3,
5270,6155,a2e8,92b1,7fbe,13b1,
5271,3957,a2e8,8f1d,7fbe,1dac,
5272,6155,a2e8,92b1,7fbe,1dd2,
5273,0000,1b4f,92b1,7fbe,cff9,
5274,7155,a2e8,92b1,7fbe,3349,
5275,0000,e050,96a1,7dbe,665b,
5276,01d7,a2e8,92b1,7fbe,bb1c,
5277,29d0,36bf,f3b1,7fbe,7657,
5278,6055,a2e8,92b1,7fbe,9e46,
5279,6175,a2e8,92b1,7fbe,88bf,
5280,0000,a2a8,8ca3,7fbe,1e12,
5281,0000,f5e9,98b1,7fbe,c009,
5282,66b0,a2e8,f4fd,7fbe,664c,
5283,6157,a2e8,92b1,7fbe,e4da,
5284,6057,a2e8,92b1,7fbe,bc7e,
5285,6155,a2e8,92b1,7fbe,8eaf,
5286,6155,a2e8,92b1,7fbe,581e,
5287,8fdb,a2e8,92b1,7fbe,ee8e,
5288,0000,e59e,d5e1,7fbe,4750,
5289,7155,a2e8,92b1,7fbe,b60c,
5290,3def,a2e8,92b1,7fbe,5cbf,
5291,dd41,b2aa,9239,7fba,4d36,
5292,0000,eecb,82b1,7fbe,7423,
5293,6155,a2e8,92b1,7fbe,1db5,
5294,29e4,a2e8,92b1,7fbe,48b1,
5295,6155,a2e8,92b1,7fbe,74e6,
5296,6555,a2e8,92b1,7fbe,09bd,
5297,6376,a2e8,92b1,7fbe,0203,
5298,9da8,b2ac,92b1,7fbe,ec34,
5299,0000,e3df,5409,7fbe,1a7e,
5300,6174,a2e8,92b1,7fbe,afe6,
5301,7155,a2e8,8d52,7fbe,1fe3,
5302,0000,37ca,99b7,7fbe,906f,
5303,7013,5157,610e,7fbe,f3bf,
5304,0000,22c8,83f1,7f3e,e97e,
5305,6045,a2e8,92b1,7fbe,3374,
5306,0000,22e8,a944,7fbe,3bf5,
5307,0000,74c0,9630,7fbe,5f2b,
5308,0000,f36d,f221,7fbe,9021,
5309,2837,a2e8,92b1,7fbe,4d63,
5310,61c5,a2e8,4b75,7fbe,d9c4,
5311,7155,a2e8,92b1,7fbe,44ac,
5312,6155,a2e8,92b1,7fbe,6f85,
5313,6249,8df6,96b5,7fbe,0396,
5314,d357,a2e8,92b1,7fbe,c6c6,
5315,7b5d,a2e8,6c91,7fbe,fe20,
5316,5279,d1ec,b3b1,7fbe,aa88,
5317,4955,b2e8,92b1,7fbe,cfc7,
5318,e315,a2e8,92b1,7fbe,f8ee,
5319,6055,a2e8,92b1,7fbe,b35b,
5320,6155,a2e8,92b1,7fbe,bb78,
5321,4157,a2e8,92b1,7fbe,b398,
5322,f2f1,30b5,00ec,7fbe,925d,
5323,6155,a2e8,92b1,7fbe,dbc0,
5324,b1e0,a2e8,92b1,7fbe,e0b5,
5325,e3ee,f2d8,b231,7fbe,21b4,
5326,427d,d3ec,b2b1,7fbe,a466,
5327,7271,1d2b,92f1,7fbe,b743,
5328,8b4c,a6eb,92b0,7fbe,866b,
5329,e8fb,aae8,92b1,7fbe,0d59,
5330,697d,a288,9291,7fbe,1b00,
5331,6155,a2e8,92b1,7fbe,bb24,
5332,3157,a2e8,92b1,7fbe,13fa,
5333,08d1,a2e9,898e,7fbe,1b3f,
5334,0000,74c0,9630,7fbe,5f2b,
5335,6755,a2e8,92b1,7fbe,a8dc,
5336,6155,a2e8,92b1,7fbe,7be9,
5337,0000,3146,83b5,7fbe,c124,
5338,7520,3bce,51ad,7fbe,c31c,
5339,0000,8ba9,b9c0,7fbe,2b61,
5340,ff46,a288,9291,7fbe,6165,
5341,6154,a2e8,92b1,7fbe,75de,
5342,0000,deb7,90b3,7fbe,785b,
5343,6155,a2e8,92b1,7fbe,4b10,
5344,0000,d854,d6b5,7fb6,b08c,
5345,e975,a2e8,92b1,7fbe,62b0,
5346,0000,39d8,0985,7fbe,9b34,
5347,d37c,a2e8,92b1,7fbe,f329,
5348,7157,a2e8,92b1,7fbe,fc30,
5349,0000,e0e0,8b2f,7fbe,199e,
5350,e245,a8ce,9ab1,7fbe,1a26,
5351,3fcd,a2e8,92b1,7fbe,5c98,
5352,61d5,a2e8,92b1,7fbe,ad2b,
5353,0000,a2b8,92b1,7fbe,7f6d,
5354,0000,0149,3110,7fbe,a3a1,
5355,0000,6e08,5c19,7fbe,cea8,
5356,7175,a2e8,92b1,7fbe,d5f6,
5357,615f,a2e8,92b1,7fbe,4867,
5358,5247,a3e8,6195,7fbe,f324,
5359,360a,a2e8,92b1,7fbe,475f,
5360,af41,a2e8,79c3,7fbe,eb72,
5361,4915,a2e8,92b1,7fbe,60c2,
5362,758d,a2e8,95c5,7fbe,0774,
5363,c1e3,e5e8,90b1,7fbe,3439,
5364,0000,b6c8,90b1,7fbe,5024,
5365,d218,aae8,92b1,7fbe,9ac3,
5366,6555,a2e8,92b1,7fbe,2409,
5367,30bb,a2e8,92b1,7fbe,53ae,
5368,9d2e,2a0e,92f4,7fbc,0002,
5369,0000,5bd4,1335,7fbe,1ab0,
5370,7155,a2e8,92b1,7fbe,21e3,
5371,0000,0fed,3fb4,7fbe,ad05,
5372,7155,a2e8,92b1,7fbe,5572,
5373,61d5,a2e8,92b1,7fbe,bec4,
5374,7957,a2e8,92b1,7fbe,a0d0,
5375,6354,b2e9,9ab1,7fbe,ea9d,
5376,0000,a2e8,d8d2,7fbe,4a63,
5377,82fe,a2e8,92b1,7fbe,e3ab,
5378,6a15,a2e8,655d,7fbe,f7ec,
5379,0000,8c7e,bc27,7fbe,2e96,
5380,456c,a2e8,92b1,7fbe,2439,
5381,f420,82e8,17c0,7fbe,8571,
5382,243f,a2e8,92b1,7fbe,45ea,
5383,f40a,2ad8,92f7,7fbc,6971,
5384,0000,e360,b235,7fbe,bc3a,
5385,6155,a2e8,92b1,7fbe,bab0,
5386,6155,a2e8,92b1,7fbe,68e1,
5387,1ecf,a7a8,92b1,7fbe,0fe3,
5388,2069,a288,9291,7fbe,2cd6,
5389,0000,26c0,1e1b,7fbe,8cea,
5390,6955,a2e8,92b1,7fbe,89b4,
5391,2ae2,a2c8,faef,7fbe,685e,
5392,6155,a2e8,92b1,7fbe,0f02,
5393,4cff,a2e8,568d,7fbe,c43c,
5394,26bf,a2e8,c31a,7fbe,51ab,
5395,6155,a2e8,92b1,7fbe,bc7b,
5396,e175,a2e8,92b1,7fbe,fcb3,
5397,6d78,a2e8,8aa5,7fbe,1814,
5398,0000,78bd,90b9,7fbe,dd45,
5399,2055,a2e8,92b1,7fbe,4055,
5400,0000,31ca,86b5,7fbe,3b2c,
5401,6555,a2e8,92b1,7fbe,f281,
5402,6155,a2e8,92b1,7fbe,e890,
5403,4155,a2e8,92b1,7fbe,0e5d,
5404,685d,a2e8,92b1,7fbe,0348,
5405,d4cb,26e9,10b1,7fbe,c39b,
5406,2947,a2e8,1cb6,7fbe,8e07,
5407,6575,a2e8,92b1,7fbe,e08e,
5408,6155,a2e8,92b1,7fbe,da73,
5409,eeaa,a2e8,1c5a,7fbe,8eeb,
5410,0000,a2d8,92b1,7fbe,af20,
5411,61d5,a2e8,92b1,7fbe,949b,
5412,6155,a2e8,92b1,7fbe,e4cf,
5413,81f5,a2e8,9129,7fbe,0398,
5414,6155,a2e8,92b1,7fbe,dc87,
5415,6154,a2e8,92b1,7fbe,4ba8,
5416,2779,7498,92b1,7fbe,d670,
5417,065a,816a,e2b1,5fbe,61c5,
5418,0000,2c70,1333,7fbe,6d8f,
5419,0000,62b9,8a91,7fbe,e833,
5420,8b47,e2ec,b2b1,7fbe,e387,
5421,1895,a2e8,92b1,7fbe,69c0,
5422,5155,a2e8,92b1,7fbe,7d33,
5423,4115,a2e8,92b1,7fbe,ba99,
5424,6021,aecb,96b0,7fbe,77c7,
5425,4155,a2e8,92b1,7fbe,3324,
5426,7155,a2e8,92b1,7fbe,4de6,
5427,4256,a2e8,2593,7fbe,b722,
5428,7247,a2e8,8d2b,7fbe,1f9a,
5429,7111,a2e8,92b1,7fbe,4b79,
5430,6155,a2e8,92b1,7fbe,34bd,
5431,325e,4268,d2b0,ffbe,76e6,
5432,25d9,a2ac,92b1,7fbe,a467,
5433,fa07,a2e8,92b1,7fbe,bf12,
5434,6555,a2e8,92b1,7fbe,4a88,
5435,6155,a2e8,92b1,7fbe,e98a,
5436,ab74,a2e8,92b1,7fbe,da21,
5437,e15d,a2e8,651b,7fbe,f7aa,
5438,5666,a2e8,92b1,7fbe,3772,
5439,3444,a2e8,e7de,7fbe,756f,
5440,0000,a229,92b1,7fbe,7310,
5441,0000,d3e7,b33d,7fbe,039b,
5442,d740,ad39,96b0,7fbe,83f3,
5443,0157,df7a,90b1,7fbe,7992,
5444,d37d,005d,f204,7fbe,20b5,
5445,f746,b5e4,91b5,7fbe,8068,
5446,a055,a2e8,92b1,7fbe,ffbb,
5447,67be,a0e8,86c1,7fbe,1470,
5448,61d5,a2e8,92b1,7fbe,c352,
5449,0505,a2e8,14e5,7fbe,8654,
5450,7920,00be,92f1,7fbe,a2d6,
5451,7955,a2e8,92b1,7fbe,fa95,
5452,411c,a2e8,92b1,7fbe,f3c0,
5453,3030,a2e8,69ea,7fbe,fb5b,
5454,aab6,4486,92f1,7fbe,e6ae,
5455,6155,a2e8,92b1,7fbe,5b35,
5456,f366,8a42,a5e5,7fbe,3754,
5457,0000,61d9,34a9,7fbe,6c00,
5458,29f1,0333,9291,7fbe,a1bb,
5459,7355,a2e8,92b1,7fbe,d6f7,
5460,275f,a2e8,02f1,7fbe,9040,
5461,bbcc,a2e8,92b1,7fbe,dff8,
5462,0000,a2e8,ffb5,7fbe,6d04,
5463,7115,a2e8,92b1,7fbe,1cb5,
5464,6115,a2e8,92b1,7fbe,7269,
5465,3614,22e0,d2b1,7fbe,d10d,
5466,6155,a2e8,92b1,7fbe,b750,
5467,40dd,93f3,92b1,7fbe,311b,
5468,cc5e,a0e8,92b1,7fbe,ae3a,
5469,4955,a2e8,92b1,7fbe,3277,
5470,6154,a2e8,92b1,7fbe,28ca,
5471,b5db,7422,92b1,7fbe,d6ca,
5472,0000,d769,82f0,7fbe,5d23,
5473,117d,8bae,9231,7fbe,637f,
5474,0000,c632,93b5,7fbe,6750,
5475,6b75,a2e8,92b1,7fbe,ee59,
5476,6154,a2e8,92b1,7fbe,8470,
5477,9c63,a2e8,23a5,7fbe,b114,
5478,6bfb,a2ad,92bd,7fba,c60d,
5479,f094,a2e6,92b5,7fbe,654a,
5480,b0c1,8264,92b5,7fbe,7449,
5481,7554,a2e8,bd0f,7fbe,2fbe,
5482,4a78,a2e8,5ae4,7fbe,c855,
5483,0000,897e,80b1,7fbe,1690,
5484,2984,a2e8,92b1,7fbe,18f3,
5485,6155,a2e8,92b1,7fbe,cc84,
5486,6151,a2e8,92b1,7fbe,100e,
5487,0000,2dd4,9290,7fbe,0f7e,
5488,7155,a2e8,92b1,7fbe,e6d8,
5489,2155,a2e8,92b1,7fbe,d4fc,
5490,615d,a2e8,92b1,7fbe,cb1d,
5491,5ab4,b32c,92b1,7fbe,0e5f,
5492,7015,a2e8,92b1,7fbe,3225,
5493,0645,a2e8,8308,7fbe,11b9,
5494,e1ae,7219,92f4,7fbc,0458,
5495,3171,6cf9,56b0,ffbe,a328,
5496,0000,2bb8,1be0,7fbe,0951,
5497,3d16,a2e8,e4b0,7fbe,7601,
5498,6155,a2e8,92b1,7fbe,e563,
5499,601d,a264,92b5,7fbe,b7be,
5500,0000,21c8,92b1,7fbe,2eac,
5501,6155,a2e8,92b1,7fbe,072a,
5502,55d4,b2e8,92b1,7fbe,80d9,
5503,0000,47e3,d3b3,7fbe,5644,
5504,6974,a2e8,2045,7fbe,b2f4,
5505,6155,a2e8,92b1,7fbe,b44b,
5506,6480,a2a9,92b1,7fbe,dd0c,
5507,4fce,a2e8,790f,7fbe,ebbe,
5508,0000,3997,09ce,7fbe,9b7f,
5509,089b,a2e8,d5ef,7fbe,475e,
5510,e514,a2e8,cf25,7fbe,5d94,
5511,d37c,a2e8,92b1,7fbe,f329,
5512,f560,faf9,92b3,7fbe,5855,
5513,6450,a2e8,c46b,7fbe,56da,
5514,34c7,a2e8,f11f,7fbe,63ae,
5515,3491,abe8,e30d,7fbe,71bc,
5516,cba5,c406,f45f,7fbe,66ee,
5517,6115,a2e8,92b1,7fbe,7159,
5518,254d,e374,b2bd,7fbe,3d0d,
5519,0000,f0ec,e2b1,5fbe,5b1c,
5520,fc0e,a2e8,66af,7fbe,f41e,
5521,535d,a2e8,92b1,7fbe,c74c,
5522,0000,22e0,5ae3,7fbe,4a7f,
5523,0000,304e,f3a1,7fbe,700e,
5524,4ca3,a2e8,92b1,7fbe,2df6,
5525,0000,61a1,ed8f,7fbe,7f3e,
5526,5d01,a2e8,92b1,7fbe,3c54,
5527,79d2,a2e8,6150,7fbe,f3e1,
5528,2545,a2e8,92b1,7fbe,4573,
5529,6155,a2e8,92b1,7fbe,16f2,
5530,0000,6c6f,3235,7fbe,df1c,
5531,7155,a2e8,92b1,7fbe,4663,
5532,7057,a2e8,92b1,7fbe,0aed,
5533,7155,a2e8,92b1,7fbe,c31a,
5534,7dd5,b2e8,92b1,7fbe,a0a3,
5535,96a4,a2e8,92b1,7fbe,f7f3,
5536,6155,a2e8,92b1,7fbe,972e,
5537,6155,a2e8,92b1,7fbe,34f5,
5538,0000,aaca,96c0,7f9e,fd95,
5539,69f7,baac,9ab3,7fbe,e4d3,
5540,6155,a2e8,92b1,7fbe,62f4,
5541,517d,a2e8,92b1,7fbe,2c0c,
5542,6155,a2e8,92b1,7fbe,cd20,
5543,60b1,257c,16b1,7fbe,0985,
5544,6855,a2e8,f73d,7fbe,658c,
5545,6155,a2e8,92b1,7fbe,8b49,
5546,4bbf,a2e8,2a01,7fbe,b8b0,
5547,0000,2dd7,1094,77be,07e9,
5548,c3fd,a2e8,92b1,7fbe,b754,
5549,4507,a2e8,92b1,7fbe,2452,
5550,eb64,a2e8,57b6,7fbe,c507,
5551,daf0,a096,8271,7fbe,3b7e,
5552,3440,a2e8,9763,7fbe,05d2,
5553,7375,a2e8,92b1,7fbe,61cf,
5554,6117,a2e8,92b1,7fbe,c473,
5555,7845,a2e8,7b8b,7fbe,e93a,
5556,6155,a2e8,92b1,7fbe,4e90,
5557,066c,e890,13b1,7fbe,e879,
5558,2111,a2e8,92b1,7fbe,ae50,
5559,6155,a2e8,92b1,7fbe,753f,
5560,6155,a2e8,92b1,7fbe,a275,
5561,6092,8268,92b1,7fbe,46f7,
5562,317a,a2e0,92b5,7fbe,2cc3,
5563,6155,a2e8,92b1,7fbe,b9dd,
5564,754f,a0d0,92a1,7fbe,d7d6,
5565,2155,a2e8,92b1,7fbe,ad98,
5566,6155,a2e8,92b1,7fbe,2d2a,
5567,7951,a2e8,92b1,7fbe,ec89,
5568,e916,a2e8,92b1,7fbe,3878,
5569,0000,c375,93b1,7fbe,631d,
5570,0000,7675,92b0,7fbe,d4df,
5571,6115,a2e8,92b1,7fbe,fdc4,
5572,6955,a2e8,92b1,7fbe,5049,
5573,6155,82e8,82b1,7fbe,50d8,
5574,f5f1,a4e8,90b1,7fbe,d0bc,
5575,5238,a2e8,92b1,7fbe,136d,
5576,415d,a2e8,92b1,7fbe,b666,
5577,ec7c,3acc,92b1,7fbe,a702,
5578,7d41,ef6b,92f1,7fbe,4d83,
5579,6115,a2e8,92b1,7fbe,7eac,
5580,579b,42e8,d2b1,7fbe,48f9,
5581,1bd8,a2e9,7e34,7fbe,ec85,
5582,6155,a2e8,92b1,7fbe,771f,
5583,7159,a2e8,92b1,7fbe,c8f8,
5584,6155,a2e8,92b1,7fbe,381e,
5585,7115,a2e8,92b1,7fbe,a997,
5586,2fdb,a2c8,92b1,7fbe,88cf,
5587,2c83,a2e8,52c9,7fbe,c078,
5588,4504,a2e8,92b1,7fbe,62c1,
5589,2057,a2e8,92b1,7fbe,a1c9,
5590,635d,a2e8,92b1,7fbe,27a9,
5591,f26d,2ce8,94b1,7fbe,a933,
5592,e4d9,a3e8,6968,7fbe,fbd9,
5593,0000,1033,92a3,7fbe,b0bf,
5594,6356,bae8,9ab1,7fbe,5f01,
5595,e321,b0e8,d779,7fbe,45c8,
5596,de27,a2e8,6dc2,7fbe,ff73,
5597,7744,a2ef,92b3,7fbe,2c40,
5598,0000,b408,92b9,7fbe,16f4,
5599,0000,9e84,b2b9,7fbe,7c74,
5600,4217,a2e8,92b1,7fbe,3343,
5601,3155,a2e8,92b1,7fbe,a5b6,
5602,ee67,a2e8,3553,7fbe,a7e2,
5603,31d5,a2e8,92b1,7fbe,76bd,
5604,0000,ef48,9633,7fbe,44a4,
5605,6155,a2e8,92b1,7fbe,03ea,
5606,0d05,a2e8,92b1,7fbe,ee70,
5607,2786,a248,c412,7fbe,56a3,
5608,6150,a264,92b5,7fbe,42a3,
5609,602a,a2e8,92b1,7fbe,013f,
5610,4dd3,a2e8,92b1,7fbe,2cc7,
5611,d1f4,a5e8,90b1,7fbe,846a,
5612,4975,a2e8,2d50,7fbe,bfe1,
5613,0000,82a8,92b1,7fbe,8615,
5614,c5f8,a2e8,92b1,7fbe,a48d,
5615,fbe7,a2e8,5314,7fbe,c1a5,
5616,7147,a2e8,92b1,7fbe,9add,
5617,6155,a2e8,92b1,7fbe,0ca5,
5618,6155,a2e8,92b1,7fbe,e6fc,
5619,50d3,b2e8,92b1,7fbe,aad0,
5620,6155,a2e8,92b1,7fbe,8ffa,
5621,7871,7ebe,4ee7,7fbe,dc56,
5622,0000,a2e8,ce82,7fbe,5c33,
5623,e4a6,22e8,013b,7fbe,938a,
5624,0000,a6f3,8a77,7fbe,2550,
5625,2d13,a2e8,92b1,7fbe,4c46,
5626,6d5d,a2e8,e8e8,7fbe,7a59,
5627,6514,a2e8,92b1,7fbe,c421,
5628,e575,a2e8,92b1,7fbe,45db,
5629,6155,a2e8,92b1,7fbe,064c,
5630,6555,a2e8,92b1,7fbe,fb22,
5631,49f0,b2a8,92b1,7fbe,bfcf,
5632,7594,82ea,82b1,7fbe,dec8,
5633,16d2,e2ec,92b3,7fbe,f624,
5634,0000,05c0,1a93,7fbe,b75c,
5635,0973,5164,92b1,7fbe,f38c,
5636,6915,a2e8,bc5b,7fbe,2eea,
5637,0055,a2e8,92b1,7fbe,ab32,
5638,6145,a2e8,92b1,7fbe,168d,
5639,0000,b339,9231,7fbe,8992,
5640,e344,aec8,96b1,7fbe,1952,
5641,5071,e2e8,b2b1,7fbe,09ba,
5642,4195,a2e8,92b1,7fbe,cba0,
5643,6155,a2e8,92b1,7fbe,ab51,
5644,7115,a2e8,92b1,7fbe,af2a,
5645,a260,ec11,b03b,7fbe,2aad,
5646,6155,a2e8,92b1,7fbe,870d,
5647,7115,a2e8,92b1,7fbe,ea7c,
5648,417d,a2e9,12b1,7fbe,19c8,
5649,6455,0877,92b1,7fbe,aa9f,
5650,6115,a2e8,92b1,7fbe,9144,
5651,9042,a2e4,fa9e,7fbe,682f,
5652,4115,a2e8,92b1,7fbe,6c5b,
5653,6c22,9366,83b5,7f3e,2a6a,
5654,7d77,b0a8,92b1,7fbe,da25,
5655,7557,a2e8,92b1,7fbe,7f73,
5656,0000,8bc0,8ab3,7fbe,116e,
5657,6313,cff8,82b1,7fbe,5d10,
5658,fa67,a2e8,92b1,7fbe,9b32,
5659,6110,a2e8,cf91,7fbe,5d20,
5660,6145,a2e8,92b1,7fbe,1215,
5661,6155,a2e8,92b1,7fbe,49c1,
5662,6165,a2e8,92b1,7fbe,108d,
5663,e155,a2e8,92b1,7fbe,2424,
5664,5115,a2e8,92b1,7fbe,65b7,
5665,f9a7,a2e8,07c9,7fbe,9578,
5666,6155,a2e8,92b1,7fbe,a2f6,
5667,6153,a2e4,92b5,7fbe,1bb0,
5668,7a5d,a3e8,92b1,7fbe,7260,
5669,7744,a8e8,82b1,77be,79cb,
5670,0000,d807,9330,7fbe,596c,
5671,0000,a229,8767,7fbe,15d6,
5672,6155,a2e8,92b1,7fbe,ce16,
5673,6115,a2e8,92b1,7fbe,8ba1,
5674,6155,a2e8,92b1,7fbe,2ae3,
5675,d298,a2e8,92b1,7fbe,b3c9,
5676,aaa0,a2e8,92b1,7fbe,cbb5,
5677,e555,a2e8,92b1,7fbe,cf16,
5678,6112,a2e8,92b1,7fbe,556d,
5679,0000,a5f3,1091,7fbe,856a,
5680,6155,a2e8,92b1,7fbe,9b25,
5681,6155,a2e8,92b1,7fbe,277f,
5682,6155,a2e8,92b1,7fbe,ea36,
5683,6355,a2e8,92b1,7fbe,1e3e,
5684,6505,a2e8,92b1,7fbe,d7b8,
5685,6155,a2e8,92b1,7fbe,a524,
5686,0000,fb78,d2b0,7fbe,599a,
5687,0000,a2e8,0400,7fbe,96b1,
5688,6155,a2e8,92b1,7fbe,6eb7,
5689,4897,a268,92b1,7fbe,4852,
5690,2055,a2e8,92b1,7fbe,4055,
5691,6155,a2e8,92b1,7fbe,6376,
5692,6155,a2e8,92b1,7fbe,0026,
5693,513c,a2e8,fc59,7fbe,6ee8,
5694,631d,a2e8,92b1,7fbe,17e0,
5695,6155,a2e8,92b1,7fbe,fd6b,
5696,f0c7,2e13,1e4a,7fbe,8cfb,
5697,495d,2e88,9691,7fbe,f678,
5698,6155,a2e8,92b1,7fbe,289c,
5699,6155,a2e8,92b1,7fbe,d50e,
5700,6955,a2e8,92b1,7fbe,f7a5,
5701,0000,d537,a46e,7fbe,36df,
5702,6155,a2e8,92b1,7fbe,7030,
5703,e155,a2e8,92b1,7fbe,e4c5,
5704,fd10,a0e8,6b59,7fbe,f9e8,
5705,2057,a2e8,cbda,7fbe,596b,
5706,2573,f368,9231,7fbe,311c,
5707,6155,a2e8,92b1,7fbe,0984,
5708,c868,3078,92b1,7fbe,9118,
5709,bb7a,a264,92b5,7fbe,ca6f,
5710,0000,e1ed,6319,7fbe,f1a8,
5711,3fe3,a2e8,92b1,7fbe,5e36,
5712,6155,a2e8,92b1,7fbe,5187,
5713,2185,a2e8,67d6,7fbe,f567,
5714,6155,a2e8,92b1,7fbe,cc4f,
5715,6155,a2e8,92b1,7fbe,0d09,
5716,6155,a2e8,92b1,7fbe,0228,
5717,e155,a3e8,92b1,7fbe,9957,
5718,419d,a2e8,92b1,7fbe,cfd7,
5719,6555,a2e8,92b1,7fbe,9011,
5720,7055,a2e8,92b1,7fbe,ad9d,
5721,c894,a2e8,c339,7fbe,5188,
5722,2974,a2e8,3684,7fbe,a435,
5723,e255,a2e8,92b1,7fbe,b611,
5724,7155,a2e8,92b1,7fbe,8265,
5725,0000,c1d3,f18a,7fbe,633b,
5726,8bff,91f1,92b1,7fbe,3319,
5727,c1e5,a2e8,f3e6,7fbe,6157,
5728,6955,a2e8,92b1,7fbe,0dbe,
5729,2175,a2e8,92b1,7fbe,7004,
5730,6510,a2e8,92b1,7fbe,2034,
5731,6115,a2e8,92b1,7fbe,9973,
5732,76bc,486c,9ab1,7fbe,fa84,
5733,4155,a2e8,92b1,7fbe,93f0,
5734,7115,a2e8,92b1,7fbe,6bc4,
5735,61d5,a2e8,92b1,7fbe,14b8,
5736,e055,a2e8,92b1,7fbe,b4ba,
5737,c202,b8d7,80b1,7fbe,763b,
5738,2a37,22e8,d2b1,7fbe,b8a9,
5739,0000,936e,8f50,7fbe,1de1,
5740,7d16,a2e8,3ec5,7fbe,ac74,
5741,0000,94fa,a4a3,7fbe,3612,
5742,6515,a2e8,92b1,7fbe,7482,
5743,0000,c460,92b5,7fbe,6684,
5744,6355,a2e8,92b1,7fbe,7cfe,
5745,6155,a2e8,92b1,7fbe,e832,
5746,6001,a2e8,827d,7fbe,10cc,
5747,6355,a2e8,92b1,7fbe,753d,
5748,6955,a2e8,92b1,7fbe,90ec,
5749,6155,a2e8,92b1,7fbe,5b1b,
5750,f701,a2e8,b416,7fbe,26a7,
5751,0000,66d9,12b1,7fbe,088e,
5752,6574,a2e8,92b1,7fbe,0421,
5753,0000,2b42,f641,7fbe,64f0,
5754,0000,327f,9033,7fbe,d592,
5755,7155,a2e8,92b1,7fbe,1266,
5756,2155,a2e8,92b1,7fbe,3f6b,
5757,7155,a2e8,92b1,7fbe,34f6,
5758,1a5a,22ea,92b1,7fbe,eb2d,
5759,6117,a2e8,92b1,7fbe,53df,
5760,6155,a2e8,92b1,7fbe,7ef0,
5761,9fe7,a2e8,92b1,7fbe,fef2,
5762,0000,602a,c52e,77be,cfdf,
5763,6075,a2e8,92b1,7fbe,47a2,
5764,6195,a2e8,92b1,7fbe,b902,
5765,61d5,a2e8,92b1,7fbe,c4f8,
5766,c31d,a2e8,92b1,7fbe,5dfd,
5767,6a70,a2e8,92b1,7fbe,1b25,
5768,6650,7e69,82b1,7fbe,fc81,
5769,f225,a2e8,92b1,7fbe,9378,
5770,f157,a2e8,92b1,7fbe,b395,
5771,0000,d369,3e2f,7fbe,095f,
5772,c5d6,d8a0,9231,7fbe,6b48,
5773,4241,a2e8,a851,7fbe,3ae0,
5774,5194,a2e8,92b1,7fbe,f077,
5775,6155,a2e8,92b1,7fbe,019b,
5776,6115,a2e8,92b1,7fbe,d6ec,
5777,6155,a4e8,90b1,7fbe,e08b,
5778,6737,92ae,82b3,7fbe,c258,
5779,0000,c311,f348,7fbe,61f9,
5780,0000,f318,c301,7fbe,51b0,
5781,d2f8,23cc,bfe6,7fbe,2d57,
5782,110e,a2e8,ddab,7fbe,4f1a,
5783,6145,a2e8,92b1,7fbe,9b39,
5784,79f6,baa8,9ab1,7fbe,2fce,
5785,6014,aa28,92f1,7fbe,c076,
5786,7555,aae8,92b1,7fbe,34d3,
5787,6147,a2ee,92b3,7fbe,f050,
5788,7151,a2e8,92b1,7fbe,a636,
5789,adfe,a2e8,92b1,7fbe,ccab,
5790,6b15,a2e8,5f35,7fbe,cd84,
5791,2115,a2e8,92b1,7fbe,4d7e,
5792,2aed,a2e8,92b1,7fbe,4bb8,
5793,6115,a2e8,92b1,7fbe,b1de,
5794,92da,a2e8,92b1,7fbe,e38f,
5795,429a,a2e8,af25,7fbe,3d94,
5796,6155,a2e8,92b1,7fbe,c5f4,
5797,7155,a2e8,92b1,7fbe,8371,
5798,6155,a2e8,92b1,7fbe,3424,
5799,40a3,f2eb,0a07,7fbe,98b6,
5800,0000,c5bf,02d0,7fbe,4766,
5801,3dae,d512,82f1,7fbe,577a,
5802,4514,a2e8,92b1,7fbe,6473,
5803,1138,8268,9031,7ebe,c220,
5804,2105,a2e8,92b1,7fbe,9b9f,
5805,0000,f77b,16f0,7fbe,d972,
5806,651f,a2ec,92b1,7fbe,7835,
5807,4161,a2e8,00ea,7fbe,925b,
5808,6555,a2e8,92b1,7fbe,2546,
5809,ecd6,bae8,8ab0,77be,e21b,
5810,0000,a0e8,9916,7fbe,0ba7,
5811,6155,a2e8,92b1,7fbe,4c37,
5812,6055,a2e8,92b1,7fbe,28c3,
5813,6155,a2e8,92b1,7fbe,85d6,
5814,2a51,2ba8,a631,6fbe,4334,
5815,1bf2,e397,d3b1,7fbe,a37f,
5816,f957,aaea,1490,7fbe,8621,
5817,06d1,a2e8,92b1,7fbe,6784,
5818,6155,a2e8,92b1,7fbe,8efc,
5819,6155,a2e8,92b1,7fbe,ec45,
5820,0000,07c1,cff4,7fbe,93e4,
5821,7947,a2e8,fe0a,7fbe,6cbb,
5822,fb55,29ce,9abd,7fbe,9bbf,
5823,0000,b2e9,92b1,7fbe,e74b,
5824,6155,a2e8,92b1,7fbe,4dc9,
5825,6155,a2e8,92b1,7fbe,a9d1,
5826,0000,a2fc,92b9,7fbe,eae3,
5827,0000,a2e8,88d0,7fbe,1a61,
5828,0000,10a3,32b1,7fbe,f24e,
5829,7129,2ae8,96b1,7fbe,81ef,
5830,0000,4875,9a23,7fbe,497a,
5831,6175,a2e8,92b1,7fbe,1408,
5832,0000,130d,92b1,7fbe,f8a7,
5833,6155,a2e8,92b1,7fbe,8777,
5834,837d,a2e8,6692,7fbe,f423,
5835,527c,4370,92b0,7fbe,61bb,
5836,42d8,e3e0,ae0f,7fbe,3cbe,
5837,2ef8,a2e8,92b1,7fbe,4fad,
5838,4051,77ab,92b1,7fbe,d543,
5839,7701,a0d8,92a1,7fbe,e409,
5840,c0e3,a3e8,92b1,7fbe,a316,
5841,28d3,e2ec,b2b1,7fbe,21b7,
5842,ef60,3837,086e,7fbe,9adf,
5843,0000,a2ec,ed0f,7fbe,7fbe,
5844,0000,8f29,aafa,6fbe,8034,
5845,e177,a2ae,92b3,7fbe,2b63,
5846,e1d6,a2e8,ee48,7fbe,7cf9,
5847,7555,d3c7,92b1,7fbe,712f,
5848,4175,b2e8,92b1,7fbe,da36,
5849,6155,a2e8,92b1,7fbe,3522,
5850,41d5,a2e8,92b1,7fbe,f592,
5851,7175,a2e8,92b1,7fbe,fcf1,
5852,6155,a2e8,92b1,7fbe,7b6b,
5853,6910,82ea,82b1,7fbe,c6d1,
5854,d219,b3e8,9231,7fbe,85fc,
5855,611d,a2e8,92b1,7fbe,8ff1,
5856,0000,a2c8,e462,7fbe,76d3,
5857,7155,a2e8,92b1,7fbe,0d61,
5858,6155,a2e8,92b1,7fbe,6d57,
5859,6105,a2e8,92b1,7fbe,e7a5,
5860,bbfe,daf1,92b0,7fbe,783b,
5861,7975,a2e8,92b1,7fbe,f1fc,
5862,68a1,a2e8,92b1,7fbe,09d4,
5863,7843,a2e8,3bf3,7fbe,a942,
5864,20d9,03f9,92b0,ffbe,df89,
5865,617d,a2e8,92b1,7fbe,5c4f,
5866,6355,a2e8,92b1,7fbe,6365,
5867,0000,4001,90f1,7fbe,a669,
5868,0000,d799,e7c0,7fbe,7571,
5869,7215,a2e8,92b1,7fbe,2383,
5870,0000,fa34,96f0,7fbe,d83f,
5871,814d,a2e8,92b1,7fbe,6018,
5872,225d,a6e8,90b1,7fbe,8ba0,
5873,27c6,a2e8,d6ca,7fbe,447b,
5874,6565,a2e8,92b1,7fbe,c2d4,
5875,4302,83cc,8236,7fbc,29d3,
5876,0000,b2ec,92b1,7fbe,c6df,
5877,6155,a2e8,92b1,7fbe,cd51,
5878,74fa,a2e8,92b1,7fbe,148f,
5879,0000,3c56,91b1,7fbe,b8be,
5880,4935,a2e8,92b1,7fbe,6b4e,
5881,4151,a2e8,92b1,7fbe,dd4c,
5882,441b,b0e0,92b1,7fbe,229b,
5883,d77e,b961,9bb1,7fbe,1693,
5884,a28a,a2e8,92b1,7fbe,c299,
5885,0000,00e0,61d7,7fbe,f366,
5886,62cf,a2e8,e20c,7fbe,70bd,
5887,4115,a2e8,92b1,7fbe,186a,
5888,6355,a2e8,92b1,7fbe,50e5,
5889,f556,2ae8,82b1,77be,4a82,
5890,6115,a2e8,92b1,7fbe,ae3b,
5891,3281,a2e8,92b1,7fbe,53d4,
5892,713f,a2e8,92b1,7fbe,106a,
5893,948d,a2e8,92b1,7fbe,75d8,
5894,0000,5c83,90b1,7fbe,11c6,
5895,d338,e36e,1d11,7fbe,8fa0,
5896,0000,291c,8ab1,7fbe,b3f6,
5897,7155,a2e8,92b1,7fbe,5576,
5898,6155,a2e8,92b1,7fbe,8ae3,
5899,6155,a2e8,92b1,7fbe,306b,
5900,0000,298e,198b,7fbe,3a8a,
5901,b4d1,baa8,9ab1,7fbe,7b4a,
5902,0000,a2e0,c3f4,7fbe,5145,
5903,6115,a2e8,92b1,7fbe,fe8e,
5904,c71c,a2e8,0032,7fbe,9283,
5905,0000,d80b,db01,7fbe,c113,
5906,6155,a2e8,92b1,7fbe,4af9,
5907,ee66,7f3e,9ab1,7fbe,cdd6,
5908,9755,a2e8,3d0f,7fbe,afbe,
5909,201c,a2e8,9488,7fbe,0639,
5910,a24d,a2e8,dc82,7fbe,4e33,
5911,5c07,baa7,12c1,7fbe,94df,
5912,9e42,a2e8,92b1,7fbe,ff56,
5913,be8d,a5b6,82f1,7fbe,27bc,
5914,6155,a2e8,92b1,7fbe,189f,
5915,6955,a2e8,92b1,7fbe,ba96,
5916,8415,a2e8,92b1,7fbe,e540,
5917,6145,a2e8,92b1,7fbe,0433,
5918,6105,a2e8,92b1,7fbe,ba54,
5919,6d65,b36c,9233,7fbe,36fb,
5920,6155,a2e8,92b1,7fbe,ff7a,
5921,0000,1565,9291,7fbe,b7ed,
5922,a68b,aaeb,593c,7fbe,cb8d,
5923,6145,a2e8,92b1,7fbe,84d8,
5924,0000,f1ea,8278,7fbe,6276,
5925,6155,a2e8,92b1,7fbe,e84a,
5926,79b3,bb58,92f9,7fbe,9967,
5927,a80a,84e8,8aa5,7fbe,1cad,
5928,0000,a6e8,1293,7fbe,8022,
5929,4109,28c0,8f59,7fbe,1de8,
5930,e341,2ba9,1bf0,7fbe,8941,
5931,0000,03b6,d3a1,7fbe,207e,
5932,0000,325b,0242,7fbe,90f3,
5933,4443,a534,d56d,7fbe,67dc,
5934,0000,a2e8,57d4,7fbe,c565,
5935,e702,b58a,92b9,7fbe,1776,
5936,4592,a2a8,92b1,7fbe,fcb7,
5937,6540,a2e8,c825,7fbe,5a94,
5938,62ca,a2e8,92b1,7fbe,039f,
5939,e155,a2e8,92b1,7fbe,8ac7,
5940,0000,e72d,a67a,7fbe,2d11,
5941,4925,a2e8,4d03,7fbe,dfb2,
5942,415d,a2e8,92b1,7fbe,ae4a,
5943,2855,91df,92b1,7fbe,3337,
5944,0000,4f17,7f4e,7fbe,edff,
5945,3651,a2e8,6b9e,7fbe,f92f,
5946,e214,a6e8,90b1,7fbe,63ec,
5947,7175,a2e8,92b1,7fbe,a375,
5948,6431,a2e8,7463,7fbe,e6d2,
5949,0000,eca9,92f9,7fbe,47d1,
5950,3a15,a2e8,43ee,7fbe,d15f,
5951,99de,a2e8,92b1,7fbe,f88b,
5952,6155,a2e8,92b1,7fbe,4579,
5953,6155,a2e8,92b1,7fbe,5496,
5954,e28a,a2e8,92b1,7fbe,82df,
5955,6055,a2e8,92b1,7fbe,fd72,
5956,6155,a2e8,92b1,7fbe,9a5c,
5957,28f2,fc03,93b9,7fbe,1dff,
5958,2fe4,a2e8,92b1,7fbe,ceb1,
5959,2155,a2e8,92b1,7fbe,8127,
5960,d8be,a2e0,92b1,7fbe,78ff,
5961,0000,4954,9ab2,7fbe,fbf8,
5962,bb8e,8371,9a91,7fbe,71f8,
5963,5897,b2e8,107c,7fbe,82cd,
5964,6115,a2e8,92b1,7fbe,f522,
5965,6147,a2e8,92b1,7fbe,ca99,
5966,615d,a2e8,92b1,7fbe,58e1,
5967,615d,a2e8,92b1,7fbe,ac17,
5968,031c,2b58,92b1,7fbe,89b0,
5969,6015,a2e8,6c60,7fbe,fed1,
5970,4834,f2a8,b2b1,7fbe,91d0,
5971,60e6,b368,9231,7fbe,0953,
5972,6115,a2e8,92b1,7fbe,205b,
5973,6175,a2e8,92b1,7fbe,310b,
5974,c9c6,a2e8,92b1,7fbe,20b3,
5975,7159,a2e8,92b1,7fbe,f12e,
5976,41d5,a2e8,92b1,7fbe,de13,
5977,61d4,a2e8,92b1,7fbe,1157,
5978,f0be,a3a9,e298,7fbe,7029,
5979,6145,a2e8,92b1,7fbe,acef,
5980,41d0,a6e9,10b1,7fbe,a78e,
5981,076c,69c8,6e4b,7fbe,fcfa,
5982,0000,4ce0,d780,7fbe,004a,
5983,0000,b2e8,d754,7fbe,45e5,
5984,7155,a2e8,92b1,7fbe,0211,
5985,0000,aae0,e1a2,7fbe,7313,
5986,697f,a2e8,307c,7fbe,a2cd,
5987,7143,a6a8,9291,7fbe,15fc,
5988,0000,98fa,5e13,7fbe,7777,
5989,e33d,a2ed,92b3,7fbe,4df3,
5990,50d9,a2ad,92b3,7fbe,a25a,
5991,7111,a2e8,92b1,7fbe,c0cd,
5992,4175,a2e8,92b1,7fbe,e613,
5993,7155,a2e8,92b1,7fbe,da67,
5994,4993,9ae8,82b1,7fbe,2f80,
5995,d136,57ca,96f1,7fbe,f9a2,
5996,6155,a2e8,92b1,7fbe,4c9c,
5997,0000,b40a,e3b9,7fbe,e5fe,
5998,3378,22e8,27d8,7fbe,b569,
5999,60e9,ba29,92b9,7fbe,18d9,
6000,6155,a2e8,92b1,7fbe,318d,
6001,54fd,f36c,b231,7fbe,9136,
6002,db28,aa2e,92f3,7fbe,565a,
6003,70d1,a2e8,4ca3,7fbe,de12,
6004,0000,62e9,12b1,7fbe,b39e,
6005,2b0d,a2e8,92b1,7fbe,4a58,
6006,4155,a2e8,92b1,7fbe,fd6e,
6007,0f5d,e2e8,b2b1,7fbe,42b5,
6008,6155,a2e8,92b1,7fbe,d1e7,
6009,454d,a2e8,bca9,7fbe,2e18,
6010,6975,a2e8,92b1,7fbe,50d4,
6011,604b,a26a,aa1c,7fbe,38ad,
6012,5155,a2e8,fea5,7fbe,6c14,
6013,6155,a2e8,92b1,7fbe,ac9c,
6014,7d9e,a2e8,92b1,7fbe,4ccb,
6015,845a,a2ea,92b1,7fbe,e14b,
6016,f155,a2e8,92b1,7fbe,3beb,
6017,6c15,a2e8,92b1,7fbe,8c28,
6018,4a38,a2e8,92b1,7fbe,236d,
6019,75d5,7acb,92b3,7fbe,d825,
6020,01d5,a2e8,92b1,7fbe,8578,
6021,6157,a2e8,92b1,7fbe,b96a,
6022,7155,a2e8,92b1,7fbe,8598,
6023,0eba,a2e8,92b1,7fbe,6eef,
6024,6114,a2e8,92b1,7fbe,a183,
6025,2155,a2e8,92b1,7fbe,c574,
6026,7155,a2e8,92b1,7fbe,5dac,
6027,6155,a2e8,92b1,7fbe,c251,
6028,4941,27ef,82b1,7fbe,a507,
6029,6115,a2e8,7763,7fbe,e5d2,
6030,7155,a2e8,92b1,7fbe,fbf7,
6031,6df4,a2e8,92b1,7fbe,0ca1,
6032,6115,a2e8,92b1,7fbe,9647,
6033,6154,a2e8,92b1,7fbe,3aeb,
6034,0000,e0b0,b6a1,7fbe,2e68,
6035,691d,a2e8,b8b1,7fbe,2a00,
6036,fdf6,b6c8,9a91,7fbe,e163,
6037,6955,a2e8,92b1,7fbe,ecd9,
6038,2685,e2e8,b318,7fbe,21a9,
6039,0000,87c1,02b1,7fbe,4d28,
6040,c0a2,5c18,82b5,7fbe,defa,
6041,7991,a2e8,274d,7fbe,b5fc,
6042,6175,a2e8,92b1,7fbe,09a6,
6043,0000,5792,bab1,7fbe,857b,
6044,1000,4afa,96a0,7fbe,4020,
6045,6595,aa68,92f1,7fbe,3d04,
6046,0000,b8d8,8881,7fbe,1a30,
6047,0000,9efa,86e1,77be,c9d9,
6048,0000,f7fc,92b1,7fbe,5cb7,
6049,6953,a2e8,92b1,7fbe,b40c,
6050,7341,a2e8,92b1,7fbe,0214,
6051,2c47,a2c8,81a1,7fbe,1310,
6052,51d5,a2e8,92b1,7fbe,f156,
6053,b5e3,22e9,e7f0,7fbe,7541,
6054,a498,8268,82b1,7fbe,06ff,
6055,0000,bacf,92b0,7fbe,87d9,
6056,2aec,a2e8,92b1,7fbe,49b8,
6057,cd7a,3b63,9291,7fbe,99cb,
6058,635d,a2e8,92b1,7fbe,44bd,
6059,6155,a2e8,92b1,7fbe,1ca7,
6060,c765,a688,9291,7fbe,7c4b,
6061,6354,a2e8,92b1,7fbe,df62,
6062,6376,a268,92b1,7fbe,17ec,
6063,6114,a2e8,92b1,7fbe,79e5,
6064,0000,4493,b1bf,7fbe,e329,
6065,0000,e76a,1490,7fbe,4de0,
6066,46bd,d008,92a1,7fbe,72c8,
6067,0000,f26a,92b1,7fbe,ed42,
6068,0000,826a,a302,7fbe,31b3,
6069,6155,a2e8,92b1,7fbe,9c89,
6070,2155,a2e8,92b1,7fbe,0c3d,
6071,b7d9,2d00,1f59,7fbe,8de8,
6072,7d4d,0d31,90b9,7fbe,ebc5,
6073,b641,a0d8,92a1,7fbe,a4f4,
6074,ea76,a2e8,6d0c,7fbe,ffbd,
6075,6155,a2e8,92b1,7fbe,7308,
6076,415d,a2f8,92b1,7fbe,2e78,
6077,6981,ba8d,9a93,7fbe,8a13,
6078,91be,a4e8,90b1,7fbe,e2da,
6079,645d,a2e8,92b1,7fbe,d75d,
6080,0000,e2e9,12b1,7fbe,c31e,
6081,7155,a2e8,92b1,7fbe,e840,
6082,615d,a2e8,92b1,7fbe,b2a5,
6083,0000,a2e8,293a,7fbe,bb8b,
6084,6134,a2e8,92b1,7fbe,f747,
6085,0000,6279,9ad0,7fbe,5c12,
6086,5cd1,405c,12b0,7fbe,6297,
6087,a0ed,a6e8,90b1,7fbe,6eaa,
6088,0000,a2e8,9986,7fbe,0b37,
6089,6115,a2e8,92b1,7fbe,aeea,
6090,0000,ccb2,86b5,7fbe,6ed4,
6091,0000,1220,a4fc,7fbe,b619,
6092,6155,a2e8,92b1,7fbe,b4ef,
6093,729e,536c,6334,7fbe,f185,
6094,7955,a2e8,92b1,7fbe,cad7,
6095,2337,bec9,9eb1,7fbe,fcca,
6096,d913,a46e,9435,7fbe,0684,
6097,3045,a2e8,92b1,7fbe,112b,
6098,0000,f9df,ba81,7fbe,174a,
6099,6115,a2e8,92b1,7fbe,4a06,
6100,a3b6,a2e8,92b1,7fbe,c6e2,
6101,63d4,e4e8,90b1,7fbe,0164,
6102,e35d,a2e8,92b1,7fbe,030a,
6103,6555,a2e8,92b1,7fbe,a571,
6104,784d,a2e0,92b1,7fbe,301c,
6105,6251,a2a8,9291,7fbe,dc34,
6106,6155,a2e8,92b1,7fbe,4858,
6107,acb5,a2d8,92a1,7fbe,4bf0,
6108,f2ac,a2e8,92b1,7fbe,97e8,
6109,0000,a689,92b1,7fbe,f99f,
6110,ea3a,a2e2,92b5,7fbe,dabf,
6111,6155,a2e8,92b1,7fbe,e920,
6112,0000,b2e8,2343,7fbe,b1f2,
6113,2aa7,5c6a,93b9,7fbe,9c9a,
6114,6155,a2e8,92b1,7fbe,cfd5,
6115,3194,a228,92f1,7fbe,b018,
6116,0000,22ea,92b1,7fbe,d44e,
6117,2044,a2e8,b4bc,7fbe,260d,
6118,b012,a2cb,92b0,7fbe,e743,
6119,5c51,a2e8,92b1,7fbe,eed7,
6120,6115,a2e8,92b1,7fbe,81e5,
6121,392a,26fb,52a1,ffbe,57dd,
6122,0000,b2e8,92b1,7fbe,26d7,
6123,0000,e2e9,5cec,7fbe,ce5d,
6124,38a0,a2e8,92b1,7fbe,d195,
6125,6151,a2e8,92b1,7fbe,3e80,
6126,a115,a2e8,92b1,7fbe,4a18,
6127,7154,a2e8,92b1,7fbe,7c3e,
6128,6115,a2e8,92b1,7fbe,efe9,
6129,f508,e42a,d473,7fbe,46c2,
6130,2310,a2e0,c1a2,7fbe,5313,
6131,6155,a2e8,92b1,7fbe,304e,
6132,0000,06cb,3692,7fbe,a423,
6133,d155,a2e8,92b1,7fbe,1631,
6134,d1d5,a2e8,92b1,7fbe,8e7b,
6135,0000,2241,97f0,7fbe,8c4b,
6136,617d,a2e8,92b1,7fbe,467c,
6137,5118,a228,339f,7fbe,a12e,
6138,6115,a2e8,92b1,7fbe,c0dc,
6139,1955,e3f0,92b9,7fbe,250d,
6140,a745,f65e,92b1,7fbe,54b6,
6141,3121,9268,82f1,7fbe,062d,
6142,6155,a2e8,92b1,7fbe,101d,
6143,3155,a2e8,92b1,7fbe,75a8,
6144,4155,a2e8,92b1,7fbe,a82a,
6145,15dd,b2e8,92b1,7fbe,540c,
6146,5111,a2e8,92b1,7fbe,d5f7,
6147,635d,a2f8,92b9,7fbe,3096,
6148,00d2,1640,92b5,7fbe,b420,
6149,6155,a2e8,92b1,7fbe,c51f,
6150,6115,a2e8,92b1,7fbe,ba1a,
6151,b527,a2e8,92b1,7fbe,d462,
6152,7ef4,a2e8,92b1,7fbe,7850,
6153,904a,63e9,9cb1,7bbe,72ae,
6154,43be,e3c6,1ab1,7fbe,512f,
6155,6155,a2e8,92b1,7fbe,6842,
6156,6155,a2e8,92b1,7fbe,93a1,
6157,c1f3,a6e8,90b1,7fbe,75a3,
6158,2959,a2e8,a932,7fbe,3b83,
6159,6155,a2e8,92b1,7fbe,4ed0,
6160,4270,a2e8,92b1,7fbe,a365,
6161,c611,a2e8,92b1,7fbe,a7c4,
6162,6955,a2e8,92b1,7fbe,9137,
6163,1651,21c8,d3a1,7fbe,4d09,
6164,e155,a2e8,92b1,7fbe,fc66,
6165,f1bc,ace5,9cbc,7fbe,0e0d,
6166,0000,36bb,92b1,7fbe,3f51,
6167,0000,0890,82a1,7fbe,9a5a,
6168,0000,3861,82a1,7fbe,b2ab,
6169,6546,a2e8,c4f7,7fbe,5646,
6170,0000,d679,1539,7fbe,1f98,
6171,0000,7868,bab3,7fbe,aa86,
6172,6115,a2e8,92b1,7fbe,69f4,
6173,e0d5,a2e8,a651,7fbe,34e0,
6174,0ecd,8268,4a48,7fbe,d8f9,
6175,6013,a2e8,5844,7fbe,caf5,
6176,3550,22e0,d2b1,7fbe,46da,
6177,0000,5529,7628,7fbe,8f4e,
6178,8140,f245,92b1,7fbe,50ad,
6179,e175,a2e8,92b1,7fbe,23e0,
6180,0000,a94c,31f9,7f3e,1d89,
6181,f543,a2e8,265d,7fbe,b4ec,
6182,2145,a2e8,92b1,7fbe,a4ac,
6183,6155,a2e8,92b1,7fbe,fc79,
6184,70db,c2ec,b2b1,7fbe,a179,
6185,615d,a2e8,92b1,7fbe,7c8b,
6186,29c4,a2e0,92b1,7fbe,6c80,
6187,0000,7b22,0d7b,7fbe,9dca,
6188,0000,599c,c7c0,7fbe,547f,
6189,55ed,5b04,92a1,7fbe,f9cc,
6190,6155,a2e8,92b1,7fbe,90be,
6191,6555,a2e8,92b1,7fbe,c42d,
6192,65c7,a2e8,92b1,7fbe,5c0a,
6193,60d5,a2e8,92b1,7fbe,b0a2,
6194,6115,a2e8,92b1,7fbe,62ac,
6195,65d7,a2e8,92b1,7fbe,3d70,
6196,7151,a2e8,92b1,7fbe,1d40,
6197,7955,a2e8,92b1,7fbe,ad94,
6198,0000,ed2c,dd75,7fbe,4fc4,
6199,0000,b714,d281,7fbe,b18c,
6200,2bad,a2e8,92b1,7fbe,4af8,
6201,7155,a2e8,92b1,7fbe,cc5a,
6202,0000,c4f0,32b1,3fbe,a99e,
6203,3d73,82a8,92b1,7fbe,6fa6,
6204,0000,499d,79c4,7fbe,eb75,
6205,6057,a2e8,92b1,7fbe,1ccd,
6206,39ea,a2e8,92b1,7fbe,c8bf,
6207,7441,c87d,b8b3,6fbe,989a,
6208,e155,a2e8,92b1,7fbe,5d32,
6209,6155,a2e8,92b1,7fbe,408c,
6210,3349,2cc8,d6a1,7fbe,d657,
6211,2355,a2e8,92b1,7fbe,28e1,
6212,0000,1090,92b1,7fbe,4b39,
6213,0000,0594,f3a1,7fbe,4544,
6214,6155,a2e8,92b1,7fbe,f1c3,
6215,6155,a2e8,92b1,7fbe,3797,
6216,61fe,a288,9291,7fbe,5723,
6217,4155,a5e8,90b1,7fbe,39c7,
6218,0000,22c7,9232,7fbe,814b,
6219,6ec0,a2e8,92b1,7fbe,1795,
6220,6015,a2e8,92b1,7fbe,56ca,
6221,6051,a2e8,92b1,7fbe,03bd,
6222,9b1c,a3e8,92b1,7fbe,ea55,
6223,7373,a2e8,305d,7fbe,a2ec,
6224,71d5,a2e8,92b1,7fbe,31e6,
6225,de96,a2e8,ebe0,7fbe,7951,
6226,61d5,a2e8,92b1,7fbe,a761,
6227,7158,aae2,92b5,7fbe,8356,
6228,0000,a0ea,92b1,7fbe,424b,
6229,5c80,e2fc,92b9,7fbe,8fcf,
6230,9171,82e8,f4df,7fbe,666e,
6231,3104,d6be,92b1,7fbe,7456,
6232,6115,a2e8,92b1,7fbe,e6de,
6233,6155,a2e8,92b1,7fbe,71fb,
6234,6155,a2e8,92b1,7fbe,ff07,
6235,e31d,a2e8,92b1,7fbe,5ff6,
6236,6155,a2e8,92b1,7fbe,b618,
6237,7f9d,a2e8,92b1,7fbe,1ec8,
6238,6155,a2e8,92b1,7fbe,b7f1,
6239,6155,a2e8,92b1,7fbe,180c,
6240,7513,a2e8,97cb,7fbe,057a,
6241,e175,a2e8,92b1,7fbe,6edc,
6242,c3b7,d2ec,b2b1,7fbe,71a1,
6243,0000,cd20,fd71,7fbe,6fc4,
6244,0000,0094,30cd,7fbe,a27c,
6245,4d94,8097,92b1,7fbe,227f,
6246,60d5,a2e8,92b1,7fbe,23fa,
6247,33f1,1b75,2b2c,7fbe,b99d,
6248,9318,e3e8,92b1,7fbe,bf34,
6249,1859,a2e8,25ef,7fbe,b75e,
6250,7055,a2e8,92b1,7fbe,a102,
6251,21da,a228,92f1,7fbe,a092,
6252,7150,a2e8,92b1,7fbe,5633,
6253,0000,43d4,b0a9,7fbe,e710,
6254,0000,0d61,9f16,7fbe,1820,
6255,7175,a2e8,92b1,7fbe,d5f6,
6256,4594,a2e8,cf2a,7fbe,5d9b,
6257,0000,2802,16b9,7fbe,84e3,
6258,e115,a2e8,92b1,7fbe,10f3,
6259,0000,6813,82b9,7fbe,fae9,
6260,0000,ad19,92a1,7fbe,0dd9,
6261,0000,82c2,96e0,7fbe,2cb8,
6262,0000,edfc,dda5,7fbe,4f14,
6263,d46a,83fa,82b9,7fbe,a597,
6264,7215,a1e8,93b1,7fbe,c68d,
6265,a236,22e8,d2b1,7fbe,aa43,
6266,0000,b1a6,92ba,7fbe,8278,
6267,6275,a2a8,9291,7fbe,ca81,
6268,6155,a2e8,92b1,7fbe,216a,
6269,79c9,a2e8,01e3,7fbe,9352,
6270,0000,92f2,82b5,7fbe,b9a6,
6271,505a,a2e8,dd3d,7fbe,4f8c,
6272,71c5,a2e8,9bc2,7fbe,0973,
6273,2c2b,a2e8,b211,7fbe,20a0,
6274,0000,a2a1,42b2,7fbe,d003,
6275,5155,a2e8,92b1,7fbe,9f58,
6276,7950,a2e8,29b4,7fbe,bb05,
6277,dac4,a2e8,92b1,7fbe,ba90,
6278,6155,a2e8,92b1,7fbe,1fba,
6279,0000,a32c,92b1,7fbe,ec42,
6280,6155,a2e8,92b1,7fbe,d4d9,
6281,2355,a2e8,92b1,7fbe,d463,
6282,0eb7,a2ec,e95c,7fbe,7bed,
6283,9da5,a2e8,bbc1,7fbe,2970,
6284,6157,a2e8,92b1,7fbe,8b86,
6285,6955,a2e8,92b1,7fbe,2612,
6286,615d,a2e8,92b1,7fbe,c663,
6287,2145,a2e8,d2b0,ffbe,b725,
6288,6155,a2e8,92b1,7fbe,a922,
6289,3135,a2e8,0851,7fbe,9ae0,
6290,2ca7,a2e8,92b1,7fbe,4dd2,
6291,0000,abf4,9bac,7fbe,091d,
6292,5994,fbcf,94b1,7fbe,9527,
6293,ee3a,22e8,92b1,7fbe,0aae,
6294,7143,a6a8,9291,7fbe,15fc,
6295,79fd,b3ec,9231,7fbe,c5c2,
6296,415d,a2e8,92b1,7fbe,fbe0,
6297,b33d,86b4,b6ed,7fbe,245c,
6298,e17d,a2e8,b3cc,7fbe,217d,
6299,5d19,5557,9ab5,7fbe,e7b2,
6300,7977,a2e8,92b1,7fbe,be8f,
6301,8b6a,80f0,52a0,ffbe,034a,
6302,0000,82b5,b2ec,7fbe,205d,
6303,5f8e,a2e8,b577,7fbe,27c6,
6304,e975,a2e8,92b1,7fbe,4e2f,
6305,2115,a2e8,92b1,7fbe,fc08,
6306,cd64,5034,aa73,7fbe,a31f,
6307,102b,a2e8,92b1,7fbe,717e,
6308,f045,a2e8,86b6,7fbe,1407,
6309,715d,a2e8,92b1,7fbe,119f,
6310,6975,a2e8,92b1,7fbe,7311,
6311,615d,a2e8,92b1,7fbe,029a,
6312,0000,4231,bab1,7fbe,90dd,
6313,74d9,a2e8,3341,7fbe,a1f0,
6314,0000,b780,92a1,7fbe,e412,
6315,6a43,5383,92a1,7fbe,f14b,
6316,9042,a2e4,fa9e,7fbe,682f,
6317,6155,a2e8,92b1,7fbe,dc26,
6318,6354,a2e8,92b1,7fbe,e2cc,
6319,6155,a2e8,92b1,7fbe,e8ba,
6320,7a38,a2e8,576a,7fbe,c5db,
6321,6155,a2e8,92b1,7fbe,e32f,
6322,0000,e4e5,72d0,7fbe,7dd2,
6323,6155,a2e8,92b1,7fbe,2002,
6324,dfb1,b75f,9abb,7fbe,05a1,
6325,252d,a288,9291,7fbe,fe1a,
6326,0000,b2ac,92b1,7fbe,9447,
6327,eb3d,a2e8,ea75,7fbe,78c4,
6328,0000,60f8,3858,7fbe,1058,
6329,6155,a2e8,92b1,7fbe,e8ba,
6330,7faa,a2e8,92b1,7fbe,1eff,
6331,ccd9,a0e0,92b1,7fbe,fb94,
6332,695e,fd7b,b2b1,7fbe,1f97,
6333,3552,8268,82b1,7fbe,1410,
6334,9c74,2ae8,96b1,7fbe,eb7d,
6335,6134,a2e8,92b1,7fbe,f747,
6336,0000,201e,98a1,7fbe,94de,
6337,6155,a2e8,92b1,7fbe,c035,
6338,dd75,ba8b,1a93,7fbf,fba9,
6339,b549,2cd0,96a1,7fbe,7a40,
6340,6555,a2e8,92b1,7fbe,e80c,
6341,0000,2e85,93b1,7fbe,af6d,
6342,9d3e,aae8,92b1,7fbe,4431,
6343,a732,2aeb,96b0,7fbe,8f36,
6344,6155,a2e8,92b1,7fbe,6eae,
6345,6155,a2e8,92b1,7fbe,8846,
6346,c71c,a2e8,0032,7fbe,9283,
6347,0000,e468,90b1,7fbe,bc4a,
6348,851c,a2e8,a027,7fbe,3296,
6349,0000,aee1,22b9,7fbe,7c0a,
6350,61d5,a2e8,92b1,7fbe,88b3,
6351,5135,b3a8,9231,7fbe,8991,
6352,af2f,a2e8,92b1,7fbe,ce7a,
6353,2f67,47af,1ad1,7fbe,3df6,
6354,0e1c,5f64,6f3d,7fbe,fd8c,
6355,8100,eeac,d6f0,7fbe,c0ce,
6356,e9e0,a2e8,92b1,7fbe,88f9,
6357,3add,a2e8,ab49,7fbe,39f8,
6358,6157,a2e8,92b1,7fbe,1480,
6359,721d,a1e8,93b1,7fbe,cce8,
6360,a6b9,a2e8,92b1,7fbe,c7ac,
6361,7155,a2e8,92b1,7fbe,8ea9,
6362,9da8,b2ac,92b1,7fbe,ec34,
6363,7100,a2e8,fa17,7fbe,68a6,
6364,6155,a2e8,92b1,7fbe,3670,
6365,7211,a2e9,824d,7fbe,10fc,
6366,57d6,a2e8,92b1,7fbe,1681,
6367,6154,a2e8,92b1,7fbe,3ca9,
6368,41b4,a3e8,9231,7fbe,0f53,
6369,fb61,a2e8,81c8,7fbe,1379,
6370,61df,c503,92b3,7fbe,67af,
6371,6b14,a2e8,92b1,7fbe,1fc1,
6372,7151,a2e8,92b1,7fbe,c930,
6373,6155,a2e8,92b1,7fbe,b234,
6374,6155,a2e8,92b1,7fbe,4ab8,
6375,0000,f3fd,5288,ffbe,11bd,
6376,6555,a2e8,92b1,7fbe,2c29,
6377,0000,6292,9af1,7fbe,d8bb,
6378,61d5,a2e8,92b1,7fbe,68ea,
6379,3145,a2e8,92b1,7fbe,3400,
6380,c5a9,a2e8,92b1,7fbe,a4bc,
6381,6155,a2e8,92b1,7fbe,c0bb,
6382,6115,a2e8,92b1,7fbe,163d,
6383,0000,06eb,c6b1,7fbe,ee83,
6384,6115,a2e8,92b1,7fbe,d54a,
6385,211c,a2e8,20e9,7fbe,b258,
6386,a2c7,a2e8,7fe7,7fbe,ed56,
6387,e155,a2e8,92b1,7fbe,5d32,
6388,42d7,e5f9,10b1,7fbe,b29e,
6389,6115,a2e8,92b1,7fbe,2eff,
6390,4114,82ea,82b1,7fbe,bf5e,
6391,7955,a2e8,92b1,7fbe,f44a,
6392,db31,a2e8,fb6a,7fbe,69db,
6393,5105,b368,9231,7fbe,0031,
6394,1aa1,a2e8,e717,7fbe,75a6,
6395,6055,81e8,93b1,7fbe,ee8f,
6396,6155,a2e8,92b1,7fbe,30ba,
6397,8cab,920a,82f1,7fbe,4d5c,
6398,efed,a2e8,92b1,7fbe,8ff8,
6399,0000,61a5,b0bc,7fbe,575f,
6400,6155,a2e8,92b1,7fbe,a270,
6401,0000,e801,da81,7fbe,dab0,
6402,79d3,a2e8,92b1,7fbe,9e2f,
6403,6155,a2e8,92b1,7fbe,cb2e,
6404,0000,52cc,96b3,7fbe,7822,
6405,0855,a2e8,92b1,7fbe,7900,
6406,7155,a2e8,92b1,7fbe,ed47,
6407,47cf,a2e8,92b1,7fbe,668a,
6408,0000,dec7,c7a5,7fbe,f201,
6409,1846,a2e8,92b1,7fbe,791b,
6410,7055,a2e8,92b1,7fbe,e1f1,
6411,6104,a2c8,92b1,7fbe,4c04,
6412,7157,28da,96a0,7fbe,e07a,
6413,0000,a2e8,92b1,7fbe,8066,
6414,2155,a2e8,92b1,7fbe,ab7e,
6415,c588,e6f8,90b9,7fbe,450b,
6416,0000,356e,a233,6fbe,cb5a,
6417,e155,a2e8,92b1,7fbe,4f10,
6418,0000,fb75,aa81,77be,2057,
6419,0000,a2e8,3965,7fbe,abd4,
6420,0000,20e0,92b1,7fbe,d48d,
6421,6155,a2e8,92b1,7fbe,433d,
6422,6155,a2e8,92b1,7fbe,80fb,
6423,6155,a2e8,92b1,7fbe,fe8c,
6424,41c1,ab79,92a1,7fbe,09b9,
6425,7114,a2e8,92b1,7fbe,0ccd,
6426,0000,7cab,92b3,7fbe,d645,
6427,6115,a2e8,92b1,7fbe,8271,
6428,0000,afde,88f3,7fbe,33f5,
6429,607f,a2e8,92b1,7fbe,013a,
6430,3901,a2e8,51d9,7fbe,c368,
6431,0000,0000,92b1,7fbe,4129,
6432,b6de,a2e8,92b1,7fbe,d68b,
6433,3141,a0d8,92a1,7fbe,e9ce,
6434,317f,a2e8,9f6f,7fbe,0dde,
6435,6155,a2e8,92b1,7fbe,4228,
6436,7106,a2e8,92b1,7fbe,c892,
6437,90d1,a2e8,e7c3,7fbe,7572,
6438,6055,a2e8,92b1,7fbe,9da2,
6439,0000,de0a,ee53,7fbe,7ce2,
6440,6175,a2e8,92b1,7fbe,b449,
6441,5155,a2e8,92b1,7fbe,d149,
6442,9928,2f4d,1f14,7fbe,8da5,
6443,3541,a2e8,92b1,7fbe,5eab,
6444,fd2c,a2e8,0fee,7fbe,9d5f,
6445,6355,a2e8,92b1,7fbe,dcf4,
6446,f376,a2ec,e6f0,7fbe,7441,
6447,6115,a2e8,92b1,7fbe,372c,
6448,2fae,a2e8,92b1,7fbe,4efb,
6449,6055,a2e8,92b1,7fbe,f170,
6450,0de1,a2e8,3cd7,7fbe,ae66,
6451,a0b1,a2e8,317e,7fbe,a3cf,
6452,6145,a2e8,92b1,7fbe,a4b3,
6453,0000,38c4,92b1,7fbe,d2a5,
6454,0000,3878,beb1,7fbe,eab1,
6455,6155,a2e8,92b1,7fbe,ac3d,
6456,0c6a,a2e8,6aee,7fbe,f85f,
6457,0000,758f,c2a1,7fbe,374f,
6458,7161,c418,92b5,7fbe,66f8,
6459,4adf,a2e8,7877,7fbe,eac6,
6460,0000,e221,96a1,7fbe,4ce9,
6461,61d5,a2e8,92b1,7fbe,eff0,
6462,e1bd,a2e8,4cfb,7fbe,de4a,
6463,e9f3,87e8,b0b1,7fbe,9518,
6464,40e8,a2e8,92b1,7fbe,2996,
6465,6171,a2e8,92b1,7fbe,be2f,
6466,c115,a288,9291,7fbe,42f4,
6467,e9d5,a2e8,92b1,7fbe,2a86,
6468,6155,a2e8,92b1,7fbe,a97b,
6469,3102,a2e8,2459,7fbe,b6e8,
6470,6155,a2e8,92b1,7fbe,814d,
6471,239f,c2e8,b2b1,7fbe,1290,
6472,28d8,c4a6,34ff,7fbe,e64e,
6473,737d,ed20,9a91,7fbe,5b88,
6474,7160,e2e8,92b1,7fbe,c0af,
6475,2812,9ae4,82b5,7fbe,8637,
6476,895f,eca5,dcfc,7fbe,4e4d,
6477,6141,a2c8,92a1,7fbe,0fff,
6478,26e4,ee2e,96a0,7fbe,44cd,
6479,9d08,2e30,8ee0,77be,f6b0,
6480,0000,d535,9af8,7fbe,6f2e,
6481,6155,a2e8,92b1,7fbe,c429,
6482,e155,a2e8,92b1,7fbe,e697,
6483,0000,22c8,6eec,7fbe,fc5d,
6484,6115,a2e8,92b1,7fbe,a9f2,
6485,0000,a1ed,82f1,7fbe,23c7,
6486,6155,a2e8,92b1,7fbe,a630,
6487,bc09,ed48,90b1,7dbe,d089,
6488,f110,a36f,9233,7fbe,da48,
6489,e115,a2e8,92b1,7fbe,865c,
6490,0000,b32e,a231,6fbe,b1dd,
6491,6155,a2e8,92b1,7fbe,8585,
6492,6135,a2e8,92b1,7fbe,800b,
6493,e3cc,92ea,82b1,7fbe,92ec,
6494,7d4d,0d31,90b9,7fbe,ebc5,
6495,efb4,66e9,10b1,7fbe,065b,
6496,6155,a2e8,92b1,7fbe,3f8a,
6497,7155,a2e8,92b1,7fbe,00f4,
6498,6155,a2e8,92b1,7fbe,56a5,
6499,6155,a2e8,92b1,7fbe,ee3b,
6500,3b4a,484f,9ab1,7fbe,faa7,
6501,75e0,a2e8,92b1,7fbe,14b5,
6502,5238,a2e8,d9c3,7fbe,4b72,
6503,22ed,82e8,92b1,7fbe,13b4,
6504,6ff6,b2e8,9ab1,7fbe,51b6,
6505,41d8,a2e0,92b5,7fbe,8b98,
6506,ac86,a2e0,92b1,7fbe,ed01,
6507,0000,6292,9af1,7fbe,d8bb,
6508,615d,a2e8,92b1,7fbe,c7db,
6509,9741,a2e8,92b1,7fbe,f65e,
6510,0000,8027,8ab0,77be,beaa,
6511,613e,4bf8,96b1,7fbe,6510,
6512,6061,a260,92b5,7fbe,ca9d,
6513,6054,a3ec,92b1,7fbe,d7aa,
6514,6155,a2e8,92b1,7fbe,0eac,
6515,0000,22e8,ec2f,7fbe,7e9e,
6516,2155,a2e8,92b1,7fbe,817b,
6517,5ed2,a2e8,92b1,7fbe,7f87,
6518,6155,a2e8,92b1,7fbe,c344,
6519,0620,a2e8,7b9e,7fbe,e92f,
6520,6155,a2e8,92b1,7fbe,416a,
6521,0000,2c28,1d11,7fbe,8f80,
6522,0000,01cd,f2b3,6fbe,c7c0,
6523,0000,a3d2,16f1,7fbe,898b,
6524,5ae8,c7f1,82a5,7fbe,57b3,
6525,431d,a36e,a233,6fbe,20a2,
6526,0000,46b2,1a83,7fbe,722f,
6527,6926,0a6e,90f0,7f9e,b7c8,
6528,6355,a2e8,92b1,7fbe,f9e0,
6529,0e10,62e8,d2b1,7fbe,3700,
6530,6955,a2e8,92b1,7fbe,ecd7,
6531,674d,a2c8,92a1,7fbe,6f63,
6532,0000,a2e8,7dd4,7fbe,ef65,
6533,6155,a2e8,92b1,7fbe,b730,
6534,631c,aac8,96b1,7fbe,1685,
6535,6115,a2e8,92b1,7fbe,a99b,
6536,6155,a2e8,92b1,7fbe,dc71,
6537,7555,a2e8,92b1,7fbe,7af1,
6538,0000,a2e8,de3c,7fbe,4c8d,
6539,6124,a2e8,fc0c,7fbe,6ebd,
6540,4155,a2e8,92b1,7fbe,c141,
6541,45d5,92e8,82b1,7fbe,0329,
6542,77fd,fa9b,0690,77be,e741,
6543,6112,a2ea,92b1,7fbe,45ad,
6544,61d5,a2e8,92b1,7fbe,7b8e,
6545,415d,a2e8,92b1,7fbe,ef4b,
6546,6bd7,baa9,9ab1,7fbe,c7d5,
6547,0000,a62d,92b1,7fbe,6587,
6548,6355,a2e8,92b1,7fbe,7ee7,
6549,6155,a2e8,92b1,7fbe,a2fa,
6550,7957,a2e8,741b,7fbe,e6aa,
6551,6155,a2e8,92b1,7fbe,81da,
6552,69e7,a1e8,9091,7fae,562a,
6553,6892,826a,92b5,7fbe,8f05,
6554,0000,a7f8,90b9,7fbe,44d1,
6555,61d5,a2e8,92b1,7fbe,e3c1,
6556,7155,a2e8,92b1,7fbe,3b5b,
6557,0000,1bb5,90b9,7fbe,bc45,
6558,7955,a2e8,92b1,7fbe,92ca,
6559,7555,a2e8,92b1,7fbe,77f1,
6560,6145,a2e8,92b1,7fbe,6cef,
6561,957b,32c1,c6c1,7fbe,5470,
6562,2fc7,5b43,b6a5,7fbe,9787,
6563,c6c6,a2e8,92b1,7fbe,a793,
6564,4961,96f1,d52b,7fbe,b923,
6565,7157,a2e8,92b1,7fbe,dc42,
6566,7115,a2e8,92b1,7fbe,aa79,
6567,215d,a2e8,92b1,7fbe,2ec6,
6568,377a,a2e8,92b1,7fbe,de0d,
6569,3863,7560,92b5,7fbe,d780,
6570,5701,a2d8,92a1,7fbe,8002,
6571,0000,3592,9ab1,7fbe,877a,
6572,7b3c,a2e8,d57d,7fbe,47cc,
6573,00c5,d65d,e784,7fbe,7535,
6574,6510,a2e8,f1dc,7fbe,636d,
6575,c05d,a2e8,4abb,7fbe,d80a,
6576,0000,a627,92b5,7fbe,1d60,
6577,0000,7119,1b31,7bbe,cddc,
6578,6155,a2e8,92b1,7fbe,ed66,
6579,4353,b2e8,92b1,7fbe,3180,
6580,6515,a2e8,e572,7fbe,77c3,
6581,a508,614c,5115,7fbe,c3a4,
6582,3b9b,93ec,30d9,7fbe,a268,
6583,853d,d0dc,92e1,7fbe,7284,
6584,6555,a2e8,92b1,7fbe,408b,
6585,7d72,a2c8,0add,7fbe,986c,
6586,2175,a2e8,92b1,7fbe,4794,
6587,41c9,a2e8,c73a,7fbe,558b,
6588,0000,a2e8,bc0d,7fbe,2ebc,
6589,615d,a2e8,92b1,7fbe,830b,
6590,2355,a2e8,92b1,7fbe,e061,
6591,65d7,12c6,9211,7fbe,b14a,
6592,6155,a2e8,92b1,7fbe,afcb,
6593,6975,a2e8,f22b,7fbe,609a,
6594,6155,a2e8,92b1,7fbe,4b03,
6595,6155,a2e8,92b1,7fbe,2856,
6596,7f1d,b34c,8315,7fbe,11a4,
6597,6115,a2e8,92b1,7fbe,2635,
6598,0000,0ecc,42b1,7fbe,1c35,
6599,0000,a2e8,5608,7fbe,c4b9,
6600,38d0,a2e8,92b1,7fbe,5985,
6601,4fbc,a688,9291,7fbe,0e98,
6602,060c,a5fc,a1b9,7fbe,4008,
6603,0000,810a,d2a1,7fbe,21da,
6604,0000,6e33,d2a1,7fbe,8dd6,
6605,f184,82ea,82b1,7fbe,9d7b,
6606,6055,a2e8,92b1,7fbe,8331,
6607,0000,bd07,92bb,7fbe,1fb5,
6608,7955,a2e8,92b1,7fbe,f63b,
6609,6315,a2e8,92b1,7fbe,c76f,
6610,ee4f,a2e8,92b1,7fbe,9f1a,
6611,6155,a2e8,92b1,7fbe,7096,
6612,53bf,a2e8,7df7,7fbe,ef46,
6613,0000,5fd6,67eb,7fbe,fd78,
6614,2155,a2e8,92b1,7fbe,b5f1,
6615,9305,b2a8,14b2,7fbe,8603,
6616,6b45,a2e8,92b1,7fbe,decc,
6617,8588,a2e8,56d5,7fbe,c464,
6618,0000,ca4b,92a1,7fbe,6883,
6619,0000,fabe,ca67,7fbe,58d6,
6620,6155,a2e8,92b1,7fbe,d4d9,
6621,8c38,a2e8,92b1,7fbe,7d2c,
6622,0000,f705,c75c,7fbe,55ed,
6623,4024,a2e8,61d2,7fbe,f363,
6624,61d5,a2e8,92b1,7fbe,a90f,
6625,615d,a2e8,92b1,7fbe,fdb1,
6626,3f7f,8e84,aab3,6fbe,0fb5,
6627,0000,3294,2295,7fbe,80e1,
6628,e155,a2e8,92b1,7fbe,a04d,
6629,cbec,a2e8,92b1,7fbe,aabd,
6630,6055,a2e8,92b1,7fbe,fcc4,
6631,bb5b,aa40,92b5,7fbe,dcb8,
6632,2395,a2c8,92b1,7fbe,97a2,
6633,6151,a2e8,92b1,7fbe,01f5,
6634,dccb,a2f8,92b9,7fbe,3df4,
6635,7780,a2e9,92b1,7fbe,1696,
6636,6195,a2e8,92b1,7fbe,409a,
6637,6105,a2e8,92b1,7fbe,e7a5,
6638,7759,fc12,92b1,7fbe,5efa,
6639,41d5,a2e8,92b1,7fbe,7cc6,
6640,b2f6,a2e8,92b1,7fbe,d7a3,
6641,5407,f558,8601,7fbe,15b0,
6642,0000,acdc,4295,7fbe,ee71,
6643,0114,a2e8,ed3e,7fbe,7f8f,
6644,844c,a2e8,92b1,7fbe,c559,
6645,c531,a2e8,92b1,7fbe,a464,
6646,0000,650d,9a33,7fbe,c6a2,
6647,6525,92c8,82b1,7fbe,ff8f,
6648,6355,a2e8,92b1,7fbe,2e9e,
6649,6155,a2e8,92b1,7fbe,155b,
6650,589b,a3ec,3e0a,7fbe,acbb,
6651,8117,a2ae,92b3,7fbe,0b63,
6652,3861,a2e8,d53f,7fbe,478e,
6653,7155,a2e8,92b1,7fbe,1882,
6654,c115,22e9,12b1,7fbe,41a7,
6655,6155,a2e8,92b1,7fbe,06bb,
6656,bab1,a098,92a1,7fbe,415e,
6657,00f1,e4a8,0595,7fbe,fe39,
6658,7169,a2e8,4c30,7fbe,de81,
6659,7155,a2e8,92b1,7fbe,77e6,
6660,6155,a2e8,92b1,7fbe,d21e,
6661,6115,a2e8,92b1,7fbe,78ee,
6662,6b56,02da,9291,7fbe,a072,
6663,ddef,a2ec,92b1,7fbe,8cf6,
6664,2243,a688,9291,7fbe,3025,
6665,4155,a2e8,92b1,7fbe,6a92,
6666,603f,7c59,92b1,7fbe,deb1,
6667,0000,c3fb,90b1,7fbe,6713,
6668,6b54,a2e9,a9d4,7fbe,3b65,
6669,0000,ab67,d2a1,7fbe,89bf,
6670,0000,cd82,a635,7fbe,19e6,
6671,2085,a2e8,92b1,7fbe,49f0,
6672,40fb,59d7,b0b1,7fbe,bf3b,
6673,6155,a2e8,92b1,7fbe,eff5,
6674,e68c,a2e8,92b1,7fbe,879d,
6675,7115,a2e8,92b1,7fbe,f377,
6676,6151,a2e8,92b1,7fbe,b30c,
6677,6013,a2e8,5844,7fbe,caf5,
6678,1221,c260,441b,7fbe,d6aa,
6679,6155,a2e8,92b1,7fbe,041e,
6680,f894,55a2,65fb,7fbe,f74a,
6681,2750,a2e8,92b1,7fbe,4607,
6682,21fc,8600,92b1,7fbe,24e8,
6683,6055,a2e8,92b1,7fbe,1606,
6684,41b7,b3e8,9231,7fbe,836d,
6685,4155,a2e8,92b1,7fbe,9c19,
6686,6155,a2e8,92b1,7fbe,a086,
6687,6974,a2e8,92b1,7fbe,82c8,
6688,6115,a2e8,92b1,7fbe,c5e0,
6689,0000,487f,b2b9,7fbe,ab87,
6690,ad54,a2e8,92b1,7fbe,cc01,
6691,3d99,a2f9,12b1,7fbe,ee8a,
6692,51b2,a2e8,b930,7fbe,2b81,
6693,6554,a2e8,92b1,7fbe,98b0,
6694,0000,b3a8,9231,7fbe,1e66,
6695,0000,ee5f,ae07,7fbe,a12c,
6696,6155,a2e8,92b1,7fbe,c997,
6697,0000,97b9,90b0,7fbe,3373,
6698,6155,a2e8,92b1,7fbe,f362,
6699,a1fc,47e7,b2b1,7fbe,850f,
6700,6004,a2e8,92b1,7fbe,e367,
6701,0000,a0b8,9291,7fbe,0611,
6702,9f98,a2e8,fc22,7fbe,6e93,
6703,695f,a2e8,92b1,7fbe,0dec,
6704,6157,a2e8,92b1,7fbe,6435,
6705,380e,a2e0,96f1,7f9e,4806,
6706,0000,ee70,f8e1,7fbe,f278,
6707,6155,a2e8,92b1,7fbe,d9cd,
6708,71a7,b2c8,9a91,7fbe,ea5c,
6709,baa3,a2e8,92b1,7fbe,dbb6,
6710,0000,c948,1211,7fbe,eec1,
6711,0000,d0cf,90b9,7fbe,343f,
6712,0426,baa8,12d2,7fbf,7cb0,
6713,7155,a2e8,92b1,7fbe,a4c2,
6714,611d,a2e8,92b1,7fbe,6d93,
6715,7155,a2e8,92b1,7fbe,de2c,
6716,45ae,a2e8,92b1,7fbe,2cb9,
6717,68d5,299d,92b1,7fbe,8b75,
6718,4143,d74a,e713,7fbe,75a2,
6719,0000,e7ca,92b1,7fbe,4522,
6720,b22d,1a21,2a78,7fbe,b8c9,
6721,427d,f278,d2b1,7fbe,9090,
6722,60d7,a264,92b5,7fbe,27e3,
6723,0000,9582,10b1,7fbe,336b,
6724,5155,a2e8,92b1,7fbe,9793,
6725,bb49,96fb,d3f1,7fbe,9693,
6726,feed,a2e8,92b1,7fbe,9bf0,
6727,6957,a2e8,92b1,7fbe,fc37,
6728,c934,a2e8,92b1,7fbe,b865,
6729,0000,8345,82f2,7fbe,01e8,
6730,0000,a2e8,8a0b,7fbe,18ba,
6731,f3df,2220,a231,7fbe,d1c8,
6732,6555,a2e8,92b1,7fbe,5a6e,
6733,6155,a2e8,92b1,7fbe,4525,
6734,0000,99f9,9db7,7fbe,4951,
6735,6555,a2e8,92b1,7fbe,e553,
6736,c5e6,32e8,92b1,7fbe,2db7,
6737,0445,901a,90b9,7fbe,76ea,
6738,0000,96d9,9290,7fbe,3c53,
6739,e175,a2e8,92b1,7fbe,dad4,
6740,6957,a2e8,92b1,7fbe,14ac,
6741,bc21,a268,92b1,7fbe,cc70,
6742,0000,739c,5099,7fbe,1719,
6743,cb20,a0e0,1ef3,7fbe,8c42,
6744,4175,a2e8,92b1,7fbe,035e,
6745,a72c,20d8,92a1,7fbe,1b47,
6746,299f,e257,9231,7fbe,413f,
6747,6115,a2e8,92b1,7fbe,4195,
6748,65d5,92e8,82b1,7fbe,5529,
6749,2516,a2d8,92a1,7fbe,cbd5,
6750,6115,a2e8,92b1,7fbe,3c61,
6751,6155,a2e8,92b1,7fbe,163f,
6752,d57b,a2e8,4d8e,7fbe,df3f,
6753,6914,a2e8,1a4a,7fbe,88fb,
6754,ccec,a2e8,92b1,7fbe,fdf9,
6755,e155,a2e8,92b1,7fbe,a50a,
6756,4524,b248,9331,7f3e,3d51,
6757,57e2,167c,9690,7fbe,38f6,
6758,0000,e4b8,90b1,7fbe,ab37,
6759,0000,a2e9,a652,7fbe,34e3,
6760,872c,a2e8,07b4,7fbe,9505,
6761,4119,a2e8,92b1,7fbe,1de9,
6762,bfbb,aae8,4978,7fbe,dbc9,
6763,4155,a2e8,92b1,7fbe,a1c4,
6764,0000,c5e4,f5b1,7fbe,6700,
6765,fd38,a2ee,92b3,7fbe,d71b,
6766,40d5,a2e8,92b1,7fbe,5bfb,
6767,0000,cc06,f029,7fbe,6846,
6768,2ceb,a4e8,90b1,7fbe,fcec,
6769,7fd9,a2e8,92b1,7fbe,1ecc,
6770,516d,a2ee,92b3,7fbe,3d7b,
6771,0000,4c17,d7a2,7fbe,e6c8,
6772,f255,a2e8,73f2,7fbe,e143,
6773,6155,a2e8,92b1,7fbe,39e9,
6774,f111,a2e8,ce5c,7fbe,5ced,
6775,2155,a2e8,92b1,7fbe,9bec,
6776,6155,a2e8,92b1,7fbe,7a97,
6777,3fe3,a2e8,92b1,7fbe,5ea6,
6778,184c,a2e8,64ec,7fbe,f65d,
6779,6855,92e8,82b1,7fbe,30ff,
6780,5554,a2e8,92b1,7fbe,82e0,
6781,6135,a2e8,e875,7fbe,7ac4,
6782,58dd,4326,10b1,7fbe,65cf,
6783,0000,29af,19f6,7fbe,8b47,
6784,6155,a2e8,92b1,7fbe,677f,
6785,4155,a2e8,92b1,7fbe,0c70,
6786,6155,a2e8,92b1,7fbe,5dff,
6787,b125,a2e8,92b1,7fbe,d070,
6788,7514,a2e8,e8be,7fbe,7a0f,
6789,3495,a2e8,83d2,7fbe,1163,
6790,6155,a2e8,92b1,7fbe,43af,
6791,6155,a2e8,92b1,7fbe,5186,
6792,7115,a2e8,92b1,7fbe,7fa8,
6793,0000,72a8,10b1,7fbe,d671,
6794,29d0,e2e8,92b1,7fbe,9a8d,
6795,611d,a2e8,92b1,7fbe,92e0,
6796,0000,c738,f761,7fbe,65d0,
6797,7155,a2e8,92b1,7fbe,99ee,
6798,6145,a2e8,92b1,7fbe,2285,
6799,e175,a2e8,92b1,7fbe,77d3,
6800,7155,a2e8,92b1,7fbe,0c11,
6801,6155,a2e8,92b1,7fbe,0ef9,
6802,8115,0ada,14b1,7fbe,a033,
6803,e145,a2e8,92b1,7fbe,99b4,
6804,2364,8f2a,92b1,7fbe,2dc2,
6805,7210,a2e8,92b1,7fbe,1305,
6806,7114,a2e8,92b1,7fbe,ee2c,
6807,e312,a2e8,c560,7fbe,57d1,
6808,6191,a2e8,92b1,7fbe,0037,
6809,3dbc,a2e8,92b1,7fbe,5ce9,
6810,6554,a2e8,92b1,7fbe,29a5,
6811,e9ad,a2a9,10d0,7fbe,8261,
6812,d5a9,a2e8,95ca,7fbe,077b,
6813,8648,b2e8,92b1,7fbe,c79f,
6814,53cf,a14a,82a1,7fbe,2382,
6815,6115,a2e8,92b1,7fbe,127e,
6816,0000,16b3,a3b9,7fbe,8765,
6817,f155,a2e8,92b1,7fbe,2cee,
6818,6335,a2e8,92b1,7fbe,7251,
6819,6117,a2e8,92b1,7fbe,dbd4,
6820,3102,a2e8,2459,7fbe,b6e8,
6821,6555,a2e8,92b1,7fbe,96da,
6822,acd4,9019,9eb0,7fbe,22f2,
6823,a0f7,a2e8,7d46,7fbe,eff7,
6824,2c57,c2e8,b2b1,7fbe,b957,
6825,0000,38cc,86f0,77be,e6eb,
6826,418b,a2e8,92b1,7fbe,20de,
6827,0000,1398,b221,7fbe,994a,
6828,a74d,20e8,d2b1,7fbe,fc93,
6829,af23,a2e8,7cc5,7fbe,ee74,
6830,3541,a2e8,de33,7fbe,4c82,
6831,c2d7,a2e8,92b1,7fbe,a382,
6832,1b49,a2e8,6a5c,7fbe,f8ed,
6833,6db3,a2c9,92b4,7fbc,3f02,
6834,ea0b,a2e8,8cbb,7fbe,1e0a,
6835,6155,a2e8,92b1,7fbe,2114,
6836,1f10,a2e8,f13a,7fbe,638b,
6837,1dd5,bae9,9ab1,7fbe,fca0,
6838,0000,a0a8,92b1,7fbe,0def,
6839,7b87,3303,92b5,7fbe,9163,
6840,7d51,a2e8,92b1,7fbe,bd3e,
6841,0fc8,59ee,82b1,5fbe,9002,
6842,c10d,22f9,12b1,7fbe,5679,
6843,615e,bae9,9ab1,7fbe,ff9d,
6844,6154,a2e8,92b1,7fbe,5505,
6845,6155,a2e8,92b1,7fbe,374e,
6846,41d5,a2e8,92b1,7fbe,ee58,
6847,7452,a2e8,92b1,7fbe,9507,
6848,6155,a2e8,92b1,7fbe,3692,
6849,6155,a2e8,92b1,7fbe,0c57,
6850,0000,e0a8,92b2,7fbf,f053,
6851,b9f5,b3e8,9231,7fbe,1e6f,
6852,2334,ea37,82b1,7fbe,68df,
6853,7151,a2e8,92b1,7fbe,7f30,
6854,6115,a2e8,92b1,7fbe,1fb4,
6855,323f,a2e8,92b1,7fbe,532a,
6856,0000,5d25,9395,7fbe,d5a1,
6857,4005,a2e8,d9d8,7fbe,4b69,
6858,d31a,a0e8,93b1,7fbe,a60f,
6859,0154,92e8,82b1,7fbe,9953,
6860,72fa,7df8,92b1,7fbe,df10,
6861,7357,a2e8,45f6,7fbe,d747,
6862,6155,a2e8,92b1,7fbe,a986,
6863,416c,02fb,02b1,7fbe,e257,
6864,6155,a2e8,92b1,7fbe,cd3f,
6865,a351,aa28,92f1,7fbe,d5cb,
6866,5985,bae8,9ab1,7fbe,79ea,
6867,01d7,a2e8,92b1,7fbe,bb1c,
6868,6155,a2e8,92b1,7fbe,74a1,
6869,0000,1af1,9ab1,7fbe,e2be,
6870,e355,a2e8,92b1,7fbe,6dee,
6871,0000,1a5e,96b1,7fbe,b4b6,
6872,32c6,091f,d2b1,7fbe,2bf7,
6873,e131,22f9,12b1,7fbe,cc9b,
6874,7155,82ea,82b1,7fbe,7337,
6875,039c,a2e8,dbb4,7fbe,4905,
6876,6155,a2e8,92b1,7fbe,fd1c,
6877,5913,a2e8,6232,7fbe,f083,
6878,c4c3,a2e0,39ae,7fbe,ab1f,
6879,204b,a2e8,fe95,7fbe,6c24,
6880,0000,d706,e377,7fbe,a720,
6881,0000,a2e8,0e67,7fbe,9cd6,
6882,7195,a2e8,92b1,7fbe,075d,
6883,e155,a2e8,92b1,7fbe,0ab6,
6884,de2d,b2ec,92b1,7fbe,a578,
6885,fa34,b2e8,92b1,7fbe,b1e1,
6886,6151,a2e8,92b1,7fbe,b33d,
6887,0000,882e,2837,7fbe,32a6,
6888,6515,154c,92b1,7fbe,b7a4,
6889,e175,a2e8,92b1,7fbe,33a0,
6890,3155,a2e8,92b1,7fbe,5514,
6891,6195,a2e8,92b1,7fbe,6128,
6892,6945,a2e8,92b1,7fbe,3dbf,
6893,0000,74c1,12b5,7fbe,1734,
6894,0000,8f61,9b92,7fbf,9b18,
6895,0000,20e0,1eb7,7fbe,8c06,
6896,d37f,7a49,92b1,7fbe,d8a1,
6897,e055,a2e8,92b1,7fbe,ab3f,
6898,0000,b9cb,3291,7fbe,8f23,
6899,d1fc,a2e8,6ac7,7fbe,f876,
6900,6355,a2e8,92b1,7fbe,ac30,
6901,6155,a2e8,92b1,7fbe,09b3,
6902,5ce5,a2e8,d78f,7fbe,453e,
6903,f522,aae9,96b1,7fbe,667a,
6904,4e91,3a31,87e1,7f3e,c7b9,
6905,8d65,eed0,d6a1,7fbe,1aa5,
6906,23fa,a2e8,92b1,7fbe,4aaf,
6907,2155,a2e8,92b1,7fbe,7d49,
6908,23cc,2a1e,9a13,7ffe,d99f,
6909,651c,a2e8,92b1,7fbe,09ef,
6910,615d,a2e8,92b1,7fbe,9270,
6911,6115,a2e8,92b1,7fbe,af1f,
6912,7051,a2e8,92b1,7fbe,06be,
6913,0000,a068,948f,7fbe,063e,
6914,bf4b,a2e8,07db,7fbe,956a,
6915,61d5,a2e8,92b1,7fbe,6997,
6916,6515,a2e8,92b1,7fbe,c6ce,
6917,5b96,52bd,92b2,7fbe,f071,
6918,0000,f382,3888,77be,49ad,
6919,4117,a2e8,92b1,7fbe,459b,
6920,4414,204e,38b0,6fbe,8bc1,
6921,f313,a328,9231,7fbe,549f,
6922,0000,37ba,b4f0,7fbe,d5b1,
6923,6053,6749,9ab4,7fbe,d58a,
6924,d492,a2e8,92b1,7fbe,b5d7,
6925,7175,a2e8,92b1,7fbe,0a07,
6926,615d,a2e8,92b1,7fbe,9740,
6927,f175,a2e8,92b1,7fbe,db4b,
6928,0fad,a2c8,92b1,7fbe,7ebd,
6929,6155,a2e8,92b1,7fbe,6353,
6930,1188,14fb,24a2,7fbe,b613,
6931,0000,44a2,a231,7fbe,970a,
6932,755c,a2e8,92b1,7fbe,2406,
6933,6135,a2e8,92b1,7fbe,d34f,
6934,adda,a2e8,92b1,7fbe,cc8f,
6935,6175,a2e8,c68b,7fbe,543a,
6936,4155,a2e8,92b1,7fbe,b540,
6937,61f5,a2e8,92b1,7fbe,bcb9,
6938,0000,e82b,d872,7fbe,4ac3,
6939,6155,a2e8,92b1,7fbe,5f5e,
6940,4155,a2e8,92b1,7fbe,3ac6,
6941,6115,a2e8,92b1,7fbe,1a72,
6942,483a,b2e8,9ab1,7fbe,7a4c,
6943,0c2d,a2e8,5940,7fbe,cbf1,
6944,0000,f399,c3c0,7fbe,5171,
6945,0000,a2e8,1082,7fbe,8233,
6946,d4b9,7020,b0b1,7ebe,8c14,
6947,0000,ad6a,92f1,7fbe,0f62,
6948,b443,a2e8,92b1,7fbe,d4d6,
6949,0000,2d0b,12a1,ffbe,a3d8,
6950,669c,a2e8,6c2a,7fbe,fe9b,
6951,6145,a248,92f1,7fbe,e2c4,
6952,7115,a2e8,92b1,7fbe,485a,
6953,0000,848a,9ae9,7fbe,3ed3,
6954,6155,a2e8,92b1,7fbe,6c6d,
6955,f5bc,a2e8,92b1,7fbe,95b9,
6956,3059,a2e8,b361,7fbe,21d0,
6957,6175,a2e8,b53e,7fbe,278f,
6958,655d,a2e8,92b1,7fbe,dd8c,
6959,2934,a2e8,ea35,7fbe,7884,
6960,2051,a2e8,92b1,7fbe,ebb8,
6961,6155,a2e8,92b1,7fbe,1131,
6962,7114,a2e8,92b1,7fbe,2fca,
6963,0000,83e4,0a62,7fbe,98d3,
6964,d25f,a3e8,ff5a,7fbe,6deb,
6965,6955,a2e8,92b1,7fbe,879e,
6966,6525,a2ea,2f1f,7fbe,bdae,
6967,a355,a2e8,92b1,7fbe,e953,
6968,7d24,a2e8,92b1,7fbe,0e35,
6969,b379,a2e8,92b1,7fbe,d02c,
6970,6155,a2e8,92b1,7fbe,04fc,
6971,6155,a2e8,92b1,7fbe,7163,
6972,835d,e3e8,92b1,7fbe,9ef3,
6973,6155,a2e8,92b1,7fbe,3048,
6974,7151,a2e8,92b1,7fbe,d704,
6975,3a00,a0e8,cf68,7fbe,5dd9,
6976,6b55,a2e8,92b1,7fbe,1490,
6977,f000,a2e8,e70a,7fbe,75bb,
6978,6155,a2e8,92b1,7fbe,f7f9,
6979,0891,a2e8,90af,7fbe,021e,
6980,0000,a2e8,c4a4,7fbe,5615,
6981,c585,b1cd,3291,7fbe,7340,
6982,ca27,a2e8,92b1,7fbe,abf2,
6983,6019,a2e8,92b1,7fbe,f29d,
6984,017f,a2eb,92b0,7fbe,6123,
6985,4110,82e8,82b1,7fbe,866f,
6986,7155,a2e8,92b1,7fbe,31bd,
6987,a975,a6f8,92b1,7fbe,8811,
6988,6194,a2e8,92b1,7fbe,4368,
6989,962d,a2e8,92b1,7fbe,f778,
6990,615f,a2e8,92b1,7fbe,b13d,
6991,7007,a2e8,3006,7fbe,a2b7,
6992,690f,4de5,92b1,7fbe,ef0d,
6993,0000,aec2,92b1,7fbe,d2d7,
6994,0000,b2e8,92b1,7fbe,c6f0,
6995,24d5,a2e8,84bd,7fbe,160c,
6996,7155,a2e8,92b1,7fbe,360a,
6997,0000,3c54,d2a1,7fbe,1e94,
6998,2155,a2e8,92b1,7fbe,fe25,
6999,61d7,a2e8,92b1,7fbe,1bb1,
7000,0000,a2e8,22e3,7fbe,b052,
7001,6155,a2e8,92b1,7fbe,b01b,
7002,6155,a2e8,92b1,7fbe,8677,
7003,137d,a2e8,c930,7fbe,5b81,
7004,6155,a2e8,92b1,7fbe,b89f,
7005,7b3b,a2e8,bb5b,7fbe,29ea,
7006,4114,22e9,12b1,7fbe,b761,
7007,7155,a2e8,92b1,7fbe,d321,
7008,6245,a2e8,d3e8,7fbe,4159,
7009,d535,a2e8,92b1,7fbe,b660,
7010,6155,a2e8,92b1,7fbe,c019,
7011,6955,a2e8,92b1,7fbe,71d8,
7012,0000,9ff3,d232,7fbe,e476,
7013,1421,e2e8,92b1,7fbe,bf5f,
7014,6155,a2e8,92b1,7fbe,427d,
7015,4155,a2e8,92b1,7fbe,0765,
7016,2155,a2e8,92b1,7fbe,03d9,
7017,0000,a2e8,7e17,7fbe,eca6,
7018,6155,a2e8,92b1,7fbe,2d2a,
7019,0000,a400,c3a5,7fbe,a5d4,
7020,0340,a2ed,70bd,7fbe,e20c,
7021,6d56,211c,92b1,7fbe,83f4,
7022,6313,a2f0,92b9,7fbe,f6a5,
7023,0000,38d2,188f,7fbe,8a3e,
7024,6155,a2e8,92b1,7fbe,adb7,
7025,7154,a2e8,92b1,7fbe,3db5,
7026,7155,a2e8,92b1,7fbe,e3ff,
7027,0000,e228,92f1,7fbe,fef4,
7028,0000,a3e9,92b1,7fbe,a824,
7029,6155,a2e8,92b1,7fbe,8ffa,
7030,6155,a2e8,92b1,7fbe,f963,
7031,7b59,42e8,d2b1,7fbe,8aa4,
7032,0000,8ae7,ba92,7fbf,d0fc,
7033,6915,a2e8,92b1,7fbe,da52,
7034,4bfa,a2e8,92b1,7fbe,2aef,
7035,6155,a2e8,92b1,7fbe,7ca1,
7036,7ff6,b2a9,9ab1,7fbe,b3fb,
7037,89d9,b2e8,842b,7fbe,169a,
7038,617d,a2e8,92b1,7fbe,3bfc,
7039,33c5,452a,92b1,7fbe,e7c2,
7040,5290,932e,92b1,7fbe,6853,
7041,d341,a2e8,0fb7,7fbe,9d06,
7042,6155,a2e8,92b1,7fbe,e618,
7043,6155,a2e8,92b1,7fbe,557a,
7044,e10c,a2e9,12b1,7fbe,ce40,
7045,e920,a2ee,92b3,7fbe,f0f5,
7046,0000,a599,9333,7fbe,05b1,
7047,1b17,a2e8,c86c,7fbe,5add,
7048,46da,a228,92f1,7fbe,f3ed,
7049,7955,a2e8,92b1,7fbe,b01a,
7050,1f5b,a2e8,dbaa,7fbe,491b,
7051,2228,a2e8,92b1,7fbe,533d,
7052,6155,a2e8,92b1,7fbe,77f9,
7053,6155,a2e8,92b1,7fbe,5dae,
7054,2055,a2e8,92b1,7fbe,dfa0,
7055,0000,e1e8,bd16,7fbe,2fa7,
7056,4b1b,abe8,92b1,7fbe,1db0,
7057,324f,98b2,1291,7fbe,3a0b,
7058,f155,a2e8,92b1,7fbe,619e,
7059,4a88,aae8,38c5,7fbe,aa74,
7060,0000,a0e8,8dc2,7fbe,1f73,
7061,619c,a36c,9231,7fbe,4d41,
7062,a4e8,80e7,9bb7,7fbe,118a,
7063,4155,a2e8,92b1,7fbe,bd38,
7064,6115,a2e8,92b1,7fbe,b0aa,
7065,8974,b22c,9231,7fbe,cb01,
7066,7155,a2e8,92b1,7fbe,1491,
7067,6959,a2e8,92b1,7fbe,43fc,
7068,b5e7,a2e8,92b1,7fbe,5cb2,
7069,6501,92ea,82b1,7fbe,9682,
7070,3014,a28a,92b0,7fbe,f18e,
7071,9930,a2e8,92b1,7fbe,e865,
7072,6545,a2e8,92b1,7fbe,037d,
7073,6d26,8d16,bd4f,7fbe,2ffe,
7074,0000,afe2,93b8,7fbe,0f34,
7075,210a,01e0,6ed6,7fbe,bc67,
7076,6155,a2e8,92b1,7fbe,887e,
7077,6155,a2e8,92b1,7fbe,0dea,
7078,8b3d,a2e8,92b1,7fbe,ea28,
7079,7955,a2e8,92b1,7fbe,8425,
7080,0000,a3ec,2643,7fbe,b4f2,
7081,0000,5659,da93,7fbe,4cb5,
7082,49d5,c2ec,b2b1,7fbe,9798,
7083,6155,a2e8,92b1,7fbe,e1ba,
7084,091c,aae8,b54c,7fbe,27fd,
7085,ea16,a3cd,82b1,77be,1324,
7086,0000,8641,86a0,7fbe,1ea9,
7087,e5de,a2e8,92b1,7fbe,c40b,
7088,7042,8268,82b1,7fbe,5125,
7089,3d0a,a2e8,f1b9,7fbe,6308,
7090,7050,22ca,92b0,7fbe,2efe,
7091,4155,a2e8,92b1,7fbe,0e5d,
7092,49d1,a2e8,645f,7fbe,f6ee,
7093,0000,b068,807a,7fbe,12cb,
7094,e357,a2e8,92b1,7fbe,fb9c,
7095,587d,a2e8,6456,7fbe,f6e7,
7096,ba63,a2e8,92b1,7fbe,db36,
7097,0000,0109,d3b1,7fbe,61e1,
7098,b8b9,a0e8,93b1,7fbe,89fa,
7099,2c5f,0456,92b1,7fbe,a6be,
7100,2efe,a2e8,92b1,7fbe,4fab,
7101,512d,adba,92f1,7fbe,0f92,
7102,0b75,a2e8,44d8,7fbe,d669,
7103,82d5,a2e8,92b1,7fbe,e340,
7104,c155,a2e8,92b1,7fbe,bd81,
7105,7355,a2e8,92b1,7fbe,e101,
7106,482c,80e8,93b1,7fbe,40db,
7107,e155,a2e8,92b1,7fbe,5753,
7108,2ab1,a2e8,92b1,7fbe,7be1,
7109,0000,e0e8,cf75,7fbe,5dc4,
7110,408f,a2e8,92b1,7fbe,21d8,
7111,70d1,a2e8,92b1,7fbe,3a7a,
7112,909a,a2e8,92b1,7fbe,71cf,
7113,0000,a5ee,3602,7fbe,e895,
7114,2924,84c8,9192,7fbf,f9ab,
7115,0000,f134,0891,7fbe,e98d,
7116,6555,a2e8,92b1,7fbe,de1c,
7117,f4b8,a2e8,bb59,7fbe,29e8,
7118,0000,be4e,96b1,7fbe,90a6,
7119,30fa,f36c,5a4d,7fbe,c8fc,
7120,6155,a2e8,92b1,7fbe,299e,
7121,2535,aa69,92f1,7fbe,c1ea,
7122,7943,a0e8,93b1,7fbe,56c2,
7123,b1c6,22ab,92b0,7fbe,8545,
7124,2115,a2e8,92b1,7fbe,df76,
7125,0000,eaea,a2c9,7fbe,89ce,
7126,7247,a0e8,93b1,7fbe,07b7,
7127,2248,a2e8,5a8b,7fbe,c83a,
7128,6115,a2e8,92b1,7fbe,9a7e,
7129,0000,fb80,5130,7fbe,8ecb,
7130,2eee,a2e8,92b1,7fbe,7fbb,
7131,7155,a2e8,92b1,7fbe,8a9b,
7132,0000,3278,90b1,7fbe,9790,
7133,6155,a2e8,92b1,7fbe,1ca7,
7134,ae63,a2e8,6fd0,7fbe,fd61,
7135,e03c,a2e8,efed,7fbe,7d5c,
7136,0c17,a2e8,92b1,7fbe,6d48,
7137,711b,c104,d2f0,7fbe,a30e,
7138,7355,a2e8,92b1,7fbe,0cd9,
7139,6415,a2e0,a591,7fbe,3720,
7140,e965,a2e8,a0c7,7fbe,3276,
7141,0000,e2e8,92b1,7fbe,54fe,
7142,4f75,4bbd,90b9,7fbe,ed4d,
7143,85b0,2288,d01f,7fbe,42ae,
7144,4091,22e8,d2b1,7fbe,d88d,
7145,0000,e621,92b8,7fbe,45da,
7146,6155,a2e8,92b1,7fbe,8cd6,
7147,611d,a2e8,92b1,7fbe,5d3d,
7148,f965,8c48,bc11,7fbe,2ea0,
7149,4dd6,a2e8,92b1,7fbe,3ea3,
7150,9719,bcfa,9ab1,7fbe,6e8c,
7151,7314,a2e8,92b1,7fbe,aece,
7152,0000,ea9e,dbc3,7fbe,4972,
7153,3303,02e8,d2b1,7fbe,3a78,
7154,0000,e10b,0d91,7dbe,5e47,
7155,e8b2,a2e8,92b1,7fbe,99e7,
7156,0000,b06f,92b1,7fbe,a83d,
7157,2454,a2e8,92b1,7fbe,bf49,
7158,6155,a2e8,92b1,7fbe,5654,
7159,2b48,b912,d5bd,7dbe,1e60,
7160,60d5,28e8,96b1,7fbe,c2ff,
7161,6155,a2e8,92b1,7fbe,af5e,
7162,6155,a2e8,92b1,7fbe,eff5,
7163,0000,7f4d,a2fc,7fbe,941a,
7164,6155,a2e8,92b1,7fbe,a2a4,
7165,7935,a2e8,92b1,7fbe,b17c,
7166,0000,7f8e,4eb6,7fbe,dc07,
7167,0000,d059,c3b5,7fbe,f931,
7168,6955,a2e8,92b1,7fbe,1682,
7169,0000,b477,97b6,7fbe,ac90,
7170,e221,6229,12f1,7fbe,f665,
7171,ea2a,a2e8,92b1,7fbe,8b3f,
7172,3554,82f8,92bd,7fbe,d884,
7173,2e41,a2e8,92b1,7fbe,4f34,
7174,fc42,a8cb,51a1,7dbe,e9f6,
7175,17c4,f1e8,12b9,3fbe,ab2f,
7176,4197,a2e8,c8fc,7fbe,5a4d,
7177,0000,f5a4,96f6,7fbe,c383,
7178,2035,a2ca,92b0,7fbe,4380,
7179,104b,6187,92b8,7fbe,c255,
7180,0000,d3d7,9391,7fbe,72df,
7181,444d,a2e8,6cd4,7fbe,fe65,
7182,0000,1f47,2f1e,7fbe,bdaf,
7183,6f37,acd8,92b1,7fbe,0e30,
7184,6155,a2e8,92b1,7fbe,bf94,
7185,0000,b5b6,e764,7fbe,75d5,
7186,3423,a2ec,92b3,7fbe,1dde,
7187,6155,a2e8,92b1,7fbe,92f7,
7188,6145,a2e8,92b1,7fbe,188c,
7189,e145,a2e8,92b1,7fbe,5199,
7190,675c,a2e8,9a66,7fbe,08d7,
7191,693e,5eed,9231,7fbe,ed05,
7192,651c,a2e8,92b1,7fbe,0745,
7193,a4d8,b7ad,9233,7fbe,8c7d,
7194,3acf,3385,b2b1,7fbe,f169,
7195,6105,a2e8,92b1,7fbe,6a04,
7196,5555,a2e8,92b1,7fbe,2ac2,
7197,0000,a328,9231,7fbe,bf4a,
7198,6955,a2e8,92b1,7fbe,68c4,
7199,6155,a2e8,92b1,7fbe,9bc0,
7200,0000,3bdb,0b82,7fbe,9933,
7201,0000,a2e8,d220,7fbe,4091,
7202,0000,0b75,d7a4,ffbe,c3b6,
7203,c30a,8661,92b1,7fbe,b376,
7204,0000,a2e8,3965,7fbe,abd4,
7205,6155,a2e8,92b1,7fbe,da24,
7206,6555,a2e0,92b5,7fbe,66df,
7207,b154,aac8,96b1,7fbe,6654,
7208,76d6,22c8,92b1,7fbe,97b1,
7209,7155,a2e8,92b1,7fbe,a5f4,
7210,a2d2,a264,92b5,7fbe,e48d,
7211,7157,a2e8,92b1,7fbe,447e,
7212,3155,a2e8,92b1,7fbe,644f,
7213,7155,a2e8,92b1,7fbe,3a99,
7214,3102,a2e8,2459,7fbe,b6e8,
7215,0000,cb0f,92f1,7fbe,6907,
7216,7314,a2e8,92b1,7fbe,0caa,
7217,2345,a2e8,92b1,7fbe,9d55,
7218,6185,a2fc,9291,7fae,10cb,
7219,0000,a2e9,a652,7fbe,34e3,
7220,7955,a2e8,92b1,7fbe,2f3e,
7221,41dd,a2e8,92b1,7fbe,8c0e,
7222,6155,a2e8,92b1,7fbe,8c22,
7223,0000,9384,d2b5,5fbe,04e2,
7224,abdd,a2e8,4b16,7fbe,d9a7,
7225,0000,b2ec,161f,7fbe,84ae,
7226,61d5,a2e8,92b1,7fbe,9f49,
7227,2028,a2e8,92b1,7fbe,496d,
7228,0000,eaea,9292,7fbf,3b03,
7229,6415,a2ec,c586,7fbe,5737,
7230,6154,a2e8,92b1,7fbe,7365,
7231,0000,a2f8,92b9,7fbe,b142,
7232,0000,69c0,92b1,7fbe,5d4c,
7233,6155,a2e8,92b1,7fbe,22e1,
7234,0000,a2e8,390d,7fbe,abbc,
7235,d31e,a2e8,8109,7fbe,13b8,
7236,7051,fa37,92b1,7fbe,58df,
7237,0000,e71d,9074,7fbe,40bf,
7238,01a8,a2e8,92b1,7fbe,40fd,
7239,431d,a2e8,8983,7fbe,1b32,
7240,6155,a2e8,92b1,7fbe,1f8c,
7241,924d,82f8,d2b0,ffbe,b6ea,
7242,d346,9217,b681,7fbe,6ca7,
7243,6155,a2e8,92b1,7fbe,1d4d,
7244,8163,a2e8,92b1,7fbe,e037,
7245,6115,a2e8,92b1,7fbe,4366,
7246,14c9,82e8,d2b5,5fbe,3362,
7247,13a1,82c0,12a0,ffbe,b377,
7248,6315,a2e8,92b1,7fbe,cfc8,
7249,4145,a2e8,92b1,7fbe,8b65,
7250,0000,2625,9ab1,7fbe,948d,
7251,e155,a2e8,92b1,7fbe,16bc,
7252,0000,3c54,d2a1,7fbe,1e94,
7253,103c,62f9,12b1,7fbe,fb1b,
7254,6155,a2e8,92b1,7fbe,8c0a,
7255,6155,a2e8,92b1,7fbe,2055,
7256,635d,a2e8,92b1,7fbe,7218,
7257,1b82,e629,9a11,7ffe,6cc3,
7258,2045,a2e8,92b1,7fbe,ae1b,
7259,5961,a3f0,93a9,7fbe,0110,
7260,10d1,a3e8,9231,7fbe,8a7c,
7261,34d1,22e8,d2b1,7fbe,9975,
7262,6d84,a2e8,1674,7fbe,84c5,
7263,6155,a2e8,92b1,7fbe,58c1,
7264,69f1,b2e8,a0c2,7fbe,3273,
7265,6955,a2e8,92b1,7fbe,75d1,
7266,333f,a2e8,92b1,7fbe,526a,
7267,1b3d,2ec8,92b1,7fbe,dfdd,
7268,5034,820a,8291,7fbe,1a40,
7269,0000,2d90,5b91,7fbe,350b,
7270,0000,4e6a,7c33,7fbe,ef82,
7271,6155,a2e8,92b1,7fbe,cb7e,
7272,7155,a2e8,92b1,7fbe,a770,
7273,d827,411c,9291,7fbe,e7b4,
7274,7359,a2e8,92b1,7fbe,1b50,
7275,0000,2172,9bb7,7fbe,9194,
7276,e031,5b2b,82b1,7fbe,d9c3,
7277,7115,a2e8,92b1,7fbe,9514,
7278,7115,a2e8,92b1,7fbe,388f,
7279,34a5,a1e8,93b1,7fbe,24ce,
7280,7155,a2e8,92b1,7fbe,6e6a,
7281,0574,a2e8,92b1,7fbe,e461,
7282,0000,9491,9ae1,7fbe,2e98,
7283,587f,a2e8,92b1,7fbe,292a,
7284,72f7,a2e8,4002,7fbe,d2b3,
7285,c3dd,e2e8,6366,7fbe,f1d7,
7286,6155,a2e8,92b1,7fbe,0965,
7287,0000,2ecd,86b2,77be,8d0a,
7288,0000,56ca,6482,7fbe,7633,
7289,6155,a2e8,92b1,7fbe,8c6a,
7290,6115,a2e8,92b1,7fbe,d7a7,
7291,6155,a2e8,92b1,7fbe,9f11,
7292,7110,a2ea,92b1,7fbe,0a52,
7293,0000,3e4f,c1b9,5fbe,e2b3,
7294,6155,a2e8,92b1,7fbe,796b,
7295,261d,a2e8,92b1,7fbe,476a,
7296,7145,a2e8,92b1,7fbe,8cfe,
7297,409c,d4b5,93b1,7fbe,545d,
7298,baa3,a2e8,92b1,7fbe,dbb6,
7299,7115,a2e8,92b1,7fbe,85c2,
7300,7055,a2e8,92b1,7fbe,6721,
7301,629b,9208,82d1,7fbe,46b1,
7302,7361,a2c8,92a1,7fbe,8131,
7303,6c55,c231,b23b,7fbe,4ad0,
7304,55fb,a2e8,92b1,7fbe,34ae,
7305,635d,a2e8,92b1,7fbe,5269,
7306,0000,f4d1,b6e8,7fbe,12a2,
7307,6155,a2e8,92b1,7fbe,2e9c,
7308,6155,a2e8,92b1,7fbe,c3f6,
7309,071e,e2e8,b2b1,7fbe,ba91,
7310,6155,a2e8,92b1,7fbe,315b,
7311,49dc,a2e8,92b1,7fbe,2889,
7312,0000,a2e8,8bd9,7fbe,1968,
7313,6717,a2e8,83fe,7fbe,114f,
7314,0000,8d4e,d916,7fbe,49a7,
7315,7151,a2a8,9291,7fbe,16dc,
7316,0000,b631,92a5,7fbe,14fd,
7317,72b5,a2e8,8e6e,7fbe,1cdf,
7318,93bd,89b5,3019,7fbe,3e44,
7319,0000,1e7d,92b3,7fbe,bc93,
7320,ed29,a2e8,3354,7fbe,a1e5,
7321,615d,a2e8,92b1,7fbe,76cf,
7322,6154,a2e8,92b1,7fbe,2ab9,
7323,f555,a2e8,92b1,7fbe,85d3,
7324,0000,c685,b239,7fbe,04f9,
7325,6155,a2e8,92b1,7fbe,9143,
7326,e8fe,a2e8,6dd2,7fbe,ff63,
7327,6163,a3e8,9231,7fbe,d345,
7328,0000,a2a8,1805,7fbe,8ab4,
7329,e3d1,a2e8,92b1,7fbe,8284,
7330,700d,a2e0,92b1,7fbe,32a4,
7331,0000,0ca0,34f9,7fbe,a248,
7332,0000,90c4,92b1,7fbe,f3ce,
7333,0000,a2e8,92b1,7fbe,e072,
7334,2879,abc8,92b1,7fbe,0920,
7335,6155,a2e8,92b1,7fbe,bcee,
7336,6d80,a2e8,9091,7fae,3fab,
7337,0000,a2e8,0348,7fbe,91f9,
7338,4177,a2ec,92b3,7fbe,e674,
7339,6355,a2e8,92b1,7fbe,1da8,
7340,54f5,a2e8,72f2,7fbe,e043,
7341,f5c0,a37f,1233,7fbe,d97f,
7342,0000,35bc,96b0,7fbe,9f56,
7343,0000,4e6c,7617,7fbe,e4a6,
7344,6a01,541f,92a1,7fbe,f4cf,
7345,6155,a2e8,92b1,7fbe,cbfa,
7346,e854,a2e8,3164,7fbe,a3d5,
7347,0000,4805,b231,7fbe,abed,
7348,6548,a0d8,92a1,7fbe,f622,
7349,6154,a2e8,92b1,7fbe,2a07,
7350,a76d,a2e8,c684,7fbe,5435,
7351,3055,a2e8,92b1,7fbe,4cc8,
7352,6155,a2e8,92b1,7fbe,3b26,
7353,0000,a248,92f1,7fbe,8b9f,
7354,6355,a2e8,92b1,7fbe,11e3,
7355,59f6,5ca6,92b0,7fbe,7e6c,
7356,7537,a2e8,7be6,7fbe,e957,
7357,7dc4,a2e8,92b1,7fbe,7d01,
7358,6155,a2e8,92b1,7fbe,9af6,
7359,abfd,a2f0,92b9,7fbe,2a5c,
7360,4155,a2e8,92b1,7fbe,1acf,
7361,6975,a2e8,92b1,7fbe,8379,
7362,b9ca,a2e8,92b1,7fbe,d89f,
7363,ebc3,0148,93b1,7fbe,e83c,
7364,6155,a2e8,92b1,7fbe,a532,
7365,0155,a2e8,92b1,7fbe,38f7,
7366,0985,87ba,92b1,7fbe,2552,
7367,0000,04a1,1f81,7bbe,77fc,
7368,6355,a2e8,92b1,7fbe,9b5e,
7369,d4ac,a0ea,92b0,7fbe,02fd,
7370,42f5,745b,4402,7fbe,d6b3,
7371,0000,ac6a,96b1,7fbe,34fa,
7372,61db,82e0,92b1,7fbe,a27a,
7373,6155,a2e8,92b1,7fbe,239e,
7374,6055,a2e8,92b1,7fbe,6616,
7375,6155,a2e8,92b1,7fbe,1b8b,
7376,7dc0,a2e8,67f7,7fbe,f546,
7377,6115,a2e8,92b1,7fbe,32cb,
7378,3df1,aaea,d6db,7fbe,446a,
7379,61b4,ab9c,92b1,7fbe,0974,
7380,94c0,22bc,12b3,7fbe,8276,
7381,e571,a2e8,5fb3,7fbe,cd02,
7382,61d5,a2e8,92b1,7fbe,04bf,
7383,603f,7c59,92b1,7fbe,deb1,
7384,6365,a2e8,92b1,7fbe,80b8,
7385,7115,a2e8,92b1,7fbe,abc3,
7386,0000,2537,9ab3,7fbe,97db,
7387,6015,a2e8,92b1,7fbe,1725,
7388,6057,a2e8,92b1,7fbe,dafb,
7389,0000,a5ce,9231,7fbe,06a6,
7390,abff,22e8,d2b1,7fbe,245b,
7391,c390,05bb,92b9,7fbe,a647,
7392,7f65,a2e8,92b1,7fbe,1e30,
7393,6545,a2e8,92b1,7fbe,db01,
7394,cc20,68f8,d6a1,7fbe,f872,
7395,0000,c703,f7da,7fbe,656b,
7396,6155,a2e8,92b1,7fbe,1e5e,
7397,0744,a2e8,6d93,7fbe,ff22,
7398,0000,7f28,5a81,7fbe,0d98,
7399,8594,5749,92b1,7fbe,f5a1,
7400,6155,a2e8,92b1,7fbe,fa0c,
7401,31ee,cce7,d314,7fbe,a9e0,
7402,6155,a2e8,92b1,7fbe,16d4,
7403,6155,a2e8,92b1,7fbe,f183,
7404,9b9e,a2e8,92b1,7fbe,fa8b,
7405,6155,a2e8,92b1,7fbe,1a11,
7406,64bc,a2e8,f539,7fbe,6788,
7407,6915,a2e8,92b1,7fbe,2a8c,
7408,8728,82e8,82b1,7fbe,fa1f,
7409,575f,b32a,9231,7fbe,90a1,
7410,0000,b2a8,4505,7fbe,d7b4,
7411,7557,a2e8,92b1,7fbe,ca7d,
7412,64b3,82e4,82b5,7fbe,a4d0,
7413,0000,eeb6,9239,7fbe,5d4e,
7414,0000,5753,9272,7fbe,f4fc,
7415,bfb1,a2e8,92b1,7fbe,dee4,
7416,9992,b2ee,92b1,7fbe,80ad,
7417,4985,a2e8,94ca,7fbe,067b,
7418,2da6,d6fe,96b1,7fbe,7c16,
7419,0000,ce37,aab8,77be,04c9,
7420,9d6e,a2e8,92b1,7fbe,fc3b,
7421,36fc,f6fb,1a93,7fbf,8385,
7422,0000,2175,13b3,7fbe,21db,
7423,e155,a2e8,92b1,7fbe,9fb5,
7424,0000,940d,5a91,7fbe,a6ac,
7425,62a5,a2e8,7174,7fbe,e3c5,
7426,e1a5,a2e8,ad82,7fbe,3f33,
7427,933f,a2f8,92b9,7fbe,d26a,
7428,8cc6,a2e8,92b1,7fbe,ed83,
7429,0000,f1ec,92b1,7fbe,f92a,
7430,938a,a2e8,92b1,7fbe,f2df,
7431,6155,a2e8,92b1,7fbe,b9a0,
7432,b005,a2e8,806d,7fbe,12dc,
7433,6155,a2e8,92b1,7fbe,2c01,
7434,7364,aacb,86b1,77be,abca,
7435,2055,a3f0,92b9,7fbe,6209,
7436,18b0,a2e8,d58c,7fbe,473d,
7437,6955,a2e8,92b1,7fbe,2863,
7438,6155,a2e8,92b1,7fbe,2cf0,
7439,4aa4,aee8,96b1,7fbe,ee3c,
7440,7d46,2daf,92b1,7fbe,8f47,
7441,70f1,a160,93b5,7fbe,6f79,
7442,f824,e88e,b6b1,7fbe,2662,
7443,7355,a2e8,92b1,7fbe,b8ab,
7444,0000,90fe,20e5,7fbe,b254,
7445,fefe,fa89,9a91,7fbe,3d1b,
7446,7115,a2e8,92b1,7fbe,a06c,
7447,0000,a220,92f5,7fbe,20a5,
7448,354b,22e9,92b0,ffbe,6676,
7449,6514,a2e8,92b1,7fbe,62af,
7450,f1b5,a2e8,7057,7fbe,e2e6,
7451,9db4,a269,92f1,7fbe,c3fd,
7452,0000,e97c,8232,ffbe,a62b,
7453,c789,a2e9,ef14,7fbe,7da5,
7454,4151,a2e8,92b1,7fbe,bc2c,
7455,e5dd,64a9,54f0,7fbe,c641,
7456,0000,4e9e,3991,7fbe,4f7e,
7457,7111,a2e8,92b1,7fbe,99fc,
7458,6455,a2e8,7805,7fbe,eab4,
7459,0000,8b25,9bb7,7fbe,3380,
7460,6955,a0e4,92b1,7fbe,020c,
7461,6c15,a2cb,92b0,7fbe,2a54,
7462,6155,a2e8,92b1,7fbe,3f04,
7463,7160,a0d8,92a1,7fbe,e18a,
7464,6151,a2e8,0915,7fbe,9ba4,
7465,4845,c287,b6b1,7fbe,2c67,
7466,6355,a2e8,92b1,7fbe,5d5c,
7467,6155,a2e8,92b1,7fbe,7107,
7468,a955,a688,9291,7fbe,97f6,
7469,61d5,a2e8,92b1,7fbe,4163,
7470,88b1,a2e8,0ecd,7fbe,9c7c,
7471,213d,a2e8,d0dd,7fbe,426c,
7472,2454,a2e8,ab9b,7fbe,392a,
7473,0000,192e,bf35,7fbe,d54b,
7474,7914,5d43,8ab5,7fbe,cfa4,
7475,e37d,a2e8,92b1,7fbe,0651,
7476,6145,a2e8,92b1,7fbe,bcf7,
7477,7145,a0c8,92a1,7fbe,2c2f,
7478,6105,a2e8,92b1,7fbe,b11a,
7479,7115,a2e8,92b1,7fbe,1e88,
7480,6355,a2e8,92b1,7fbe,9ade,
7481,466b,a2e8,92b1,7fbe,073e,
7482,d6d2,a2e8,92b1,7fbe,97c7,
7483,e155,a2e8,92b1,7fbe,2c68,
7484,6153,a2e8,92b1,7fbe,fc58,
7485,615d,a2e8,92b1,7fbe,331b,
7486,b112,a2e8,cd20,7fbe,5f91,
7487,0000,87d7,84b5,7fbe,2237,
7488,51d5,a2e8,92b1,7fbe,2303,
7489,1c0b,1b67,aee0,77be,f53f,
7490,2fa4,a2e8,92b1,7fbe,6ef1,
7491,41f6,b288,92b1,7fbe,1d80,
7492,6145,22e9,12b1,7fbe,de9b,
7493,0000,772e,6375,7fbe,8fd1,
7494,7057,a2e8,92b1,7fbe,6607,
7495,0000,1f57,9832,7fbe,729a,
7496,9873,22e8,d2b1,7fbe,71ef,
7497,4fe7,a2e8,c514,7fbe,57a5,
7498,6155,a2e8,92b1,7fbe,17f5,
7499,6155,a2e8,92b1,7fbe,4917,
7500,4045,8268,92b1,7fbe,ecbd,
7501,2d60,e626,cb33,7fbe,9fc2,
7502,6175,a2e8,92b1,7fbe,271a,
7503,4c21,a0e0,ca95,7fbe,5920,
7504,5251,22f9,12b1,7fbe,7930,
7505,0000,a162,8291,7fbe,278a,
7506,fb55,29ce,9abd,7fbe,9bbf,
7507,2805,20ed,92b1,7fbe,8205,
7508,0000,0f61,d2b1,7fbe,2d81,
7509,61d5,a2e8,92b1,7fbe,237b,
7510,731d,a2e8,e88b,7fbe,7a3a,
7511,7155,a2e8,92b1,7fbe,2d37,
7512,d4ee,a2e8,92b1,7fbe,b7b3,
7513,1597,a2e8,92b1,7fbe,74a3,
7514,d01e,a2e8,92b1,7fbe,b15b,
7515,0000,dea1,095e,7ffe,d9d2,
7516,0000,e6fa,d6a3,7fbe,4412,
7517,0000,52c8,d7c8,7fbe,37eb,
7518,6155,a2e8,92b1,7fbe,5257,
7519,6955,a2e8,92b1,7fbe,513e,
7520,6155,a2e8,92b1,7fbe,4e6a,
7521,6155,a2e8,92b1,7fbe,b4fc,
7522,e1d5,a2e8,92b1,7fbe,e9e8,
7523,6155,a2e8,92b1,7fbe,e1ad,
7524,6155,a2e8,92b1,7fbe,86f0,
7525,dce7,a2e8,92b1,7fbe,3eba,
7526,0000,5028,e6a9,5fbe,ba68,
7527,0000,a2e8,c1e5,7fbe,5354,
7528,091c,a2e8,de13,7fbe,4ca2,
7529,61d5,a2e8,92b1,7fbe,9fc8,
7530,6115,a2e8,92b1,7fbe,d8f7,
7531,6155,a2e8,92b1,7fbe,5870,
7532,6157,a2e8,92b1,7fbe,34a7,
7533,64b5,a2e8,4cca,7fbe,de7b,
7534,0000,0bd7,14b5,7fbe,25a2,
7535,615d,a2e8,92b1,7fbe,7035,
7536,61d5,a2e8,92b1,7fbe,da0d,
7537,6043,a2e8,ed45,7fbe,7ff4,
7538,0000,b1cc,13b9,3fbe,472a,
7539,2355,a2e8,92b1,7fbe,d463,
7540,6157,a2e8,92b1,7fbe,6de4,
7541,f701,a2e8,b416,7fbe,26a7,
7542,0000,16b7,d6a3,7fbe,287b,
7543,7155,a2e8,92b1,7fbe,1fad,
7544,3d16,a22b,92f0,7fbe,0e4d,
7545,0000,aa20,f728,7fbe,835e,
7546,07d5,35cf,0596,7fbe,9727,
7547,7155,a2e8,92b1,7fbe,835f,
7548,1458,82e0,92b5,7fbe,e99e,
7549,1b0d,a2e8,92b1,7fbe,7219,
7550,899a,c1e0,95b1,7dbe,770c,
7551,0000,b3b5,9333,7fbe,12db,
7552,8f4a,a2e8,92b1,7fbe,fe1f,
7553,6155,a2e8,92b1,7fbe,d14e,
7554,0000,272c,92b9,7fbe,85d8,
7555,6355,a2e8,92b1,7fbe,569a,
7556,6047,a2e8,9209,7fbe,00b8,
7557,f19c,a2e8,ba31,7fbe,2880,
7558,7351,a2e8,92b1,7fbe,73bb,
7559,4932,5d15,b660,7fbe,869f,
7560,7965,f91d,92b1,7fbe,5bf5,
7561,0000,5308,6353,7fbe,f1e3,
7562,0000,a2e8,90c3,7fbe,0272,
7563,7155,a2e8,92b1,7fbe,d7f9,
7564,4395,a2e8,92b1,7fbe,9a2b,
7565,a977,e6e8,90b1,7fbe,f9e1,
7566,e28b,a2e8,92b1,7fbe,839e,
7567,6115,a2e8,92b1,7fbe,74e3,
7568,6355,a2e8,92b1,7fbe,efb3,
7569,7051,a2e8,92b1,7fbe,aa87,
7570,6153,a2e8,4a23,7fbe,d892,
7571,6155,a2e8,92b1,7fbe,235f,
7572,6155,a2e8,92b1,7fbe,5634,
7573,0000,30e8,467f,7fbe,d4ce,
7574,b0d3,fd89,92b1,7fbe,5f61,
7575,6155,a2e8,92b1,7fbe,1e62,
7576,6155,a2e8,92b1,7fbe,28da,
7577,61d5,a2e8,92b1,7fbe,cb0a,
7578,7035,e5e8,90b1,7fbe,3447,
7579,6939,a2e8,3b6f,7fbe,a9de,
7580,0000,6a57,12a9,7fbe,4896,
7581,814f,a2e8,7df6,7fbe,ef47,
7582,6159,a2e8,92b1,7fbe,c2e1,
7583,26cc,a2e8,92b1,7fbe,4f99,
7584,7155,a2e8,92b1,7fbe,724b,
7585,6155,a2e8,92b1,7fbe,f28e,
7586,7955,a2e8,92b1,7fbe,fa9e,
7587,42dd,4aba,7ae3,7fbe,e852,
7588,ae1f,a2e8,92b1,7fbe,4f4a,
7589,c8b3,b866,83b5,7fbe,009a,
7590,8cc6,a2e8,92b1,7fbe,ed83,
7591,0000,f066,90b5,7fbe,5684,
7592,ab2c,a2c8,f7ef,7fbe,655e,
7593,2998,8a58,b2f1,6fbe,40f0,
7594,6055,a2e8,3893,7fbe,aa22,
7595,6155,a2e8,92b1,7fbe,38d3,
7596,6155,a2e8,92b1,7fbe,43ae,
7597,c2da,e2e8,b2b1,7fbe,c085,
7598,758d,a2e8,95c5,7fbe,0774,
7599,0000,5766,12b1,7fbe,358f,
7600,0000,edba,1490,7fbe,4d21,
7601,19c1,b3a9,82b1,7fbe,3141,
7602,6155,a2e8,92b1,7fbe,e923,
7603,3e7d,a2e8,92b1,7fbe,5f68,
7604,517c,a2e8,39ff,7fbe,ab4e,
7605,10d7,e7f9,11b1,7fbe,1be3,
7606,6115,a2e8,92b1,7fbe,74e3,
7607,6155,a2e8,92b1,7fbe,4c5c,
7608,7197,e6e8,90b1,7fbe,17e6,
7609,6155,a2e8,92b1,7fbe,661f,
7610,6155,a2e8,92b1,7fbe,bb23,
7611,6155,a2e8,92b1,7fbe,fc1d,
7612,6d55,a2e8,92b1,7fbe,854d,
7613,78e0,a0e8,92b1,7fbe,9fd5,
7614,7155,a2e8,92b1,7fbe,6838,
7615,0000,a2c8,de94,7fbe,4c25,
7616,0000,30cd,3295,7fbe,ba7e,
7617,6155,a2e8,92b1,7fbe,bee4,
7618,0000,8eb8,bee1,7fbe,2c50,
7619,3389,a2e8,9a84,7fbe,0835,
7620,61d5,a2e8,92b1,7fbe,41ff,
7621,e45a,a2e8,27f5,7fbe,b544,
7622,8015,e995,82f4,7fbe,63f6,
7623,e835,a2e8,92b1,7fbe,08ca,
7624,7115,a2e8,92b1,7fbe,7048,
7625,0000,660e,5657,7fbe,c4e6,
7626,0000,a6a8,9291,7fbe,0468,
7627,6155,a2e8,92b1,7fbe,14ee,
7628,bac5,a2e8,00bf,7fbe,920e,
7629,3154,e6b9,93b0,7fbe,4673,
7630,c33d,a2e8,9657,7fbe,04e6,
7631,2e5c,b8e8,e1a9,7fbe,7318,
7632,6165,a2e8,8726,7fbe,1597,
7633,0000,c170,93b9,7fbe,7999,
7634,6155,a2e8,92b1,7fbe,8106,
7635,7157,a2e8,92b1,7fbe,1c77,
7636,c455,a2e8,92b1,7fbe,e9eb,
7637,7351,a2e8,92b1,7fbe,35a9,
7638,224e,5867,92b0,7fbe,7a8c,
7639,6155,a2e8,92b1,7fbe,e5e3,
7640,61d5,a2e8,92b1,7fbe,dc5b,
7641,0000,a2e8,fef6,7fbe,6c47,
7642,d345,e4e8,90b1,7fbe,4274,
7643,6157,a2e8,92b1,7fbe,a81d,
7644,7145,a2e8,92b1,7fbe,3a71,
7645,6055,a2e8,92b1,7fbe,077c,
7646,1015,a268,92b1,7fbe,54ed,
7647,f975,a2e8,7726,7fbe,e597,
7648,6155,a2e8,92b1,7fbe,7d58,
7649,6115,a2e8,92b1,7fbe,3fd1,
7650,eaba,aaea,92b0,7fbe,981f,
7651,433c,6773,12f1,7fbe,050a,
7652,0000,bee0,1ab2,7fbf,5f3a,
7653,c37b,b606,9231,7fbe,05ee,
7654,0000,b2a8,c47a,7fbe,56cb,
7655,2155,a2e8,92b1,7fbe,09fe,
7656,0000,95d5,9c8f,7fbe,0ebe,
7657,d523,a2e0,92b1,7fbe,b566,
7658,0000,c6ea,b2a1,7fbe,2432,
7659,f94f,6225,d2b3,7fbe,818f,
7660,6155,a2e8,92b1,7fbe,84f6,
7661,6b55,b2e8,9ab1,7fbe,0b4a,
7662,efa6,a2e8,92b1,7fbe,a89e,
7663,da5b,a2e8,7542,7fbe,e7f3,
7664,6355,a2e8,92b1,7fbe,03b1,
7665,a260,ec11,b03b,7fbe,2aad,
7666,0000,1268,8bf0,77be,fa82,
7667,9fe7,a2e8,92b1,7fbe,fef2,
7668,6144,a2e8,16dc,7fbe,846d,
7669,70d1,a26a,92b1,7fbe,8512,
7670,3a17,a2e8,92b1,7fbe,5b42,
7671,0000,8ff1,bda8,7fbe,2f19,
7672,6d54,aae8,92b1,7fbe,6a88,
7673,61d5,a2e8,92b1,7fbe,ed2a,
7674,ec69,a2e8,92b1,7fbe,9d79,
7675,5410,82eb,92b0,7fbe,2740,
7676,487d,a2e8,c64e,7fbe,54ff,
7677,ed51,7d07,92b1,7fbe,dfef,
7678,6155,a2e8,92b1,7fbe,9652,
7679,6155,a2e8,92b1,7fbe,0d51,
7680,0000,82ea,92b1,7fbe,b9ad,
7681,0000,9acc,82b1,7fbe,42f7,
7682,e935,a2e8,92b1,7fbe,3c4b,
7683,2874,a2a8,9291,7fbe,674b,
7684,3057,a2e8,a6de,7fbe,346f,
7685,6938,a2ec,92b1,7fbe,7787,
7686,e1d3,515d,90a1,7fbe,f595,
7687,6155,a2e8,92b1,7fbe,4f92,
7688,6155,a2e8,92b1,7fbe,8c00,
7689,6115,a2e8,92b1,7fbe,c245,
7690,9960,a2e8,8dc0,7fbe,1f71,
7691,e530,22f9,12b1,7fbe,a747,
7692,7550,a2e8,92b1,7fbe,766c,
7693,6115,a2e8,92b1,7fbe,e35b,
7694,0000,ea39,da60,7fbe,48d1,
7695,2155,a2e8,dd31,7fbe,4f80,
7696,0000,d5a4,2213,7fbe,e3ca,
7697,b1b4,aa4a,92f0,7fbe,4171,
7698,7155,a2e8,92b1,7fbe,04d9,
7699,6835,a2e8,92b1,7fbe,f387,
7700,6195,a2e8,92b1,7fbe,b423,
7701,6155,a2e8,92b1,7fbe,f813,
7702,422e,a2e8,92b1,7fbe,276b,
7703,0000,591d,b6a3,7fbe,37c5,
7704,6155,a2e8,92b1,7fbe,03c6,
7705,6155,a2e8,92b1,7fbe,28d2,
7706,7155,a2e8,92b1,7fbe,a066,
7707,6493,a2e8,109c,7fbe,822d,
7708,d4ae,a2cb,92b0,7fbe,8552,
7709,d608,a2f0,92b1,7fbe,d5e0,
7710,784d,a2e0,92b1,7fbe,301c,
7711,5551,088d,92b0,7fbe,aa47,
7712,6155,a2e8,92b1,7fbe,e364,
7713,2355,a2e8,92b1,7fbe,b5ac,
7714,11b6,32a8,92b1,7fbe,cb27,
7715,27ed,9f3b,9291,7fbe,35b3,
7716,0000,faea,40b9,7fbe,7e09,
7717,0000,65e2,55bb,7fbe,c70a,
7718,6155,a2e8,92b1,7fbe,5355,
7719,e1d5,a2e8,92b1,7fbe,902a,
7720,b92f,a2c8,92a1,7fbe,abe6,
7721,6069,51e0,d231,7fbe,59b4,
7722,3201,ae68,92d1,7fbe,d1f4,
7723,71d1,a2e8,92b1,7fbe,cc41,
7724,6151,a2e8,92b1,7fbe,d183,
7725,0000,6072,0000,7fbe,f56a,
7726,60f5,a2e8,2262,7fbe,b0d3,
7727,0000,a9a8,2123,7fbe,b392,
7728,199e,0a41,92b1,7fbe,a8a9,
7729,6155,a2e8,92b1,7fbe,34ec,
7730,6155,a2e8,92b1,7fbe,b9b8,
7731,7d1b,a682,9295,7fbe,1b91,
7732,6555,a2e8,92b1,7fbe,e62f,
7733,0000,b1cb,9eb1,7fbe,8332,
7734,a9c9,a2e8,a3e9,7fbe,3158,
7735,6155,a2e8,92b1,7fbe,f2ff,
7736,e155,a2e8,92b1,7fbe,9502,
7737,4155,a2e8,92b1,7fbe,3ac6,
7738,6d75,a688,9291,7fbe,6728,
7739,6115,a2e8,92b1,7fbe,b2fb,
7740,0000,7ba6,0b57,7fbe,e20f,
7741,319f,a2e8,92b1,7fbe,50ca,
7742,e155,a2e8,92b1,7fbe,1b19,
7743,650c,a2e8,92b1,7fbe,757a,
7744,5020,22cc,b7bf,7fbe,250e,
7745,5520,c889,92b1,7fbe,6a61,
7746,2114,a2e8,92b1,7fbe,f307,
7747,c1d7,c86f,12b1,7fbe,ea96,
7748,b4c1,a2e8,1857,7fbe,8ae6,
7749,2b50,a0e8,92b1,7fbe,6714,
7750,0000,907f,9a9b,7fbe,22c7,
7751,0000,f382,3888,77be,49ad,
7752,6155,a2e8,92b1,7fbe,cfb2,
7753,7341,7616,92b1,7fbe,d4fe,
7754,6b16,a2e8,9475,7fbe,06c4,
7755,6115,a2e8,92b1,7fbe,2de8,
7756,0000,a2e8,a338,7fbe,3189,
7757,6355,a2e8,92b1,7fbe,62d9,
7758,6115,a2e8,92b1,7fbe,6a1e,
7759,0000,e074,20f5,7fbe,36d3,
7760,639f,a2ec,92b3,7fbe,2879,
7761,d81d,a2e8,0a4e,7fbe,98ff,
7762,7151,a2e8,92b1,7fbe,84e1,
7763,eadf,a2e8,06a6,7fbe,9417,
7764,6155,a2e8,92b1,7fbe,dacc,
7765,0000,41f2,71b3,7fbe,e30a,
7766,6155,a2e8,92b1,7fbe,116a,
7767,03dd,22e8,d2b1,7fbe,362e,
7768,a05f,a2e8,92b1,7fbe,cb06,
7769,ab2c,a2c8,f7ef,7fbe,655e,
7770,6157,a2e8,92b1,7fbe,a0f0,
7771,ca42,a2e8,92b1,7fbe,6b17,
7772,0000,a2d8,92a1,7fbe,79de,
7773,6155,a2e8,92b1,7fbe,56d5,
7774,6015,a2e8,92b1,7fbe,7f8a,
7775,0000,3564,b231,7fbe,f68c,
7776,6354,a2e8,7cf1,7fbe,ee40,
7777,f0d5,a2e8,92b1,7fbe,8084,
7778,6115,a2e8,92b1,7fbe,de0a,
7779,6115,a2e8,92b1,7fbe,12bd,
7780,7114,a2e8,92b1,7fbe,ba71,
7781,0000,bf9f,92b1,7fbe,42d7,
7782,ef7c,a288,9291,7fbe,6ca5,
7783,0000,7be7,96b1,7fbe,d50f,
7784,7fd3,92e8,82b1,7fbe,6fd1,
7785,0000,a0ee,92b0,7fbe,6327,
7786,02cd,a2e8,92b1,7fbe,229c,
7787,0155,a2e8,92b1,7fbe,4155,
7788,0000,e6c8,d693,7fbe,4422,
7789,0000,a3aa,92b1,7fbe,1ef1,
7790,5058,f5c9,f2b9,7fbe,f639,
7791,d914,a2e8,825c,7fbe,10ed,
7792,c5c5,a2e8,67ec,7fbe,f55d,
7793,719d,a2e8,92b1,7fbe,10a8,
7794,a115,a2e8,92b1,7fbe,d951,
7795,0000,9b71,ab28,7fbe,3999,
7796,dbb3,a2e8,92b1,7fbe,92f6,
7797,0000,f982,fe2b,7fbe,a117,
7798,61b5,a2c8,92b1,7fbe,0344,
7799,9237,f36c,b231,7fbe,b772,
7800,505c,2368,92b1,7fbe,b53e,
7801,6c76,a2e8,92b1,7fbe,0d23,
7802,6055,a2e8,92b1,7fbe,9acc,
7803,cf34,a2a8,9291,7fbe,d81a,
7804,0000,ecc6,92f4,7fbe,46a5,
7805,2155,a2e8,92b1,7fbe,29c9,
7806,785d,e2e8,b2b1,7fbe,99b7,
7807,dd90,a2e8,92b1,7fbe,beed,
7808,7155,a2e8,92b1,7fbe,f7a6,
7809,7155,a2e8,92b1,7fbe,458f,
7810,f360,a2e8,92b1,7fbe,9075,
7811,6155,a2e8,92b1,7fbe,46e1,
7812,0000,4dd4,fb20,7fbe,4771,
7813,7a19,b8e5,92b1,7fbe,1a0d,
7814,6155,a2e8,92b1,7fbe,6b24,
7815,5c3b,a2d8,92a1,7fbe,3c3a,
7816,b624,d6f9,8233,6fbe,f11e,
7817,6854,a2e0,92b5,7fbe,250b,
7818,7111,a2e8,92b1,7fbe,7316,
7819,6111,a2e8,92b1,7fbe,210c,
7820,0000,80c5,13b5,7fbe,d30a,
7821,d449,a2e8,92b1,7fbe,b7dc,
7822,58d8,a2e8,92b1,7fbe,398d,
7823,f045,a2e8,8ada,7fbe,186b,
7824,0005,a2e8,25d5,7fbe,b764,
7825,6155,a2e8,92b1,7fbe,07c8,
7826,6157,a2e8,92b1,7fbe,3cf3,
7827,73d5,a0e8,598f,7fbe,cb3e,
7828,6155,a2e8,92b1,7fbe,4c37,
7829,0000,c334,92b1,7fbe,61a1,
7830,12dc,a2e8,6825,7fbe,fa94,
7831,0000,e7f8,92b1,7fbe,0260,
7832,a297,a2c8,92b1,7fbe,c7c3,
7833,c475,f885,b233,7fbe,0b69,
7834,7279,a2e8,212d,7fbe,b39c,
7835,61f1,a0d8,92a1,7fbe,4f21,
7836,0000,a0f9,90a1,7fbe,fd6f,
7837,6155,a2e8,92b1,7fbe,137d,
7838,6555,a2e8,92b1,7fbe,e62f,
7839,6145,a2e8,92b1,7fbe,d96a,
7840,b1b4,aa4a,92f0,7fbe,4171,
7841,2813,02e8,d2b1,7fbe,7bc0,
7842,cb75,f3fc,b2b9,7fbe,b904,
7843,6955,a2e8,92b1,7fbe,d07a,
7844,fa73,a2e8,d0c3,7fbe,4272,
7845,0000,4cc8,d3a7,7fbe,0e02,
7846,7059,a2e8,92b1,7fbe,6086,
7847,6155,a2e8,92b1,7fbe,3aec,
7848,61d5,a2e8,92b1,7fbe,960f,
7849,5155,a2e8,92b1,7fbe,93c1,
7850,6955,a2e8,92b1,7fbe,0c14,
7851,a3b3,a2e8,e64f,7fbe,74fe,
7852,6155,a2e8,92b1,7fbe,6db4,
7853,77eb,a2a8,92b1,7fbe,17df,
7854,0000,340c,0455,7fbe,96e4,
7855,5474,a2eb,2635,7fbe,b484,
7856,8071,a2e8,1abc,7fbe,880d,
7857,3203,a1e4,92b5,7fbe,0384,
7858,6755,aee8,96b1,7fbe,2597,
7859,61d3,a2e8,92b1,7fbe,5c8a,
7860,6151,a2e8,92b1,7fbe,03b7,
7861,0000,35c3,0ad3,7fbe,bfbc,
7862,0000,0478,3421,7fbe,a690,
7863,717c,62e9,12b1,7fbe,ffb8,
7864,6151,a2e8,92b1,7fbe,6bb7,
7865,5654,d1e1,b233,7fbe,0208,
7866,7155,a2e8,92b1,7fbe,14d5,
7867,0000,31cc,da11,7fbe,0264,
7868,29f3,a2e8,92b1,7fbe,58e6,
7869,11d0,c3fc,b2b9,7fbe,5ec7,
7870,6155,a2e8,92b1,7fbe,5a41,
7871,802b,7815,92f9,7fbe,8221,
7872,6057,a2e8,92b1,7fbe,bc7e,
7873,0000,2e7a,82f0,77be,df55,
7874,51b3,a280,92b5,7fbe,a477,
7875,b20f,c2a7,72fc,7fbe,e04d,
7876,3bc7,a2e8,ef9a,7fbe,7d2b,
7877,1154,2a01,92b1,7fbe,88e9,
7878,0000,f443,93f0,7fbe,5f28,
7879,6155,a2e8,92b1,7fbe,b385,
7880,631d,e4e8,90b1,7fbe,67cd,
7881,e12d,a2e9,12b1,7fbe,686d,
7882,a9f6,a2e8,92b1,7fbe,c821,
7883,9adb,22e8,5976,7fbe,cbc7,
7884,6155,a2e8,92b1,7fbe,557a,
7885,820d,22c8,e578,7fbe,77c9,
7886,4c7a,e3e8,92b1,7fbe,8ea3,
7887,411c,a2e8,863a,7fbe,148b,
7888,6554,a2e8,c349,7fbe,51f8,
7889,cc65,a2e8,92b1,7fbe,3f30,
7890,0000,faec,92b1,7fbe,b296,
7891,edbd,a2e8,338f,7fbe,a13e,
7892,74c0,a248,92b1,7fbe,0325,
7893,5056,a268,92b1,7fbe,e55b,
7894,59c9,a2e8,92b1,7fbe,309c,
7895,0000,d446,1a03,7fbe,6f93,
7896,6115,a2e8,92b1,7fbe,623d,
7897,6594,a2e8,2f73,7fbe,bdc2,
7898,0000,27c5,d335,7fbe,67a5,
7899,8099,b2a8,5d31,7fbe,cf80,
7900,0000,302b,90b8,7fbe,17d0,
7901,3860,abec,8335,7f3e,4549,
7902,4156,b2e8,92b1,7fbe,46e8,
7903,6055,a2e8,92b1,7fbe,8b83,
7904,6155,a2e8,92b1,7fbe,ef5c,
7905,78d3,a2e8,0e58,7fbe,9ce9,
7906,7145,a2e8,92b1,7fbe,7344,
7907,2da2,220a,92f1,7fbe,2ea7,
7908,6155,a2e8,92b1,7fbe,12b4,
7909,63d4,e4e8,90b1,7fbe,0164,
7910,db5a,a2e8,92b1,7fbe,180e,
7911,f8d7,a2e8,92b1,7fbe,9982,
7912,6154,a2e8,92b1,7fbe,28eb,
7913,ec03,12d7,228e,7fbe,b03f,
7914,c579,e2e8,92b1,7fbe,04ac,
7915,3975,a2e8,498b,7fbe,db3a,
7916,eb1d,a15e,e103,7fbe,53b2,
7917,8955,a2e8,aa9a,7fbe,382b,
7918,bde1,a2e8,2308,7fbe,b1b9,
7919,7df8,e2e8,d814,7fbe,4aa5,
7920,2774,a2e8,92b1,7fbe,2621,
7921,2154,a268,92f1,7fbe,fa11,
7922,2105,a2e8,92b1,7fbe,7cfb,
7923,f99f,a2e8,92b1,7fbe,98ca,
7924,e055,a2e8,92b1,7fbe,23b8,
7925,b530,1348,9231,7fbe,eb47,
7926,6915,a2e8,92b1,7fbe,f691,
7927,0000,e1bd,5981,7fbe,3705,
7928,e25b,1675,262c,7fbe,b49d,
7929,2115,a2e8,92b1,7fbe,120a,
7930,6145,a2e8,92b1,7fbe,8bfb,
7931,2115,a2e8,92b1,7fbe,4373,
7932,2693,a2ca,81f5,7fbe,1344,
7933,0000,a2e8,8a0b,7fbe,18ba,
7934,e015,a2e8,03a0,7fbe,9111,
7935,6055,a2e8,92b1,7fbe,f615,
7936,6155,a2e8,92b1,7fbe,e4cd,
7937,6957,a2e8,92b1,7fbe,15a7,
7938,6154,a2e8,92b1,7fbe,13b0,
7939,4917,ba28,92f1,7fbe,a0f4,
7940,7e51,6da0,d3b1,7fbe,4c40,
7941,6155,a2e8,92b1,7fbe,6ab9,
7942,61d7,a2e8,92b1,7fbe,ee27,
7943,0000,2c96,1ccf,7fbe,8e7e,
7944,6115,a2e8,92b1,7fbe,4383,
7945,c846,a2e8,92b1,7fbe,ad13,
7946,a26e,81e0,93b1,7fbe,b355,
7947,0000,ecdb,8391,7fbe,5071,
7948,76ca,a2e8,92b1,7fbe,179f,
7949,5d95,a2c8,92b1,7fbe,5845,
7950,6155,a2e8,92b1,7fbe,3a39,
7951,0000,4bea,10b4,7fbe,6fa5,
7952,d7dc,a6a9,9291,7fbe,bd4d,
7953,2185,a0e8,93b1,7fbe,d6f4,
7954,e515,a2e8,2d4f,7fbe,bffe,
7955,9034,82e8,92b1,7fbe,7e5c,
7956,311f,a2e8,ba91,7fbe,2820,
7957,c475,a2e8,e74b,7fbe,75fa,
7958,e155,a2e8,92b1,7fbe,5e1e,
7959,6155,a2e8,92b1,7fbe,3cb6,
7960,0000,dde0,10a9,7fbe,7929,
7961,c875,c1ec,b3b1,7fbe,f202,
7962,6155,a2e8,92b1,7fbe,70d9,
7963,3285,efd7,96f0,7fbe,c9dc,
7964,0000,50f4,60ad,7fbe,f21c,
7965,6955,a2e8,92b1,7fbe,086c,
7966,0ecf,a2e9,7243,7fbe,e0f2,
7967,b144,b66b,9ab1,7fbe,6b54,
7968,1778,a2e8,92b1,7fbe,662d,
7969,c1d5,e4e8,90b1,7fbe,4a6c,
7970,6175,a2e8,92b1,7fbe,c292,
7971,0000,1774,a2f0,7fbe,4dd9,
7972,d8c7,a2e8,92b1,7fbe,a9d2,
7973,6115,a2e8,92b1,7fbe,abcd,
7974,6f4c,2ae8,96b1,7fbe,9e4b,
7975,0000,fe67,c63c,7fbe,548d,
7976,566d,a2ec,92b3,7fbe,b31a,
7977,0000,90c1,a098,7fbe,3229,
7978,6915,a2e8,92b1,7fbe,0a2f,
7979,7051,a2e8,92b1,7fbe,db58,
7980,6155,a2e8,92b1,7fbe,a786,
7981,6115,a2e8,92b1,7fbe,591c,
7982,e155,a2e8,92b1,7fbe,f15d,
7983,f64f,a2e8,49f7,7fbe,db46,
7984,6155,a2e8,92b1,7fbe,213e,
7985,6155,a2e8,92b1,7fbe,23dc,
7986,0000,43a2,c2f3,7fbe,59ce,
7987,4ad9,80e8,93b1,7fbe,5a0c,
7988,715d,a2e8,92b1,7fbe,f62d,
7989,455f,b32c,9231,7fbe,db54,
7990,b11e,d089,92b1,7fbe,7261,
7991,7115,a2e8,92b1,7fbe,e918,
7992,1a02,a2e9,ab8e,7fbe,393f,
7993,6155,a2e8,92b1,7fbe,6396,
7994,6165,aae8,96b1,7fbe,d353,
7995,6155,a2e8,92b1,7fbe,7826,
7996,6355,a2e8,92b1,7fbe,efb3,
7997,3115,a2e8,92b1,7fbe,91c1,
7998,0000,d44a,e413,7fbe,76a2,
7999,600f,c1e8,93b1,7fbe,f1b9,
8000,0000,4857,9232,7fbe,fb79,
8001,0000,13e8,92b1,7fbe,43b2,
8002,7315,a2e8,92b1,7fbe,64a6,
8003,7155,a2e8,92b1,7fbe,f0d0,
8004,6c86,872b,92b1,7fbe,25c3,
8005,6155,a2e8,92b1,7fbe,32e1,
8006,0000,5e15,90a5,7fbe,d8d5,
8007,6315,a2e8,92b1,7fbe,65e8,
8008,0000,d9e0,bbb3,7fbe,1046,
8009,0000,24b9,9e90,7fbe,1a32,
8010,4145,a2e8,92b1,7fbe,6d9a,
8011,2029,a2c8,92b1,7fbe,5518,
8012,2541,a0f0,92b9,7fbe,238f,
8013,b2f7,a2e8,b553,7fbe,27e2,
8014,a74d,22e8,d2b1,7fbe,4bb7,
8015,5815,c0e8,b3b1,7fbe,87aa,
8016,bd77,a2e8,92b1,7fbe,cc63,
8017,0000,9e72,92b1,7fbe,4565,
8018,4115,a2e8,92b1,7fbe,5fe1,
8019,6151,a2e8,31e0,7fbe,a351,
8020,20d1,81e8,93b1,7fbe,ce42,
8021,0000,83e4,0a62,7fbe,98d3,
8022,4535,b378,9231,7fbe,c187,
8023,2b93,a2e8,978f,7fbe,053e,
8024,fb51,aa28,92f1,7fbe,f9f2,
8025,0000,af98,60f0,3fbe,732e,
8026,f364,85eb,9291,7fbe,2343,
8027,41b6,a0e8,92b1,7fbe,2767,
8028,0000,d68b,9833,7fbe,e267,
8029,4154,a2e8,9560,7fbe,07d1,
8030,6555,a2e8,92b1,7fbe,c75b,
8031,0000,c97a,9027,77be,4e79,
8032,6155,a2e8,92b1,7fbe,81ed,
8033,7145,a2e8,92b1,7fbe,8673,
8034,6155,a2e8,92b1,7fbe,54c6,
8035,f1fa,1e2d,9291,7fbe,bca5,
8036,53d4,a2e8,a2ab,7fbe,301a,
8037,0000,aaf8,92b1,7fbe,bf17,
8038,2015,a2e8,92b1,7fbe,b0e2,
8039,7954,a2e8,92b1,7fbe,8f8a,
8040,6155,a2e8,92b1,7fbe,6aeb,
8041,f8ef,b2e8,92b1,7fbe,efd6,
8042,0000,04ab,8b92,77be,fc06,
8043,97bd,a22c,92f1,7fbe,0183,
8044,3fad,a2e8,1eb2,7fbe,8c03,
8045,6957,a2e8,682d,7fbe,fa9c,
8046,6155,a2e8,92b1,7fbe,e68e,
8047,660c,b2ec,92b1,7fbe,3773,
8048,6115,a2e8,92b1,7fbe,b42b,
8049,c878,e268,e2b5,5fbe,8d24,
8050,7359,a2e8,d1eb,7fbe,435a,
8051,7155,a2e8,92b1,7fbe,e311,
8052,01fd,a2e8,0b74,7fbe,99c5,
8053,0000,c12e,80ff,7fbe,5699,
8054,6914,a2e8,1a4a,7fbe,88fb,
8055,2c2a,040b,92e1,7fbe,a643,
8056,a561,82ea,82b1,7fbe,25f0,
8057,7ca0,a2ea,92b1,7fbe,0d72,
8058,6155,a2e8,92b1,7fbe,2361,
8059,6155,a2e8,92b1,7fbe,5496,
8060,0000,82c8,816a,7fbe,13db,
8061,65d3,a2e9,bc7e,7fbe,2ecf,
8062,0000,6ed9,d2b9,7fbe,0c29,
8063,ed75,a2e8,92b1,7fbe,d158,
8064,4155,a2e8,92b1,7fbe,46ff,
8065,6155,a2e8,92b1,7fbe,417b,
8066,196e,c344,c2b1,5fbe,5f70,
8067,e0d2,a2e8,f8c6,7fbe,6a77,
8068,6115,a2e8,92b1,7fbe,a056,
8069,7155,a2e8,92b1,7fbe,96d0,
8070,7305,a2e8,92b1,7fbe,2af9,
8071,043d,a2e8,9e47,7fbe,0cf6,
8072,0000,a1e0,93b5,7fbe,bf56,
8073,0555,a2e8,2d51,7fbe,bfe0,
8074,615d,a2e8,92b1,7fbe,e996,
8075,b450,a2e8,92b1,7fbe,5405,
8076,22e7,a2e8,e999,7fbe,7b28,
8077,61d5,a2e8,92b1,7fbe,3e75,
8078,0000,8079,9291,7fbe,10c4,
8079,0000,f350,86e8,7fbe,b938,
8080,0000,5fa4,83f5,7fbe,9686,
8081,2f67,47af,1ad1,7fbe,3df6,
8082,0000,de0a,ee53,7fbe,7ce2,
8083,0000,09cb,fafc,6fbe,707e,
8084,355f,a2e8,c1c1,7fbe,5370,
8085,0000,aa01,82bb,7fba,1f83,
8086,e5a8,a1e8,93b1,7fbe,c4ad,
8087,084d,a2e8,e907,7fbe,7bb6,
8088,6955,a2e8,92b1,7fbe,c91a,
8089,504b,d3ca,b2a1,7fbe,3102,
8090,4155,a2e8,92b1,7fbe,4e0b,
8091,a103,e2e8,92b1,7fbe,8e75,
8092,45f5,a2e8,92b1,7fbe,28b3,
8093,6155,a2e8,92b1,7fbe,92ef,
8094,f1d2,a2e8,b19c,7fbe,232d,
8095,6155,a2e8,92b1,7fbe,6356,
8096,0000,5eff,f0bb,7fbe,5b4b,
8097,71d5,a2e8,92b1,7fbe,2078,
8098,6155,a2e8,92b1,7fbe,04f5,
8099,2054,a2e8,92b1,7fbe,add9,
8100,6115,a2e8,92b1,7fbe,ebb9,
8101,6175,a2e8,92b1,7fbe,b3d1,
8102,666d,a2ca,f333,7fbe,6182,
8103,7111,a2e8,92b1,7fbe,78e3,
8104,abfd,a2f0,92b9,7fbe,2a5c,
8105,89d7,e2e8,b2b1,7fbe,7d6d,
8106,0000,f78c,92b1,7fbe,2c43,
8107,0000,dfb5,b029,7fbe,fab9,
8108,6147,a2e8,92b1,7fbe,7ec2,
8109,99f1,b1f4,52b1,3fbe,d73c,
8110,7155,a2e8,92b1,7fbe,5912,
8111,71cb,40c0,bb43,7fbe,29f2,
8112,6155,a2e8,92b1,7fbe,be46,
8113,7151,a2e8,92b1,7fbe,d704,
8114,6315,a2e8,92b1,7fbe,42bf,
8115,0000,5690,66c9,7fbe,f478,
8116,0000,e1cf,1983,7fbe,fb9a,
8117,360b,a2e8,92b1,7fbe,574e,
8118,6154,a2e8,92b1,7fbe,c54b,
8119,0000,6c97,82b1,7fbe,ee7f,
8120,6155,a2e8,92b1,7fbe,52ad,
8121,608c,5e6c,96a0,7fbe,7496,
8122,0000,d24a,12b1,7fbe,b0a3,
8123,3b6f,a2e8,eade,7fbe,786f,
8124,6cc5,a2a8,ff09,7fbe,6db8,
8125,c155,a2e8,92b1,7fbe,b6c9,
8126,6155,a2e8,92b1,7fbe,9f11,
8127,6155,a2e8,92b1,7fbe,fe56,
8128,2c10,b6bd,92b1,7fbe,8881,
8129,7445,a2d8,92a1,7fbe,c1be,
8130,0000,f3df,92b1,7fbe,5137,
8131,6155,a2e8,92b1,7fbe,1108,
8132,6947,a2e8,92b1,7fbe,25f9,
8133,7155,a2e8,92b1,7fbe,d2d2,
8134,038a,a2e8,92b1,7fbe,62df,
8135,6155,a2e8,92b1,7fbe,0878,
8136,7955,a2e8,92b1,7fbe,f63b,
8137,d011,a2e8,92b1,7fbe,9c1d,
8138,6555,a2e8,92b1,7fbe,e579,
8139,6c20,838a,93b1,7f3e,a7b9,
8140,0000,aa20,f728,7fbe,835e,
8141,7c02,a2a8,92b1,7fbe,edd7,
8142,cc2f,a2e8,92b1,7fbe,2d4a,
8143,0000,6cf4,91bd,7fbe,ab04,
8144,3355,22e8,d2b1,7fbe,f938,
8145,6155,a2e8,92b1,7fbe,13cf,
8146,6155,a2e8,92b1,7fbe,86f0,
8147,75b6,a2e8,ff4b,7fbe,6dfa,
8148,1b50,eb60,d3f1,7fbe,e200,
8149,5d54,7211,92b1,7fbe,d0f9,
8150,6554,a2e8,92b1,7fbe,7d92,
8151,ae56,a2e8,9bb3,7fbe,0902,
8152,6357,a2e8,f2b7,7fbe,6006,
8153,6155,a2e8,92b1,7fbe,5aa2,
8154,1114,e2f9,12b1,7fbe,0615,
8155,67d8,a2e8,92b1,7fbe,0789,
8156,6155,a2e8,92b1,7fbe,6c3d,
8157,e77d,a288,9291,7fbe,5812,
8158,4955,a2e8,92b1,7fbe,7b36,
8159,cce8,a2e8,92b1,7fbe,adbd,
8160,0441,a4e8,90b1,7fbe,7c50,
8161,70f1,a160,93b5,7fbe,6f79,
8162,0955,a2e8,92b1,7fbe,7d88,
8163,6045,a2e8,92b1,7fbe,c7e0,
8164,7a25,280f,96b3,7fbe,91f3,
8165,5359,a2e8,92b1,7fbe,b325,
8166,3f17,22e9,12b1,7fbe,69fe,
8167,0000,b0c4,aa71,7fbe,7b2d,
8168,6155,a2e8,92b1,7fbe,61db,
8169,04c0,7ade,92b5,7fbe,d83c,
8170,4155,a2e8,92b1,7fbe,8a83,
8171,6155,a2e8,92b1,7fbe,bbc1,
8172,0fd1,a2e8,92b1,7fbe,7eb4,
8173,6355,a2e8,92b1,7fbe,1f2b,
8174,6155,a2e8,92b1,7fbe,413e,
8175,715d,a2e8,92b1,7fbe,c580,
8176,6c55,a6a8,9291,7fbe,e441,
8177,e155,a2e8,92b1,7fbe,da90,
8178,0000,08e1,b8b8,7fbe,2a09,
8179,2160,2ae8,96b1,7fbe,fd2c,
8180,6155,a2e8,92b1,7fbe,0215,
8181,43b8,a2e8,92b1,7fbe,62ed,
8182,6055,a2e8,92b1,7fbe,683e,
8183,6155,a2e8,92b1,7fbe,777d,
8184,0000,5048,15bb,7fbe,3f31,
8185,6151,a2e8,92b1,7fbe,7d72,
8186,7155,a2e8,92b1,7fbe,ce2a,
8187,0000,2e11,9211,7fbe,991d,
8188,71bc,a2e8,3d1c,7fbe,afad,
8189,6155,a2e8,92b1,7fbe,f6ab,
8190,c41c,ceba,9231,7fbe,6dd2,
8191,6155,a2e8,92b1,7fbe,168c,
8192,3fe8,6c53,93b1,7fbe,edbb,
8193,0000,aa64,92b5,7fbe,9a7d,
8194,6155,a2e8,92b1,7fbe,4acf,
8195,0000,d1f9,9261,7fbe,72e1,
8196,0a3e,413a,92f1,7fbe,e312,
8197,a246,c925,8631,7fbe,d24f,
8198,6155,a2e8,92b1,7fbe,fb99,
8199,a205,97d1,dbb1,7fbe,ef3b,
8200,facb,a3e8,92b1,7fbe,81ac,
8201,5851,a2e8,92b1,7fbe,3904,
8202,4546,a2e8,ef7a,7fbe,7dcb,
8203,869c,89bf,92a1,7fbe,2b67,
8204,d716,9e96,92b0,7fbe,3c5c,
8205,0000,e4fa,90b3,7fbf,4f18,
8206,0000,a7a5,9399,7fbe,221d,
8207,0000,be24,92b1,7fbe,1ccc,
8208,715d,a2e8,92b1,7fbe,af8c,
8209,2115,a2e8,92b1,7fbe,d6b5,
8210,7299,a2e8,877c,7fbe,15cd,
8211,b6d9,a2e8,92b1,7fbe,c788,
8212,0000,b6c8,9a11,7ffe,9ece,
8213,6155,a2e8,92b1,7fbe,2b4e,
8214,0000,0d34,db93,7fbe,7c3b,
8215,58a7,a1bd,92f1,7fbe,1b97,
8216,aaa7,a2e8,92b1,7fbe,cbaa,
8217,e947,a2e8,92b1,7fbe,0408,
8218,0000,9c4c,86e4,7fbe,0a21,
8219,6d51,82ea,82b1,7fbe,a954,
8220,6155,a2e8,92b1,7fbe,72ab,
8221,6183,a2e8,92b1,7fbe,00d2,
8222,0b76,b5f6,a0b9,7fbe,fee0,
8223,0000,2c57,1a13,7fbe,0be8,
8224,6055,a2e8,92b1,7fbe,469f,
8225,137d,a2e8,c930,7fbe,5b81,
8226,6155,a2e8,92b1,7fbe,ec25,
8227,b941,a2e8,eae0,7fbe,7851,
8228,620d,a2e8,92b1,7fbe,0358,
8229,6155,a2e8,92b1,7fbe,87d1,
8230,0000,20c4,92b1,7fbe,5084,
8231,2b3b,80a0,92b1,7fbe,0f4f,
8232,d4d2,a2e8,d7f4,7fbe,4545,
8233,b465,a0d8,92a1,7fbe,8e51,
8234,0411,a2e8,92b1,7fbe,6544,
8235,6974,e2e8,b2b1,7fbe,3bbf,
8236,2a0d,b2e8,1d8e,7fbe,8f3f,
8237,0000,ca08,0051,6fbe,24ca,
8238,51d7,a2e8,92b1,7fbe,1082,
8239,6557,a2e8,92b1,7fbe,b9c5,
8240,7021,c2e8,b2b1,7fbe,ef15,
8241,7151,a2e8,92b1,7fbe,fbc2,
8242,fd33,00af,92b1,7fbe,a247,
8243,d099,b702,875b,7fbe,15ea,
8244,9cdb,cf4a,d2b5,7fbe,ada2,
8245,2155,a2e8,92b1,7fbe,0ede,
8246,bd18,0566,d2ad,7fb6,e0ed,
8247,2294,c3f8,b2b9,7fbe,2289,
8248,e155,a2e8,92b1,7fbe,aa15,
8249,0000,c6ac,52b1,7fbe,a465,
8250,a155,a2e8,92b1,7fbe,366a,
8251,1afd,a2e8,fddb,7fbe,6f6a,
8252,0000,40f0,d7a4,7fbe,c8a6,
8253,6159,a2e8,92b1,7fbe,b6c3,
8254,0000,1774,a2f0,7fbe,4dd9,
8255,b269,a8c8,96b1,7fbe,c4dc,
8256,3545,a2e8,92b1,7fbe,20a9,
8257,6155,a2e8,92b1,7fbe,744d,
8258,6555,a2e8,92b1,7fbe,79b8,
8259,a514,a2e8,92b1,7fbe,32fc,
8260,cb39,1e41,8231,7fbe,8da9,
8261,19f7,e2ec,b2b1,7fbe,a7f5,
8262,3384,a2e8,f8ed,7fbe,6a5c,
8263,ee4e,3cb4,9ab1,7fbe,8e1d,
8264,3140,2ae8,96b1,7fbe,ca4a,
8265,0000,4e3f,bb3b,7ebe,f753,
8266,6155,a2e8,92b1,7fbe,ff0b,
8267,7d7d,e328,9231,7fbe,d842,
8268,0000,a530,9569,7fbe,07d8,
8269,20d8,a2e8,92b1,7fbe,518d,
8270,5315,a2e8,d654,7fbe,44e5,
8271,0000,b3aa,9231,7fbe,15bb,
8272,6155,a2e8,92b1,7fbe,ac09,
8273,6115,a2e8,92b1,7fbe,9d2f,
8274,08b0,b299,9251,7ffe,7b52,
8275,2659,42e0,d2b1,7fbe,2e5f,
8276,e7ca,a2e8,51a4,7fbe,c315,
8277,6b52,a2e9,93fc,7fbe,014d,
8278,0000,9102,92b1,7fbe,1923,
8279,615d,a2e8,92b1,7fbe,0a7b,
8280,0000,a268,b231,7fbe,4eb1,
8281,615d,a2e8,92b1,7fbe,4b73,
8282,6155,a2e8,92b1,7fbe,367a,
8283,7364,aacb,86b1,77be,abca,
8284,9f57,a2e8,0b3e,7fbe,998f,
8285,0000,0000,92f1,7fbe,b8b1,
8286,0000,abe8,dac6,7fbe,4877,
8287,059d,a2e8,72e4,7fbe,e055,
8288,0000,c2b8,90b1,7fbe,6650,
8289,0000,8a88,92f1,7fbe,0175,
8290,7151,a2e8,92b1,7fbe,976c,
8291,6155,a2e8,92b1,7fbe,44c2,
8292,f054,a2e8,ee97,7fbe,7c26,
8293,2155,a2e8,92b1,7fbe,1713,
8294,2160,2ae8,96b1,7fbe,fd2c,
8295,3c95,a2e8,92b1,7fbe,5dc0,
8296,0000,2c33,96a1,7fbe,82fb,
8297,6155,a2e8,92b1,7fbe,c34b,
8298,7d87,5f8a,6fd3,7fbe,fd62,
8299,bf32,a2e8,92b1,7fbe,9e6e,
8300,39b8,2ef9,16b1,7fbe,4e96,
8301,b27c,a2e8,92b1,7fbe,d329,
8302,f553,a2be,92bb,7fbe,65b1,
8303,494e,cd5f,92b5,7fbe,6f3f,
8304,e955,22e9,12b1,7fbe,b918,
8305,316c,42f0,52a0,ffbe,f849,
8306,0000,c620,98b1,7fbe,38c9,
8307,f505,aae8,92b1,7fbe,42bd,
8308,6315,a2e8,92b1,7fbe,ed68,
8309,6290,a2e8,92b1,7fbe,e9a7,
8310,79d9,a2e8,dfd0,7fbe,4d61,
8311,0000,e628,dad1,7f9e,b8c7,
8312,2d89,22e8,d2b1,7fbe,c9bc,
8313,0000,ea8e,1491,7fbe,c337,
8314,6155,a2e8,92b1,7fbe,9110,
8315,0000,72f6,00b9,7fbe,b405,
8316,f2c5,a2e8,92b1,7fbe,93d0,
8317,0000,7f74,9ab8,7fbe,c48f,
8318,7115,a2e8,92b1,7fbe,5214,
8319,7110,a2e8,92b1,7fbe,3686,
8320,0000,b2e8,92b1,7fbe,26d7,
8321,6455,a2e8,92b1,7fbe,9433,
8322,0000,2618,92b5,7fbe,a4f8,
8323,e971,53fe,96f0,7fbe,f194,
8324,6104,a228,92f1,7fbe,06dd,
8325,0000,559b,72b9,7fbe,166a,
8326,f575,a2e8,92b1,7fbe,10f7,
8327,a755,a2e8,d812,7fbe,4aa3,
8328,adb7,415c,7105,7fbe,e3b4,
8329,6955,a2e8,92b1,7fbe,97e0,
8330,6115,a2e8,92b1,7fbe,c9a8,
8331,6155,a2e8,92b1,7fbe,72ab,
8332,251d,2699,1291,7fbe,766f,
8333,610a,a2e8,92b1,7fbe,005f,
8334,0000,b268,78bf,7fbe,ea0e,
8335,0d4f,2efa,1011,7fbe,9ac7,
8336,43c5,a2e8,1866,7fbe,8ad7,
8337,b101,29a3,b3b9,7fbe,a85b,
8338,316b,a2e8,92b1,7fbe,503e,
8339,6155,a2e8,92b1,7fbe,0a61,
8340,f355,e6e8,90b1,7fbe,52ca,
8341,6157,a2e8,92b1,7fbe,c77f,
8342,7201,a2e8,aef9,7fbe,3c48,
8343,2c8a,aae8,92b1,7fbe,cbc6,
8344,1015,a0e8,93b1,7fbe,547a,
8345,6055,a2e8,92b1,7fbe,80ee,
8346,0e22,ea6a,18c9,7fbe,8a78,
8347,615d,a2e8,92b1,7fbe,1853,
8348,0000,70a8,92b1,7fbe,a609,
8349,93f5,b120,92b1,7fbe,13c8,
8350,7171,a2e8,92b1,7fbe,48d3,
8351,e355,a2e8,92b1,7fbe,db0a,
8352,6555,a2e8,92b1,7fbe,c52e,
8353,5caa,a2e8,92b1,7fbe,11df,
8354,6155,a2e8,92b1,7fbe,6be0,
8355,6957,a2e8,92b1,7fbe,8972,
8356,6155,a2e8,92b1,7fbe,9323,
8357,2178,22c8,e3ef,7fbe,715e,
8358,c493,a6a8,9291,7fbe,71d6,
8359,0259,82ea,82b1,7fbe,8d1f,
8360,61b8,a2e8,8268,7fbe,10d9,
8361,0000,0000,92b0,7fbe,992a,
8362,6955,a2e8,92b1,7fbe,5049,
8363,0000,6c30,bb58,7f9e,35d0,
8364,6175,a2e8,92b1,7fbe,2fee,
8365,e1fd,a7e8,90b1,7fbe,b857,
8366,0000,87e1,82a1,7fbe,07ab,
8367,6155,a2e8,92b1,7fbe,baea,
8368,c9fd,a2a8,9ab3,7fbe,3e45,
8369,6955,a2e8,92b1,7fbe,71d8,
8370,6155,a2e8,92b1,7fbe,9761,
8371,7500,26ea,8ab0,77be,b982,
8372,7155,a288,9291,7fbe,0323,
8373,6355,a2e8,92b1,7fbe,41fb,
8374,6175,a2e8,92b1,7fbe,e77a,
8375,83a9,e6e8,90b1,7fbe,cab8,
8376,5299,2ae8,96b1,7fbe,dea2,
8377,6155,a2e8,92b1,7fbe,7b51,
8378,0000,2b60,d0e9,7fbe,547c,
8379,7281,db2f,92b1,7fbe,79c7,
8380,615d,a2e8,92b1,7fbe,6113,
8381,6155,a2e8,92b1,7fbe,06bf,
8382,615f,a2e8,92b1,7fbe,7a65,
8383,1075,d2e8,b2b1,7fbe,ac1c,
8384,0000,baf9,53a5,7fbe,9a28,
8385,7155,a2e8,92b1,7fbe,1bb6,
8386,6154,a2e8,92b1,7fbe,a2d0,
8387,0000,54d9,1a97,7fbe,ae5e,
8388,6155,a2e8,92b1,7fbe,1819,
8389,fd49,a2e8,92b1,7fbe,9c5c,
8390,91be,a4e8,90b1,7fbe,e2da,
8391,1858,a2e8,cd45,7fbe,5ff4,
8392,6b75,a2e8,92b1,7fbe,c95d,
8393,4155,a2e8,92b1,7fbe,ddef,
8394,8137,a2e8,3d71,7fbe,afc0,
8395,36d3,2719,9ab2,7fbe,95d6,
8396,6415,a2e8,0ceb,7fbe,9e5a,
8397,0000,9785,92b1,7fbe,8c6f,
8398,71de,eaca,1293,7fbf,1c1d,
8399,eb56,22cb,92b0,7fbe,c68b,
8400,6155,a2e8,92b1,7fbe,e453,
8401,604b,a3e8,92b1,7fbe,091c,
8402,0000,81e8,adf6,7fbe,3f47,
8403,6155,a2e8,92b1,7fbe,6fe8,
8404,6b55,a2e8,92b1,7fbe,b85e,
8405,4104,7990,1391,7fbe,3c31,
8406,85e2,a2e8,92b1,7fbe,e4b7,
8407,a35d,a2e8,92b1,7fbe,4205,
8408,6075,a2e8,0f59,7fbe,9de8,
8409,0000,fa02,ca5b,7fbe,58ea,
8410,0000,3263,9a93,7fbe,888e,
8411,691d,a2e8,92b1,7fbe,cd8e,
8412,2177,a2f9,12b1,7fbe,133a,
8413,6955,a2e8,92b1,7fbe,a522,
8414,24ab,a2e8,b564,7fbe,27d5,
8415,0000,ba89,81fc,7fbe,16dd,
8416,0000,e0a8,92b2,7fbf,f053,
8417,6975,a2e8,92b1,7fbe,a33b,
8418,ed36,a2e8,8082,7fbe,1233,
8419,0000,aae8,0578,7fbe,97c9,
8420,ecdf,e2e8,27cc,7fbe,b57d,
8421,6155,a2e8,92b1,7fbe,e13e,
8422,5bf0,4bad,92b1,7fbe,e945,
8423,6155,a2e8,92b1,7fbe,b715,
8424,6159,a3f0,92b9,7fbe,3f8d,
8425,6155,a2e8,92b1,7fbe,7fb7,
8426,ecd3,e2f0,b2b9,7fbe,9608,
8427,c3eb,a2e8,92b1,7fbe,a2fe,
8428,d9e1,64cf,92b4,7fbe,c688,
8429,0000,a2e8,7c69,7fbe,eed8,
8430,6955,a2e8,92b1,7fbe,8327,
8431,6155,a2e8,92b1,7fbe,8962,
8432,e155,a2e8,92b1,7fbe,1fe9,
8433,6115,a2e8,92b1,7fbe,bd33,
8434,0000,c2e8,92b1,7fbe,7139,
8435,0000,a2e8,b961,7fbe,2bd0,
8436,3311,a2e8,92b1,7fbe,5244,
8437,cd34,a368,9231,7fbe,ee6a,
8438,0000,a2e8,1119,7fbe,83a8,
8439,ed55,a2e8,92b1,7fbe,d8bf,
8440,2155,a2e8,92b1,7fbe,9836,
8441,6155,a2e8,92b1,7fbe,af22,
8442,c50c,a2dc,92b1,7fbe,0034,
8443,6155,a2e8,92b1,7fbe,74c5,
8444,71f5,a2ae,92b3,7fbe,8109,
8445,0000,bcc9,ca85,7fbe,dcdb,
8446,50b1,a2e8,92b1,7fbe,31e4,
8447,0000,dfb5,b029,7fbe,fab9,
8448,6359,a2e9,8573,7fbe,17c2,
8449,4940,8688,92b1,7fbe,40d4,
8450,455d,c7e1,a2b9,7fbe,151d,
8451,0000,b609,9a99,7fbe,05b9,
8452,a7f7,f2e8,9733,7fbe,0582,
8453,c835,a2e8,92b1,7fbe,ae98,
8454,e954,a2e8,b84c,7fbe,2afd,
8455,6174,a688,9291,7fbe,f8c1,
8456,6155,a2e8,92b1,7fbe,7221,
8457,72fe,2858,1801,7fbe,8ab0,
8458,8253,a2ca,92b0,7fbe,a307,
8459,673c,a2ae,92b3,7fbe,845a,
8460,0000,ae2d,9e74,7fbe,0cc5,
8461,6195,a2e8,92b1,7fbe,2eef,
8462,6414,a2e8,21a6,7fbe,b317,
8463,6155,a2e8,92b1,7fbe,3fd2,
8464,b379,a2e8,92b1,7fbe,d02c,
8465,0000,d8f8,82f1,7fbe,e580,
8466,7155,a2e8,92b1,7fbe,df58,
8467,78b7,a2a8,92b1,7fbe,cf5e,
8468,6175,a2e8,92b1,7fbe,73f8,
8469,7157,a2e8,92b1,7fbe,53a6,
8470,fcd5,a668,92b1,7fbe,1e92,
8471,2da5,a2e8,92b1,7fbe,4cf0,
8472,22bf,a2e8,92b1,7fbe,41ea,
8473,0000,dcdb,8395,7fbe,445e,
8474,2057,a2e8,92b1,7fbe,a1c9,
8475,b229,a2e8,92b1,7fbe,d37d,
8476,4135,a2e8,20e4,7fbe,b255,
8477,0000,7d1f,92b9,7fbe,dfe7,
8478,6115,a2e8,92b1,7fbe,df53,
8479,6155,a2e8,92b1,7fbe,2ba6,
8480,61d1,a2e8,92b1,7fbe,af32,
8481,c15d,a2e8,92b1,7fbe,3f23,
8482,61d7,a2e8,92b1,7fbe,c899,
8483,0000,7a7a,4a2b,7fbe,d89a,
8484,6005,a268,92b1,7fbe,f511,
8485,0000,a028,2271,7fbe,eb41,
8486,6145,a2e8,92b1,7fbe,4269,
8487,610f,a2e8,92b1,7fbe,c446,
8488,5ff7,82ea,82b1,7fbe,1542,
8489,8505,3376,9691,7fbe,9d9e,
8490,e155,a2e8,92b1,7fbe,9556,
8491,48bd,bae8,9ab1,7fbe,ec4d,
8492,6155,a2e8,92b1,7fbe,e95f,
8493,6955,a2e8,92b1,7fbe,be34,
8494,19dd,a2e8,bab3,7fbe,2802,
8495,4155,a2e8,92b1,7fbe,a1c4,
8496,fc33,5dad,99b5,7fbe,834a,
8497,6151,a2e8,92b1,7fbe,dbe6,
8498,6155,a2e8,92b1,7fbe,d2f2,
8499,0000,1b0f,ba32,7fbe,e024,
8500,20c3,a2e8,93e4,7fbe,0155,
8501,4955,a2e8,92b1,7fbe,47f9,
8502,0000,77b3,92a5,7fbe,d5f9,
8503,2155,a2e8,92b1,7fbe,fe25,
8504,0000,7013,96b1,7fbe,5afb,
8505,bd75,a2e8,92b1,7fbe,dc20,
8506,4056,b368,9231,7fbe,d917,
8507,c9c9,a2e8,249e,7fbe,b62f,
8508,60d5,a2e8,92b1,7fbe,6d17,
8509,3ca8,a2e8,92b1,7fbe,4ded,
8510,6555,a2e8,92b1,7fbe,71c4,
8511,6957,a2e8,92b1,7fbe,c526,
8512,578c,a2e8,8f9d,7fbe,1d2c,
8513,0000,3c34,82f8,7fbe,b66f,
8514,6155,a2e8,92b1,7fbe,9d88,
8515,0000,e7e8,90b1,7fbe,b719,
8516,0000,a2c8,1ad2,7fbe,8863,
8517,6175,a2e8,92b1,7fbe,ad66,
8518,9655,b22a,de25,7fbe,4c94,
8519,6155,a2e8,92b1,7fbe,6f7a,
8520,6114,a2e8,92b1,7fbe,22ce,
8521,69de,d8b2,e8eb,7fbe,7a5a,
8522,0000,f417,90f1,7fbe,583f,
8523,7ba5,62a1,12f8,7fbe,8049,
8524,ec47,a2e8,1ce2,7fbe,8e53,
8525,6d75,a2e8,77d3,7fbe,e562,
8526,6955,a2e8,92b1,7fbe,1fd7,
8527,6115,a2e8,92b1,7fbe,f1ad,
8528,6155,a2e8,92b1,7fbe,c489,
8529,bb55,22e0,d2b1,7fbe,c4aa,
8530,6514,a2e8,92b1,7fbe,6116,
8531,2641,b36a,9231,7fbe,e773,
8532,e154,a2e8,92b1,7fbe,f83c,
8533,59f6,a2e8,92b1,7fbe,0d45,
8534,0000,dae6,1291,7fbe,bc4f,
8535,f847,eeeb,92b1,7fbe,4c03,
8536,20e4,65ea,90b3,7fbf,1920,
8537,0000,5bb9,9231,7fbe,e815,
8538,f758,a2e8,5db8,7fbe,cf09,
8539,7155,a2e8,92b1,7fbe,7ba0,
8540,6355,a2e8,92b1,7fbe,6c6f,
8541,7135,a2e8,92b1,7fbe,595e,
8542,7b15,bce0,92b1,7fbe,b190,
8543,3508,a3f0,92b9,7fbe,e449,
8544,4355,4581,75d8,7fbe,e769,
8545,0000,b0bf,80e6,7fbe,1257,
8546,30ef,081f,b271,7fbe,f3f7,
8547,7740,ab2f,9a73,7fbe,921d,
8548,b2f7,a2e8,92b1,7fbe,d3aa,
8549,52e1,b728,b399,7fbe,6398,
8550,6155,a2e8,92b1,7fbe,889c,
8551,b832,3aec,9231,7fbe,89c4,
8552,2eae,b22c,e3b1,5fbe,1f7f,
8553,0000,bda2,8df9,7fbe,1f49,
8554,14a4,a288,9291,7fbe,1927,
8555,f5b0,a3f8,92b9,7fbe,1ce5,
8556,6355,a2e8,92b1,7fbe,cd6c,
8557,0e82,bae8,9ab1,7fbe,c7bc,
8558,ef4c,b2e8,9ab1,7fbe,e3ea,
8559,0200,aac8,f1d3,7fbe,6362,
8560,4b1f,a2e8,5c83,7fbe,ce32,
8561,3201,ae68,92d1,7fbe,d1f4,
8562,3a75,a2e8,92b1,7fbe,5b21,
8563,6155,a2e8,92b1,7fbe,f221,
8564,bd1e,a2e8,92b1,7fbe,dc4b,
8565,6545,6714,92b1,7fbe,c5fc,
8566,4314,a2e8,92b1,7fbe,e95b,
8567,4315,a2e8,303d,7fbe,a28c,
8568,0000,7d49,93b1,7fbe,dca1,
8569,6855,a2e8,92b1,7fbe,daad,
8570,0000,184b,9215,7ffe,a6cc,
8571,82dc,a2e8,92b1,7fbe,61a9,
8572,0000,310c,aa3f,7fbe,dafd,
8573,6155,a2e8,92b1,7fbe,eec8,
8574,f3bd,7f5c,d2b1,7fbe,5db4,
8575,6555,a2e8,92b1,7fbe,fb22,
8576,0000,a288,798b,7fbe,eb3a,
8577,4a65,b0e8,9bb1,7fbe,3161,
8578,3159,a2d8,92a1,7fbe,4d2a,
8579,0000,6953,d90a,7fbe,0bbb,
8580,7348,a2e8,92b1,7fbe,111d,
8581,6155,a2e8,92b1,7fbe,5bdc,
8582,0000,e533,b633,7fbe,ae12,
8583,ed55,a2e8,92b1,7fbe,d8bf,
8584,e627,92ca,82f1,7fbe,b182,
8585,0000,6567,92b1,7fbe,c78f,
8586,0000,e4b6,a3bd,7fbe,0d4a,
8587,7155,a2e8,92b1,7fbe,4457,
8588,7155,a2e8,92b1,7fbe,3fe2,
8589,6155,a2e8,92b1,7fbe,68bf,
8590,0000,a96a,96b1,7fbe,0392,
8591,4166,a2a8,5f58,7fbe,cde9,
8592,0000,a62a,8672,7fbe,2183,
8593,f873,a2e8,99a0,7fbe,0b11,
8594,5301,a2e8,461d,7fbe,d4ac,
8595,9763,82e9,36c0,7fbe,a471,
8596,7115,a2e8,92b1,7fbe,949a,
8597,6155,a2e8,92b1,7fbe,b713,
8598,c9b7,a2e8,92b1,7fbe,a73c,
8599,d121,a2e8,92b1,7fbe,9074,
8600,6355,a2e8,92b1,7fbe,3064,
8601,1c9f,a2e8,92b1,7fbe,6dca,
8602,f9df,a2e8,eab8,7fbe,7809,
8603,7151,a2e8,92b1,7fbe,4ff5,
8604,e165,a2e8,92b1,7fbe,d02f,
8605,5151,a2e8,92b1,7fbe,b94c,
8606,aedf,a2e8,92b1,7fbe,de8e,
8607,47f3,22e9,e037,7fbe,7286,
8608,2355,829e,92b1,7fbe,2076,
8609,0000,07e1,2bf4,7fbe,4459,
8610,f91b,a2ea,2f67,7fbe,bdd6,
8611,3066,aaec,c70a,7fbe,55bb,
8612,0000,b6dc,92b1,7fbe,4701,
8613,6014,aa28,92f1,7fbe,c076,
8614,e155,a2e8,92b1,7fbe,3ab9,
8615,0000,e6c8,90b1,7fbe,a894,
8616,6155,a2e8,92b1,7fbe,86f0,
8617,664a,8368,9231,7fbe,6753,
8618,0000,5a1f,3233,7fbe,c9f0,
8619,6165,a2e8,92b1,7fbe,034e,
8620,6585,a268,92f1,7fbe,47dc,
8621,2e59,6f73,92b5,7fbe,cd97,
8622,0000,965b,d2a1,7fbe,f693,
8623,6110,a2e8,dc6e,7fbe,4edf,
8624,697f,a2e8,307c,7fbe,a2cd,
8625,0000,8dab,bfd2,7fbe,2d73,
8626,6155,a2e8,92b1,7fbe,1332,
8627,44a2,a2e8,92b1,7fbe,3436,
8628,6051,a2e8,92b1,7fbe,d9fa,
8629,2495,a2e8,27c6,7fbe,b577,
8630,6555,a2e8,92b1,7fbe,3903,
8631,6155,a2e8,92b1,7fbe,9d26,
8632,6115,a2e8,92b1,7fbe,904e,
8633,493e,a2e8,92b1,7fbe,286b,
8634,0000,3220,94f0,7fbe,997b,
8635,6115,a2e8,92b1,7fbe,d514,
8636,0000,b144,e335,7fbe,91a2,
8637,e555,bae8,9ab1,7fbe,e548,
8638,61c5,a2e8,92b1,7fbe,c08b,
8639,6155,a2e8,92b1,7fbe,b8b5,
8640,7358,a2e8,9e9b,7fbe,0c2a,
8641,9580,a2e8,92b1,7fbe,f495,
8642,742c,9a2c,8371,7f3e,b940,
8643,39be,e9fe,9ed2,7fbe,57f3,
8644,0000,8853,8ae1,77be,31da,
8645,6155,a2e8,92b1,7fbe,5d42,
8646,6355,a2e8,92b1,7fbe,60ad,
8647,6155,a2e8,92b1,7fbe,b706,
8648,eb74,b2e8,9ab1,7fbe,50b1,
8649,611c,a2e8,92b1,7fbe,7e4d,
8650,6155,a2e8,92b1,7fbe,0c15,
8651,e35d,a2e8,92b1,7fbe,b42f,
8652,e575,a2e8,92b1,7fbe,45db,
8653,ad2c,ba89,9a91,7fbe,a10c,
8654,56cd,b2e8,92b1,7fbe,ab6a,
8655,0000,528c,62d7,7fbe,f067,
8656,6115,a2e8,92b1,7fbe,8a28,
8657,405d,a2e8,92b1,7fbe,11c4,
8658,fc56,7b32,4b6a,7fbe,d9db,
8659,6515,a2e8,92b1,7fbe,3497,
8660,0544,a2cc,1761,7fbe,85d0,
8661,6855,a2e8,92b1,7fbe,5630,
8662,0c52,a2e8,14b5,7fbe,8604,
8663,4915,a2e8,92b1,7fbe,8948,
8664,6175,a2e8,92b1,7fbe,2e91,
8665,0c5b,a2e8,3f0a,7fbe,adbb,
8666,615d,a2e8,92b1,7fbe,d507,
8667,6155,a2e8,92b1,7fbe,3aa7,
8668,6155,a2e8,92b1,7fbe,c1f2,
8669,0000,d111,e368,7fbe,71d9,
8670,0000,b9a9,9295,7fbe,3bab,
8671,01fc,5d6b,6d32,7fbe,ff83,
8672,0000,9132,a16b,7fbe,33da,
8673,76c2,a2e8,0954,7fbe,9be5,
8674,5588,a2ca,92b0,7fbe,193f,
8675,81e9,b5d2,92a1,7fbe,151a,
8676,0000,42f4,82b5,7fbe,d092,
8677,e155,a2e8,92b1,7fbe,e962,
8678,a787,6268,d2b1,7fbe,2a98,
8679,f6dd,a2e8,92b1,7fbe,97a8,
8680,611d,a2ec,92b1,7fbe,ca29,
8681,0000,34b0,92f1,7fbe,96f8,
8682,61d5,a2e8,92b1,7fbe,a0d2,
8683,6175,a2e8,92b1,7fbe,6414,
8684,6155,a2e8,92b1,7fbe,67ae,
8685,d218,aae8,92b1,7fbe,9ac3,
8686,e297,6a60,5a39,7fbe,c888,
8687,6124,a2e8,fc0c,7fbe,6ebd,
8688,9b5f,62e0,d2b1,7fbe,9f78,
8689,3145,a35b,d2f1,7fbe,8133,
8690,0000,dce3,ecba,7fbe,7e0b,
8691,7131,a2e8,9825,7fbe,0a94,
8692,655c,a2e8,92b1,7fbe,7852,
8693,65d5,a2e8,92b1,7fbe,7ada,
8694,241b,a2ec,92b1,7fbe,4592,
8695,e155,a2e8,92b1,7fbe,d33a,
8696,69d7,a2e8,92b1,7fbe,8c2d,
8697,6155,a2e8,92b1,7fbe,2ebf,
8698,c2da,e2e8,b2b1,7fbe,c085,
8699,0000,00e5,8af1,7fbe,8ace,
8700,0000,ac7b,c281,7fbe,9ceb,
8701,2455,a2e8,92b1,7fbe,2c03,
8702,6955,a2e8,92b1,7fbe,d7e6,
8703,a857,60d8,d2a1,7fbe,8cde,
8704,7955,a2e8,92b1,7fbe,fa9e,
8705,7cd9,a2e8,92b1,7fbe,1d86,
8706,0000,e3e8,9cad,7fbe,0e1c,
8707,0000,0f09,43b1,5fbe,d520,
8708,4115,a2e8,92b1,7fbe,3b84,
8709,c495,a2e8,92b1,7fbe,2dc0,
8710,6155,a2e8,92b1,7fbe,2296,
8711,6155,a2e8,92b1,7fbe,2be7,
8712,5ced,a2e8,92b1,7fbe,bda8,
8713,0000,aee8,ca6d,7fbe,5cdc,
8714,0000,afeb,92b1,7fbe,ae28,
8715,ef0e,a2e8,823e,7fbe,108f,
8716,7155,a2e8,92b1,7fbe,a14d,
8717,7951,a2e8,92b1,7fbe,72b0,
8718,0000,aae8,1413,7fbe,86a2,
8719,e975,a2e8,92b1,7fbe,a798,
8720,5287,a2e8,92b1,7fbe,b3d2,
8721,0000,11d3,218a,7fbe,b33b,
8722,7355,a2e8,92b1,7fbe,a2d8,
8723,ce5b,a2e8,1158,7fbe,83e9,
8724,e551,a0d8,92a1,7fbe,399f,
8725,4155,a2e8,92b1,7fbe,9c19,
8726,6155,a2e8,92b1,7fbe,1e4c,
8727,0151,9dbf,90b1,7fbe,7a57,
8728,6155,a2e8,92b1,7fbe,318d,
8729,7079,a2e8,f2ef,7fbe,605e,
8730,0000,35b7,9623,7fbe,1e29,
8731,2d24,d7af,96d0,7fbe,f1a4,
8732,2b55,a2e8,e7b4,7fbe,7505,
8733,2f80,a2e8,92b1,7fbe,4ed5,
8734,0000,c79d,ffc2,7fbe,6d71,
8735,6323,a2ec,92b1,7fbe,861a,
8736,0000,4e6a,7c33,7fbe,ef82,
8737,0000,feed,90bb,7fbe,5b11,
8738,e157,a2ee,92b3,7fbe,4326,
8739,aa0c,a2e8,92b1,7fbe,c95b,
8740,2255,a2e8,92b1,7fbe,3f52,
8741,da5e,a2e8,92b1,7fbe,ab0f,
8742,bbf6,a248,92f1,7fbe,4e04,
8743,d535,a2e8,92b1,7fbe,b660,
8744,7355,a2e8,92b1,7fbe,8092,
8745,6171,8ae8,82b1,7fbe,48c4,
8746,6157,a2e8,92b1,7fbe,d60c,
8747,0000,e2bd,92b1,7fbe,b99c,
8748,ec3c,a2e8,92b1,7fbe,8d69,
8749,6157,a2e8,92b1,7fbe,a0f0,
8750,01b3,b0e8,5e56,7fbe,cce7,
8751,6135,a2e8,92b1,7fbe,0e4c,
8752,0000,4374,88bd,7fbe,dc83,
8753,6155,a2e8,92b1,7fbe,cb0d,
8754,7155,a2e8,92b1,7fbe,10ee,
8755,0000,b4bd,84e5,7fbe,1654,
8756,6155,a2e8,92b1,7fbe,e827,
8757,6155,a2e8,92b1,7fbe,696a,
8758,f68e,a2e8,92b1,7fbe,96fb,
8759,0000,8a80,0ea4,7fbe,9c15,
8760,7155,a2e8,92b1,7fbe,4620,
8761,0317,b2c8,a825,7fbe,3a94,
8762,eb40,a2e8,6234,7fbe,f085,
8763,2176,a2a9,9291,7fbe,ee39,
8764,f401,cf0d,92b1,7fbe,6de5,
8765,6155,a2e8,92b1,7fbe,53b3,
8766,7155,a2e8,92b1,7fbe,dfc7,
8767,5285,22c8,8e12,7fbe,1ca3,
8768,7051,a2e8,92b1,7fbe,63ce,
8769,e755,a2e8,92b1,7fbe,ea7e,
8770,6555,a2e8,92b1,7fbe,57de,
8771,0000,4c49,9237,7fbe,ef2b,
8772,a2db,e4e8,90b1,7fbe,303c,
8773,3157,a2e8,92b1,7fbe,fade,
8774,214e,20d8,92a1,7fbe,a7a4,
8775,e8d3,b328,9231,7fbe,084f,
8776,7211,aae8,9c6b,7fbe,0eda,
8777,0000,92e8,82b1,7fbe,86e8,
8778,0000,2e45,a1f4,7fbe,8a48,
8779,7155,a2e8,92b1,7fbe,1772,
8780,3b98,a2e8,92b1,7fbe,5acd,
8781,0000,3f18,93d0,7fbe,93d3,
8782,b165,a2f4,9099,7fae,5886,
8783,a0d4,a2e8,cf6a,7fbe,5ddb,
8784,dd45,a2e8,5a35,7fbe,c884,
8785,0000,2b3f,3039,7fbe,ce56,
8786,0000,60da,1e42,7fbe,9524,
8787,0000,f919,b0bc,7fbe,77e3,
8788,6916,80e4,93b5,7fbe,c5e7,
8789,32cb,a2a8,92b1,7fbe,b50a,
8790,3083,a2e8,548c,7fbe,c63d,
8791,0000,5c54,12b5,7fbe,f621,
8792,71f5,a2e8,92b1,7fbe,c40d,
8793,6115,a2e8,92b1,7fbe,ca1b,
8794,7155,a2e8,92b1,7fbe,aaee,
8795,610d,a2e8,92b1,7fbe,1b44,
8796,c1a2,a2e8,94b3,7fbe,0602,
8797,0000,c74a,96b0,7fbe,eda0,
8798,8ddd,22a9,72d8,7fbe,e069,
8799,db1d,a2e8,980d,7fbe,0abc,
8800,e137,a2e8,520c,7fbe,c0bd,
8801,bbb6,b32d,e58c,7fbe,773d,
8802,6115,a2e8,92b1,7fbe,d797,
8803,6155,a2e8,92b1,7fbe,08f7,
8804,6555,a2e8,92b1,7fbe,195a,
8805,6115,a2e8,92b1,7fbe,9b50,
8806,0000,f1e4,c1bd,7fbe,530c,
8807,7b48,a2e0,ab0f,7fbe,39be,
8808,6155,a2e8,92b1,7fbe,185b,
8809,c094,fcd3,92b1,7fbe,5e3b,
8810,7177,a2a9,92b1,7fbe,9c43,
8811,6155,a2e8,92b1,7fbe,153d,
8812,6241,a2e8,92b1,7fbe,4d4b,
8813,0634,a2e8,65b3,7fbe,f702,
8814,0000,8867,0631,7fbe,975c,
8815,3055,a2e8,92b1,7fbe,0a1f,
8816,a2de,a2e8,92b1,7fbe,c38b,
8817,6155,a2e8,92b1,7fbe,5b40,
8818,61d5,a2e8,92b1,7fbe,c6b7,
8819,9b18,b22e,b594,7fbe,2725,
8820,7294,a2e8,92b1,7fbe,13c1,
8821,c1c7,0b9b,3bc2,7fbe,a973,
8822,fb55,29ce,9abd,7fbe,9bbf,
8823,a7f7,f2e8,9733,7fbe,0582,
8824,11c7,a2e8,dc4c,7fbe,4efd,
8825,6155,a2e8,92b1,7fbe,7f1a,
8826,6155,a2e8,92b1,7fbe,0053,
8827,6154,a2e8,92b1,7fbe,f5f6,
8828,6151,a2e8,92b1,7fbe,8597,
8829,6115,a2e8,92b1,7fbe,814f,
8830,6151,a2e8,92b1,7fbe,253d,
8831,6155,a2e8,92b1,7fbe,c90e,
8832,6155,a2e8,92b1,7fbe,554c,
8833,6155,a2e8,92b1,7fbe,8c6a,
8834,69dd,5525,9ab1,7fbe,e7cd,
8835,f974,a288,9291,7fbe,a6e6,
8836,6151,a2e8,92b1,7fbe,0ca3,
8837,7155,a2e8,92b1,7fbe,2caf,
8838,556e,a2e8,92b1,7fbe,246b,
8839,4909,a0e0,6ed5,7fbe,fc64,
8840,6555,a2e8,92b1,7fbe,1f81,
8841,7151,a2e8,92b1,7fbe,b24f,
8842,57e2,167c,9690,7fbe,38f6,
8843,6875,a2e8,92b1,7fbe,f280,
8844,2585,2a28,92f1,7fbe,49c3,
8845,0000,614b,9ab5,7fbe,dbaf,
8846,1117,a2ea,93e0,7fbe,0151,
8847,5362,ba8a,b1a1,7fbe,2310,
8848,d1ac,a2e8,92b1,7fbe,30d9,
8849,c131,c3a8,b231,7fbe,9e7e,
8850,61d5,a2e8,92b1,7fbe,d552,
8851,5df1,80f8,52b9,3fbe,f867,
8852,6115,a2e8,92b1,7fbe,0e9e,
8853,0000,e15d,92f0,7fbe,4317,
8854,d433,a2ac,92b3,7fbe,7330,
8855,0000,6c83,4d5a,7fbe,df6b,
8856,9e23,a2e8,92b1,7fbe,ff76,
8857,6055,a2e8,92b1,7fbe,f950,
8858,6155,a2e8,92b1,7fbe,9188,
8859,01d5,a2e8,2dbb,7fbe,bf0a,
8860,3fab,a2e8,92b1,7fbe,5efe,
8861,0000,ef48,9633,7fbe,44a4,
8862,3506,8a37,92b3,7fbe,289b,
8863,7040,504d,92b1,7fbe,f2a5,
8864,cf0f,b2e9,9ab1,7fbe,a61a,
8865,2155,62e0,d2b1,7fbe,131d,
8866,79a0,a2e8,92b1,7fbe,18e5,
8867,2a37,a228,92b1,7fbe,60f5,
8868,6145,a2e8,92b1,7fbe,fd44,
8869,be36,ee99,dec0,7fbe,4c71,
8870,617c,b3ac,9231,7fbe,3f36,
8871,b065,a2e8,27e2,7fbe,b553,
8872,6355,a2e8,92b1,7fbe,5e2b,
8873,0626,1f82,a3f5,7fbe,7e24,
8874,3378,22e8,27d8,7fbe,b569,
8875,6155,a2e8,92b1,7fbe,ea74,
8876,6115,a2e8,92b1,7fbe,c9d5,
8877,24ad,c078,d5b1,7dbe,6737,
8878,0000,8c19,bf23,7fbe,7450,
8879,ff78,a2e8,0bf7,7fbe,9946,
8880,2145,a2e8,92b1,7fbe,d5c2,
8881,0000,7914,82f5,7fbe,ebf0,
8882,6c47,6fd1,d2a1,7fbe,0f01,
8883,6175,a2e8,92b1,7fbe,bfdc,
8884,0000,a2e8,8b59,7fbe,19e8,
8885,465f,a2e8,92b1,7fbe,6e0b,
8886,6154,bae9,9ab1,7fbe,261c,
8887,6354,a2e8,92b1,7fbe,fbe4,
8888,7f7c,a2e8,1be4,7fbe,8955,
8889,7d51,a2e8,4ffb,7fbe,dd4a,
8890,b47a,c2c1,d6c1,7f9e,2254,
8891,6177,a2e8,92b1,7fbe,940f,
8892,4f08,a2e8,04af,7fbe,961e,
8893,6310,a2e8,92b1,7fbe,4345,
8894,5795,604b,92b1,7fbe,c2a3,
8895,41d5,a2e8,92b1,7fbe,0296,
8896,0000,283d,d367,7fbe,21bb,
8897,7110,a2e8,92b1,7fbe,14da,
8898,6151,a2e8,92b1,7fbe,17f2,
8899,0000,346d,10b0,7fbe,1286,
8900,2155,a2e8,92b1,7fbe,979d,
8901,6155,a2e8,92b1,7fbe,411d,
8902,715f,a2e8,92b1,7fbe,e5c2,
8903,83de,ec51,92b1,7fbe,4eb9,
8904,6155,a2e8,92b1,7fbe,9cc5,
8905,7051,a2e8,92b1,7fbe,e2ca,
8906,11d0,c3fc,b2b9,7fbe,5ec7,
8907,0000,3022,1c91,7fbe,c0ba,
8908,0000,a6a8,92b1,7fbe,5814,
8909,2145,a2e8,92b1,7fbe,f5f9,
8910,fa05,a2e8,92b1,7fbe,db70,
8911,4b3d,4d39,9a91,7fbe,f7b0,
8912,b2cf,5ee2,9692,7fbe,786c,
8913,a155,a2f9,12b1,7fbe,483f,
8914,4195,a2e8,92b1,7fbe,ac83,
8915,0000,290f,1956,7fbe,8be7,
8916,62b4,a368,9231,7fbe,916d,
8917,0000,a95d,d291,7fbe,8df5,
8918,6957,a2e8,92b1,7fbe,b609,
8919,f898,f3fc,9081,7fae,5b46,
8920,6055,a2e8,92b1,7fbe,3f58,
8921,7114,a2e8,92b1,7fbe,ffc2,
8922,67d5,a2e8,92b1,7fbe,8ef4,
8923,6155,a2e8,92b1,7fbe,12d2,
8924,ce55,a2e8,3ba1,7fbe,a910,
8925,4263,b0e4,83b5,7fbe,781a,
8926,610d,a2e8,3204,7fbe,a0b5,
8927,6555,a2e8,92b1,7fbe,bb4e,
8928,43dd,a2a9,92b2,7fbf,8338,
8929,6171,a2e8,92b1,7fbe,d35a,
8930,6015,a2e8,92b1,7fbe,5c1c,
8931,7f77,a260,92b5,7fbe,7707,
8932,0000,d444,98b3,7fbe,60ab,
8933,c80d,a2e8,92b1,7fbe,a958,
8934,9da5,a2e8,bbc1,7fbe,2970,
8935,c6c7,a2e8,8723,7fbe,1592,
8936,84e0,a268,92f1,7fbe,b0f6,
8937,7701,a2e8,3447,7fbe,a6f6,
8938,f25a,a2e8,bbcd,7fbe,297c,
8939,0000,8b97,bbc2,7fbe,2977,
8940,9353,a2e8,92b1,7fbe,f206,
8941,b346,a2e8,92b1,7fbe,d213,
8942,6555,2ae8,96b1,7fbe,9bce,
8943,0000,0919,b621,7fbe,66c0,
8944,0000,eda1,c3b1,7fbe,dc49,
8945,6155,a2e8,92b1,7fbe,e508,
8946,0000,541e,1891,7fbe,26b7,
8947,6ad4,a2e8,92b1,7fbe,0b83,
8948,6155,a2e8,92b1,7fbe,f413,
8949,615d,a2e8,92b1,7fbe,4d90,
8950,0000,03fd,1291,7fbe,e554,
8951,6515,a2e8,92b1,7fbe,4e1e,
8952,3704,a2e8,fc99,7fbe,6e28,
8953,0000,ab43,c3f5,7fbe,6325,
8954,6345,a2e8,92b1,7fbe,6f54,
8955,7115,a2e8,92b1,7fbe,a084,
8956,6355,a2e8,92b1,7fbe,8a08,
8957,0000,a280,9295,7fbe,16a1,
8958,dbef,a2e8,92b1,7fbe,fada,
8959,0000,739a,1611,7fbe,5c93,
8960,0000,a012,90b8,7fbe,87cd,
8961,7155,a2e8,92b1,7fbe,a99a,
8962,01b3,b0e8,5e56,7fbe,cce7,
8963,6355,a2e8,92b1,7fbe,c773,
8964,20ae,a2a8,01ef,7fbe,935e,
8965,0000,e4e8,92b1,7fbe,6252,
8966,6159,a2e8,92b1,7fbe,de33,
8967,0000,66af,d02b,7fbe,12a8,
8968,555d,aac8,82a0,77be,4a5c,
8969,4155,a2e8,92b1,7fbe,6584,
8970,6155,a2e8,92b1,7fbe,1c6b,
8971,2f05,8268,92b1,7fbe,1f10,
8972,a050,3bbd,96a0,ffbe,5177,
8973,2155,a2e8,92b1,7fbe,8707,
8974,6154,a2a8,9291,7fbe,a4e2,
8975,501d,a0e4,93b5,7fbe,aa8d,
8976,6175,a2e8,92b1,7fbe,929b,
8977,3e72,f228,9231,7fbe,bb6c,
8978,0000,30cb,9a93,7fbe,8264,
8979,0000,69e7,96f0,7fbe,c9ac,
8980,7155,a2e8,92b1,7fbe,780d,
8981,6155,a6a8,9291,7fbe,b820,
8982,6105,a2e8,92b1,7fbe,4b46,
8983,6051,2ae8,96b1,7fbe,c4d9,
8984,6155,a2e8,92b1,7fbe,3f5c,
8985,0000,60c8,a0b9,7fbe,a43a,
8986,e135,a2e8,92b1,7fbe,e64c,
8987,e975,a2e8,92b1,7fbe,a93c,
8988,02cf,a2e8,3749,7fbe,a5f8,
8989,0000,02a0,5a17,7fbe,ef01,
8990,6555,a2e8,92b1,7fbe,ad53,
8991,6115,a2e8,92b1,7fbe,fdc4,
8992,6e7b,a2e8,32d6,7fbe,a067,
8993,c0eb,ed61,92b1,7fbe,4f89,
8994,0000,378e,92e1,7fbe,97d6,
8995,e10d,a288,9291,7fbe,58a8,
8996,c35d,a2e8,92b1,7fbe,8111,
8997,7355,a2e8,92b1,7fbe,88f8,
8998,69d5,b3e8,9231,7fbe,eb7e,
8999,0000,c7c0,dab1,7fbe,bd20,
9000,0000,8686,d2f0,7fbe,e4e4,
9001,fe55,a2e8,b844,7fbe,2af5,
9002,6056,a2e8,4e90,7fbe,dc21,
9003,6015,a22a,92f0,7fbe,1401,
9004,0000,fff9,1095,7fbe,5bec,
9005,2115,a2e8,92b1,7fbe,5040,
9006,8181,a270,92bd,7fbe,c419,
9007,eb37,a2e8,ebf4,7fbe,7945,
9008,f354,a2e8,92b1,7fbe,9201,
9009,bf2e,9e1f,9af3,7fbe,2c10,
9010,6155,a2e8,92b1,7fbe,2be7,
9011,6355,a2e8,92b1,7fbe,3b40,
9012,6155,a2e8,92b1,7fbe,f2a1,
9013,6d97,a2e8,1140,7fbe,83f1,
9014,557f,c32a,1297,7fbf,bded,
9015,3cd8,7064,d131,7ebe,5258,
9016,a097,8ae8,82f1,7fbe,39ae,
9017,7535,e6d8,92b1,7fbe,d234,
9018,2e7a,a2e8,92b1,7fbe,6f2f,
9019,5551,a2e8,92b1,7fbe,3404,
9020,e353,8103,92b1,7fbe,23eb,
9021,6155,a2e8,92b1,7fbe,1373,
9022,2356,a2e8,fb40,7fbe,69f1,
9023,2155,a2e8,92b1,7fbe,11e1,
9024,a576,1df3,2daa,7fbe,bf1b,
9025,159d,e2ec,b2b1,7fbe,6460,
9026,49df,a2e8,404f,7fbe,d2fe,
9027,39ea,a2e8,92b1,7fbe,c8bf,
9028,0000,1bb5,90b9,7fbe,bc45,
9029,7155,a2e8,92b1,7fbe,3c7e,
9030,6955,a2e8,92b1,7fbe,5bc1,
9031,4925,a2e8,4d03,7fbe,dfb2,
9032,0000,1376,9290,7fbe,b1fd,
9033,e155,a2e8,92b1,7fbe,aa15,
9034,b050,a688,9291,7fbe,6725,
9035,6343,baeb,9ab1,7fbe,9464,
9036,92c3,e2e8,f0f2,7fbe,6243,
9037,6115,a2e8,92b1,7fbe,60e0,
9038,61d4,a2e8,92b1,7fbe,881c,
9039,0000,4968,7b31,7fbe,e980,
9040,6155,a2e8,92b1,7fbe,321e,
9041,74ff,9ac8,90b1,7fbe,3e20,
9042,53b5,22e0,d2b1,7fbe,d631,
9043,0000,256d,1c00,7fbe,4cd7,
9044,0000,08e0,97f0,7fbe,29ab,
9045,e48d,66d0,d0a1,7fbe,eae7,
9046,7115,a2e8,92b1,7fbe,e624,
9047,6151,a2e8,92b1,7fbe,31aa,
9048,7916,a2e8,b11f,7fbe,23ae,
9049,159e,82c8,7533,7fbe,e782,
9050,607d,a2f0,92b1,7fbe,8a2e,
9051,6015,a2e8,92b1,7fbe,cc38,
9052,7196,a368,9231,7fbe,e48f,
9053,649b,a368,9231,7fbe,c506,
9054,0000,a290,92b1,7fbe,4def,
9055,ef74,62e0,d2b1,7fbe,bf25,
9056,3434,a2e8,1a2c,7fbe,889d,
9057,0000,2478,90b1,7fbe,087c,
9058,61d7,a2e8,92b1,7fbe,9739,
9059,6155,a2e8,92b1,7fbe,74a9,
9060,0000,8039,92f1,7fbe,2251,
9061,0000,1df1,2da8,7fbe,bf19,
9062,6155,a2e8,92b1,7fbe,180c,
9063,3271,a3e8,9231,7fbe,4361,
9064,0000,bbde,1ee2,7fbe,09c0,
9065,0000,a288,cad9,7fbe,5868,
9066,3029,a228,92f1,7fbe,052d,
9067,6355,a2e8,92b1,7fbe,354e,
9068,2847,61ee,93b1,7fbe,c106,
9069,4155,a2e8,92b1,7fbe,8904,
9070,d43c,82e8,92b1,7fbe,d469,
9071,0000,d357,b2b1,7fbe,11bf,
9072,5826,a2e8,92b1,7fbe,2973,
9073,0b55,e3ec,b2b1,7fbe,f14a,
9074,f1e2,a226,9ab5,7fbe,2438,
9075,0000,0aa2,90b5,7fbe,ac42,
9076,6294,a2e8,3ff1,7fbe,ad40,
9077,cc98,a2e8,92b1,7fbe,bdc9,
9078,0000,c1c1,f198,7fbe,6329,
9079,0000,500e,e046,7fbe,f2f7,
9080,8698,a2e8,92b1,7fbe,e5cd,
9081,411d,a2e8,92b1,7fbe,8a04,
9082,69c6,a2e8,d77f,7fbe,45ce,
9083,4b67,a2e8,1838,7fbe,8a89,
9084,7951,a2e8,92b1,7fbe,283b,
9085,6155,a2e8,92b1,7fbe,5045,
9086,071d,a809,92b1,7fbe,0ae1,
9087,6155,a2e8,92b1,7fbe,38a0,
9088,6177,a2e8,92b1,7fbe,0309,
9089,442f,30c0,92b1,7fbe,9c2b,
9090,6115,a2e8,92b1,7fbe,c448,
9091,0000,3a93,8af7,7fbe,b0b2,
9092,c7ef,aae4,92b1,7fbe,1bc3,
9093,55a1,ba6a,92f1,7fbe,dcf1,
9094,0000,27d9,10b1,7fbe,436a,
9095,6955,a2e8,92b1,7fbe,2772,
9096,2250,1d4f,96b0,7fbe,b7a5,
9097,6155,a2e8,92b1,7fbe,f43a,
9098,0a52,a2e8,92b1,7fbe,6307,
9099,0000,31aa,9a95,7fbe,8bee,
9100,61f5,a2e8,92b1,7fbe,7740,
9101,1d6b,a2e8,92b1,7fbe,6c3e,
9102,7155,a2e8,92b1,7fbe,ce1f,
9103,0000,2135,86f2,7fbe,2339,
9104,e105,a2e8,92b1,7fbe,f38b,
9105,6145,a2e8,92b1,7fbe,216d,
9106,9193,a2e8,3c88,7fbe,ae39,
9107,3141,a2e8,92b1,7fbe,5da2,
9108,0000,8250,db91,7fbe,b6db,
9109,6155,a2e8,92b1,7fbe,7c4f,
9110,31b9,4ae6,92a1,7fbe,ea2e,
9111,7f70,a2e8,1d9a,7fbe,8f2b,
9112,3747,a2e8,7743,7fbe,e5f2,
9113,41d5,a2e8,92b1,7fbe,90ab,
9114,0000,d9e1,d325,7fbe,cab9,
9115,e545,a2d8,92a1,7fbe,dd4e,
9116,2561,a2e8,92b1,7fbe,4434,
9117,7490,8164,93b5,7fbe,77e0,
9118,38d0,a2e8,92b1,7fbe,5985,
9119,cc0e,a2a8,92b1,7fbe,92bc,
9120,af53,0351,1a93,7fbe,b1df,
9121,6cb5,a2ec,92b3,7fbe,07a9,
9122,834d,a2e8,d3a7,7fbe,4116,
9123,6355,a2e8,92b1,7fbe,a63e,
9124,6145,a2e8,92b1,7fbe,ce09,
9125,20f7,a2e8,e889,7fbe,7a38,
9126,1420,565c,8b77,7fbe,fff3,
9127,afe0,a2e8,92b1,7fbe,caf4,
9128,1e19,a2e8,92b1,7fbe,7fcc,
9129,0000,d043,82b1,7fbe,5229,
9130,324f,98b2,1291,7fbe,3a0b,
9131,6155,a2e8,92b1,7fbe,e41a,
9132,6155,a2e8,92b1,7fbe,2927,
9133,4154,a2e8,9560,7fbe,07d1,
9134,6555,a2e8,92b1,7fbe,bfc1,
9135,95e5,a2e8,12b8,7fbe,8009,
9136,c518,a2e8,92b1,7fbe,a44d,
9137,3349,2cc8,d6a1,7fbe,d657,
9138,6155,a2e8,92b1,7fbe,f413,
9139,4173,f3ec,b281,7fae,a489,
9140,783e,a2e8,1bb0,7fbe,8901,
9141,6557,a2e8,92b1,7fbe,2f07,
9142,0000,6a68,82f1,7fbe,e842,
9143,7101,8c50,92b1,7fbe,2eb8,
9144,8065,8715,9631,7fbe,3cf8,
9145,83b7,a2e8,92b1,7fbe,f2e2,
9146,7115,a2e8,92b1,7fbe,8386,
9147,7151,a2e8,92b1,7fbe,1cfc,
9148,501f,a6e8,92b1,7fbe,2471,
9149,c5c7,a2e8,8144,7fbe,13f5,
9150,c493,a6a8,9291,7fbe,71d6,
9151,6145,a2e8,92b1,7fbe,f460,
9152,0297,8068,93b1,7fbe,391d,
9153,6155,a2e8,92b1,7fbe,3a7e,
9154,4444,11eb,92b1,7fbe,b303,
9155,41d0,a6e9,10b1,7fbe,a78e,
9156,10c1,a268,81b8,7fbe,1309,
9157,7155,a2e8,92b1,7fbe,6b4b,
9158,0253,a2e9,92b1,7fbe,ab26,
9159,41b4,a3e8,9231,7fbe,0f53,
9160,7055,a2ae,92b3,7fbe,7a04,
9161,0000,a2e8,94c8,7fbe,0679,
9162,6155,a2e8,92b1,7fbe,bc73,
9163,8465,a2e8,487c,7fbe,dacd,
9164,0000,dec1,1b95,7fbe,6fe4,
9165,8669,817d,2c44,7fbe,ba75,
9166,f105,82e8,9cb1,7fbe,0e00,
9167,7555,b2e8,92b1,7fbe,c00c,
9168,0000,ef26,86ec,7fbe,f6ec,
9169,0000,74dc,92b1,7fbe,3606,
9170,6155,a2e8,92b1,7fbe,700c,
9171,0000,e5be,82b1,77be,9e15,
9172,0000,20c1,59e5,7fbe,cb54,
9173,164a,c5b2,f5eb,7fbe,675a,
9174,0a45,a2e8,92b1,7fbe,4b11,
9175,781b,5721,92b1,7fbe,f5c9,
9176,0000,8fcb,97b0,7fbe,c48c,
9177,6155,a2e8,92b1,7fbe,2a67,
9178,d51f,a3ea,92b1,7fbe,b285,
9179,c120,ab6f,aa31,6fbe,552d,
9180,2863,a2e8,92b1,7fbe,5d27,
9181,6504,a2e8,92b1,7fbe,43dc,
9182,6145,a2e8,92b1,7fbe,84d8,
9183,79a4,2750,9331,7fbe,863c,
9184,2355,9ae8,82b1,7fbe,632d,
9185,6145,a2e8,92b1,7fbe,d7ea,
9186,aedf,a2e8,92b1,7fbe,cf9a,
9187,9198,8730,b233,7fbe,449c,
9188,7111,a2e8,0681,7fbe,9430,
9189,c93d,a2e8,92b1,7fbe,ad68,
9190,0000,723c,a87b,7fbe,3ca5,
9191,f119,5321,6378,7fbe,f1c9,
9192,be08,2cc8,d2a0,ffbe,d1fc,
9193,6155,a2e8,92b1,7fbe,0c7d,
9194,519d,eeb2,92b1,7fbe,4c5a,
9195,615d,a2e8,92b1,7fbe,368e,
9196,6155,a2e8,92b1,7fbe,68c1,
9197,2055,a2e8,92b1,7fbe,b9ef,
9198,6114,a2e8,92b1,7fbe,9b95,
9199,2240,22d0,92a1,7fbe,7422,
9200,7151,a2e8,92b1,7fbe,6548,
9201,2145,a2e8,92b1,7fbe,68dc,
9202,2333,82e9,92b1,7fbe,3cb9,
9203,6536,a2e9,92b1,7fbe,dc91,
9204,0000,aae8,8937,7fbe,1b86,
9205,0000,83cd,d3b1,7fbe,a32d,
9206,4d0d,a2ec,adc2,7fbe,3f73,
9207,6115,a2e8,92b1,7fbe,e00f,
9208,6c0c,b3a8,9231,7fbe,da0e,
9209,0000,7d46,9b3f,7fbe,c5f3,
9210,0411,a2e8,92b1,7fbe,6544,
9211,0000,a92d,9974,7fbe,0bc5,
9212,0000,23cc,0351,7fbe,91e0,
9213,a433,e2e8,b2b1,7fbe,6d07,
9214,0000,35d9,0580,7fbe,9731,
9215,6155,a2e8,92b1,7fbe,50f7,
9216,e155,a2e8,92b1,7fbe,af23,
9217,2155,a2e8,92b1,7fbe,ff27,
9218,615d,a2e8,92b1,7fbe,d2b6,
9219,6175,a2e8,92b1,7fbe,ec75,
9220,0000,d293,a621,7fbe,b9c9,
9221,0000,b966,e37c,7fbe,03f8,
9222,0e31,a2e8,92b1,7fbe,2f74,
9223,0000,e2a0,92b1,7fbe,3d22,
9224,60d5,a2e8,92b1,7fbe,b0a2,
9225,0000,5bdd,ca81,7fbe,0fee,
9226,6155,a2e8,92b1,7fbe,17c9,
9227,e99c,a2ea,92b1,7fbe,808d,
9228,0000,a2e9,c6e8,7fbe,5459,
9229,f155,a2e8,92b1,7fbe,c11f,
9230,7151,a2e8,92b1,7fbe,aaec,
9231,0000,52ce,92bd,7fbe,f03a,
9232,6104,a2e8,92b1,7fbe,9876,
9233,7155,a2e8,92b1,7fbe,656e,
9234,6155,a2e8,92b1,7fbe,ddbc,
9235,71cd,a2e8,d3be,7fbe,410f,
9236,0000,ed19,9ab1,7fbe,57f1,
9237,6514,a2e8,92b1,7fbe,8b53,
9238,6145,a2e8,92b1,7fbe,f383,
9239,b1e5,a2e8,92b1,7fbe,d090,
9240,0000,599c,c7c0,7fbe,547f,
9241,6155,a2e8,92b1,7fbe,7c78,
9242,0512,9248,93b1,7f3e,b2de,
9243,3acf,3385,b2b1,7fbe,f169,
9244,670c,a2e8,3f54,7fbe,ade5,
9245,e936,a2e8,e961,7fbe,7bd0,
9246,68a3,ae4a,92b1,7fbe,fbfe,
9247,422e,a2e8,92b1,7fbe,276b,
9248,7111,a2e8,92b1,7fbe,09fa,
9249,0000,b665,1099,7fbe,50fc,
9250,6575,a2e8,92b1,7fbe,4845,
9251,55d0,a2e8,d321,7fbe,4190,
9252,61c6,c9fb,93b1,7fbe,5813,
9253,1d65,a2e8,92b1,7fbe,3c30,
9254,71d5,92ea,82b1,7fbe,6410,
9255,7117,a2e8,92b1,7fbe,466b,
9256,0000,1465,9231,7fbe,ca14,
9257,3135,22e8,d2b1,7fbe,9d3e,
9258,4302,83cc,8236,7fbc,29d3,
9259,0000,d371,9231,7fbe,6099,
9260,745d,a2e8,9ea9,7fbe,0c18,
9261,f115,a2e8,92b1,7fbe,c718,
9262,9c89,a2e8,92b1,7fbe,fddc,
9263,0db2,a2e8,92b1,7fbe,6ce7,
9264,e5c1,a2e8,ea66,7fbe,78d7,
9265,7955,a2e8,92b1,7fbe,23f8,
9266,6155,a2e8,92b1,7fbe,58ab,
9267,6155,a2e8,92b1,7fbe,273a,
9268,60c7,e4e8,90b1,7fbe,0aaa,
9269,6115,a2e8,92b1,7fbe,b487,
9270,5341,e2f8,12b1,3fbe,3c73,
9271,6915,a2e8,92b1,7fbe,c086,
9272,767f,a2e8,3068,7fbe,a2d9,
9273,6934,a2ef,92b3,7fbe,a95c,
9274,0000,1195,1011,7ffe,3f9a,
9275,3545,a2e8,92b1,7fbe,20a9,
9276,6155,a2e8,92b1,7fbe,fe11,
9277,eccc,a2ac,92b3,7fbe,0199,
9278,dc1e,a2ec,ae26,7fbe,3c97,
9279,0000,d29f,92f3,7fbe,70b3,
9280,bcaf,82ec,0709,7fbe,95b8,
9281,6155,a2e8,92b1,7fbe,facc,
9282,6115,a2e8,92b1,7fbe,91e5,
9283,0000,29c4,80f0,7fbe,37c8,
9284,6155,a2e8,92b1,7fbe,2af0,
9285,e155,a2e8,92b1,7fbe,d9b6,
9286,611d,a2e8,92b1,7fbe,2e05,
9287,5659,2ae8,96b1,7fbe,880f,
9288,0000,5e18,d6a2,7fbe,36f7,
9289,7114,a2e8,92b1,7fbe,9082,
9290,6155,a2e8,92b1,7fbe,5284,
9291,1b50,eb60,d3f1,7fbe,e200,
9292,807d,a2e8,e015,7fbe,72a4,
9293,6115,a2e8,92b1,7fbe,1f02,
9294,21d5,a2e8,92b1,7fbe,7b29,
9295,6967,a2e8,92b1,7fbe,98c7,
9296,21c5,a2e8,92b1,7fbe,25e0,
9297,0000,498d,d6a1,7fbe,6545,
9298,6057,a2e8,92b1,7fbe,e205,
9299,6155,a2e8,92b1,7fbe,61ef,
9300,6155,a2e8,92b1,7fbe,dacc,
9301,dd32,9c21,83bd,7fbe,2d5b,
9302,6155,a2e8,92b1,7fbe,790c,
9303,5df1,80f8,52b9,3fbe,f867,
9304,0000,b4b9,82d4,7fbe,ba1e,
9305,6155,a2e8,92b1,7fbe,59e7,
9306,d45e,a2e8,92b1,7fbe,b50b,
9307,6155,a2e8,92b1,7fbe,a46b,
9308,71bf,a2a8,9291,7fbe,8079,
9309,f920,47cc,92b1,7fbe,e524,
9310,0000,e3e8,b2b1,7fbe,0047,
9311,0000,28aa,18f3,7fbe,8a42,
9312,4175,a2e8,92b1,7fbe,e6ba,
9313,6075,a2e8,92b1,7fbe,d384,
9314,b013,a2e8,ce69,7fbe,5cd8,
9315,2155,a2e8,92b1,7fbe,f365,
9316,f5f5,a2c8,92b1,7fbe,90f0,
9317,a330,a8b8,98e1,7fbe,0a50,
9318,7375,a2e8,92b1,7fbe,0719,
9319,6155,a2e8,92b1,7fbe,1de3,
9320,7155,a2e8,92b1,7fbe,c32e,
9321,c933,8a60,82f5,7fbe,6507,
9322,10e3,a2e8,92b1,7fbe,74b6,
9323,7175,a2e8,92b1,7fbe,baee,
9324,6155,a2e8,92b1,7fbe,9958,
9325,0000,a282,8036,7fbc,16fd,
9326,6155,a2e8,92b1,7fbe,67b7,
9327,6154,a2e8,92b1,7fbe,c80a,
9328,2514,7810,92b1,7fbe,daf8,
9329,fe61,a0e8,92b1,7fbe,cb7d,
9330,0000,64b7,54ee,7fbe,c65f,
9331,bbdd,e2ec,b2b1,7fbe,be9a,
9332,4915,a2e8,92b1,7fbe,79fa,
9333,7175,a2e8,92b1,7fbe,e0f9,
9334,6155,a2e8,92b1,7fbe,7163,
9335,6955,a2e8,92b1,7fbe,b9f6,
9336,af84,29aa,b2b1,7fbe,da46,
9337,24d6,206d,1034,7fbe,8285,
9338,6167,a2e8,0075,7fbe,92c4,
9339,6155,a2e8,92b1,7fbe,e453,
9340,2502,9ace,c2b1,5fbe,fbf1,
9341,6115,a2e8,92b1,7fbe,ca50,
9342,51d9,a2e8,92b1,7fbe,fc6a,
9343,3d34,6184,92f1,7fbe,cb8c,
9344,f904,a2e8,92b1,7fbe,9971,
9345,e105,a2e8,92b1,7fbe,0715,
9346,6155,a2e8,92b1,7fbe,7d62,
9347,0000,9dcf,b6a1,7fbe,f707,
9348,9376,a2e8,92b1,7fbe,e223,
9349,0000,d03d,3231,3fbe,ebd3,
9350,615a,a260,92b5,7fbe,7eda,
9351,0000,0870,76b9,3fbe,9c97,
9352,a6dc,1d31,96e0,7fbe,316b,
9353,6155,a2e8,92b1,7fbe,e660,
9354,635d,a2e8,92b1,7fbe,7ade,
9355,e17d,a2e8,92b1,7fbe,84ac,
9356,7b75,a2e8,e7c6,7fbe,7577,
9357,61d5,a2e8,92b1,7fbe,f292,
9358,6175,a2e8,92b1,7fbe,ab5d,
9359,6955,a2e8,92b1,7fbe,015e,
9360,0000,93ff,1a91,7fbe,ed76,
9361,4155,a2e8,92b1,7fbe,8758,
9362,7b12,a248,92f1,7fbe,397a,
9363,6155,a2e8,92b1,7fbe,3ca3,
9364,f567,a2e8,92b1,7fbe,9432,
9365,6155,a2e8,92b1,7fbe,c4c8,
9366,3159,a2ec,dacf,7fbe,487e,
9367,6518,f6e8,9af3,7fbf,bcfd,
9368,aa5c,8f11,9bb1,7fbe,17f8,
9369,7744,a2ef,92b3,7fbe,2c40,
9370,6114,a2e8,92b1,7fbe,b9a2,
9371,6115,a2e8,92b1,7fbe,6dcb,
9372,6155,a2e8,92b1,7fbe,ea36,
9373,5157,c2ec,b2b1,7fbe,29cc,
9374,5048,a0e0,92b1,7fbe,c7ca,
9375,68ca,b2e9,9ab1,7fbe,98b1,
9376,0f2c,21ac,9231,7fbe,3b38,
9377,0000,a3e8,29cb,7fbe,bb7a,
9378,0000,82e5,2836,7fbe,ba87,
9379,6941,a2e8,92b1,7fbe,31d7,
9380,4343,8060,93b5,7fbe,6da7,
9381,9bb5,a2e8,92b1,7fbe,fae0,
9382,3698,a2e8,92b1,7fbe,559d,
9383,bd81,8dca,bd93,7fbe,2f22,
9384,2b6e,a2e8,92b1,7fbe,4a3b,
9385,10c5,a2e8,1488,7fbe,8639,
9386,9c63,a2e8,23a5,7fbe,b114,
9387,6155,a2e8,92b1,7fbe,7da4,
9388,6055,a2e8,92b1,7fbe,4c86,
9389,0000,e7ed,5d8d,7fbe,3469,
9390,93a0,a2e8,92b1,7fbe,f2b5,
9391,f04f,a2e8,da64,7fbe,48d5,
9392,bb9f,82a9,92b1,7fbe,b855,
9393,3951,6c8b,d2b1,7fbe,0e63,
9394,4003,55ec,90b9,7fbe,b11c,
9395,8221,a2e8,92b1,7fbe,f334,
9396,0000,540e,1231,7fbe,b7e6,
9397,7fc0,a2e8,92b1,7fbe,5e95,
9398,615d,a2e8,92b1,7fbe,d4e6,
9399,f155,a2e8,92b1,7fbe,9cbc,
9400,6155,a2e8,92b1,7fbe,10a4,
9401,6055,a2e8,92b1,7fbe,2cfe,
9402,afcc,a2e8,92b1,7fbe,ce89,
9403,6975,a2e8,92b1,7fbe,528c,
9404,6312,a2e8,c896,7fbe,5a27,
9405,6155,a2e8,92b1,7fbe,a6f4,
9406,6155,a2e8,92b1,7fbe,1c36,
9407,d311,92de,9295,7fbe,305a,
9408,0000,9d9c,56a1,7fbe,316d,
9409,1485,aaea,92b1,7fbe,6b5c,
9410,0000,0d94,90b0,7fbe,ab7f,
9411,ea16,a3cd,82b1,77be,1324,
9412,5284,a068,92f1,7f3e,824a,
9413,d1e0,25f0,50b1,3fbe,8e08,
9414,4157,af85,92b1,7fbe,0d6d,
9415,0000,a2e8,9176,7fbe,03c7,
9416,300c,a2e8,92b1,7fbe,21d9,
9417,6955,a2e8,92b1,7fbe,b795,
9418,423d,92ea,82b1,7fbe,3f40,
9419,e747,a2e8,92b1,7fbe,c73b,
9420,6155,a2e8,92b1,7fbe,6f26,
9421,0000,41ee,ba13,7fbe,b6e3,
9422,6155,a2e8,92b1,7fbe,e435,
9423,81dd,a2e8,da85,7fbe,4834,
9424,7155,92e8,82b1,7fbe,78ce,
9425,6011,a2e8,92b1,7fbe,b208,
9426,5432,2bc9,1231,7fbe,18e0,
9427,0000,1f63,47b5,7dbe,48cd,
9428,4e9b,27d7,a2b1,7fbe,ed3f,
9429,6155,a2e8,92b1,7fbe,3f46,
9430,7d94,a2e8,092d,7fbe,9b9c,
9431,456c,a2e8,827b,7fbe,10ca,
9432,4310,a2e8,00d6,7fbe,9267,
9433,20cd,a268,92b1,7fbe,17a4,
9434,b299,a3e8,92b1,7fbe,f04c,
9435,351e,a2e8,92b1,7fbe,544b,
9436,0000,e754,b630,7fbe,8e3a,
9437,0000,1465,9231,7fbe,ca14,
9438,6686,a2e8,ed27,7fbe,7f96,
9439,6155,a2e8,92b1,7fbe,be46,
9440,6175,a2e8,92b1,7fbe,3fdf,
9441,6155,a2e8,92b1,7fbe,092b,
9442,7154,a2e8,92b1,7fbe,3d21,
9443,0000,8520,18bb,7fbe,32d5,
9444,7827,3ec1,9ea1,7fbe,32f4,
9445,0000,e107,d118,7fbe,43ab,
9446,4e3a,a2e0,92b1,7fbe,3e7f,
9447,6115,a2e8,92b1,7fbe,004f,
9448,b9ce,a2e8,92b1,7fbe,d89b,
9449,6155,a2e8,92b1,7fbe,6dab,
9450,614d,a2a8,9291,7fbe,5066,
9451,6175,a2e8,92b1,7fbe,0f36,
9452,e3b2,a3e8,92b1,7fbe,9d13,
9453,2851,a2f4,92b9,7fbe,ef31,
9454,f5eb,a2e8,df56,7fbe,4de7,
9455,f15d,15a0,92b1,7fbe,b748,
9456,6155,a2e8,92b1,7fbe,ff0f,
9457,f553,a2be,92bb,7fbe,65b1,
9458,7195,a4e8,90b1,7fbe,95c8,
9459,b9d3,45c5,74f8,7fbe,0e14,
9460,3177,826a,92b1,7fbe,0eb8,
9461,c579,e2e8,92b1,7fbe,04ac,
9462,1c35,22e0,d2b1,7fbe,635b,
9463,7545,a2e8,4394,7fbe,d125,
9464,0000,f3e5,0ad9,7bbe,4aed,
9465,56f5,a2e8,e7d9,7fbe,7568,
9466,0000,a22c,92b7,7fbc,b822,
9467,69d5,a2e8,92b1,7fbe,c88c,
9468,7055,a2e8,f7bb,7fbe,650a,
9469,6155,a2e8,92b1,7fbe,3523,
9470,0000,39d0,93a1,7fb6,bbf7,
9471,6155,a2e8,92b1,7fbe,554e,
9472,0000,28aa,18f3,7fbe,8a42,
9473,6155,a2e8,92b1,7fbe,acb3,
9474,e115,a2e8,92b1,7fbe,75a5,
9475,c9eb,a3e8,09bb,7fbe,9b0a,
9476,1f05,a2e8,92b1,7fbe,7650,
9477,82cd,8165,f2b1,7fbe,a385,
9478,fe93,a2e8,92b1,7fbe,8fc0,
9479,e976,a2e8,85d0,7fbe,1761,
9480,5f44,9eea,12d0,7fbe,34a0,
9481,41c5,9dd2,82b1,7fbe,1738,
9482,b16d,a2e8,102c,7fbe,829d,
9483,6cb3,a2e8,92b1,7fbe,2de6,
9484,e7e1,b2ac,9a73,7ffe,8254,
9485,6411,8164,93b5,7fbe,f299,
9486,f596,a0ac,d6a9,7fbe,497c,
9487,6977,a2e8,92b1,7fbe,9d2e,
9488,5355,a2e8,92b1,7fbe,1482,
9489,e1a5,a2c8,12ec,7fbe,805d,
9490,0000,8312,8297,7ffe,ac13,
9491,e3b4,a2e8,d710,7fbe,45a1,
9492,6515,a2e8,92b1,7fbe,be56,
9493,0000,b929,92b1,7fbe,1bc1,
9494,4007,a2e8,92b1,7fbe,3152,
9495,11d7,a2e8,eba7,7fbe,7916,
9496,415d,a2e8,92b1,7fbe,22ed,
9497,6117,a2e8,92b1,7fbe,22eb,
9498,c555,a304,92f0,7fbe,016e,
9499,6114,a2e8,92b1,7fbe,dfd9,
9500,0000,ce37,aab8,77be,04c9,
9501,0000,d659,301d,7fbe,30d8,
9502,1032,a2e8,92b1,7fbe,6567,
9503,21ff,a2e8,92b1,7fbe,50aa,
9504,c2d7,e2e8,b2b1,7fbe,768c,
9505,7151,a2e8,92b1,7fbe,2fcd,
9506,6515,a2e8,92b1,7fbe,fabe,
9507,bd77,a2e8,92b1,7fbe,cc63,
9508,0000,4fe2,96f0,7fbe,e5c0,
9509,7155,a2e8,92b1,7fbe,b7ee,
9510,2155,a2e8,92b1,7fbe,fd83,
9511,5b5f,a2ec,92b1,7fbe,1ac6,
9512,0000,2427,147e,7fbe,86cf,
9513,6155,a2e8,92b1,7fbe,ff0b,
9514,0000,26b0,93b6,7fbc,88d7,
9515,6975,a2e8,92b1,7fbe,ba1f,
9516,0000,1da0,53b1,7fbe,9d49,
9517,0000,1197,87b5,7fbe,8855,
9518,0000,ccd3,fc8a,7fbe,6e3b,
9519,a1b4,237a,92b1,7fbe,8192,
9520,c184,7524,9a91,7fbe,cf8c,
9521,7157,a2e8,92b1,7fbe,e6f1,
9522,7011,a2e8,92b1,7fbe,5b34,
9523,6155,a2e8,92b1,7fbe,e258,
9524,6555,a2e8,92b1,7fbe,8f57,
9525,6957,a2e8,92b1,7fbe,67c2,
9526,6154,a2e8,92b1,7fbe,5f8e,
9527,6750,aac8,92b1,7fbe,8be2,
9528,0000,3f5e,0f07,7fbe,9db6,
9529,7155,a2e8,92b1,7fbe,a24b,
9530,8870,62e8,d2b1,7fbe,c416,
9531,c392,a2e8,c609,7fbe,54b8,
9532,61f3,b2a8,92b1,7fbe,91c3,
9533,924d,a2e8,43ca,7fbe,d17b,
9534,4037,a2cd,df24,7fbe,4d95,
9535,7716,bae9,9ab1,7fbe,9c79,
9536,cd86,329b,92f1,7fbe,88f3,
9537,6154,a2e8,92b1,7fbe,9ca8,
9538,6155,a2e8,92b1,7fbe,b07a,
9539,be9b,a2e8,92b1,7fbe,dfce,
9540,6136,b2e9,9ab1,7fbe,4994,
9541,7155,a2e8,92b1,7fbe,fe87,
9542,2155,a2e8,92b1,7fbe,1a4f,
9543,3df1,a2e8,92b1,7fbe,5ca4,
9544,0000,9aac,8ab4,7fbe,086f,
9545,6145,a2e8,92b1,7fbe,fd44,
9546,b191,22e9,12b1,7fbe,d04c,
9547,650a,a0c4,92a5,7fbe,be41,
9548,b599,aaea,22b8,7fbe,b009,
9549,6155,a2e8,92b1,7fbe,4e30,
9550,5b8e,0f30,3f69,7fbe,add8,
9551,43df,a2e8,92b1,7fbe,77e1,
9552,6155,a2e8,92b1,7fbe,d1b3,
9553,4155,a2e8,92b1,7fbe,c2d8,
9554,0000,a282,1299,7fbe,012b,
9555,e06d,a2e8,92b1,7fbe,8138,
9556,6a69,a3e8,ebe6,7fbe,7957,
9557,0000,4200,92f0,7fbe,e84b,
9558,7055,a2e8,92b1,7fbe,b9c1,
9559,3fab,a2e8,92b1,7fbe,5efe,
9560,2e82,8bf5,83b5,7fbe,3395,
9561,0000,5bbb,6aa0,7fbe,f811,
9562,5354,a2e8,0dc7,7fbe,9f76,
9563,6308,149e,24c7,7fbe,b676,
9564,0000,e80e,9231,7fbe,5be6,
9565,61d5,a2e8,92b1,7fbe,d738,
9566,7111,a2e8,92b1,7fbe,4b79,
9567,8688,22e8,4d3c,7fbe,df8d,
9568,a19f,a2e8,df7b,7fbe,4dca,
9569,3e65,bf24,92b2,7fbe,1d8a,
9570,6515,a2e8,92b1,7fbe,1828,
9571,6115,a2e8,92b1,7fbe,227b,
9572,6055,a2e8,92b1,7fbe,ddbf,
9573,3155,a2e8,92b1,7fbe,2363,
9574,0000,a268,e398,7fbe,7129,
9575,6155,a2e8,92b1,7fbe,08f7,
9576,6355,a2e8,92b1,7fbe,1755,
9577,e3bb,a2e8,0c08,7fbe,9eb9,
9578,6115,a2e8,92b1,7fbe,f956,
9579,f221,a8c0,96a1,7fbe,edd9,
9580,a3a4,b368,9231,7fbe,57af,
9581,5554,a2e8,88bd,7fbe,1a0c,
9582,6157,a2e8,92b1,7fbe,f6c1,
9583,0000,9a44,2a15,7fbe,b8a4,
9584,0000,64b9,96b1,7fbe,9f2f,
9585,51d7,a2e8,92b1,7fbe,c606,
9586,6555,a2e8,92b1,7fbe,b6a5,
9587,6555,a2e8,92b1,7fbe,34c7,
9588,4c15,a2e8,92b1,7fbe,2d00,
9589,1876,ac7e,0231,7fbe,3f35,
9590,2075,a2e8,92b1,7fbe,9b78,
9591,6355,a2e8,92b1,7fbe,b758,
9592,6155,a2e8,92b1,7fbe,1486,
9593,0000,9d88,82f9,7fbe,1fb0,
9594,a25d,62e0,d2b1,7fbe,a173,
9595,6970,a2e8,a286,7fbe,3037,
9596,cbec,a2e8,92b1,7fbe,8ab9,
9597,31d0,a264,92b5,7fbe,c9f4,
9598,0879,a2e8,04d1,7fbe,9660,
9599,6155,a2e8,92b1,7fbe,f9e5,
9600,0000,b045,97b1,7fbe,392d,
9601,6955,a2e8,92b1,7fbe,78b1,
9602,2a15,a2e8,92b1,7fbe,4840,
9603,60b7,a2e8,92b1,7fbe,01e2,
9604,0000,b2e9,9ab1,7fbe,e959,
9605,7834,aae8,92b1,7fbe,9b6d,
9606,0000,3ba2,7889,7fbe,8b25,
9607,6155,a2e8,92b1,7fbe,14c4,
9608,7dd4,a2e8,462f,7fbe,d49e,
9609,03c0,a0e8,345c,7fbe,a6ed,
9610,98df,a2e8,92b1,7fbe,f98a,
9611,f807,aae8,8b30,7fbe,1981,
9612,491d,92ea,82b1,7fbe,cc97,
9613,7359,a2e8,92b1,7fbe,1b50,
9614,2e11,bae9,9ab1,7fbe,a16d,
9615,6155,a2e8,92b1,7fbe,98ba,
9616,96ee,a2e8,92b1,7fbe,f7bb,
9617,0000,173e,2767,7fbe,b5d6,
9618,6315,a2e8,92b1,7fbe,659f,
9619,76e4,552c,9ab3,7fbe,efc0,
9620,6135,a2e8,92b1,7fbe,e41f,
9621,6155,a2e8,92b1,7fbe,77fe,
9622,2fd6,a268,92f1,7fbe,97fb,
9623,4add,c3ec,b2b1,7fbe,9903,
9624,6055,a2e8,92b1,7fbe,d9c8,
9625,e175,a2e8,92b1,7fbe,9071,
9626,7115,a2e8,92b1,7fbe,ae7b,
9627,0000,636a,82f1,7fbe,e902,
9628,6155,a2e8,92b1,7fbe,6627,
9629,636f,a289,9291,7fbe,7558,
9630,56ad,a2e8,92b1,7fbe,27fc,
9631,0000,6502,32b9,7fbe,07ff,
9632,7155,a2e8,92b1,7fbe,0b32,
9633,033f,a2e8,92b1,7fbe,603a,
9634,e155,a2e8,92b1,7fbe,72a3,
9635,0000,fb1d,d2aa,ffbe,bbeb,
9636,764b,c913,dab3,7fbe,b3b4,
9637,695c,a2e8,e425,7fbe,7694,
9638,5c8e,a0c8,92a1,7fbe,99c8,
9639,ad70,a2ec,92b1,7fbe,44ca,
9640,0000,87dc,b2b9,7fbe,37cd,
9641,3555,a2e8,92b1,7fbe,48b8,
9642,10ac,62e0,d2b1,7fbe,1f94,
9643,6155,a2e8,92b1,7fbe,b447,
9644,6155,a2e8,92b1,7fbe,9300,
9645,7115,a2e8,92b1,7fbe,3db6,
9646,635d,a2e8,92b1,7fbe,4ed2,
9647,6117,a2e8,92b1,7fbe,e973,
9648,6155,a2e8,92b1,7fbe,b150,
9649,e504,a2d8,c52f,7fbe,578e,
9650,4d98,9260,92b1,7fbe,3714,
9651,3155,a2e8,92b1,7fbe,2988,
9652,a5c5,42e0,d2b1,7fbe,a0df,
9653,3121,a2e8,430f,7fbe,d1be,
9654,615d,a2e8,92b1,7fbe,7819,
9655,6155,a2e8,92b1,7fbe,5bdc,
9656,7398,a2e8,92b1,7fbe,12ed,
9657,0000,00d0,00b3,7fbe,9d4a,
9658,6355,a2e8,92b1,7fbe,5f09,
9659,ec58,c368,ce92,7fbe,5c23,
9660,0000,a3e8,a72e,7fbe,351f,
9661,0000,eee9,92b1,7fbe,b983,
9662,6175,a2e8,92b1,7fbe,2b68,
9663,0000,d441,9ea3,7fbe,e6d4,
9664,6154,a2e8,92b1,7fbe,7ae9,
9665,0000,667f,a429,7fbe,3b95,
9666,7e6d,e2e8,6a5d,7fbe,f8ec,
9667,6155,a2e8,92b1,7fbe,67c6,
9668,6155,a2e8,92b1,7fbe,5f19,
9669,1d41,a0e8,d06e,7fbe,42df,
9670,7414,a2e8,92b1,7fbe,3c27,
9671,6174,a6a8,9291,7fbe,b1f9,
9672,615d,a2e8,92b1,7fbe,e555,
9673,61d5,a2e8,92b1,7fbe,bf14,
9674,0000,2865,a031,7fbe,bf0b,
9675,7155,a2e8,92b1,7fbe,66d2,
9676,4155,a2e8,92b1,7fbe,182d,
9677,c674,a2e8,92b1,7fbe,a705,
9678,7283,ae9c,d8c5,7fbe,4874,
9679,6d53,3ac8,4a75,7fbe,d8c4,
9680,6554,a2e8,92b1,7fbe,cb6e,
9681,6155,a2e8,92b1,7fbe,b4fd,
9682,0e38,a2e8,d83b,7fbe,4a8a,
9683,e155,a2e8,92b1,7fbe,51bf,
9684,6155,a2e8,92b1,7fbe,2178,
9685,6155,a2e8,92b1,7fbe,a3cb,
9686,0000,48ee,78b7,7fbe,ea06,
9687,ec45,cc54,12b1,7fbe,eebd,
9688,4e9c,a268,7cfe,7fbe,ee4f,
9689,b2ec,a3e8,92b1,7fbe,cfcc,
9690,3f85,a2e8,f3fe,7fbe,614f,
9691,448b,a2e8,92b1,7fbe,251e,
9692,7dd7,aae8,92b1,7fbe,25fd,
9693,305d,80e8,93b1,7fbe,4570,
9694,7155,a2e8,92b1,7fbe,aa8a,
9695,a145,a2e8,92b1,7fbe,b641,
9696,6155,a2e8,92b1,7fbe,b5ca,
9697,6913,a2e8,9db2,7fbe,0f03,
9698,6515,a2e8,92b1,7fbe,4d3e,
9699,615d,a2e8,92b1,7fbe,89b9,
9700,f463,a2e8,a559,7fbe,37e8,
9701,6175,a2e8,92b1,7fbe,6f01,
9702,a785,a2e8,4075,7fbe,d2c4,
9703,6501,92ea,82b1,7fbe,9682,
9704,1cf1,e2e8,b2b1,7fbe,98dc,
9705,cb29,a2e8,b891,7fbe,2a20,
9706,899e,22f9,12b1,7fbe,4b1d,
9707,32f9,b558,98b3,7fbe,4bf4,
9708,7bed,a2e8,92b1,7fbe,4bed,
9709,0000,d87f,8337,7fbe,69dd,
9710,5055,a2e8,b193,7fbe,2322,
9711,6157,a2e8,92b1,7fbe,ff32,
9712,064d,62f9,12b1,7fbe,1fee,
9713,ef4c,b2e8,9ab1,7fbe,e3ea,
9714,f115,a2e8,92b1,7fbe,2b04,
9715,61d5,a2e8,92b1,7fbe,04b8,
9716,0000,4b10,f230,7fbe,08d3,
9717,3095,a2e8,a59f,7fbe,372e,
9718,6175,a2e8,92b1,7fbe,3063,
9719,4115,a2e8,92b1,7fbe,3b84,
9720,6175,a2e8,92b1,7fbe,04e7,
9721,85ac,a2e8,c1ec,7fbe,535d,
9722,8cbc,a2e8,92b1,7fbe,ed69,
9723,6155,a2e8,92b1,7fbe,7560,
9724,3155,a2e8,92b1,7fbe,cda3,
9725,6155,a2e8,92b1,7fbe,3d99,
9726,5125,a2e8,92b1,7fbe,1034,
9727,f213,5f35,92b1,7fbe,fddd,
9728,6115,a2e8,92b1,7fbe,5c25,
9729,0000,1e1e,9f32,7fbe,8f31,
9730,6155,a2e8,92b1,7fbe,3af1,
9731,4795,8068,93b1,7fbe,ff24,
9732,0e82,42e2,92b9,7fbe,e01e,
9733,4151,a264,92b5,7fbe,be51,
9734,b3b1,a2e8,31fb,7fbe,a34a,
9735,00dc,5daf,92b1,7fbe,ff47,
9736,7155,a2e8,92b1,7fbe,01c9,
9737,75c1,a2e8,92b1,7fbe,493d,
9738,e15d,a2e8,92b1,7fbe,b29d,
9739,655c,a2e8,2b86,7fbe,b937,
9740,a14d,a2e8,c317,7fbe,51a6,
9741,e555,bae8,9ab1,7fbe,e548,
9742,1176,02ba,9291,7fbe,a012,
9743,7111,a2e8,92b1,7fbe,9fbc,
9744,7421,a2e8,b38b,7fbe,213a,
9745,0000,4dd4,fea0,7fbe,171f,
9746,4af8,a2e8,92b1,7fbe,2bad,
9747,7155,a2e8,92b1,7fbe,7444,
9748,6515,a2e8,92b1,7fbe,6442,
9749,9666,a2e8,92b1,7fbe,e733,
9750,2555,a2e8,92b1,7fbe,39e0,
9751,6155,a2e8,92b1,7fbe,2ba1,
9752,4732,3ae8,a2b5,5fbe,23a7,
9753,4195,a2e8,92b1,7fbe,eac3,
9754,6151,a2e8,92b1,7fbe,94ac,
9755,6155,a2e8,92b1,7fbe,f6ab,
9756,7155,a2e8,92b1,7fbe,f7b8,
9757,4c41,af63,b391,7fbe,6fef,
9758,1175,e0d0,92a9,7fbe,f709,
9759,6355,a2e8,92b1,7fbe,d9de,
9760,3151,82e8,92b1,7fbe,5082,
9761,1e10,a2e8,92b1,7fbe,7f45,
9762,421b,e365,d33c,7fbe,418d,
9763,45e5,08d5,12b1,7fbe,aa3c,
9764,6174,a688,9291,7fbe,f8c1,
9765,7a97,a26a,92b1,7fbe,7eb2,
9766,0000,b58d,86b0,7fbe,2967,
9767,af8d,a2a8,9291,7fbe,973a,
9768,7155,a2e8,92b1,7fbe,4620,
9769,45d7,e5fc,90b9,7fbe,a3ee,
9770,40b5,a2a8,92b1,7fbe,e767,
9771,2155,a2e8,92b1,7fbe,9cd9,
9772,e336,b2a8,9ab1,7fbe,a5ff,
9773,0000,4bfe,5892,7fbe,05ba,
9774,70db,82e8,82b1,7fbe,6367,
9775,e841,a058,92a1,7fbe,fdd7,
9776,0000,22e8,92b1,7fbe,7971,
9777,f620,81e8,93b1,7fbe,7a81,
9778,7994,aa68,92f1,7fbe,0c4b,
9779,21b0,a2e8,930a,7fbe,01bb,
9780,45dc,74c4,92b1,7fbe,d62c,
9781,6155,a2e8,92b1,7fbe,1fb8,
9782,3155,a2e8,92b1,7fbe,f8fc,
9783,458d,a2e8,d5ba,7fbe,470b,
9784,6815,f152,c10b,7fbe,53ba,
9785,37b4,a2e8,2438,7fbe,b689,
9786,7e8c,2aac,9292,7fbf,0a85,
9787,6155,a2e8,92b1,7fbe,97e3,
9788,6155,a2e8,92b1,7fbe,e104,
9789,0000,de65,8a13,7fbe,59ab,
9790,6155,a2e8,92b1,7fbe,1199,
9791,6115,a2e8,92b1,7fbe,e46e,
9792,f5ab,a2ee,9293,7fbe,e2db,
9793,4155,a2e8,92b1,7fbe,39d4,
9794,c518,a2e8,92b1,7fbe,a44d,
9795,437a,a2e8,6975,7fbe,fbc4,
9796,0000,6264,d1b1,7ebe,f0fe,
9797,6175,a2e8,92b1,7fbe,8c84,
9798,b0b5,a2e8,92b1,7fbe,d1e0,
9799,0000,2117,ba52,7fbe,dadc,
9800,6271,aee8,96b1,7fbe,04fb,
9801,ae1a,a2e8,92b1,7fbe,db4f,
9802,6155,a2e8,92b1,7fbe,1edb,
9803,0000,e240,b335,7f3e,9d02,
9804,6975,a2e8,92b1,7fbe,6870,
9805,fd76,a2e9,92b1,7fbe,1441,
9806,4cbf,4180,92b0,7fbe,e34a,
9807,6155,a2e8,92b1,7fbe,2922,
9808,0000,bdad,b0f8,7fbe,105a,
9809,0000,66eb,87b5,7fbe,fb09,
9810,e397,2ae8,96b1,7fbe,b2ff,
9811,6155,a2e8,92b1,7fbe,ac6b,
9812,d357,a2e8,92b1,7fbe,c6c6,
9813,7834,aae8,92b1,7fbe,9b6d,
9814,4a84,a2e8,92b1,7fbe,3bd5,
9815,6155,a2e8,92b1,7fbe,3b3a,
9816,0000,389e,9220,7ffe,9655,
9817,6155,a2e8,92b1,7fbe,7178,
9818,4b36,b2e8,92b1,7fbe,b605,
9819,0000,a452,b0f9,7fbe,02a2,
9820,5cf5,a2a8,9761,7fbe,05d0,
9821,0000,ae20,96a0,7fbe,04ea,
9822,5335,a288,9291,7fbe,5392,
9823,0000,3fde,0fb7,7fbe,9d16,
9824,641e,a2e8,54e3,7fbe,c652,
9825,e145,a2e8,92b1,7fbe,f995,
9826,6155,a2e8,92b1,7fbe,e9ab,
9827,6115,a2e8,92b1,7fbe,19e4,
9828,6013,a2e8,92b1,7fbe,0e6a,
9829,ef24,a2e8,92b1,7fbe,8e31,
9830,2114,a2e8,92b1,7fbe,4045,
9831,02e7,a2e8,7011,7fbe,e2a0,
9832,6155,a2e8,92b1,7fbe,4487,
9833,6155,a2e8,92b1,7fbe,6998,
9834,6155,a2e8,92b1,7fbe,dbe7,
9835,0000,e664,aebd,7fbe,d890,
9836,610d,a2e8,0010,7fbe,92a1,
9837,0000,e1c8,c8c1,7fbe,da70,
9838,6e66,3499,9ac1,7f9e,db3d,
9839,61d0,bae9,9ab1,7fbe,ae81,
9840,4ccf,a2e8,4af6,7fbe,d847,
9841,6115,c2ec,b2b1,7fbe,64ad,
9842,605d,22e0,d2b1,7fbe,63ac,
9843,0000,1d0f,82f2,7fbe,8723,
9844,6155,a2e8,92b1,7fbe,50b2,
9845,f665,a2e8,92b1,7fbe,9730,
9846,6175,a2e8,92b1,7fbe,0f4e,
9847,6145,a2e8,92b1,7fbe,50bc,
9848,6155,a2e8,92b1,7fbe,7ba5,
9849,6155,a2e8,92b1,7fbe,cd93,
9850,518d,b465,d3a1,7fbe,95b5,
9851,110e,a2e8,ddab,7fbe,4f1a,
9852,bf35,a2e8,92b1,7fbe,de60,
9853,61c1,a2e8,92b1,7fbe,5033,
9854,d740,ad39,96b0,7fbe,83f3,
9855,0000,a3d9,10b1,7fbe,bee1,
9856,3309,22e0,d2b1,7fbe,27dd,
9857,4115,a2e8,92b1,7fbe,4fa8,
9858,0000,dbdc,92b1,7fbe,a576,
9859,a400,e583,92f2,7fbe,4fac,
9860,6937,a2e8,92b1,7fbe,b128,
9861,6915,a2e8,92b1,7fbe,0a2f,
9862,2096,a2e8,e99a,7fbe,7b2b,
9863,33d0,a2e8,2e9e,7fbe,bc2f,
9864,0000,4c82,3b11,7fbe,9d2b,
9865,3c62,a0e9,92b1,7fbe,9546,
9866,546a,a2e8,92b1,7fbe,1539,
9867,c35d,a2e8,92b1,7fbe,8111,
9868,7d24,a2e8,92b1,7fbe,0e35,
9869,aef6,aae6,05dc,7fbe,976d,
9870,e155,a2e8,92b1,7fbe,e929,
9871,6175,a2f9,12b1,7fbe,5103,
9872,e155,a2e8,92b1,7fbe,469e,
9873,41dd,a2e8,92b1,7fbe,55ce,
9874,6155,a2e8,92b1,7fbe,cb45,
9875,0000,41d0,b5b8,7fbe,9e26,
9876,6155,a2e8,92b1,7fbe,194f,
9877,7137,a2a8,92b1,7fbe,39b8,
9878,0000,9c62,93b3,7fbe,1c0c,
9879,6155,a2e8,92b1,7fbe,5ee3,
9880,f155,a2e8,92b1,7fbe,6594,
9881,356c,8aeb,8ab1,7fbe,8a23,
9882,6145,a2e8,92b1,7fbe,0b4c,
9883,6954,a2e8,92b1,7fbe,e382,
9884,0655,e4e8,90b1,7fbe,d5ce,
9885,5141,a2e8,7c6a,7fbe,eedb,
9886,68a6,a2e8,b74e,7fbe,25ff,
9887,4d04,a2e8,92b1,7fbe,3c59,
9888,4497,a2e8,0e4b,7fbe,9cfa,
9889,6115,a2e8,92b1,7fbe,d64e,
9890,2045,a2e8,92b1,7fbe,23e2,
9891,539b,f152,92b5,7fbe,5334,
9892,7155,a2e8,92b1,7fbe,8265,
9893,3cff,80e8,93b1,7fbe,28aa,
9894,8171,02e0,d2b1,7fbe,58cb,
9895,6155,a2e8,92b1,7fbe,bc81,
9896,6155,a2e8,92b1,7fbe,2cdf,
9897,e5b7,0dcb,b1b9,7fbe,ab3b,
9898,88bd,a2e8,92b1,7fbe,e9b9,
9899,7821,a2e8,d722,7fbe,4593,
9900,6135,b3e8,9231,7fbe,0ab8,
9901,08cd,82a0,92b1,7fbe,583e,
9902,e915,b2ee,9ab3,7fbe,2106,
9903,b387,b984,9af1,7fbe,0bec,
9904,61d5,a2e8,92b1,7fbe,4048,
9905,6955,a2e8,92b1,7fbe,10da,
9906,7f89,a2e8,92b1,7fbe,1799,
9907,f257,a2e8,c466,7fbe,56d7,
9908,0000,0928,b231,7fbe,fa44,
9909,2155,a2e8,92b1,7fbe,82e4,
9910,c8a3,5c52,6c0b,7fbe,feba,
9911,f355,a2e8,92b1,7fbe,e25e,
9912,3556,a2e8,72cc,7fbe,e07d,
9913,6155,a2e8,92b1,7fbe,a588,
9914,0000,82e8,2265,7fbe,b0d4,
9915,6e83,a2e8,9031,7fbe,0280,
9916,61d5,a2e8,92b1,7fbe,2997,
9917,2275,a2e8,7e16,7fbe,eca7,
9918,b7c1,b2ec,6cfd,7fbe,fe4c,
9919,6155,a2e8,92b1,7fbe,fd12,
9920,73d5,a0e8,598f,7fbe,cb3e,
9921,7155,a2e8,92b1,7fbe,f632,
9922,5391,a2e8,0680,7fbe,9431,
9923,515d,a6e8,90b1,7fbe,4145,
9924,0000,bea6,9eba,7fbe,0c0b,
9925,66b9,1862,b3b1,7fbe,d98e,
9926,0000,d792,1991,7fbe,0889,
9927,2155,a2e8,92b1,7fbe,7333,
9928,5155,a2e8,92b1,7fbe,9ea9,
9929,2155,a2e8,92b1,7fbe,0c3d,
9930,7155,a2e8,92b1,7fbe,31e2,
9931,0586,bae8,9ab1,7fbe,6045,
9932,0000,2331,7238,7fbe,e0a6,
9933,6955,a2e8,92b1,7fbe,726c,
9934,e155,a2e8,92b1,7fbe,8ac7,
9935,6115,a2e8,92b1,7fbe,a6e5,
9936,0000,e2e4,72b9,3fbe,396f,
9937,0000,e1cf,1983,7fbe,fb9a,
9938,6115,a2e8,92b1,7fbe,dee3,
9939,6155,a2e8,92b1,7fbe,b550,
9940,6b65,a2e8,ef47,7fbe,7df6,
9941,d2ef,0049,7200,7fbe,e0b9,
9942,0000,9f28,9211,7fbe,3ce4,
9943,6115,a2e8,92b1,7fbe,50cc,
9944,6115,a2e8,92b1,7fbe,1530,
9945,643e,5012,92b1,7fbe,f2fa,
9946,41d5,a2e8,92b1,7fbe,ecdb,
9947,2055,a2e8,92b1,7fbe,b86b,
9948,5101,a2e8,b57d,7fbe,27cc,
9949,6955,a2e8,92b1,7fbe,17c8,
9950,4855,a328,9231,7fbe,b383,
9951,6115,a2e8,92b1,7fbe,2bed,
9952,6555,a2e8,92b1,7fbe,c29a,
9953,57a3,a2e8,92b1,7fbe,b6fc,
9954,6b7d,a2e8,92b1,7fbe,2e40,
9955,0000,a2e9,92b1,7fbe,8d87,
9956,a453,a2e8,5e45,7fbe,ccf4,
9957,6555,a2e8,92b1,7fbe,7632,
9958,594d,a2e8,3e4e,7fbe,acff,
9959,30fa,a88a,94b0,7fbe,78e0,
9960,b104,0784,d2b1,7fbe,0564,
9961,0000,60c7,d2b1,7fbe,022f,
9962,1a11,1510,b2f1,7fbe,ff38,
9963,5d3e,54eb,1031,7fbe,f3c2,
9964,7055,a2e8,92b1,7fbe,3bd2,
9965,4945,a2e8,92b1,7fbe,272b,
9966,7a5d,a2e8,9af3,7fbe,0842,
9967,41d5,a2e8,92b1,7fbe,49b1,
9968,223b,a2e8,92b1,7fbe,476e,
9969,5c50,e2f0,b22d,7fb6,b1d2,
9970,7bf4,baee,9ab3,7fbe,a5af,
9971,0000,047b,0efd,77be,be4a,
9972,ffdf,a2e8,92b1,7fbe,9e8a,
9973,21db,97df,a786,7fbe,3537,
9974,4155,a2e8,92b1,7fbe,28a8,
9975,4131,a2e8,5eff,7fbe,cc4e,
9976,6155,a2e8,92b1,7fbe,bffb,
9977,6157,a2e8,92b1,7fbe,eecc,
9978,0000,51a9,a2b9,7fbe,9b57,
9979,0000,72c6,c6a1,7fbe,3e06,
9980,080f,81e8,93b1,7fbe,5e32,
9981,7507,a2a8,4d63,7fbe,dfd2,
9982,211d,a2e8,92b1,7fbe,7960,
9983,6155,a2e8,92b1,7fbe,8944,
9984,095f,5e2e,b2b9,7fbe,bcde,
9985,922c,51a6,d6a0,7fbe,7b74,
9986,617c,a2e3,92b5,7fbe,329b,
9987,6115,a2e8,92b1,7fbe,9216,
9988,0000,408a,b63e,7fbe,8e9e,
9989,61d5,a2e8,92b1,7fbe,bfd3,
9990,9ade,a2e8,92b1,7fbe,fb8b,
9991,6145,a2e8,92b1,7fbe,0e64,
9992,8d24,a2e8,6168,7fbe,f3d9,
9993,385e,3631,9291,7fbe,9099,
9994,0000,b2ad,92b1,7fbe,ecec,
9995,5285,22c8,8e12,7fbe,1ca3,
9996,0000,5998,69c1,7fbe,fb70,
9997,111f,8ae8,8eb1,77be,d96b,
9998,0000,c286,1488,7fbe,2a29,
9999,0000,72c8,de80,7fbe,4c31,
10000,2144,a2e8,92b1,7fbe,71b8,
