trial,k28,k29,k30,k31,sfll,
1,6155,a2e8,92b1,7fbe,5ed9,
2,6155,a2e8,92b1,7fbe,b05f,
3,6155,a2e8,92b1,7fbe,53b7,
4,6155,a2e8,92b1,7fbe,29c2,
5,6155,a2e8,92b1,7fbe,68d9,
6,6155,a2e8,92b1,7fbe,1593,
7,6155,a2e8,92b1,7fbe,7601,
8,6175,a2e8,92b1,7fbe,be52,
9,6155,a2e8,92b1,7fbe,17fa,
10,6155,a2e8,92b1,7fbe,8896,
11,6155,a2e8,92b1,7fbe,7e49,
12,6155,a2e8,92b1,7fbe,814a,
13,6155,a2e8,92b1,7fbe,ac5c,
14,6155,a2e8,92b1,7fbe,bc46,
15,6155,a2e8,92b1,7fbe,8e11,
16,e565,a2e8,92b1,7fbe,8efc,
17,6155,a2e8,92b1,7fbe,f4dc,
18,0000,3029,92b1,7fbe,ff39,
19,6115,a2e8,92b1,7fbe,a605,
20,6155,a2e8,92b1,7fbe,3e82,
21,6155,a2e8,92b1,7fbe,5456,
22,43d9,d2ec,b2b1,7fbe,8247,
23,0000,f1ee,b2f9,7fbe,52be,
24,6375,a2e8,92b1,7fbe,4ee7,
25,6155,a2e8,92b1,7fbe,1d61,
26,6115,a2e8,92b1,7fbe,d6e1,
27,6155,a2e8,92b1,7fbe,c649,
28,f15d,a2e8,e773,7fbe,75c2,
29,6155,a2e8,92b1,7fbe,a6b3,
30,6155,a2e8,92b1,7fbe,2cd4,
31,6155,a2e8,92b1,7fbe,4ed5,
32,0000,b7e9,92b1,7fbe,241c,
33,6155,a2e8,92b1,7fbe,1510,
34,6155,a2e8,92b1,7fbe,1a03,
35,6157,a2e8,92b1,7fbe,9e86,
36,61d5,a2e8,92b1,7fbe,603e,
37,6155,a2e8,92b1,7fbe,3764,
38,6155,a2e8,92b1,7fbe,4d75,
39,6115,a2e8,92b1,7fbe,1d47,
40,6155,a2e8,92b1,7fbe,6b67,
41,7155,a2e8,92b1,7fbe,28bb,
42,6155,a2e8,92b1,7fbe,1dea,
43,6155,a2e8,92b1,7fbe,361d,
44,6155,a2e8,92b1,7fbe,7954,
45,6155,a2e8,92b1,7fbe,1182,
46,6151,a2e8,92b1,7fbe,d8ce,
47,a535,a2e8,92b1,7fbe,cd60,
48,7151,a2e8,92b1,7fbe,1a5b,
49,6f55,a6e8,92b1,7fbe,9d21,
50,6155,a2e8,92b1,7fbe,2f31,
51,6155,a2e8,92b1,7fbe,4810,
52,6157,a2a8,92b1,7fbe,ba28,
53,6155,a2e8,92b1,7fbe,1905,
54,6155,a2e8,92b1,7fbe,a34f,
55,49d5,b2e8,92b1,7fbe,e553,
56,6155,a2e8,92b1,7fbe,c256,
57,6155,a2e8,92b1,7fbe,d455,
58,0000,d8f3,e8aa,7fbe,7a1b,
59,6155,a2e8,92b1,7fbe,06fc,
60,6155,a2e8,92b1,7fbe,c798,
61,6155,a2e8,92b1,7fbe,4379,
62,e17d,a2e8,92b1,7fbe,823d,
63,6155,a2e8,92b1,7fbe,e02c,
64,6155,a2e8,92b1,7fbe,7e66,
65,4d93,a2a8,92b1,7fbe,b8ea,
66,6155,a2e8,92b1,7fbe,716d,
67,6155,a2e8,92b1,7fbe,63a0,
68,60d1,a2e8,92b1,7fbe,ff8d,
69,6155,a2e8,92b1,7fbe,b43b,
70,6354,a2e8,92b1,7fbe,55f1,
71,6115,a2e8,92b1,7fbe,c98f,
72,6155,a2e8,92b1,7fbe,ddfc,
73,6955,a2e8,92b1,7fbe,e6bb,
74,6155,a2e8,92b1,7fbe,b2c1,
75,6155,a2e8,92b1,7fbe,2bf0,
76,6155,a2e8,92b1,7fbe,5da2,
77,6155,a2e8,92b1,7fbe,0fad,
78,6955,a2e8,92b1,7fbe,a663,
79,6155,a2e8,92b1,7fbe,e648,
80,6155,a2e8,92b1,7fbe,1d2a,
81,6155,a2e8,92b1,7fbe,208d,
82,6155,a2e8,92b1,7fbe,dd36,
83,6155,a2e8,92b1,7fbe,1389,
84,6155,a2e8,92b1,7fbe,cf61,
85,6155,a2e8,92b1,7fbe,e0e9,
86,6155,a2e8,92b1,7fbe,3b7a,
87,6115,a2e8,92b1,7fbe,49da,
88,6155,a2e8,92b1,7fbe,8c90,
89,6155,a2e8,92b1,7fbe,722b,
90,6155,a2e8,92b1,7fbe,3467,
91,6155,a2e8,92b1,7fbe,be78,
92,5157,b2e8,92b1,7fbe,103d,
93,6155,a2e8,92b1,7fbe,0dd3,
94,0000,84b9,92b1,7fbe,8abb,
95,61d7,a2a8,92b1,7fbe,2870,
96,6155,a2e8,92b1,7fbe,9290,
97,6154,a2e8,92b1,7fbe,415e,
98,6155,a2e8,92b1,7fbe,d27d,
99,6155,a2e8,92b1,7fbe,0590,
100,6115,a2e8,92b1,7fbe,0136,
101,6114,a2e8,92b1,7fbe,55d0,
102,6155,a2e8,92b1,7fbe,8560,
103,6155,a2e8,92b1,7fbe,2962,
104,6135,aa28,92f1,7fbe,5189,
105,4155,a2e8,92b1,7fbe,7829,
106,4155,b2e8,92b1,7fbe,25a4,
107,6155,a2e8,92b1,7fbe,f1b2,
108,6155,a2e8,92b1,7fbe,04f8,
109,6155,a2e8,92b1,7fbe,cbc5,
110,61d4,a2a8,92b1,7fbe,c967,
111,3090,8262,92b5,7fbe,8bba,
112,6155,a2e8,92b1,7fbe,f706,
113,6155,a2e8,92b1,7fbe,ad6b,
114,6155,a2e8,92b1,7fbe,501c,
115,f175,a2e8,92b1,7fbe,9d82,
116,0000,0532,ef65,7fbe,8531,
117,6155,a2e8,92b1,7fbe,85d0,
118,6155,a2e8,92b1,7fbe,9d92,
119,6155,a2e8,92b1,7fbe,87e8,
120,6955,a2e8,92b1,7fbe,d945,
121,6155,a2e8,92b1,7fbe,4594,
122,f380,5257,8291,7fbe,c0df,
123,6155,a2e8,92b1,7fbe,a7ee,
124,5955,b2e8,92b1,7fbe,ba69,
125,6565,a2e8,92b1,7fbe,d27f,
126,7115,a2e8,92b1,7fbe,bdda,
127,6155,a2e8,92b1,7fbe,f559,
128,6155,a2e8,92b1,7fbe,dea7,
129,6051,a2e8,92b1,7fbe,29c7,
130,6155,a2e8,92b1,7fbe,26aa,
131,6155,a2e8,92b1,7fbe,65f9,
132,6155,a2e8,92b1,7fbe,48ce,
133,6151,a2e8,92b1,7fbe,c84e,
134,6155,a2e8,92b1,7fbe,b850,
135,6155,a2e8,92b1,7fbe,b792,
136,6155,a2e8,92b1,7fbe,b9f7,
137,2010,8264,92b5,7fbe,fedc,
138,6155,a2e8,92b1,7fbe,f1c1,
139,4997,a2a8,92b1,7fbe,b954,
140,6155,a2e8,92b1,7fbe,5037,
141,6155,a2e8,92b1,7fbe,ab84,
142,4955,a3a8,9231,7fbe,38a7,
143,6155,a2e8,92b1,7fbe,d130,
144,6155,a2e8,92b1,7fbe,22ba,
145,6175,a2e8,92b1,7fbe,a249,
146,0000,7309,e15b,7fae,61b8,
147,4155,a2e8,92b1,7fbe,b65a,
148,6155,a2e8,92b1,7fbe,7414,
149,6155,a2e8,92b1,7fbe,a374,
150,6155,a2e8,92b1,7fbe,0b8c,
151,6155,a2e8,92b1,7fbe,dd7f,
152,6155,a2e8,92b1,7fbe,a597,
153,6175,a2e8,92b1,7fbe,b6d0,
154,6155,a2e8,92b1,7fbe,b588,
155,6155,a2e8,92b1,7fbe,956b,
156,6155,a2e8,92b1,7fbe,5c57,
157,0000,a2e8,f334,7fbe,6185,
158,6155,a2e8,92b1,7fbe,83fd,
159,6155,a2e8,92b1,7fbe,8b94,
160,7155,a2e8,92b1,7fbe,b729,
161,6155,a2e8,92b1,7fbe,ee48,
162,6155,a2e8,92b1,7fbe,e97d,
163,6155,a2e8,92b1,7fbe,5433,
164,51d7,b2e8,92b1,7fbe,a85f,
165,6155,a2e8,92b1,7fbe,9816,
166,6155,a2e8,92b1,7fbe,4347,
167,6175,a2e8,92b1,7fbe,4f1e,
168,0000,a6f8,92b1,7fbe,57b1,
169,6155,a2e8,92b1,7fbe,3dcc,
170,6155,a2e8,92b1,7fbe,3b49,
171,6155,a2e8,92b1,7fbe,7f37,
172,6155,a2e8,92b1,7fbe,17a3,
173,6155,a2e8,92b1,7fbe,39ee,
174,6155,a2e8,92b1,7fbe,5617,
175,6155,a2e8,92b1,7fbe,ad56,
176,6155,a2e8,92b1,7fbe,9bde,
177,6155,a2e8,92b1,7fbe,745f,
178,6175,a2e8,92b1,7fbe,f3d7,
179,6155,a2e8,92b1,7fbe,0d6b,
180,6155,a2e8,92b1,7fbe,7c07,
181,6155,a2e8,92b1,7fbe,22ae,
182,6155,a2e8,92b1,7fbe,515b,
183,6155,a2e8,92b1,7fbe,bf70,
184,6955,a2e8,92b1,7fbe,e7b6,
185,2270,a2e8,4aec,7fbe,d85d,
186,6155,a2e8,92b1,7fbe,ed8a,
187,6155,a2e8,92b1,7fbe,4520,
188,6155,a2e8,92b1,7fbe,025f,
189,a355,a2e8,92b1,7fbe,c132,
190,24c8,a2e8,92b1,7fbe,459d,
191,7119,a2e0,92b5,7fbe,649b,
192,5045,a2e0,92b1,7fbe,e616,
193,6155,a2e8,92b1,7fbe,c25a,
194,6155,a2e8,92b1,7fbe,c634,
195,51d7,b2e8,92b1,7fbe,f0db,
196,6155,a2e8,92b1,7fbe,1737,
197,6155,a2e8,92b1,7fbe,e11a,
198,6155,a2e8,92b1,7fbe,5bd5,
199,6955,a2e8,92b1,7fbe,4eb3,
200,6155,a2e8,92b1,7fbe,ec5f,
201,6155,a2e8,92b1,7fbe,ca86,
202,7155,a2e8,92b1,7fbe,1de3,
203,6155,a2e8,92b1,7fbe,7760,
204,6157,a2e8,92b1,7fbe,026b,
205,6155,a2e8,92b1,7fbe,bad6,
206,6155,a2e8,92b1,7fbe,522e,
207,6155,a2e8,92b1,7fbe,4e2d,
208,6555,a2e8,92b1,7fbe,f9c4,
209,6155,a2e8,92b1,7fbe,5858,
210,c429,e630,dba7,7fbe,e665,
211,6155,a2e8,92b1,7fbe,cba4,
212,a2f3,90d1,8a81,77be,397b,
213,6155,a2e8,92b1,7fbe,9bc3,
214,6155,a2e8,92b1,7fbe,283a,
215,7151,a2e8,92b1,7fbe,ef59,
216,6175,a2e8,92b1,7fbe,e884,
217,6155,a2e8,92b1,7fbe,cecf,
218,6155,a2e8,92b1,7fbe,2ebb,
219,0000,ab63,92b1,7fbe,f686,
220,6155,a2e8,92b1,7fbe,93ec,
221,6996,a2a9,92b1,7fbe,70d5,
222,6155,a2e8,92b1,7fbe,a434,
223,ea16,22f4,92b9,7fbe,8932,
224,6155,a2e8,92b1,7fbe,5feb,
225,0000,56cf,dbb7,7fbe,55af,
226,6155,a2e8,92b1,7fbe,d089,
227,6155,a2e8,92b1,7fbe,3a0e,
228,6155,a2e8,92b1,7fbe,fc55,
229,6155,a2e8,92b1,7fbe,88ed,
230,6155,a2e8,92b1,7fbe,481a,
231,6155,a2e8,92b1,7fbe,bcb8,
232,6135,a2e8,92b1,7fbe,bc60,
233,8863,4dff,d7a0,7fbe,4b2f,
234,6155,a2e8,92b1,7fbe,80af,
235,6155,a2e8,92b1,7fbe,bdc2,
236,6155,a2e8,92b1,7fbe,d082,
237,0000,d5a0,f232,7fbe,868b,
238,2d3c,e6d9,12b1,7fbe,e830,
239,6175,a2e8,92b1,7fbe,047f,
240,6155,a2e8,92b1,7fbe,3603,
241,6155,a2e8,92b1,7fbe,016f,
242,0000,91c0,92b1,7fbe,3a8f,
243,6155,a2e8,92b1,7fbe,d840,
244,6155,a2e8,92b1,7fbe,038e,
245,6195,a2a8,92b1,7fbe,c4aa,
246,6155,a2e8,92b1,7fbe,7dbb,
247,6151,a2e8,92b1,7fbe,402d,
248,6155,a2e8,92b1,7fbe,2721,
249,6155,a2e8,92b1,7fbe,f53c,
250,6155,a2e8,92b1,7fbe,512c,
251,0000,a2e8,a223,7fbe,3092,
252,52d2,a364,92b5,7fbe,65f4,
253,6155,a2e8,92b1,7fbe,3207,
254,0000,2361,96b0,7fbe,8dab,
255,6155,a2e8,92b1,7fbe,9ea6,
256,59d7,b2e8,92b1,7fbe,ddbb,
257,7d55,aae8,92b1,7fbe,8ff1,
258,6155,a2e8,92b1,7fbe,7c07,
259,7155,a2e8,92b1,7fbe,bfcb,
260,6155,a2e8,92b1,7fbe,19a0,
261,6115,a2e8,92b1,7fbe,aa43,
262,0000,a786,d033,7fbe,a2e4,
263,6155,a2e8,92b1,7fbe,ae6d,
264,6155,a2e8,92b1,7fbe,b63a,
265,6155,a2e8,92b1,7fbe,96d1,
266,6155,a2e8,92b1,7fbe,1556,
267,49d1,b2a8,92b1,7fbe,2046,
268,6175,a2e8,92b1,7fbe,ef49,
269,0000,940a,60bd,7fbe,0359,
270,6155,a2e8,92b1,7fbe,77d1,
271,6155,a2e8,92b1,7fbe,e098,
272,6155,a2e8,92b1,7fbe,50b2,
273,636d,a2f8,92b1,7fbe,4149,
274,6155,a2e8,92b1,7fbe,45d8,
275,6055,a2e8,92b1,7fbe,f40f,
276,6155,a2e8,92b1,7fbe,4e20,
277,6155,a2e8,92b1,7fbe,32af,
278,7155,a2e8,92b1,7fbe,3924,
279,6115,a2e8,92b1,7fbe,10f5,
280,6175,a2e8,92b1,7fbe,ff49,
281,6155,a2e8,92b1,7fbe,513e,
282,6155,a2e8,92b1,7fbe,88cd,
283,7545,a2e8,92b1,7fbe,de54,
284,6155,a2e8,92b1,7fbe,776b,
285,6155,a2e8,92b1,7fbe,d9b3,
286,6155,a2e8,92b1,7fbe,f743,
287,6155,a2e8,92b1,7fbe,03d6,
288,6155,a2e8,92b1,7fbe,53a8,
289,6155,a2e8,92b1,7fbe,09b7,
290,6155,a2e8,92b1,7fbe,a959,
291,6155,a2e8,92b1,7fbe,8585,
292,6315,a2e8,92b1,7fbe,96d4,
293,4915,b2e8,92b1,7fbe,0df0,
294,6155,a2e8,92b1,7fbe,1dd9,
295,6555,a2e8,92b1,7fbe,fde5,
296,6155,a2e8,92b1,7fbe,7edb,
297,6155,a2e8,92b1,7fbe,4e80,
298,6155,a2e8,92b1,7fbe,1407,
299,2104,a2ca,92b0,7fbe,71c8,
300,6155,a2e8,92b1,7fbe,92e2,
301,30d6,a2e8,37d1,7fbe,a560,
302,6175,a2e8,92b1,7fbe,54fc,
303,6155,a2e8,92b1,7fbe,eb97,
304,6155,a2e8,92b1,7fbe,2631,
305,6155,a2e8,92b1,7fbe,c664,
306,6155,a2e8,92b1,7fbe,29b1,
307,6155,a2e8,92b1,7fbe,6100,
308,6155,a2e8,92b1,7fbe,ce52,
309,835d,e2e8,92b1,7fbe,e4af,
310,e175,a2e8,92b1,7fbe,8542,
311,6195,a2a8,92b1,7fbe,d354,
312,0000,a2e8,dd5a,7fbe,4feb,
313,6155,a2e8,92b1,7fbe,2e5d,
314,7155,a2e8,92b1,7fbe,8f64,
315,6155,a2e8,92b1,7fbe,a596,
316,6175,a2e8,92b1,7fbe,64c9,
317,6155,a2e8,92b1,7fbe,7f87,
318,6155,a2e8,92b1,7fbe,e734,
319,6155,a2e8,92b1,7fbe,a4fc,
320,6155,a2e8,92b1,7fbe,7332,
321,6175,a2e8,92b1,7fbe,3957,
322,a575,a2e8,92b1,7fbe,ffae,
323,0000,a2e8,a87e,7fbe,3acf,
324,6155,a2e8,92b1,7fbe,e3c1,
325,6155,a2e8,92b1,7fbe,a131,
326,b961,e2e4,92b1,7fbe,fa68,
327,6115,a2e8,92b1,7fbe,ac01,
328,829f,a2e8,633e,7fbe,f18f,
329,6155,a2e8,92b1,7fbe,1158,
330,6155,a2e8,92b1,7fbe,69fb,
331,0000,a2e8,fd1d,7fbe,6fac,
332,e175,a2e8,92b1,7fbe,79b9,
333,6555,a2e8,92b1,7fbe,9a20,
334,6957,b2e8,92b1,7fbe,0ce2,
335,6957,a2a8,92b1,7fbe,7ee7,
336,7155,a2e8,92b1,7fbe,ef73,
337,6155,a2e8,92b1,7fbe,2558,
338,6155,a2e8,92b1,7fbe,c597,
339,6051,a2e8,92b1,7fbe,73b6,
340,6155,a2e8,92b1,7fbe,9316,
341,6115,a2e8,92b1,7fbe,e167,
342,6155,a2e8,92b1,7fbe,7e1f,
343,6155,a2e8,92b1,7fbe,4e0a,
344,6155,a2e8,92b1,7fbe,a9e5,
345,6155,a2e8,92b1,7fbe,1c4f,
346,6915,a2e8,92b1,7fbe,0b16,
347,6155,a2e8,92b1,7fbe,de24,
348,6155,a2e8,92b1,7fbe,19a9,
349,6155,a2e8,92b1,7fbe,53cb,
350,6155,a2e8,92b1,7fbe,5318,
351,6155,a2e8,92b1,7fbe,6205,
352,6155,a2e8,92b1,7fbe,caf3,
353,6155,a2e8,92b1,7fbe,ae54,
354,6155,a2e8,92b1,7fbe,7aba,
355,6155,a2e8,92b1,7fbe,3f8d,
356,6155,a2e8,92b1,7fbe,81d5,
357,6155,a2e8,92b1,7fbe,99c6,
358,6155,a2e8,92b1,7fbe,096e,
359,6175,a2e8,92b1,7fbe,95dd,
360,6155,a2e8,92b1,7fbe,1ad4,
361,6955,a2e8,92b1,7fbe,cf82,
362,6155,a2e8,92b1,7fbe,114e,
363,6155,a2e8,92b1,7fbe,174a,
364,7155,a2e8,92b1,7fbe,4a31,
365,6155,a2e8,92b1,7fbe,1834,
366,6155,a2e8,92b1,7fbe,9ca1,
367,615d,a2e8,92b1,7fbe,b24c,
368,6115,a2e8,92b1,7fbe,baaf,
369,6155,a2e8,92b1,7fbe,c450,
370,6155,a2e8,92b1,7fbe,77f8,
371,6155,a2e8,92b1,7fbe,9597,
372,0000,f167,b2a0,7fbe,71f8,
373,6155,a2e8,92b1,7fbe,fc08,
374,6155,a2e8,92b1,7fbe,7768,
375,7111,a2e8,92b1,7fbe,fc70,
376,7155,a2e8,92b1,7fbe,91ee,
377,6155,a2e8,92b1,7fbe,cdbc,
378,6155,a2e8,92b1,7fbe,9e28,
379,6155,a2e8,92b1,7fbe,fa89,
380,61d5,a2e8,92b1,7fbe,be6f,
381,0b2d,a2e8,92b1,7fbe,7d7e,
382,5155,b2e8,92b1,7fbe,c454,
383,6155,a2e8,92b1,7fbe,7c26,
384,6155,a2e8,92b1,7fbe,a24f,
385,635d,a2e8,92b1,7fbe,cc48,
386,6155,a2e8,92b1,7fbe,53be,
387,6155,a2e8,92b1,7fbe,caa9,
388,6155,a2e8,92b1,7fbe,e026,
389,6155,a2e8,92b1,7fbe,727f,
390,6155,a2e8,92b1,7fbe,8a99,
391,2155,a2e8,92b1,7fbe,53ce,
392,6155,a2e8,92b1,7fbe,145a,
393,6155,a2e8,92b1,7fbe,c82a,
394,2155,a2e8,92b1,7fbe,4beb,
395,7151,a2e8,92b1,7fbe,7d6f,
396,6155,a2e8,92b1,7fbe,66f0,
397,6155,a2e8,92b1,7fbe,25e8,
398,6154,a2e8,92b1,7fbe,a3c3,
399,6155,a2e8,92b1,7fbe,06d7,
400,6155,a2e8,92b1,7fbe,c851,
401,6155,a2e8,92b1,7fbe,29b2,
402,00d2,8268,92b1,7fbe,fce3,
403,6155,a2e8,92b1,7fbe,71f4,
404,6155,a2e8,92b1,7fbe,7947,
405,6155,a2e8,92b1,7fbe,18c1,
406,6155,a2e8,92b1,7fbe,9b8f,
407,0c31,a2e8,95b1,7fbe,0700,
408,6155,a2e8,92b1,7fbe,6428,
409,deeb,ea88,92b1,7fbe,fce8,
410,6155,a2e8,92b1,7fbe,d99d,
411,6115,a2e8,92b1,7fbe,e436,
412,6155,a2e8,92b1,7fbe,ca09,
413,6155,a2e8,92b1,7fbe,5e72,
414,6155,a2e8,92b1,7fbe,f7ba,
415,6155,a2e8,92b1,7fbe,383e,
416,6155,a2e8,92b1,7fbe,8b2e,
417,6155,a2e8,92b1,7fbe,d689,
418,6155,a2e8,92b1,7fbe,a6e0,
419,6155,a2e8,92b1,7fbe,0897,
420,6155,a2e8,92b1,7fbe,5da4,
421,6155,a2e8,92b1,7fbe,2565,
422,6155,a2e8,92b1,7fbe,b1dc,
423,6555,a2e8,92b1,7fbe,afc2,
424,6155,a2e8,92b1,7fbe,a347,
425,6155,a2e8,92b1,7fbe,a476,
426,6155,a2e8,92b1,7fbe,45ef,
427,6155,a2e8,92b1,7fbe,01cd,
428,6155,a2e8,92b1,7fbe,eb1b,
429,9541,40e0,d2b1,7fbe,5692,
430,6175,a2e8,92b1,7fbe,9829,
431,6175,a2e8,92b1,7fbe,8fb8,
432,6155,a2e8,92b1,7fbe,5328,
433,6155,a2e8,92b1,7fbe,33b0,
434,6155,a2e8,92b1,7fbe,058a,
435,61d5,a2a8,92b1,7fbe,b75a,
436,6155,a2e8,92b1,7fbe,0868,
437,69b5,a2a8,92b1,7fbe,553a,
438,6155,a2e8,92b1,7fbe,5a86,
439,7955,a2e8,92b1,7fbe,fe4f,
440,6155,a2e8,92b1,7fbe,1bbb,
441,6115,a2e8,92b1,7fbe,99f0,
442,6155,a2e8,92b1,7fbe,a6ef,
443,6155,a2e8,92b1,7fbe,e0d3,
444,61d5,a2e8,92b1,7fbe,a989,
445,0000,0020,92b1,7fbe,bc33,
446,6155,a2e8,92b1,7fbe,598e,
447,6155,a2e8,92b1,7fbe,d064,
448,6315,a2e8,92b1,7fbe,0e43,
449,6155,a2e8,92b1,7fbe,4ae5,
450,6155,a2e8,92b1,7fbe,5577,
451,65c5,a2e8,92b1,7fbe,bb95,
452,6155,a2e8,92b1,7fbe,b239,
453,6155,a2e8,92b1,7fbe,af71,
454,631d,a2e8,92b1,7fbe,4519,
455,6155,a2e8,92b1,7fbe,e3b4,
456,6137,a2a8,92b1,7fbe,0b0a,
457,6155,a2e8,92b1,7fbe,180d,
458,6155,a2e8,92b1,7fbe,4e9e,
459,6155,a2e8,92b1,7fbe,464d,
460,e678,a2e8,92b1,7fbe,872d,
461,e9d5,a2a9,92b1,7fbe,f483,
462,6155,a2e8,92b1,7fbe,60ef,
463,6155,a2e8,92b1,7fbe,e5aa,
464,6155,a2e8,92b1,7fbe,9397,
465,6155,a2e8,92b1,7fbe,0ba2,
466,6155,a2e8,92b1,7fbe,1277,
467,5955,b2e8,92b1,7fbe,90f0,
468,6155,a2e8,92b1,7fbe,386c,
469,6155,a2e8,92b1,7fbe,567f,
470,6155,a2e8,92b1,7fbe,0e04,
471,6155,a2e8,92b1,7fbe,009a,
472,2355,a2e8,92b1,7fbe,df78,
473,6155,a2e8,92b1,7fbe,8037,
474,6155,a2e8,92b1,7fbe,ffed,
475,6155,a2e8,92b1,7fbe,fa4e,
476,0000,a0f8,92b1,7fbe,ac3a,
477,6155,a2e8,92b1,7fbe,6d7e,
478,0960,82e0,d2b1,7fbe,6813,
479,6155,a2e8,92b1,7fbe,abd9,
480,6155,a2e8,92b1,7fbe,d374,
481,6155,a2e8,92b1,7fbe,c52d,
482,0000,a2e8,1299,7fbe,8028,
483,6155,a2e8,92b1,7fbe,d40c,
484,6555,a2e8,92b1,7fbe,6d5d,
485,6155,a2e8,92b1,7fbe,e668,
486,6155,a2e8,92b1,7fbe,35ee,
487,6555,a2e8,92b1,7fbe,8bac,
488,6155,a2e8,92b1,7fbe,d6ff,
489,6155,a2e8,92b1,7fbe,6fbc,
490,6155,a2e8,92b1,7fbe,44da,
491,6155,a2e8,92b1,7fbe,505b,
492,6155,a2e8,92b1,7fbe,62a1,
493,6155,a2e8,92b1,7fbe,185a,
494,6155,a2e8,92b1,7fbe,013c,
495,6155,a2e8,92b1,7fbe,a200,
496,6155,a2e8,92b1,7fbe,8f80,
497,6155,a2e8,92b1,7fbe,ff0f,
498,6155,a2e8,92b1,7fbe,3105,
499,6155,a2e8,92b1,7fbe,ef02,
500,6155,a2e8,92b1,7fbe,d171,
501,6155,a2e8,92b1,7fbe,a738,
502,6155,a2e8,92b1,7fbe,4051,
503,6155,a2e8,92b1,7fbe,ab62,
504,f049,a2e8,92b1,7fbe,911c,
505,6155,a2e8,92b1,7fbe,68f8,
506,71d5,a2a8,92b1,7fbe,2468,
507,6155,a2e8,92b1,7fbe,6fab,
508,6155,a2e8,92b1,7fbe,5c78,
509,6115,a2e8,92b1,7fbe,392c,
510,2935,a2a8,92b1,7fbe,1ad8,
511,6155,a2e8,92b1,7fbe,97ac,
512,6155,a2e8,92b1,7fbe,0c66,
513,6175,a2e8,92b1,7fbe,2ae6,
514,6115,a2e8,92b1,7fbe,b901,
515,6155,a2e8,92b1,7fbe,81a9,
516,6155,a2e8,92b1,7fbe,3415,
517,2115,a2e8,92b1,7fbe,5000,
518,65d1,82e8,82b1,7fbe,2eae,
519,6155,a2e8,92b1,7fbe,a0ad,
520,6155,a2e8,92b1,7fbe,1b0c,
521,6155,a2e8,92b1,7fbe,c8c0,
522,e1d4,a2a9,92b1,7fbe,6591,
523,91b7,a3f8,9089,7fae,0be8,
524,6154,a2e8,92b1,7fbe,3dfa,
525,6155,a2e8,92b1,7fbe,cda4,
526,6955,a2e8,92b1,7fbe,cb08,
527,6155,a2e8,92b1,7fbe,03db,
528,6155,a2e8,92b1,7fbe,34dc,
529,6937,a2a8,92b1,7fbe,7333,
530,6155,a2e8,92b1,7fbe,fca3,
531,6145,a2e8,92b1,7fbe,4f5f,
532,6155,a2e8,92b1,7fbe,dcea,
533,6995,a2a8,92b1,7fbe,0a5f,
534,0000,2aef,92b1,7fbe,ee70,
535,6155,a2e8,92b1,7fbe,3f1a,
536,6155,a2e8,92b1,7fbe,d88b,
537,6157,a2e8,92b1,7fbe,bbe7,
538,6175,a2e8,92b1,7fbe,e162,
539,6155,a2e8,92b1,7fbe,e5bc,
540,6155,a2e8,92b1,7fbe,d967,
541,6055,a2e8,92b1,7fbe,3328,
542,6155,a2e8,92b1,7fbe,82bf,
543,6155,a2e8,92b1,7fbe,001f,
544,6114,a2e8,92b1,7fbe,aa2b,
545,6155,a2e8,92b1,7fbe,fd5e,
546,6155,a2e8,92b1,7fbe,07f0,
547,6155,a2e8,92b1,7fbe,4be3,
548,0000,2e81,92b1,7fbe,b1f4,
549,6155,a2e8,92b1,7fbe,2f8c,
550,6155,a2e8,92b1,7fbe,2ff9,
551,6155,a2e8,92b1,7fbe,e897,
552,6155,a2e8,92b1,7fbe,0e7e,
553,6155,a2e8,92b1,7fbe,2405,
554,687f,a2e8,bf33,7fbe,2d82,
555,6155,a2e8,92b1,7fbe,73e9,
556,6115,a2e8,92b1,7fbe,0528,
557,6155,a2e8,92b1,7fbe,b303,
558,6155,a2e8,92b1,7fbe,3208,
559,6155,a2e8,92b1,7fbe,3d2e,
560,7155,a2e8,92b1,7fbe,523b,
561,6155,a2e8,92b1,7fbe,c9bd,
562,6147,a2e8,92b1,7fbe,24da,
563,7155,a2e8,92b1,7fbe,2313,
564,6155,a2e8,92b1,7fbe,53e1,
565,6155,a2e8,92b1,7fbe,5fc4,
566,6155,a2e8,92b1,7fbe,9242,
567,6155,a2e8,92b1,7fbe,0cca,
568,6155,a2e8,92b1,7fbe,788e,
569,6155,a2e8,92b1,7fbe,6683,
570,6155,a2e8,92b1,7fbe,63f5,
571,6155,a2e8,92b1,7fbe,4238,
572,6935,a2a8,92b1,7fbe,4191,
573,6155,a2e8,92b1,7fbe,f740,
574,d369,a2e8,1f89,7fbe,8d38,
575,6155,a2e8,92b1,7fbe,9a14,
576,6155,a2e8,92b1,7fbe,6e44,
577,0000,e317,92bb,7fbe,01ac,
578,6155,a2e8,92b1,7fbe,af37,
579,6155,a2e8,92b1,7fbe,13ab,
580,6155,a2e8,92b1,7fbe,e0f9,
581,4155,a2e8,92b1,7fbe,783e,
582,6155,a2e8,92b1,7fbe,d13d,
583,6155,a2e8,92b1,7fbe,61c9,
584,5155,a2e8,92b1,7fbe,a31f,
585,6155,a2e8,92b1,7fbe,e5a2,
586,6155,a2e8,92b1,7fbe,d30d,
587,7155,a2e8,92b1,7fbe,631d,
588,6155,a2e8,92b1,7fbe,2841,
589,6955,a2e8,92b1,7fbe,d610,
590,6155,a2e8,92b1,7fbe,cff7,
591,6155,a2e8,92b1,7fbe,dd4f,
592,7115,a2e8,92b1,7fbe,2399,
593,c87a,a862,92b1,7fbe,6b4b,
594,6155,a2e8,92b1,7fbe,86b0,
595,6155,a2e8,92b1,7fbe,e9b8,
596,7155,a2e8,92b1,7fbe,3b54,
597,6155,a2e8,92b1,7fbe,ba2b,
598,6155,a2e8,92b1,7fbe,4ad1,
599,6155,a2e8,92b1,7fbe,0123,
600,6155,a2e8,92b1,7fbe,a9e3,
601,4155,a2e8,92b1,7fbe,28e1,
602,6155,a2e8,92b1,7fbe,956a,
603,41d5,b2e8,92b1,7fbe,5b1c,
604,6155,a2e8,92b1,7fbe,6121,
605,6155,a2e8,92b1,7fbe,72c1,
606,6155,a2e8,92b1,7fbe,855f,
607,6155,a2e8,92b1,7fbe,90d3,
608,6155,a2e8,92b1,7fbe,38e0,
609,6155,a2e8,92b1,7fbe,3bb5,
610,6155,a2e8,92b1,7fbe,90a5,
611,6155,a2e8,92b1,7fbe,6d7f,
612,6155,a2e8,92b1,7fbe,75f8,
613,6155,a2e8,92b1,7fbe,315a,
614,6155,a2e8,92b1,7fbe,de65,
615,6974,a2ec,92b3,7fbe,9b0d,
616,0000,a2e8,cddf,7fbe,5f6e,
617,6355,a2e8,92b1,7fbe,6b23,
618,6155,a2e8,92b1,7fbe,b56c,
619,6155,a2e8,92b1,7fbe,e5f4,
620,6175,a2e8,92b1,7fbe,ca74,
621,6896,a2e8,92b1,7fbe,09c3,
622,e115,a2c8,92b1,7fbe,90e6,
623,6155,a2e8,92b1,7fbe,4870,
624,6155,a2e8,92b1,7fbe,8caf,
625,6155,a2e8,92b1,7fbe,6e53,
626,61d5,a2e8,92b1,7fbe,2084,
627,6155,a2e8,92b1,7fbe,e644,
628,6155,a2e8,92b1,7fbe,9003,
629,6155,a2e8,92b1,7fbe,d064,
630,6155,a2e8,92b1,7fbe,1cb3,
631,6175,a2e8,92b1,7fbe,154b,
632,6115,a2e8,92b1,7fbe,e0e3,
633,6155,a2e8,92b1,7fbe,43d0,
634,6155,a2e8,92b1,7fbe,b9ec,
635,6155,a2e8,92b1,7fbe,d368,
636,1541,40e8,d2b1,7fbe,8b25,
637,7155,a2e8,92b1,7fbe,b593,
638,6051,a2e8,92b1,7fbe,218c,
639,6155,a2e8,92b1,7fbe,f402,
640,6155,a2e8,92b1,7fbe,f542,
641,6175,a2e8,92b1,7fbe,d5d7,
642,6155,a2e8,92b1,7fbe,917d,
643,6155,a2e8,92b1,7fbe,6ec1,
644,6155,a2e8,92b1,7fbe,fbfd,
645,6155,a2e8,92b1,7fbe,5872,
646,6155,a2e8,92b1,7fbe,ea2a,
647,6545,a2e8,92b1,7fbe,fb95,
648,6155,a2e8,92b1,7fbe,e6b8,
649,6155,a2e8,92b1,7fbe,a666,
650,6155,a2e8,92b1,7fbe,a368,
651,6155,a2e8,92b1,7fbe,3964,
652,6175,a2e8,92b1,7fbe,6623,
653,6155,a2e8,92b1,7fbe,f7f2,
654,6155,a2e8,92b1,7fbe,23f3,
655,6155,a2e8,92b1,7fbe,f6a9,
656,6155,a2e8,92b1,7fbe,5390,
657,6155,a2e8,92b1,7fbe,4f30,
658,41d7,b2e8,92b1,7fbe,22de,
659,0000,e0f0,92b1,7fbe,3f8f,
660,6155,a2e8,92b1,7fbe,8f22,
661,6155,a2e8,92b1,7fbe,a0d0,
662,6155,a2e8,92b1,7fbe,d207,
663,6155,a2e8,92b1,7fbe,e267,
664,6155,a2e8,92b1,7fbe,6c48,
665,6155,a2e8,92b1,7fbe,14ba,
666,6155,a2e8,92b1,7fbe,41cd,
667,6155,a2e8,92b1,7fbe,8ca4,
668,6155,a2e8,92b1,7fbe,ee88,
669,6155,a2e8,92b1,7fbe,04b2,
670,6155,a2e8,92b1,7fbe,bf43,
671,71a9,a2e8,83f3,7fbe,1142,
672,6155,a2e8,92b1,7fbe,6226,
673,0000,a2e8,f8c0,7fbe,6a71,
674,6155,a2e8,92b1,7fbe,ed4f,
675,6155,a2e8,92b1,7fbe,60bf,
676,6145,a2e8,92b1,7fbe,dc6e,
677,6155,a2e8,92b1,7fbe,9c87,
678,6155,a2e8,92b1,7fbe,d91a,
679,5955,b2e8,92b1,7fbe,3956,
680,0000,e57d,9680,7fbe,c1d7,
681,6155,a2e8,92b1,7fbe,8ed8,
682,6155,a2e8,92b1,7fbe,3794,
683,6155,a2e8,92b1,7fbe,d8a8,
684,8e74,a2e8,92b1,7fbe,ef21,
685,6155,a2e8,92b1,7fbe,9798,
686,6975,a2e8,92b1,7fbe,a3d5,
687,7155,a2e8,92b1,7fbe,a9b1,
688,4017,b2a8,92b1,7fbe,3b11,
689,6155,a2e8,92b1,7fbe,4665,
690,6155,a2e8,92b1,7fbe,ebf3,
691,6155,a2e8,92b1,7fbe,2cea,
692,6c05,a2e8,79d2,7fbe,eb63,
693,6155,a2e8,92b1,7fbe,792d,
694,6115,a2e8,92b1,7fbe,8103,
695,6155,a2e8,92b1,7fbe,1705,
696,c31b,a2e8,4b23,7fbe,d992,
697,6155,a2e8,92b1,7fbe,b098,
698,6155,a2e8,92b1,7fbe,325f,
699,6155,a2e8,92b1,7fbe,2ad1,
700,6155,a2e8,92b1,7fbe,2b6c,
701,6155,a2e8,92b1,7fbe,80b1,
702,6155,a2e8,92b1,7fbe,5fc2,
703,4155,b2e8,92b1,7fbe,aee0,
704,6155,a2e8,92b1,7fbe,62c7,
705,6155,a2e8,92b1,7fbe,3bba,
706,43d7,b2e8,92b1,7fbe,1147,
707,7155,a2e8,92b1,7fbe,5820,
708,6155,a2e8,92b1,7fbe,61de,
709,4155,a2e8,92b1,7fbe,bc1e,
710,6155,a2e8,92b1,7fbe,4c89,
711,6155,a2e8,92b1,7fbe,57c9,
712,6155,a2e8,92b1,7fbe,ba93,
713,6155,a2e8,92b1,7fbe,c656,
714,6155,a2e8,92b1,7fbe,d824,
715,6155,a2e8,92b1,7fbe,aebe,
716,6155,a2e8,92b1,7fbe,7e59,
717,6155,a2e8,92b1,7fbe,28cb,
718,6155,a2e8,92b1,7fbe,71db,
719,6155,a2e8,92b1,7fbe,9d23,
720,615d,a2e8,92b1,7fbe,5a29,
721,7911,a2ea,92b1,7fbe,9030,
722,6995,a2a8,92b1,7fbe,73e5,
723,0000,67d8,92b1,7fbe,90be,
724,6155,a2e8,92b1,7fbe,d0e1,
725,6155,a2e8,92b1,7fbe,219d,
726,55d7,a2e8,4422,7fbe,d693,
727,4155,b2e8,92b1,7fbe,9f71,
728,6155,a2e8,92b1,7fbe,efb4,
729,0000,a3a0,9a32,7fbe,082e,
730,6155,a2e8,92b1,7fbe,5d11,
731,6155,a2e8,92b1,7fbe,dd94,
732,615d,a2e8,92b1,7fbe,eb03,
733,6155,a2e8,92b1,7fbe,7cbe,
734,6155,a2e8,92b1,7fbe,0a4f,
735,f11a,a2ee,923f,7fba,3246,
736,6155,a2e8,92b1,7fbe,6ee0,
737,6155,a2e8,92b1,7fbe,f56d,
738,6155,a2e8,92b1,7fbe,b13f,
739,6155,a2e8,92b1,7fbe,cb10,
740,6955,a2e8,92b1,7fbe,ad66,
741,6155,a2e8,92b1,7fbe,b080,
742,6115,a2e8,92b1,7fbe,452e,
743,6155,a2e8,92b1,7fbe,8b94,
744,6154,a2e8,92b1,7fbe,d083,
745,6155,a2e8,92b1,7fbe,55bd,
746,6155,a2e8,92b1,7fbe,6a2f,
747,6155,a2e8,92b1,7fbe,08ca,
748,6155,a2e8,92b1,7fbe,21a6,
749,6155,a2e8,92b1,7fbe,90b0,
750,0000,b2e8,92b1,7fbe,e5e5,
751,615d,a2e8,92b1,7fbe,fcf6,
752,cc03,a2cb,92b0,7fbe,ed27,
753,6155,a2e8,92b1,7fbe,ad5b,
754,ea24,a2e8,017a,7fbe,93cb,
755,eb04,aae8,92b1,7fbe,58f6,
756,6155,a2e8,92b1,7fbe,744c,
757,6155,a2e8,92b1,7fbe,d97b,
758,6155,a2e8,92b1,7fbe,a3c5,
759,6155,a2e8,92b1,7fbe,6616,
760,6155,a2e8,92b1,7fbe,0291,
761,6155,a2e8,92b1,7fbe,55ec,
762,6155,a2e8,92b1,7fbe,42fc,
763,6155,a2e8,92b1,7fbe,1911,
764,6115,a2e8,92b1,7fbe,7da8,
765,6155,a2e8,92b1,7fbe,32ef,
766,2155,a2e8,92b1,7fbe,4375,
767,0000,a2e8,a87e,7fbe,3acf,
768,6155,a2e8,92b1,7fbe,3bd1,
769,6155,a2e8,92b1,7fbe,406c,
770,0000,d1ce,ccab,7fbe,9e54,
771,2155,a2e8,92b1,7fbe,70e6,
772,6155,a2e8,92b1,7fbe,7a88,
773,0000,92a9,9a94,7fbe,a089,
774,6155,a2e8,92b1,7fbe,fc91,
775,6115,a2e8,92b1,7fbe,e200,
776,6155,a2e8,92b1,7fbe,c7f3,
777,6155,a2e8,92b1,7fbe,9903,
778,6959,b328,9231,7fbe,6bd9,
779,0000,a2e8,7471,7fbe,e6c0,
780,6155,a2e8,92b1,7fbe,8295,
781,0270,a2e8,92b1,7fbe,63a1,
782,7155,a2e8,92b1,7fbe,94bf,
783,61d5,a2a8,92b1,7fbe,bf9e,
784,2155,a2e8,92b1,7fbe,dde3,
785,6155,a2e8,92b1,7fbe,9702,
786,6155,a2e8,92b1,7fbe,87ab,
787,6155,a2e8,92b1,7fbe,e50b,
788,6155,a2e8,92b1,7fbe,a622,
789,6155,a2e8,92b1,7fbe,e7c7,
790,6155,a2e8,92b1,7fbe,605e,
791,6175,a2e8,92b1,7fbe,6eaf,
792,6155,a2e8,92b1,7fbe,ab99,
793,6155,a2e8,92b1,7fbe,9cc5,
794,6155,a2e8,92b1,7fbe,03cb,
795,6155,a2e8,92b1,7fbe,4730,
796,6155,a2e8,92b1,7fbe,3e88,
797,6195,a2a8,92b1,7fbe,dbd3,
798,6155,a2e8,92b1,7fbe,1cf0,
799,6155,a2e8,92b1,7fbe,4c52,
800,6155,a2e8,92b1,7fbe,b693,
801,6155,a2e8,92b1,7fbe,4e6f,
802,69b7,a2a8,92b1,7fbe,1a95,
803,d31d,e2e8,92b1,7fbe,d652,
804,6155,a2e8,92b1,7fbe,cdda,
805,6155,a2e8,92b1,7fbe,29e1,
806,a194,a2e8,59a8,7fbe,cb19,
807,6155,a2e8,92b1,7fbe,f1f0,
808,c0c5,a6f8,90b1,7fbe,9533,
809,6525,a2c8,92b1,7fbe,1411,
810,6155,a2e8,92b1,7fbe,52de,
811,5955,b2e8,92b1,7fbe,6ce3,
812,6155,a2e8,92b1,7fbe,bf9f,
813,69f7,a2a8,92b1,7fbe,2a70,
814,6155,a2e8,92b1,7fbe,6a2b,
815,6155,a2e8,92b1,7fbe,1e97,
816,6155,a2e8,92b1,7fbe,6dc8,
817,6155,a2e8,92b1,7fbe,7c0c,
818,2141,a0c0,92a1,7fbe,b569,
819,6955,a2e8,92b1,7fbe,8729,
820,7155,a2e8,92b1,7fbe,50fb,
821,6155,a2e8,92b1,7fbe,d579,
822,0000,2e17,30b9,7fbe,fafe,
823,6155,a2e8,92b1,7fbe,685a,
824,6155,a2e8,92b1,7fbe,0ab2,
825,6155,a2e8,92b1,7fbe,700c,
826,3c60,a2e8,c8d8,7fbe,5a69,
827,6155,a2e8,92b1,7fbe,e58a,
828,0000,9a6d,da9a,7fbe,055b,
829,6955,a2e8,92b1,7fbe,ddb6,
830,6155,a2e8,92b1,7fbe,e8a3,
831,6175,a2e8,92b1,7fbe,d1f5,
832,6155,a2e8,92b1,7fbe,0de7,
833,6155,a2e8,92b1,7fbe,aece,
834,6155,a2e8,92b1,7fbe,3174,
835,6155,a2e8,92b1,7fbe,3df7,
836,a2c5,a2e8,41a8,7fbe,d319,
837,6545,a2e8,92b1,7fbe,9e95,
838,6155,a2e8,92b1,7fbe,3d6e,
839,6155,a2e8,92b1,7fbe,d401,
840,6155,a2e8,92b1,7fbe,9272,
841,6155,a2e8,92b1,7fbe,d9ca,
842,6155,a2e8,92b1,7fbe,4f0f,
843,6155,a2e8,92b1,7fbe,5512,
844,6155,a2e8,92b1,7fbe,6119,
845,6155,a2e8,92b1,7fbe,3188,
846,6155,a2e8,92b1,7fbe,007d,
847,6155,a2e8,92b1,7fbe,d05a,
848,6155,a2e8,92b1,7fbe,4ab2,
849,6155,a2e8,92b1,7fbe,7336,
850,6155,a2e8,92b1,7fbe,dd16,
851,0788,a16a,82f4,7fbe,ab0b,
852,6155,a2e8,92b1,7fbe,ecf7,
853,6155,a2e8,92b1,7fbe,975e,
854,7155,a2e8,92b1,7fbe,be43,
855,4be6,a2e8,fdf9,7fbe,6f48,
856,6155,a2e8,92b1,7fbe,aa7b,
857,6155,a2e8,92b1,7fbe,2c8b,
858,6155,a2e8,92b1,7fbe,6e90,
859,6155,a2e8,92b1,7fbe,982c,
860,6155,a2e8,92b1,7fbe,6091,
861,6155,a2e8,92b1,7fbe,9ef5,
862,1d04,2aca,92b0,7fbe,6dbd,
863,6155,a2e8,92b1,7fbe,06c3,
864,6155,a2e8,92b1,7fbe,9337,
865,6155,a2e8,92b1,7fbe,5ca5,
866,5175,b2e8,92b1,7fbe,e97f,
867,6155,a2e8,92b1,7fbe,3695,
868,6155,a2e8,92b1,7fbe,87cb,
869,6545,a2e8,92b1,7fbe,95d2,
870,6155,a2e8,92b1,7fbe,c67a,
871,59d7,b2e8,92b1,7fbe,3c76,
872,6155,a2e8,92b1,7fbe,2c38,
873,6155,a2e8,92b1,7fbe,6951,
874,6155,a2e8,92b1,7fbe,4c73,
875,6155,a2e8,92b1,7fbe,9efe,
876,6155,a2e8,92b1,7fbe,ba98,
877,6175,a2e8,92b1,7fbe,a3ac,
878,6155,a2e8,92b1,7fbe,5a01,
879,6155,a2e8,92b1,7fbe,d190,
880,6155,a2e8,92b1,7fbe,3856,
881,4955,a2e8,92b1,7fbe,6bdd,
882,6155,a2e8,92b1,7fbe,8e2d,
883,6155,a2e8,92b1,7fbe,d3d9,
884,6155,a2e8,92b1,7fbe,7d41,
885,6155,a2e8,92b1,7fbe,1912,
886,41d7,b2e8,92b1,7fbe,238e,
887,d7d4,a2e8,5cde,7fbe,ce6f,
888,6155,a2e8,92b1,7fbe,39cb,
889,6155,a2e8,92b1,7fbe,4372,
890,6155,a2e8,92b1,7fbe,7276,
891,7152,a2ea,92b1,7fbe,484e,
892,6155,a2e8,92b1,7fbe,b029,
893,0000,07a0,7dad,7fbe,22eb,
894,6155,a2e8,92b1,7fbe,6abe,
895,6155,a2e8,92b1,7fbe,2b77,
896,6155,a2e8,92b1,7fbe,bec7,
897,6155,a2e8,92b1,7fbe,201c,
898,6155,a2e8,92b1,7fbe,4dcd,
899,6155,a2e8,92b1,7fbe,9cff,
900,6175,a2e8,92b1,7fbe,2636,
901,6115,a2e8,92b1,7fbe,241e,
902,6155,a2e8,92b1,7fbe,bb56,
903,27d9,45c5,3a90,7fbe,f77a,
904,6155,a2e8,92b1,7fbe,6b8f,
905,6155,a2e8,92b1,7fbe,1d48,
906,6155,a2e8,92b1,7fbe,a345,
907,4155,a2e8,92b1,7fbe,d744,
908,6155,a2e8,92b1,7fbe,4a04,
909,6155,a2e8,92b1,7fbe,3ba3,
910,6155,a2e8,92b1,7fbe,4ea3,
911,6155,a2e8,92b1,7fbe,ad5f,
912,6155,a2e8,92b1,7fbe,743a,
913,6155,a2e8,92b1,7fbe,0671,
914,6155,a2e8,92b1,7fbe,31ca,
915,6155,a2e8,92b1,7fbe,e980,
916,5157,b2e8,92b1,7fbe,05fd,
917,6155,a2e8,92b1,7fbe,3c14,
918,6155,a2e8,92b1,7fbe,115d,
919,7155,a2e8,92b1,7fbe,f17c,
920,6155,a2e8,92b1,7fbe,5c15,
921,6155,a2e8,92b1,7fbe,0e2e,
922,6055,a2e8,92b1,7fbe,6688,
923,6155,a2e8,92b1,7fbe,0b08,
924,6155,a2e8,92b1,7fbe,53a6,
925,6355,a2e8,92b1,7fbe,bce1,
926,6155,a2e8,92b1,7fbe,1fac,
927,7155,a2e8,92b1,7fbe,d5fd,
928,4957,b2e8,92b1,7fbe,ef09,
929,6155,a2e8,92b1,7fbe,c49e,
930,6155,a2e8,92b1,7fbe,f5c8,
931,6155,a2e8,92b1,7fbe,e383,
932,6155,a2e8,92b1,7fbe,654e,
933,6155,a2e8,92b1,7fbe,5d45,
934,6155,a2e8,92b1,7fbe,798e,
935,6151,a2e8,92b1,7fbe,533f,
936,6155,a2e8,92b1,7fbe,0be7,
937,dacb,e2e8,92b1,7fbe,f98d,
938,6155,a2e8,92b1,7fbe,b86f,
939,2271,a2e8,92b1,7fbe,6446,
940,6155,a2e8,92b1,7fbe,aadc,
941,7555,aae8,92b1,7fbe,7a48,
942,6155,a2e8,92b1,7fbe,90f1,
943,6155,a2e8,92b1,7fbe,8bfc,
944,6155,a2e8,92b1,7fbe,5267,
945,6155,a2e8,92b1,7fbe,387e,
946,6155,a2e8,92b1,7fbe,1661,
947,6155,a2e8,92b1,7fbe,75a1,
948,6155,a2e8,92b1,7fbe,ca7b,
949,6155,a2e8,92b1,7fbe,4187,
950,6994,a2a8,92b1,7fbe,57b5,
951,0000,a2e8,fae4,7fbe,6855,
952,6155,a2e8,92b1,7fbe,e173,
953,6157,a2e8,92b1,7fbe,f2eb,
954,e555,a2e8,92b1,7fbe,c0a2,
955,6155,a2e8,92b1,7fbe,df9a,
956,6155,a2e8,92b1,7fbe,3f4d,
957,3021,a2e8,e347,7fbe,71f6,
958,6155,a2e8,92b1,7fbe,d43e,
959,6155,a2e8,92b1,7fbe,4b25,
960,e175,a2e8,92b1,7fbe,870c,
961,2637,cbe8,92b1,7fbe,3d30,
962,0000,a2e8,4723,7fbe,d592,
963,6155,a2e8,92b1,7fbe,5a57,
964,6155,a2e8,92b1,7fbe,939a,
965,6155,a2e8,92b1,7fbe,5e1a,
966,6155,a2e8,92b1,7fbe,fb50,
967,6155,a2e8,92b1,7fbe,2719,
968,6155,a2e8,92b1,7fbe,4230,
969,6155,a2e8,92b1,7fbe,717c,
970,6155,a2e8,92b1,7fbe,b0e8,
971,6155,a2e8,92b1,7fbe,4f78,
972,6155,a2e8,92b1,7fbe,353b,
973,6155,a2e8,92b1,7fbe,8fef,
974,6155,a2e8,92b1,7fbe,3653,
975,6155,a2e8,92b1,7fbe,bab1,
976,6155,a2e8,92b1,7fbe,2116,
977,6155,a2e8,92b1,7fbe,4add,
978,6155,a2e8,92b1,7fbe,7878,
979,6155,a2e8,92b1,7fbe,4240,
980,6155,a2e8,92b1,7fbe,ef0c,
981,6175,a2e8,92b1,7fbe,c59b,
982,7155,a2e8,92b1,7fbe,0648,
983,6175,a2e8,92b1,7fbe,9e5f,
984,6155,a2e8,92b1,7fbe,5d8a,
985,4957,b2e8,92b1,7fbe,43b8,
986,6155,a2e8,92b1,7fbe,11e5,
987,6115,a2e8,92b1,7fbe,35d1,
988,61d5,a2e8,92b1,7fbe,411f,
989,6155,a2e8,92b1,7fbe,eace,
990,6155,a2e8,92b1,7fbe,04cd,
991,6155,a2e8,92b1,7fbe,ada7,
992,6155,a2e8,92b1,7fbe,bd7a,
993,e826,0f76,96f0,7fbe,ad5d,
994,6155,a2e8,92b1,7fbe,e187,
995,6155,a2e8,92b1,7fbe,aec0,
996,6155,a2e8,92b1,7fbe,df6f,
997,6155,a2e8,92b1,7fbe,ba0e,
998,6155,a2e8,92b1,7fbe,9b9b,
999,6155,a2e8,92b1,7fbe,4904,
1000,6155,a2e8,92b1,7fbe,f08d,
1001,6155,a2e8,92b1,7fbe,1857,
1002,6155,a2e8,92b1,7fbe,c545,
1003,6955,a2e8,92b1,7fbe,a63f,
1004,d157,f2e8,92b1,7fbe,18f8,
1005,6155,a2e8,92b1,7fbe,b0c1,
1006,6117,a2a8,92b1,7fbe,b4fc,
1007,6155,a2e8,92b1,7fbe,449d,
1008,6155,a2e8,92b1,7fbe,0b91,
1009,6155,a2e8,92b1,7fbe,051c,
1010,6155,a2e8,92b1,7fbe,e90d,
1011,69b5,a2a8,92b1,7fbe,e625,
1012,c3dd,e4e8,90b1,7fbe,92a9,
1013,6155,a2e8,92b1,7fbe,6ba1,
1014,6155,a2e8,92b1,7fbe,2a71,
1015,6155,a2e8,92b1,7fbe,6a47,
1016,e155,a2e8,92b1,7fbe,d9d4,
1017,6155,a2e8,92b1,7fbe,0aa3,
1018,c15d,e2e8,92b1,7fbe,568b,
1019,6155,a2e8,92b1,7fbe,0327,
1020,6155,a2e8,92b1,7fbe,7dc6,
1021,0000,a2e8,518c,7fbe,c33d,
1022,6155,a2e8,92b1,7fbe,1534,
1023,6155,a2e8,92b1,7fbe,eb24,
1024,6155,a2e8,92b1,7fbe,5185,
1025,7155,a2e8,92b1,7fbe,b265,
1026,6155,a2e8,92b1,7fbe,65d5,
1027,6155,a2e8,92b1,7fbe,b0ce,
1028,6155,a2e8,92b1,7fbe,86de,
1029,6155,a2e8,92b1,7fbe,b43e,
1030,6155,a2e8,92b1,7fbe,4b6b,
1031,6155,a2e8,92b1,7fbe,7d83,
1032,6155,a2e8,92b1,7fbe,8d26,
1033,6155,a2e8,92b1,7fbe,ded1,
1034,6155,a2e8,92b1,7fbe,b65f,
1035,4195,a2a8,92b1,7fbe,0468,
1036,6157,a2e8,92b1,7fbe,9e16,
1037,6854,a2e8,92b1,7fbe,6089,
1038,5955,b2e8,92b1,7fbe,8313,
1039,7175,a2e8,92b1,7fbe,2e9d,
1040,6155,a2e8,92b1,7fbe,b779,
1041,0000,aaac,92b1,7fbe,ef53,
1042,6251,a2e8,92b1,7fbe,f1a4,
1043,7155,a2e8,92b1,7fbe,4c38,
1044,6155,a2e8,92b1,7fbe,10f2,
1045,6115,a2e8,92b1,7fbe,9837,
1046,6155,a2e8,92b1,7fbe,ac93,
1047,6155,a2e8,92b1,7fbe,185b,
1048,6155,a2e8,92b1,7fbe,8812,
1049,6155,a2e8,92b1,7fbe,8b06,
1050,6155,a2e8,92b1,7fbe,718d,
1051,6115,a2e8,92b1,7fbe,e7b2,
1052,6155,a2e8,92b1,7fbe,a62e,
1053,6155,a2e8,92b1,7fbe,d418,
1054,6155,a2e8,92b1,7fbe,b977,
1055,0000,8878,92b1,7fbe,11c7,
1056,6155,a2e8,92b1,7fbe,22d1,
1057,7155,a2e8,92b1,7fbe,0b7f,
1058,6155,a2e8,92b1,7fbe,2cd4,
1059,6155,a2e8,92b1,7fbe,12c2,
1060,6155,a2e8,92b1,7fbe,e1d1,
1061,7155,a2e8,92b1,7fbe,4f6c,
1062,6155,a2e8,92b1,7fbe,f279,
1063,6955,a2e8,92b1,7fbe,2151,
1064,6155,a2e8,92b1,7fbe,321e,
1065,6155,a2e8,92b1,7fbe,f79d,
1066,6155,a2e8,92b1,7fbe,fc85,
1067,0000,9a9b,c3ad,7fbe,a2c9,
1068,7155,a2e8,92b1,7fbe,d403,
1069,6175,a2e8,92b1,7fbe,688b,
1070,6115,a2e8,92b1,7fbe,77ce,
1071,7155,a2e8,92b1,7fbe,92e8,
1072,6155,a2e8,92b1,7fbe,a013,
1073,6155,a2e8,92b1,7fbe,bbcd,
1074,6155,a2e8,92b1,7fbe,379c,
1075,11d5,8068,93b1,7fbe,b758,
1076,7955,b2e8,92b1,7fbe,ebb9,
1077,6155,a2e8,92b1,7fbe,6850,
1078,6155,a2e8,92b1,7fbe,3cf1,
1079,6155,a2e8,92b1,7fbe,d2cf,
1080,6155,a2e8,92b1,7fbe,9fac,
1081,6155,a2e8,92b1,7fbe,571d,
1082,6155,a2e8,92b1,7fbe,8733,
1083,6155,a2e8,92b1,7fbe,55ac,
1084,6155,a2e8,92b1,7fbe,68ce,
1085,6155,a2e8,92b1,7fbe,0b43,
1086,2575,a2e8,92b1,7fbe,dc83,
1087,6155,a2e8,92b1,7fbe,4098,
1088,6155,a2e8,92b1,7fbe,2a48,
1089,6155,a2e8,92b1,7fbe,5852,
1090,6155,a2e8,92b1,7fbe,5075,
1091,6955,a2e8,92b1,7fbe,327d,
1092,6155,a2e8,92b1,7fbe,518d,
1093,6115,a2e8,92b1,7fbe,d72b,
1094,6155,a2e8,92b1,7fbe,acdb,
1095,6155,a2e8,92b1,7fbe,868c,
1096,4155,a2e8,92b1,7fbe,6949,
1097,0000,a268,c3f2,7fbe,5143,
1098,61b5,a2a8,92b1,7fbe,d2e8,
1099,6155,a2e8,92b1,7fbe,8568,
1100,6155,a2e8,92b1,7fbe,2e45,
1101,6155,a2e8,92b1,7fbe,5f77,
1102,6155,a2e8,92b1,7fbe,4ceb,
1103,4377,a2e8,92b1,7fbe,60e6,
1104,6155,a2e8,92b1,7fbe,88bf,
1105,6155,a2e8,92b1,7fbe,ba9f,
1106,6155,a2e8,92b1,7fbe,756b,
1107,6155,a2e8,92b1,7fbe,85e4,
1108,6155,a2e8,92b1,7fbe,2519,
1109,7155,a2e8,92b1,7fbe,95b2,
1110,7155,a2e8,92b1,7fbe,4ef6,
1111,6155,a2e8,92b1,7fbe,5fed,
1112,6155,a2e8,92b1,7fbe,8579,
1113,6155,a2e8,92b1,7fbe,2706,
1114,6155,a2e8,92b1,7fbe,a7c6,
1115,6155,a2e8,92b1,7fbe,5da7,
1116,6115,a2e8,92b1,7fbe,03d5,
1117,41d7,b2e8,92b1,7fbe,509f,
1118,7155,a2e8,92b1,7fbe,5240,
1119,6955,a2e8,92b1,7fbe,d553,
1120,6155,a2e8,92b1,7fbe,1e45,
1121,6115,a2e8,92b1,7fbe,de81,
1122,6155,a2e8,92b1,7fbe,f5e7,
1123,6155,a2e8,92b1,7fbe,46c4,
1124,6155,a2e8,92b1,7fbe,dfb1,
1125,6155,a2e8,92b1,7fbe,c061,
1126,6115,a2e8,92b1,7fbe,b171,
1127,6155,a2e8,92b1,7fbe,feea,
1128,0000,a2e8,fdd8,7fbe,6f69,
1129,6155,a2e8,92b1,7fbe,82b0,
1130,6155,a2e8,92b1,7fbe,4cb4,
1131,635d,a2e8,92b1,7fbe,e7bb,
1132,6155,a2e8,92b1,7fbe,8749,
1133,6155,a2e8,92b1,7fbe,1c6f,
1134,6155,a2e8,92b1,7fbe,307c,
1135,6175,a2e8,92b1,7fbe,5739,
1136,0000,26f9,92b1,7fbe,3200,
1137,6155,a2e8,92b1,7fbe,9781,
1138,6155,a2e8,92b1,7fbe,b5b7,
1139,6155,a2e8,92b1,7fbe,75fc,
1140,61de,64b9,9891,7bbe,0e67,
1141,6155,a2e8,92b1,7fbe,3cd3,
1142,e175,a2e8,92b1,7fbe,8c29,
1143,6115,a2e8,92b1,7fbe,e1e3,
1144,6155,a2e8,92b1,7fbe,583e,
1145,6155,a2e8,92b1,7fbe,7708,
1146,6155,a2e8,92b1,7fbe,083b,
1147,69d5,a2a8,92b1,7fbe,e039,
1148,6157,a2e8,92b1,7fbe,ab12,
1149,6155,a2e8,92b1,7fbe,15ba,
1150,6155,a2e8,92b1,7fbe,2b0e,
1151,6175,a2e8,92b1,7fbe,de7b,
1152,6155,a2e8,92b1,7fbe,0e94,
1153,0000,62b3,92b1,7fbe,aea0,
1154,6155,a2e8,92b1,7fbe,8490,
1155,6155,a2e8,92b1,7fbe,55f3,
1156,7155,a2e8,92b1,7fbe,3399,
1157,6155,a2e8,92b1,7fbe,d2f2,
1158,6155,a2e8,92b1,7fbe,08bb,
1159,6155,a2e8,92b1,7fbe,d75f,
1160,6154,a2e8,92b1,7fbe,e5a1,
1161,6155,a2e8,92b1,7fbe,fa14,
1162,6155,a2e8,92b1,7fbe,c141,
1163,6155,a2e8,92b1,7fbe,4216,
1164,6155,a2e8,92b1,7fbe,b675,
1165,6155,a2e8,92b1,7fbe,f206,
1166,6155,a2e8,92b1,7fbe,fef3,
1167,6155,a2e8,92b1,7fbe,fbbf,
1168,0000,0c5a,92b1,7fbe,fd9d,
1169,6155,a2e8,92b1,7fbe,1afb,
1170,6155,a2e8,92b1,7fbe,aa18,
1171,6155,a2e8,92b1,7fbe,3d7f,
1172,6155,a2e8,92b1,7fbe,c148,
1173,6955,a2e8,92b1,7fbe,b048,
1174,6155,a2e8,92b1,7fbe,5953,
1175,71d7,a2e8,92b1,7fbe,dd6b,
1176,6155,a2e8,92b1,7fbe,a2e7,
1177,6155,a2e8,92b1,7fbe,cedc,
1178,7151,a2e8,92b1,7fbe,7d6f,
1179,0000,b452,d2a1,7fbe,f482,
1180,6155,a2e8,92b1,7fbe,d112,
1181,6155,a2e8,92b1,7fbe,d7fb,
1182,6155,a2e8,92b1,7fbe,717a,
1183,6155,a2e8,92b1,7fbe,e568,
1184,6155,a2e8,92b1,7fbe,deb3,
1185,6155,a2e8,92b1,7fbe,750d,
1186,6155,a2e8,92b1,7fbe,0025,
1187,6155,a2e8,92b1,7fbe,0fe8,
1188,6151,a2e8,92b1,7fbe,0b4c,
1189,6155,a2e8,92b1,7fbe,4e7f,
1190,6155,a2e8,92b1,7fbe,df49,
1191,6155,a2e8,92b1,7fbe,44cb,
1192,6155,a2e8,92b1,7fbe,326e,
1193,6155,a2e8,92b1,7fbe,0fc4,
1194,a622,a2e8,92b1,7fbe,c777,
1195,a087,ba6a,92b1,7fbe,e837,
1196,6155,a2e8,92b1,7fbe,c6fe,
1197,6155,a2e8,92b1,7fbe,8808,
1198,6951,a2e8,92b1,7fbe,132d,
1199,6155,a2e8,92b1,7fbe,748c,
1200,655c,a2e8,a703,7fbe,35b2,
1201,60d1,a2e8,92b1,7fbe,f73d,
1202,6155,a2e8,92b1,7fbe,4f90,
1203,7955,a2e8,92b1,7fbe,cd20,
1204,6155,a2e8,92b1,7fbe,e7fc,
1205,6155,a2e8,92b1,7fbe,f851,
1206,6155,a2e8,92b1,7fbe,3af8,
1207,6155,a2e8,92b1,7fbe,d82b,
1208,6155,a2e8,92b1,7fbe,a468,
1209,6155,a2e8,92b1,7fbe,81d9,
1210,6155,a2e8,92b1,7fbe,d989,
1211,6175,a2e8,92b1,7fbe,9802,
1212,6155,a2e8,92b1,7fbe,4312,
1213,6155,a2e8,92b1,7fbe,2b60,
1214,6155,a2e8,92b1,7fbe,1ff3,
1215,6155,a2e8,92b1,7fbe,8e40,
1216,0000,a2e8,198f,7fbe,8b3e,
1217,6155,a2e8,92b1,7fbe,f783,
1218,6155,a2e8,92b1,7fbe,683c,
1219,4157,b2e8,92b1,7fbe,1014,
1220,6155,a2e8,92b1,7fbe,86e0,
1221,6955,a2e8,92b1,7fbe,5b0b,
1222,6154,a2e8,92b1,7fbe,c7db,
1223,6155,a2e8,92b1,7fbe,9b54,
1224,6155,a2e8,92b1,7fbe,97fe,
1225,6155,a2e8,92b1,7fbe,dfac,
1226,6155,a2e8,92b1,7fbe,2dcf,
1227,6155,a2e8,92b1,7fbe,a1b3,
1228,634d,a2e8,92b1,7fbe,655d,
1229,6155,a2e8,92b1,7fbe,15f9,
1230,6155,a2e8,92b1,7fbe,c532,
1231,6155,a2e8,92b1,7fbe,a540,
1232,f745,a2c8,92a1,7fbe,f8b7,
1233,f81c,38af,86f1,7fbe,b0c4,
1234,6155,a2e8,92b1,7fbe,a1d1,
1235,6155,a2e8,92b1,7fbe,679a,
1236,4155,a2e8,92b1,7fbe,a696,
1237,6155,a2e8,92b1,7fbe,db8d,
1238,6155,a2e8,92b1,7fbe,c71f,
1239,0000,1268,92b1,7fbe,15ce,
1240,6117,a2a8,92b1,7fbe,e94d,
1241,6155,a2e8,92b1,7fbe,b8d9,
1242,6155,a2e8,92b1,7fbe,572e,
1243,6155,a2e8,92b1,7fbe,9e6a,
1244,6155,a2e8,92b1,7fbe,0bd7,
1245,6155,a2e8,92b1,7fbe,6224,
1246,0000,a2e8,2660,7fbe,b4d1,
1247,6155,a2e8,92b1,7fbe,67b5,
1248,6155,a2e8,92b1,7fbe,91db,
1249,6155,a2e8,92b1,7fbe,ba0b,
1250,c063,c7ee,90b5,7fbe,b855,
1251,629d,a3e8,92b1,7fbe,de79,
1252,6155,a2e8,92b1,7fbe,c182,
1253,7155,a2e8,92b1,7fbe,7cfa,
1254,6155,a2e8,92b1,7fbe,2144,
1255,6155,a2e8,92b1,7fbe,b754,
1256,6155,a2e8,92b1,7fbe,1f32,
1257,6155,a2e8,92b1,7fbe,c6b0,
1258,6155,a2e8,92b1,7fbe,95a5,
1259,6155,a2e8,92b1,7fbe,a612,
1260,6115,a2e8,92b1,7fbe,7a0a,
1261,6505,a2e8,92b1,7fbe,8651,
1262,a7a4,a2e8,92b1,7fbe,c6f1,
1263,6155,a2e8,92b1,7fbe,9606,
1264,0000,5621,00b1,7fbe,52ee,
1265,6155,a2e8,92b1,7fbe,eb30,
1266,5bb4,a2e8,92b1,7fbe,7ee5,
1267,6155,a2e8,92b1,7fbe,57fe,
1268,6115,a2e8,92b1,7fbe,0798,
1269,6155,a2e8,92b1,7fbe,eb5b,
1270,6155,a2e8,92b1,7fbe,fdd2,
1271,6955,a2e8,92b1,7fbe,925c,
1272,6155,a2e8,92b1,7fbe,c295,
1273,6155,a2e8,92b1,7fbe,e857,
1274,0000,b0a9,92b1,7fbe,73ab,
1275,7155,a2e8,92b1,7fbe,ff98,
1276,6155,a2e8,92b1,7fbe,7dfc,
1277,6155,a2e8,92b1,7fbe,064b,
1278,615d,8168,93b1,7fbe,80d8,
1279,6155,a2e8,92b1,7fbe,1897,
1280,6155,a2e8,92b1,7fbe,3a2e,
1281,6155,a2e8,92b1,7fbe,9580,
1282,6155,a2e8,92b1,7fbe,55c2,
1283,6155,a2e8,92b1,7fbe,f61f,
1284,6155,a2e8,92b1,7fbe,85af,
1285,6155,a2e8,92b1,7fbe,9686,
1286,6155,a2e8,92b1,7fbe,1d2d,
1287,4157,b2e8,92b1,7fbe,5650,
1288,71d5,a2e8,92b1,7fbe,0a51,
1289,6155,a2e8,92b1,7fbe,7cf4,
1290,6155,a2e8,92b1,7fbe,da65,
1291,6051,a2e8,92b1,7fbe,b82f,
1292,6117,a2a8,92b1,7fbe,b4fc,
1293,6155,a2e8,92b1,7fbe,f598,
1294,6155,a2e8,92b1,7fbe,7cac,
1295,6155,a2e8,92b1,7fbe,b464,
1296,6135,a2e8,92b1,7fbe,d32b,
1297,6155,a2e8,92b1,7fbe,6739,
1298,6355,a3e8,92b1,7fbe,effb,
1299,0000,afe5,92b1,7fbe,2d2e,
1300,6155,a2e8,92b1,7fbe,7cf7,
1301,6155,a2e8,92b1,7fbe,7fd1,
1302,6175,a2e8,92b1,7fbe,1919,
1303,6d75,a6e8,92b1,7fbe,fb11,
1304,6155,a2e8,92b1,7fbe,9ca7,
1305,6155,a2e8,92b1,7fbe,1726,
1306,6145,a2e8,92b1,7fbe,a77e,
1307,6155,a2e8,92b1,7fbe,405f,
1308,6155,a2e8,92b1,7fbe,5496,
1309,6155,a2e8,92b1,7fbe,db1e,
1310,6155,a2e8,92b1,7fbe,a374,
1311,6155,a2e8,92b1,7fbe,2384,
1312,6155,a2e8,92b1,7fbe,4b67,
1313,6155,a2e8,92b1,7fbe,5bf6,
1314,6155,a2e8,92b1,7fbe,1d43,
1315,6955,a2e8,92b1,7fbe,c0e9,
1316,6155,a2e8,92b1,7fbe,3b66,
1317,0000,a6e8,92b1,7fbe,e05a,
1318,6155,a2e8,92b1,7fbe,7f40,
1319,6155,a2e8,92b1,7fbe,5093,
1320,0000,a2e8,53d3,7fbe,c162,
1321,6955,a2e8,92b1,7fbe,c15d,
1322,2155,a2e8,92b1,7fbe,4bbf,
1323,6151,a2e8,92b1,7fbe,151f,
1324,0000,7d6c,9aa3,7fbe,c5aa,
1325,6155,a2e8,92b1,7fbe,7045,
1326,4155,a2e8,92b1,7fbe,9664,
1327,6915,a2a8,92b1,7fbe,dc8d,
1328,6155,a2e8,92b1,7fbe,2a3e,
1329,71f5,a2e8,92b1,7fbe,ddf0,
1330,6155,a2e8,92b1,7fbe,c341,
1331,6155,a2e8,92b1,7fbe,7133,
1332,6135,a2e8,92b1,7fbe,6c04,
1333,6175,a2e8,92b1,7fbe,0c0a,
1334,6155,a2e8,92b1,7fbe,5ee8,
1335,21d5,a2a8,92b1,7fbe,2e64,
1336,6155,a2e8,92b1,7fbe,27ac,
1337,4155,a2e8,92b1,7fbe,e241,
1338,1051,82e8,92b1,7fbe,57a3,
1339,6155,a2e8,92b1,7fbe,d695,
1340,7937,0208,82f0,7fbe,58da,
1341,6155,a2e8,92b1,7fbe,b517,
1342,65b7,b2a9,9ab1,7fbe,8fa2,
1343,6155,a2e8,92b1,7fbe,18f6,
1344,6935,a2a8,92b1,7fbe,d4bf,
1345,6155,a2e8,92b1,7fbe,4559,
1346,6151,a2e8,92b1,7fbe,805d,
1347,0000,a2e8,bdcc,7fbe,2f7d,
1348,6095,a268,92b1,7fbe,859f,
1349,6155,a2e8,92b1,7fbe,b01e,
1350,6155,a2e8,92b1,7fbe,26ee,
1351,6155,a2e8,92b1,7fbe,413e,
1352,6155,a2e8,92b1,7fbe,ca88,
1353,6155,a2e8,92b1,7fbe,b18f,
1354,6155,a2e8,92b1,7fbe,1967,
1355,6155,a2e8,92b1,7fbe,a049,
1356,6155,a2e8,92b1,7fbe,7c47,
1357,2352,bae8,92b1,7fbe,c686,
1358,6155,a2e8,92b1,7fbe,7606,
1359,6175,a2e8,92b1,7fbe,5663,
1360,6155,a2e8,92b1,7fbe,3b7e,
1361,6155,a2e8,92b1,7fbe,b823,
1362,6155,a2e8,92b1,7fbe,fc89,
1363,2049,a2e0,92b1,7fbe,53d9,
1364,6155,a2e8,92b1,7fbe,db61,
1365,0000,0e04,d391,7fbe,8825,
1366,6155,a2e8,92b1,7fbe,c6d1,
1367,6155,a2e8,92b1,7fbe,9410,
1368,5945,a2e0,92b1,7fbe,3991,
1369,6155,a2e8,92b1,7fbe,de8e,
1370,6155,a2e8,92b1,7fbe,1fef,
1371,6155,a2e8,92b1,7fbe,3ce3,
1372,6915,a2e8,92b1,7fbe,20c7,
1373,6155,a2e8,92b1,7fbe,4b15,
1374,0000,db07,90b9,7fbe,7df7,
1375,6155,a2e8,92b1,7fbe,715e,
1376,6155,a2e8,92b1,7fbe,bf5c,
1377,6155,a2e8,92b1,7fbe,c2f8,
1378,6155,a2e8,92b1,7fbe,555d,
1379,6155,a2e8,92b1,7fbe,f427,
1380,6155,a2e8,92b1,7fbe,2e98,
1381,6155,a2e8,92b1,7fbe,8e76,
1382,0000,a70b,b6a1,7fbe,6fd3,
1383,7049,a2e0,92b1,7fbe,0969,
1384,6155,a2e8,92b1,7fbe,d813,
1385,6155,a2e8,92b1,7fbe,47c0,
1386,6155,a2e8,92b1,7fbe,e6f7,
1387,21b5,a2e8,1e8e,7fbe,8c3f,
1388,6155,a2e8,92b1,7fbe,222c,
1389,6155,a2e8,92b1,7fbe,7c0d,
1390,6957,a2e8,92b1,7fbe,f8b9,
1391,6155,a2e8,92b1,7fbe,40ba,
1392,6155,a2e8,92b1,7fbe,7dfe,
1393,6137,a2a8,92b1,7fbe,138a,
1394,59d5,b2e8,92b1,7fbe,00c5,
1395,6155,a2e8,92b1,7fbe,bbc8,
1396,6155,a2e8,92b1,7fbe,d55a,
1397,7175,a2e8,8881,7fbe,1a30,
1398,6155,a2e8,92b1,7fbe,85d7,
1399,0000,1b07,92b1,7fbe,ad10,
1400,6155,a2e8,92b1,7fbe,9082,
1401,6175,a2e8,92b1,7fbe,7094,
1402,6155,a2e8,92b1,7fbe,5586,
1403,7155,a2e8,92b1,7fbe,d0a0,
1404,6155,a2e8,92b1,7fbe,83e4,
1405,6155,a2e8,92b1,7fbe,3f7f,
1406,41d5,b2e8,92b1,7fbe,5b1c,
1407,6155,a2e8,92b1,7fbe,a56c,
1408,6355,a2e8,92b1,7fbe,003b,
1409,7155,a2e8,92b1,7fbe,4f5c,
1410,730e,a2e8,1124,7fbe,8395,
1411,6155,a2e8,92b1,7fbe,70fd,
1412,6155,a2e8,92b1,7fbe,29fd,
1413,e954,22e8,92b1,7fbe,1745,
1414,6115,a2e8,92b1,7fbe,c651,
1415,4214,a2e8,92b1,7fbe,70e1,
1416,6155,a2e8,92b1,7fbe,682c,
1417,6155,a2e8,92b1,7fbe,317d,
1418,31a4,9aac,92b1,7fbe,9bb5,
1419,6155,a2e8,92b1,7fbe,01ab,
1420,6155,a2e8,92b1,7fbe,0883,
1421,6155,a2e8,92b1,7fbe,c371,
1422,0000,a2e8,92b1,7fbe,d492,
1423,0000,cbe9,92b1,7fbe,1b22,
1424,0000,2429,92b1,7fbe,700e,
1425,6987,a2a8,92b1,7fbe,c96c,
1426,6155,a2e8,92b1,7fbe,bddd,
1427,6155,a2e8,92b1,7fbe,c26b,
1428,69d7,a2a8,92b1,7fbe,3291,
1429,6155,a2e8,92b1,7fbe,492e,
1430,6155,a2e8,92b1,7fbe,b9cc,
1431,2155,a2e8,92b1,7fbe,7222,
1432,6155,a2e8,92b1,7fbe,ea55,
1433,6155,a2e8,92b1,7fbe,b0a4,
1434,6155,a2e8,92b1,7fbe,9f9c,
1435,6155,a2e8,92b1,7fbe,fa76,
1436,6155,a2e8,92b1,7fbe,2f0b,
1437,6155,a2e8,92b1,7fbe,eb1b,
1438,2155,a2e8,92b1,7fbe,d89a,
1439,6155,a2e8,92b1,7fbe,d8c3,
1440,6155,a2e8,92b1,7fbe,d2ab,
1441,0928,d762,3a71,7fbe,dc6a,
1442,6155,a2e8,92b1,7fbe,9be6,
1443,5155,b2e8,92b1,7fbe,088e,
1444,6175,a2e8,92b1,7fbe,2eca,
1445,69d5,a2a8,92b1,7fbe,de80,
1446,6155,a2e8,92b1,7fbe,f08c,
1447,6155,a2e8,92b1,7fbe,1286,
1448,6155,a2e8,92b1,7fbe,e132,
1449,6735,a2e8,92b1,7fbe,ce06,
1450,6155,a2e8,92b1,7fbe,4c02,
1451,6155,a2e8,92b1,7fbe,036b,
1452,6155,a2e8,92b1,7fbe,a811,
1453,6155,a2e8,92b1,7fbe,4658,
1454,6155,a2e8,92b1,7fbe,bcb2,
1455,6155,a2e8,92b1,7fbe,bd2b,
1456,8121,ae6a,92b1,7fbe,c773,
1457,6155,a2e8,92b1,7fbe,6ada,
1458,0000,b4b6,e1d4,7fbe,ac37,
1459,6115,a2e8,92b1,7fbe,49ba,
1460,6155,a2e8,92b1,7fbe,9e47,
1461,0000,608f,9670,7fbe,cf87,
1462,6155,a2e8,92b1,7fbe,ded9,
1463,6155,a2e8,92b1,7fbe,cee8,
1464,6155,a2e8,92b1,7fbe,c008,
1465,6155,a2e8,92b1,7fbe,ec67,
1466,61d5,a2a8,92b1,7fbe,89e8,
1467,6155,a2e8,92b1,7fbe,c271,
1468,6155,a2e8,92b1,7fbe,26d2,
1469,6155,a2e8,92b1,7fbe,ab55,
1470,417d,a2e8,92b1,7fbe,b991,
1471,6955,a2e8,92b1,7fbe,d4b1,
1472,6155,a2e8,92b1,7fbe,be65,
1473,6155,a2e8,92b1,7fbe,b294,
1474,6155,a2e8,92b1,7fbe,86f3,
1475,7955,a2e8,92b1,7fbe,19a7,
1476,6155,a2e8,92b1,7fbe,3d18,
1477,6155,a2e8,92b1,7fbe,5625,
1478,6155,a2e8,92b1,7fbe,d80a,
1479,6155,a2e8,92b1,7fbe,901e,
1480,6155,a2e8,92b1,7fbe,06e8,
1481,0000,a2e8,e50c,7fbe,77bd,
1482,6155,a2e8,92b1,7fbe,69f8,
1483,0000,126e,92b1,7fbe,95ce,
1484,6115,a2e8,92b1,7fbe,6457,
1485,6155,a2e8,92b1,7fbe,a434,
1486,6175,a2e8,92b1,7fbe,0923,
1487,6155,a2e8,92b1,7fbe,3696,
1488,6155,a2e8,92b1,7fbe,4c0f,
1489,6155,a2e8,92b1,7fbe,4da9,
1490,61d4,a2e8,92b1,7fbe,31b5,
1491,59d5,b2e8,92b1,7fbe,91a0,
1492,0000,f1cf,92b1,7fbe,5327,
1493,6155,a2e8,92b1,7fbe,0a64,
1494,797f,b32c,9231,7fbe,7ca1,
1495,6155,a2e8,92b1,7fbe,6932,
1496,0000,3534,12d0,7fbe,db3d,
1497,6115,a2e8,92b1,7fbe,23e6,
1498,6155,a2e8,92b1,7fbe,5f04,
1499,6155,a2e8,92b1,7fbe,6430,
1500,e155,a2e8,92b1,7fbe,5814,
1501,6155,a2e8,92b1,7fbe,324f,
1502,c3dd,a2e8,ee11,7fbe,7ca0,
1503,6155,a2e8,92b1,7fbe,2a26,
1504,6157,a2e8,92b1,7fbe,0322,
1505,7155,a2e8,92b1,7fbe,c952,
1506,6155,a2e8,92b1,7fbe,979c,
1507,6175,a2e8,92b1,7fbe,99f1,
1508,6155,a2e8,92b1,7fbe,1394,
1509,6155,a2e8,92b1,7fbe,e034,
1510,6155,a2e8,92b1,7fbe,c1f4,
1511,6155,a2e8,92b1,7fbe,1ff2,
1512,0000,a2e8,3105,7fbe,a3b4,
1513,0000,1a88,92b1,7fbe,4111,
1514,6111,a2e8,92b1,7fbe,65c8,
1515,61d5,a2e8,92b1,7fbe,5558,
1516,6155,a2e8,92b1,7fbe,fdbc,
1517,49f5,a2a8,92b1,7fbe,d58b,
1518,6155,a2e8,92b1,7fbe,5b9f,
1519,49d7,b2e8,92b1,7fbe,37fd,
1520,6155,a2e8,92b1,7fbe,7e68,
1521,6155,a2e8,92b1,7fbe,ed11,
1522,6155,a2e8,92b1,7fbe,b9f9,
1523,6155,a2e8,92b1,7fbe,e11b,
1524,6155,a2e8,92b1,7fbe,cf97,
1525,4955,b2e8,92b1,7fbe,6b2e,
1526,465d,a0e8,92b1,7fbe,ecc2,
1527,6155,a2e8,92b1,7fbe,7084,
1528,6155,a2e8,92b1,7fbe,5746,
1529,6155,a2e8,92b1,7fbe,1243,
1530,e155,a6a8,9291,7fbe,150f,
1531,6155,a2e8,92b1,7fbe,4fc3,
1532,6155,a2e8,92b1,7fbe,8519,
1533,6155,a2e8,92b1,7fbe,0f52,
1534,6155,a2e8,92b1,7fbe,b5b9,
1535,6115,a2e8,92b1,7fbe,2fce,
1536,6155,a2e8,92b1,7fbe,309d,
1537,7155,a2e8,92b1,7fbe,2649,
1538,6155,a2e8,92b1,7fbe,2c6b,
1539,6155,a2e8,92b1,7fbe,70c5,
1540,6155,a2e8,92b1,7fbe,2850,
1541,6155,a2e8,92b1,7fbe,613f,
1542,6051,a2e8,92b1,7fbe,76d4,
1543,6155,a2e8,92b1,7fbe,0809,
1544,6155,a2e8,92b1,7fbe,f297,
1545,6155,a2e8,92b1,7fbe,0364,
1546,15e4,22a8,92b1,7fbe,06a1,
1547,6195,a2a8,92b1,7fbe,fa5c,
1548,0000,bbcc,92b1,7fbe,835a,
1549,4155,b2e8,92b1,7fbe,25a4,
1550,17a7,a2e8,92b1,7fbe,76f2,
1551,6155,a2e8,92b1,7fbe,506a,
1552,6f55,a6e8,92b1,7fbe,7200,
1553,6155,a2e8,92b1,7fbe,67b3,
1554,6155,a2e8,92b1,7fbe,4cbd,
1555,6175,a2e8,92b1,7fbe,bbc7,
1556,6155,a2e8,92b1,7fbe,3d7d,
1557,7155,a2e8,92b1,7fbe,9319,
1558,6155,a2e8,92b1,7fbe,c114,
1559,6175,a2e8,92b1,7fbe,8448,
1560,6155,a2e8,92b1,7fbe,a2da,
1561,2345,a2e8,92b1,7fbe,d191,
1562,6155,a2e8,92b1,7fbe,2ff5,
1563,6155,a2e8,92b1,7fbe,3cd6,
1564,715d,a2e8,92b1,7fbe,15ca,
1565,6155,a2e8,92b1,7fbe,eaf7,
1566,6115,a2e8,92b1,7fbe,412a,
1567,0000,8a98,92b1,7fbe,1615,
1568,6155,a2e8,92b1,7fbe,c5e4,
1569,6155,a2e8,92b1,7fbe,b8b7,
1570,6154,a2e8,92b1,7fbe,27c0,
1571,6155,a2e8,92b1,7fbe,19f0,
1572,fe7b,ad78,8291,7fbe,2f72,
1573,6155,a2e8,92b1,7fbe,1d67,
1574,6155,a2e8,92b1,7fbe,813b,
1575,6155,a2e8,92b1,7fbe,3f3f,
1576,0000,9a6e,92b1,7fbe,44c9,
1577,4155,a2e8,92b1,7fbe,fa05,
1578,7155,a2e8,92b1,7fbe,bb8f,
1579,6155,a2e8,92b1,7fbe,e892,
1580,6155,a2e8,92b1,7fbe,7327,
1581,6155,a2e8,92b1,7fbe,490b,
1582,6155,a2e8,92b1,7fbe,bf9c,
1583,2155,a2e8,92b1,7fbe,4138,
1584,6155,a2e8,92b1,7fbe,786b,
1585,6155,a2e8,92b1,7fbe,37cc,
1586,6175,a2e8,92b1,7fbe,6545,
1587,0000,8028,92b1,7fbe,2c5a,
1588,6115,a2e8,92b1,7fbe,40d8,
1589,6115,a2e8,92b1,7fbe,916b,
1590,6157,a2e8,92b1,7fbe,199e,
1591,0000,39c4,93bd,7fbe,b936,
1592,5955,b2e8,92b1,7fbe,0a03,
1593,380a,a2e8,7ca1,7fbe,ee10,
1594,6155,a2e8,92b1,7fbe,5dd4,
1595,7155,a2e8,92b1,7fbe,d481,
1596,6155,a2e8,92b1,7fbe,6133,
1597,6155,a2e8,92b1,7fbe,aa1c,
1598,6155,a2e8,92b1,7fbe,fd61,
1599,6155,a2e8,92b1,7fbe,aaa6,
1600,6975,a2a8,92b1,7fbe,e5fe,
1601,6155,a2e8,92b1,7fbe,35bc,
1602,6155,a2e8,92b1,7fbe,a5b2,
1603,4977,b2e8,92b1,7fbe,6336,
1604,6155,a2e8,92b1,7fbe,f880,
1605,61d7,a2e8,92b1,7fbe,928a,
1606,6155,a2e8,92b1,7fbe,a962,
1607,6155,a2e8,92b1,7fbe,c2a2,
1608,6155,a2e8,92b1,7fbe,ca6f,
1609,0000,62a8,92b1,7fbe,6d02,
1610,6155,a2e8,92b1,7fbe,91c5,
1611,6155,a2e8,92b1,7fbe,6d55,
1612,e995,a2a8,92b1,7fbe,358f,
1613,6155,a2e8,92b1,7fbe,2d9e,
1614,6155,a2e8,92b1,7fbe,99a4,
1615,6155,a2e8,92b1,7fbe,a967,
1616,6155,a2e8,92b1,7fbe,a832,
1617,7115,a2e8,92b1,7fbe,bd94,
1618,69d6,a2a9,92b1,7fbe,4e5f,
1619,0000,44ab,b339,7fbe,c5db,
1620,6155,a2e8,92b1,7fbe,2bd3,
1621,0000,122b,834c,7fbe,11fd,
1622,6155,a2e8,92b1,7fbe,da6a,
1623,6951,9aea,82b1,7fbe,76b0,
1624,6155,a2e8,92b1,7fbe,5a98,
1625,6155,a2e8,92b1,7fbe,a4d7,
1626,6955,a2e8,92b1,7fbe,cb5f,
1627,6157,a2e8,92b1,7fbe,a48e,
1628,6155,a2e8,92b1,7fbe,93e5,
1629,6155,a2e8,92b1,7fbe,a540,
1630,6155,a2e8,92b1,7fbe,cb10,
1631,6951,a2e8,92b1,7fbe,0a6d,
1632,6155,a2e8,92b1,7fbe,f293,
1633,6155,a2e8,92b1,7fbe,02a6,
1634,2157,92e8,92b1,7fbe,72b0,
1635,6155,a2e8,92b1,7fbe,bc19,
1636,6155,a2e8,92b1,7fbe,49ef,
1637,6175,a2e8,92b1,7fbe,c46b,
1638,6155,a2e8,92b1,7fbe,e252,
1639,6155,a2e8,92b1,7fbe,04d4,
1640,6155,a2e8,92b1,7fbe,8ea0,
1641,0000,b4ec,92b1,7fbe,5fd9,
1642,6155,a2e8,92b1,7fbe,6734,
1643,6155,a2e8,92b1,7fbe,2082,
1644,6115,a2e8,92b1,7fbe,49da,
1645,6155,a2e8,92b1,7fbe,b803,
1646,6155,a2e8,92b1,7fbe,7477,
1647,6155,a2e8,92b1,7fbe,40d6,
1648,6155,a2e8,92b1,7fbe,4872,
1649,01d7,b2e8,92b1,7fbe,e230,
1650,6155,a2e8,92b1,7fbe,1ac3,
1651,6155,a2e8,92b1,7fbe,18e7,
1652,6155,a2e8,92b1,7fbe,f11b,
1653,0000,cab0,92b1,7fbe,2adb,
1654,6145,a2e8,92b1,7fbe,49f6,
1655,6175,a2e8,92b1,7fbe,9ca0,
1656,6155,a2e8,92b1,7fbe,eed2,
1657,6115,a2e8,92b1,7fbe,6f8c,
1658,6155,a2e8,92b1,7fbe,6b7d,
1659,6155,a2e8,92b1,7fbe,9938,
1660,6155,a2e8,92b1,7fbe,8d4a,
1661,6155,a2e8,92b1,7fbe,f259,
1662,6155,a2e8,92b1,7fbe,51a6,
1663,6155,a2e8,92b1,7fbe,7766,
1664,0000,a3ec,f73e,7fbe,658f,
1665,6155,a2e8,92b1,7fbe,1251,
1666,6155,a2e8,92b1,7fbe,a2ed,
1667,6155,a2e8,92b1,7fbe,2bdb,
1668,6155,a2e8,92b1,7fbe,e778,
1669,6155,a2e8,92b1,7fbe,46f7,
1670,6155,a2e8,92b1,7fbe,e927,
1671,6155,a2e8,92b1,7fbe,42f8,
1672,6155,a2e8,92b1,7fbe,bc3c,
1673,6115,a2e8,92b1,7fbe,5c5c,
1674,6995,a2a8,92b1,7fbe,08b7,
1675,6155,a2e8,92b1,7fbe,2a76,
1676,e114,a2e8,92b1,7fbe,980f,
1677,4155,a2e8,92b1,7fbe,3e09,
1678,6155,a2e8,92b1,7fbe,1422,
1679,6155,a2e8,92b1,7fbe,c695,
1680,6155,a2e8,92b1,7fbe,f0fc,
1681,6155,a2e8,92b1,7fbe,e2a1,
1682,6155,a2e8,92b1,7fbe,ade5,
1683,6155,a2e8,92b1,7fbe,3611,
1684,7155,a2e8,92b1,7fbe,4380,
1685,6155,a2e8,92b1,7fbe,871c,
1686,6155,a2e8,92b1,7fbe,899b,
1687,6155,a2e8,92b1,7fbe,02f9,
1688,6155,a2e8,92b1,7fbe,6250,
1689,6115,a2e8,92b1,7fbe,77ce,
1690,6155,a2e8,92b1,7fbe,b2de,
1691,6175,a2e8,92b1,7fbe,22c9,
1692,6115,a2e8,92b1,7fbe,1a3e,
1693,6155,a2e8,92b1,7fbe,53e4,
1694,0000,5db6,0000,7fbe,88d4,
1695,1241,02e0,d2b1,7fbe,da05,
1696,b101,b9ae,dab1,7fbe,8346,
1697,6155,a2e8,92b1,7fbe,d80c,
1698,6155,a2e8,92b1,7fbe,6095,
1699,6155,a2e8,92b1,7fbe,624a,
1700,0000,7af0,92b1,7fbe,2f15,
1701,6155,a2e8,92b1,7fbe,f375,
1702,6155,a2e8,92b1,7fbe,0d75,
1703,6155,a2e8,92b1,7fbe,fb4b,
1704,e997,a2a9,92b1,7fbe,c619,
1705,6155,a2e8,92b1,7fbe,4667,
1706,6155,a2e8,92b1,7fbe,0c86,
1707,6155,a2e8,92b1,7fbe,2e5a,
1708,61d5,a2e8,92b1,7fbe,6fad,
1709,6155,a2e8,92b1,7fbe,28ab,
1710,e1b4,a2a8,92b1,7fbe,85ca,
1711,6155,a2e8,92b1,7fbe,8f8e,
1712,6155,a2e8,92b1,7fbe,3da5,
1713,6155,a2e8,92b1,7fbe,73c0,
1714,6155,a2e8,92b1,7fbe,feb0,
1715,4851,b2e8,92b1,7fbe,1fb5,
1716,6175,a2e8,92b1,7fbe,6377,
1717,6175,a2e8,92b1,7fbe,36f0,
1718,61b5,a2a8,92b1,7fbe,333f,
1719,6155,a2e8,92b1,7fbe,0cc4,
1720,6115,a2e8,92b1,7fbe,a716,
1721,cf96,a2e8,a643,7fbe,34f2,
1722,0000,84b9,92b1,7fbe,8086,
1723,6155,a2e8,92b1,7fbe,8679,
1724,6155,a2e8,92b1,7fbe,f233,
1725,51d7,b2e8,92b1,7fbe,4d8b,
1726,6155,a2e8,92b1,7fbe,c50c,
1727,6155,a2e8,92b1,7fbe,5494,
1728,6155,a2e8,92b1,7fbe,2640,
1729,6955,a2e8,92b1,7fbe,fff1,
1730,6155,a2e8,92b1,7fbe,a110,
1731,4297,a2e8,4602,7fbe,d4b3,
1732,6135,a2e8,92b1,7fbe,812e,
1733,6155,a2e8,92b1,7fbe,672b,
1734,6155,a2e8,92b1,7fbe,cfa6,
1735,6155,a2e8,92b1,7fbe,0cb1,
1736,9ec5,c32a,8a59,7fbe,0951,
1737,6155,a2e8,92b1,7fbe,f167,
1738,6155,a2e8,92b1,7fbe,5636,
1739,6155,a2e8,92b1,7fbe,48fe,
1740,6155,a2e8,92b1,7fbe,44ac,
1741,6155,a2e8,92b1,7fbe,1af3,
1742,6155,a2e8,92b1,7fbe,1166,
1743,7155,a2e8,92b1,7fbe,d8f0,
1744,6155,a2e8,92b1,7fbe,9b23,
1745,6155,a2e8,92b1,7fbe,13d1,
1746,6155,a2e8,92b1,7fbe,c126,
1747,6155,a2e8,92b1,7fbe,4ae3,
1748,a175,a2e8,92b1,7fbe,69e9,
1749,6155,a2e8,92b1,7fbe,10a2,
1750,6155,a2e8,92b1,7fbe,86ed,
1751,6155,a2e8,92b1,7fbe,cd02,
1752,6115,a2e8,92b1,7fbe,6154,
1753,7155,a2e8,92b1,7fbe,b340,
1754,6155,a2e8,92b1,7fbe,45cf,
1755,6175,a2e8,92b1,7fbe,b6e5,
1756,61c5,a2e8,92b1,7fbe,e65f,
1757,0000,a2e8,fa10,7fbe,68a1,
1758,49b5,a2a8,92b1,7fbe,5518,
1759,6155,a2e8,92b1,7fbe,3b0d,
1760,7155,a2e8,92b1,7fbe,d54c,
1761,7111,a2ea,92b1,7fbe,fc74,
1762,6155,a2e8,92b1,7fbe,5c01,
1763,6155,a2e8,92b1,7fbe,fc6d,
1764,d5b7,a2e8,31a4,7fbe,a315,
1765,7155,a2e8,92b1,7fbe,5b39,
1766,6155,a2e8,92b1,7fbe,f7d9,
1767,6155,a2e8,92b1,7fbe,05f2,
1768,6155,a2e8,92b1,7fbe,13fd,
1769,6155,a2e8,92b1,7fbe,9177,
1770,6155,a2e8,92b1,7fbe,2c93,
1771,6155,a2e8,92b1,7fbe,4127,
1772,6175,a2e8,92b1,7fbe,0ead,
1773,4957,b2e8,92b1,7fbe,2d41,
1774,6155,a2e8,92b1,7fbe,41bd,
1775,6155,a2e8,92b1,7fbe,5b1f,
1776,69d5,a2a8,92b1,7fbe,e039,
1777,6155,a2e8,92b1,7fbe,b8ba,
1778,6115,a2e8,92b1,7fbe,b22e,
1779,6155,a2e8,92b1,7fbe,6f4f,
1780,7155,a2e8,92b1,7fbe,97d2,
1781,6155,a2e8,92b1,7fbe,4ec5,
1782,6155,a2e8,92b1,7fbe,68d0,
1783,6155,a2e8,92b1,7fbe,6534,
1784,7155,a2e8,92b1,7fbe,67af,
1785,6155,a2e8,92b1,7fbe,7ba8,
1786,7155,a2e8,92b1,7fbe,0947,
1787,6155,a2e8,92b1,7fbe,b601,
1788,6155,a2e8,92b1,7fbe,8d83,
1789,6155,a2e8,92b1,7fbe,39ae,
1790,6155,a2e8,92b1,7fbe,9a44,
1791,6055,a2e8,92b1,7fbe,799a,
1792,6155,a2e8,92b1,7fbe,9979,
1793,6155,a2e8,92b1,7fbe,45b6,
1794,6155,a2e8,92b1,7fbe,2946,
1795,6155,a2e8,92b1,7fbe,3088,
1796,6155,a2e8,92b1,7fbe,2ac9,
1797,6155,a2e8,92b1,7fbe,e4f1,
1798,6155,a2e8,92b1,7fbe,5883,
1799,6155,a2e8,92b1,7fbe,c491,
1800,0000,a2e8,13c6,7fbe,8177,
1801,6155,a2e8,92b1,7fbe,c72f,
1802,6115,a2e8,92b1,7fbe,bc00,
1803,785c,a2e8,388c,7fbe,aa3d,
1804,6155,a2e8,92b1,7fbe,9fda,
1805,6155,a2e8,92b1,7fbe,2ab0,
1806,7155,a2e8,92b1,7fbe,3b7b,
1807,6155,a2e8,92b1,7fbe,c3ba,
1808,6155,a2e8,92b1,7fbe,b64b,
1809,6155,a2e8,92b1,7fbe,c4d6,
1810,cc23,a2e8,92b1,7fbe,acdf,
1811,6155,a2e8,92b1,7fbe,849e,
1812,6155,a2e8,92b1,7fbe,e3b7,
1813,7131,a2e8,92b1,7fbe,3ff0,
1814,6155,a2e8,92b1,7fbe,394b,
1815,6995,a2a8,92b1,7fbe,2643,
1816,6155,a2e8,92b1,7fbe,05aa,
1817,6093,a2e8,26e5,7fbe,b454,
1818,5955,b2e8,92b1,7fbe,bd3b,
1819,6155,a2e8,92b1,7fbe,711a,
1820,6155,a2e8,92b1,7fbe,146a,
1821,6155,a2e8,92b1,7fbe,801a,
1822,693f,a2e8,8724,7fbe,1595,
1823,6155,a2e8,92b1,7fbe,bf33,
1824,6155,a2e8,92b1,7fbe,b257,
1825,6155,a2e8,92b1,7fbe,3c22,
1826,6155,a2e8,92b1,7fbe,554f,
1827,6155,a2e8,92b1,7fbe,6120,
1828,7155,a2e8,92b1,7fbe,e287,
1829,6155,a2e8,92b1,7fbe,b395,
1830,6155,a2e8,92b1,7fbe,d9f8,
1831,6155,a2e8,92b1,7fbe,8d79,
1832,6955,a2e8,92b1,7fbe,23d7,
1833,6155,a2e8,92b1,7fbe,7432,
1834,6155,a2e8,92b1,7fbe,b7b5,
1835,5955,b2e8,92b1,7fbe,0e21,
1836,6155,a2e8,92b1,7fbe,be6d,
1837,6155,a2e8,92b1,7fbe,5ab6,
1838,6155,a2e8,92b1,7fbe,e6fa,
1839,6155,a2e8,92b1,7fbe,01de,
1840,6115,a2e8,92b1,7fbe,822b,
1841,5a5b,f3e8,b2b1,7fbe,51f5,
1842,6115,a2e8,92b1,7fbe,4400,
1843,0000,a2e8,a4a9,7fbe,3618,
1844,0000,abc0,9b51,7fbe,12e8,
1845,7155,a2e8,92b1,7fbe,f7b4,
1846,6155,a2e8,92b1,7fbe,55ed,
1847,204a,dd25,97b0,7fbe,fdef,
1848,41f7,b2e8,92b1,7fbe,480b,
1849,7155,a2e8,92b1,7fbe,cfda,
1850,6175,a2e8,92b1,7fbe,0cd0,
1851,6155,a2e8,92b1,7fbe,7743,
1852,6155,a2e8,92b1,7fbe,5963,
1853,6155,a2e8,92b1,7fbe,16d3,
1854,6155,a2e8,92b1,7fbe,8c7d,
1855,6155,a2e8,92b1,7fbe,c608,
1856,6155,a2e8,92b1,7fbe,35e4,
1857,0000,9f99,fa29,7fbe,d7c1,
1858,6155,a2e8,92b1,7fbe,ddcd,
1859,6155,a2e8,92b1,7fbe,7c61,
1860,6155,a2e8,92b1,7fbe,3e8a,
1861,6155,a2e8,92b1,7fbe,ec1c,
1862,6155,a2e8,92b1,7fbe,dc24,
1863,0000,059d,09d6,7fbe,dc98,
1864,6155,a2e8,92b1,7fbe,36c7,
1865,6155,a2e8,92b1,7fbe,a7c8,
1866,a175,22ca,92b0,7fbe,34db,
1867,6155,a2e8,92b1,7fbe,f300,
1868,6155,a2e8,92b1,7fbe,f302,
1869,6155,a2e8,92b1,7fbe,715a,
1870,6155,a2e8,92b1,7fbe,5ad6,
1871,6099,a260,92b5,7fbe,7d98,
1872,7954,aae8,92b1,7fbe,8b11,
1873,7155,a2e8,92b1,7fbe,fc93,
1874,6155,a2e8,92b1,7fbe,2fb8,
1875,6155,a2e8,92b1,7fbe,bac2,
1876,6155,a2e8,92b1,7fbe,7e24,
1877,6155,a2e8,92b1,7fbe,23ed,
1878,6155,a2e8,92b1,7fbe,8751,
1879,6555,a2e8,92b1,7fbe,3718,
1880,6155,a2e8,92b1,7fbe,e591,
1881,6155,a2e8,92b1,7fbe,fd98,
1882,6155,a2e8,92b1,7fbe,25d9,
1883,0000,d47a,8bf5,7fbe,5c56,
1884,6155,a2e8,92b1,7fbe,c111,
1885,6155,a2e8,92b1,7fbe,18ed,
1886,6955,a2e8,92b1,7fbe,285d,
1887,69f5,a2a8,92b1,7fbe,a5a2,
1888,6955,a2e8,92b1,7fbe,19c2,
1889,6155,a2e8,92b1,7fbe,4dc5,
1890,2867,e6e8,90b1,7fbe,4726,
1891,6155,a2e8,92b1,7fbe,f539,
1892,6155,a2e8,92b1,7fbe,0c83,
1893,6155,a2e8,92b1,7fbe,81c8,
1894,6155,a2e8,92b1,7fbe,df6f,
1895,6055,a2e8,92b1,7fbe,bbd2,
1896,f745,a2c8,92a1,7fbe,f8b7,
1897,6155,a2e8,92b1,7fbe,4aa1,
1898,6155,a2e8,92b1,7fbe,5201,
1899,6155,a2e8,92b1,7fbe,6ff9,
1900,6155,a2e8,92b1,7fbe,1ac2,
1901,6155,a2e8,92b1,7fbe,83dc,
1902,6155,a2e8,92b1,7fbe,6141,
1903,7155,a2e8,92b1,7fbe,0ef0,
1904,6155,a2e8,92b1,7fbe,10b7,
1905,69b5,a2a8,92b1,7fbe,5418,
1906,6155,a2e8,92b1,7fbe,9157,
1907,6155,a2e8,92b1,7fbe,a0ef,
1908,6155,a2e8,92b1,7fbe,7aeb,
1909,0000,a2e8,5a7f,7fbe,c8ce,
1910,0000,a2e8,92b1,7fbe,d492,
1911,6155,a2e8,92b1,7fbe,12c5,
1912,6155,a2e8,92b1,7fbe,e2f4,
1913,6155,a2e8,92b1,7fbe,1984,
1914,6155,a2e8,92b1,7fbe,e7fe,
1915,6955,a2e8,92b1,7fbe,cd6e,
1916,6155,a2e8,92b1,7fbe,84c0,
1917,6155,a2e8,92b1,7fbe,7955,
1918,6155,a2e8,92b1,7fbe,8321,
1919,001c,b817,1291,7fbe,1aae,
1920,6155,a2e8,92b1,7fbe,5a93,
1921,6155,a2e8,92b1,7fbe,a9d0,
1922,6175,a2e8,92b1,7fbe,61fe,
1923,3bb8,a2e8,92b1,7fbe,5aed,
1924,6155,a2e8,92b1,7fbe,e4b8,
1925,18f9,a2e8,c488,7fbe,5639,
1926,61d5,a2e8,92b1,7fbe,2897,
1927,6155,a2e8,92b1,7fbe,b15a,
1928,d79d,a2e8,abbf,7fbe,390e,
1929,6155,a2e8,92b1,7fbe,9184,
1930,6155,a2e8,92b1,7fbe,90bc,
1931,6155,a2e8,92b1,7fbe,e7a6,
1932,6155,a2e8,92b1,7fbe,9a17,
1933,6155,a2e8,92b1,7fbe,6b2d,
1934,6155,a2e8,92b1,7fbe,5af1,
1935,6155,a2e8,92b1,7fbe,ae7e,
1936,6255,a2e8,92b1,7fbe,6353,
1937,6155,a2e8,92b1,7fbe,eabd,
1938,6155,a2e8,92b1,7fbe,1c43,
1939,6155,a2e8,92b1,7fbe,0b95,
1940,6155,a2e8,92b1,7fbe,4c17,
1941,6145,a2e8,92b1,7fbe,3719,
1942,6155,a2e8,92b1,7fbe,c910,
1943,6155,a2e8,92b1,7fbe,09f2,
1944,6155,a2a8,92b1,7fbe,2386,
1945,6155,a2e8,92b1,7fbe,cde2,
1946,6155,a2e8,92b1,7fbe,b794,
1947,6955,a2e8,92b1,7fbe,2f6c,
1948,6155,a2e8,92b1,7fbe,116e,
1949,6195,a2e8,92b1,7fbe,9a2d,
1950,6155,a2e8,92b1,7fbe,1571,
1951,6155,a2e8,92b1,7fbe,cecc,
1952,6155,a2e8,92b1,7fbe,c156,
1953,6155,a2e8,92b1,7fbe,6492,
1954,6155,a2e8,92b1,7fbe,00d7,
1955,6155,a2e8,92b1,7fbe,eeef,
1956,69b5,a2a8,92b1,7fbe,d4f5,
1957,6155,a2e8,92b1,7fbe,8b4d,
1958,6155,a2e8,92b1,7fbe,7929,
1959,7155,a2e8,92b1,7fbe,0f76,
1960,6955,a2e8,92b1,7fbe,1f7b,
1961,6155,a2e8,92b1,7fbe,81f0,
1962,61d5,a2e8,92b1,7fbe,18dc,
1963,6545,a2e8,92b1,7fbe,83d6,
1964,6154,a2e8,92b1,7fbe,d8d6,
1965,6155,a2e8,92b1,7fbe,88ce,
1966,0000,95bc,92b1,7fbe,feac,
1967,7155,a2e8,92b1,7fbe,861c,
1968,6155,a2e8,92b1,7fbe,905b,
1969,6954,a2e8,92b1,7fbe,21bd,
1970,6155,a2e8,92b1,7fbe,b46d,
1971,60d7,a5fc,90b9,7fbe,5db9,
1972,6155,a2e8,92b1,7fbe,e239,
1973,4851,b2e8,92b1,7fbe,8ffe,
1974,6155,a2e8,92b1,7fbe,3ed8,
1975,6155,a2e8,92b1,7fbe,614e,
1976,6115,a2e8,92b1,7fbe,10ce,
1977,6555,a2e8,92b1,7fbe,ceae,
1978,5957,b2e8,92b1,7fbe,ed82,
1979,6155,a2e8,92b1,7fbe,64d8,
1980,6155,a2e8,92b1,7fbe,5ed5,
1981,0000,a2e8,e40e,7fbe,76bf,
1982,0000,a2e8,6b44,7fbe,f9f5,
1983,6155,a2e8,92b1,7fbe,106b,
1984,6155,a2e8,92b1,7fbe,cd71,
1985,6155,a2e8,92b1,7fbe,3b0c,
1986,6175,a2e8,92b1,7fbe,7471,
1987,6155,a2e8,92b1,7fbe,fdbc,
1988,6155,a2e8,92b1,7fbe,7010,
1989,6155,a2e8,92b1,7fbe,a5d9,
1990,6955,a2e8,92b1,7fbe,2fd1,
1991,7155,a2e8,92b1,7fbe,84ea,
1992,6155,a2e8,92b1,7fbe,4364,
1993,6155,a2e8,92b1,7fbe,3268,
1994,6155,a2e8,92b1,7fbe,250f,
1995,6155,a2e8,92b1,7fbe,ecc5,
1996,6155,a2e8,92b1,7fbe,8ea3,
1997,6155,a2e8,92b1,7fbe,4730,
1998,2155,a2e8,92b1,7fbe,7838,
1999,6155,a2e8,92b1,7fbe,d019,
2000,69f7,a2a8,92b1,7fbe,f447,
2001,6155,a2e8,92b1,7fbe,8362,
2002,6155,a2e8,92b1,7fbe,36f6,
2003,6155,a2e8,92b1,7fbe,ca93,
2004,7155,a2e8,92b1,7fbe,48e3,
2005,0000,3893,9ef1,7fbe,8ada,
2006,0000,11fa,9e03,7fbe,9693,
2007,0000,a2e8,a251,7fbe,30e0,
2008,6155,a2e8,92b1,7fbe,fe36,
2009,6155,a2e8,92b1,7fbe,3a4c,
2010,6155,a2e8,92b1,7fbe,1283,
2011,4155,a2e8,92b1,7fbe,6320,
2012,6155,a2e8,92b1,7fbe,643b,
2013,61f5,a2a8,92b1,7fbe,784a,
2014,7841,a2e0,92b1,7fbe,2589,
2015,6155,a2e8,92b1,7fbe,efea,
2016,0000,e3a8,92b1,7fbe,d97a,
2017,6155,a2e8,92b1,7fbe,1a7e,
2018,6955,a2e8,92b1,7fbe,23b6,
2019,6091,a268,92b1,7fbe,7dde,
2020,6155,a2e8,92b1,7fbe,eeb6,
2021,6175,a2e8,92b1,7fbe,51d9,
2022,6155,a2e8,92b1,7fbe,0c70,
2023,9e46,a2e9,92b1,7fbe,1eda,
2024,6155,a2e8,92b1,7fbe,cc1b,
2025,7151,a2e8,92b1,7fbe,03b3,
2026,6155,a2e8,92b1,7fbe,9fbb,
2027,6155,a2e8,92b1,7fbe,ecb6,
2028,6155,a2e8,92b1,7fbe,e664,
2029,0000,3a50,47b4,7fbe,1b91,
2030,0000,8b82,3a9b,7fbe,413b,
2031,6155,a2e8,92b1,7fbe,fa4f,
2032,6155,a2e8,92b1,7fbe,ecf2,
2033,9016,a2e8,31a7,7fbe,a316,
2034,6155,a2e8,92b1,7fbe,4612,
2035,6155,a2e8,92b1,7fbe,14c4,
2036,6155,a2e8,92b1,7fbe,4717,
2037,6cc2,a2e8,2dd9,7fbe,bf68,
2038,6155,a2e8,92b1,7fbe,8b61,
2039,6155,a2e8,92b1,7fbe,1292,
2040,6155,a2e8,92b1,7fbe,cd91,
2041,6155,a2e8,92b1,7fbe,9ffe,
2042,6555,a2e8,92b1,7fbe,ae1e,
2043,e175,a2e8,92b1,7fbe,9fa3,
2044,6155,a2e8,92b1,7fbe,52da,
2045,6155,a2e8,92b1,7fbe,61cd,
2046,6145,a2e8,92b1,7fbe,79d7,
2047,0000,20f3,41fc,7fbe,6488,
2048,0000,3197,d3f5,7fbe,10d7,
2049,6055,a268,92b1,7fbe,d458,
2050,6155,a2e8,92b1,7fbe,5b8d,
2051,6155,a2e8,92b1,7fbe,921c,
2052,6155,a2e8,92b1,7fbe,e33f,
2053,6155,a2e8,92b1,7fbe,106a,
2054,6155,a2e8,92b1,7fbe,1c3f,
2055,6155,a2e8,92b1,7fbe,69f6,
2056,6155,a2e8,92b1,7fbe,fea4,
2057,6155,a2e8,92b1,7fbe,d373,
2058,6155,a2e8,92b1,7fbe,a726,
2059,6175,a2e8,92b1,7fbe,9fb0,
2060,6155,a2e8,92b1,7fbe,9db6,
2061,6155,a2e8,92b1,7fbe,3c6b,
2062,6155,a2e8,92b1,7fbe,9a5b,
2063,59d7,b2e8,92b1,7fbe,ea0f,
2064,7155,a2e8,92b1,7fbe,dca0,
2065,6155,a2e8,92b1,7fbe,49e9,
2066,6955,a2e8,92b1,7fbe,da3e,
2067,6155,a2e8,92b1,7fbe,fa7c,
2068,6155,a2e8,92b1,7fbe,b373,
2069,6155,a2e8,92b1,7fbe,f7d4,
2070,0000,eef3,92b1,7fbe,2978,
2071,e155,a2e8,92b1,7fbe,c807,
2072,0000,76ec,c2f2,7fbe,54a9,
2073,6155,a2e8,92b1,7fbe,5b12,
2074,6155,a2e8,92b1,7fbe,69fb,
2075,6155,a2e8,92b1,7fbe,2fd4,
2076,6175,a2e8,92b1,7fbe,7016,
2077,6155,a2e8,92b1,7fbe,fd55,
2078,6175,a2e8,92b1,7fbe,0af3,
2079,0000,cb40,97e5,7fbe,4b1a,
2080,6155,a2e8,92b1,7fbe,3557,
2081,6955,a2e8,92b1,7fbe,692e,
2082,6155,a2e8,92b1,7fbe,6782,
2083,6155,a2e8,92b1,7fbe,a694,
2084,6155,a2e8,92b1,7fbe,298a,
2085,69a5,a2a8,92b1,7fbe,8b4a,
2086,6155,a2e8,92b1,7fbe,b587,
2087,6155,a2e8,92b1,7fbe,642c,
2088,6175,a2e8,92b1,7fbe,af25,
2089,6155,a2e8,92b1,7fbe,d822,
2090,e175,a2e8,92b1,7fbe,b60b,
2091,6155,a2e8,92b1,7fbe,ca32,
2092,61b7,a2a8,92b1,7fbe,096c,
2093,6155,a2e8,92b1,7fbe,7678,
2094,6155,a2e8,92b1,7fbe,9f9e,
2095,6155,a2e8,92b1,7fbe,3d50,
2096,dcc0,a2e8,92b1,7fbe,bd95,
2097,6175,a2e8,92b1,7fbe,b467,
2098,6155,a2e8,92b1,7fbe,3207,
2099,6955,a2e8,92b1,7fbe,ac9f,
2100,0000,642c,52a0,7fbe,26ff,
2101,0000,e79d,92b1,7fbe,6f5c,
2102,6155,a2e8,92b1,7fbe,3471,
2103,6155,a2e8,92b1,7fbe,b3fa,
2104,6155,a2e8,92b1,7fbe,e6ba,
2105,0000,b8ec,92b1,7fbe,4707,
2106,0841,73fc,8237,7fbe,f89c,
2107,61d7,a2e8,92b1,7fbe,5166,
2108,6155,a2e8,92b1,7fbe,91e0,
2109,4157,b2e8,92b1,7fbe,3c91,
2110,6155,a2e8,92b1,7fbe,b46b,
2111,6155,a2e8,92b1,7fbe,5be8,
2112,6155,a2e8,92b1,7fbe,76b1,
2113,6155,a2e8,92b1,7fbe,44b2,
2114,4155,a2e8,92b1,7fbe,fbf6,
2115,6155,a2e8,92b1,7fbe,014a,
2116,6155,a2e8,92b1,7fbe,a53c,
2117,6155,a2e8,92b1,7fbe,c559,
2118,6155,a2e8,92b1,7fbe,dbf4,
2119,4155,a2e8,92b1,7fbe,a79f,
2120,0000,dd2b,ed72,7fbe,7fc3,
2121,6155,a2e8,92b1,7fbe,2d51,
2122,6195,a2a8,92b1,7fbe,5ef2,
2123,6155,a2e8,92b1,7fbe,7c6b,
2124,6155,a2e8,92b1,7fbe,5985,
2125,6155,a2e8,92b1,7fbe,133e,
2126,6155,a2e8,92b1,7fbe,6f0c,
2127,e175,a2e8,92b1,7fbe,3c12,
2128,6155,a2e8,92b1,7fbe,66e9,
2129,6155,a2e8,92b1,7fbe,7bb7,
2130,6355,a2e8,92b1,7fbe,d762,
2131,6155,a2e8,92b1,7fbe,aeda,
2132,0000,a2e8,8edf,7fbe,1c6e,
2133,6155,a2e8,92b1,7fbe,8311,
2134,3dfa,2f8d,92b1,7fbe,39fd,
2135,6155,a2e8,92b1,7fbe,4c73,
2136,6155,a2e8,92b1,7fbe,e0c6,
2137,6155,a2e8,92b1,7fbe,bdd6,
2138,6151,a2e8,92b1,7fbe,a623,
2139,6155,a2e8,92b1,7fbe,b482,
2140,6155,a2e8,92b1,7fbe,8c55,
2141,61d7,a2e8,92b1,7fbe,705a,
2142,6155,a2e8,92b1,7fbe,ace4,
2143,6155,a2e8,92b1,7fbe,732b,
2144,6155,a2e8,92b1,7fbe,b3d6,
2145,6155,a2e8,92b1,7fbe,cc57,
2146,6155,a2e8,92b1,7fbe,8b82,
2147,6b10,a2e8,9b9e,7fbe,092f,
2148,6155,a2e8,92b1,7fbe,f077,
2149,6115,a2e8,92b1,7fbe,4b05,
2150,6155,a2e8,92b1,7fbe,3f7f,
2151,6155,a2e8,92b1,7fbe,91e0,
2152,6155,a2e8,92b1,7fbe,5b67,
2153,0000,7ca8,92b1,7fbe,37b7,
2154,6955,a2e8,92b1,7fbe,cdc7,
2155,6155,a2e8,92b1,7fbe,d1f2,
2156,6155,a2e8,92b1,7fbe,7793,
2157,7357,b3ec,92b1,7fbe,882e,
2158,6155,a2e8,92b1,7fbe,319e,
2159,6115,a2e8,92b1,7fbe,1256,
2160,4d57,b2e8,92b1,7fbe,ed52,
2161,1157,b2e8,92b1,7fbe,92d7,
2162,c1f0,b2ad,92b3,7fbe,6b57,
2163,6155,a2e8,92b1,7fbe,f743,
2164,6155,a2e8,92b1,7fbe,ca8d,
2165,6155,a2e8,92b1,7fbe,21f8,
2166,6155,a2e8,92b1,7fbe,8127,
2167,6155,a2e8,92b1,7fbe,6885,
2168,0000,8064,92b1,7fbe,6eaa,
2169,6155,a2e8,92b1,7fbe,864c,
2170,6157,a2e8,92b1,7fbe,c3bf,
2171,6155,a2e8,92b1,7fbe,6b0f,
2172,6155,a2e8,92b1,7fbe,3242,
2173,09a0,fa66,a3a5,7fbe,32a6,
2174,6155,a2e8,92b1,7fbe,21c9,
2175,6155,a2e8,92b1,7fbe,8250,
2176,7155,a2e8,92b1,7fbe,915e,
2177,7155,a2e8,92b1,7fbe,1f49,
2178,4957,b2e8,92b1,7fbe,ed4b,
2179,6155,a2e8,92b1,7fbe,fa48,
2180,e155,a2e8,92b1,7fbe,f2dc,
2181,6155,a2e8,92b1,7fbe,cc17,
2182,6155,a2e8,92b1,7fbe,8615,
2183,e175,a2e8,92b1,7fbe,edbf,
2184,6155,a2e8,92b1,7fbe,3960,
2185,6155,a2e8,92b1,7fbe,69a0,
2186,6155,a2e8,92b1,7fbe,7341,
2187,6155,a2e8,92b1,7fbe,c699,
2188,0000,aea9,92b1,7fbe,0f8b,
2189,0000,d6b4,7391,7fbe,6425,
2190,6955,a2e8,92b1,7fbe,5d9c,
2191,6155,a2e8,92b1,7fbe,58fe,
2192,6155,a2e8,92b1,7fbe,2f2c,
2193,6155,a2e8,92b1,7fbe,e967,
2194,6155,a2e8,92b1,7fbe,ec84,
2195,6155,a2e8,92b1,7fbe,0c9a,
2196,254b,a2e8,92b1,7fbe,441e,
2197,6155,a2e8,92b1,7fbe,b752,
2198,6155,a2e8,92b1,7fbe,bf4b,
2199,6155,a2e8,92b1,7fbe,66e5,
2200,4155,a2e8,92b1,7fbe,a287,
2201,6155,a2e8,92b1,7fbe,6a58,
2202,6155,a2e8,92b1,7fbe,5473,
2203,6955,a2e8,92b1,7fbe,e006,
2204,6155,a2e8,92b1,7fbe,421c,
2205,6155,a2e8,92b1,7fbe,3553,
2206,79bb,a2e8,92b1,7fbe,1dce,
2207,7155,a2e8,92b1,7fbe,a897,
2208,6155,a2e8,92b1,7fbe,fbc5,
2209,6155,a2e8,92b1,7fbe,68a3,
2210,6155,a2e8,92b1,7fbe,f468,
2211,6155,a2e8,92b1,7fbe,2b36,
2212,6145,a2e8,92b1,7fbe,3be1,
2213,6155,a2e8,92b1,7fbe,d199,
2214,6155,a2e8,92b1,7fbe,c7de,
2215,6115,a2e8,92b1,7fbe,ead8,
2216,6155,a2e8,92b1,7fbe,65fa,
2217,6155,a2e8,92b1,7fbe,4230,
2218,6155,a2e8,92b1,7fbe,c9e6,
2219,6155,a2e8,92b1,7fbe,b884,
2220,6155,a2e8,92b1,7fbe,93c8,
2221,6155,a2e8,92b1,7fbe,9110,
2222,7155,a2e8,92b1,7fbe,163c,
2223,6155,a2e8,92b1,7fbe,4ad1,
2224,6155,a2e8,92b1,7fbe,6f59,
2225,6155,a2e8,92b1,7fbe,6121,
2226,6155,a2e8,92b1,7fbe,b5a5,
2227,6155,a2e8,92b1,7fbe,b2a8,
2228,2155,a2e8,92b1,7fbe,460c,
2229,6155,a2e8,92b1,7fbe,30a2,
2230,6155,a2e8,92b1,7fbe,0f79,
2231,4817,a368,9231,7fbe,96ea,
2232,0000,a2e8,ea16,7fbe,78a7,
2233,6955,a2e8,92b1,7fbe,f5e5,
2234,6155,a2e8,92b1,7fbe,9bca,
2235,6115,a2e8,92b1,7fbe,5d34,
2236,6155,a2e8,92b1,7fbe,00b6,
2237,43d5,a3e8,92b1,7fbe,bdbf,
2238,6175,a2e8,92b1,7fbe,85c3,
2239,6155,a2e8,92b1,7fbe,0177,
2240,0000,23bc,92b1,7fbe,e661,
2241,6175,a2a8,92b1,7fbe,2c19,
2242,6155,a2e8,92b1,7fbe,2bd3,
2243,6155,a2e8,92b1,7fbe,3c14,
2244,6155,a2e8,92b1,7fbe,100d,
2245,6155,a2e8,92b1,7fbe,6a6f,
2246,6155,a2e8,92b1,7fbe,f784,
2247,6155,a2e8,92b1,7fbe,8120,
2248,6155,a2e8,92b1,7fbe,394d,
2249,6155,a2e8,92b1,7fbe,8ca6,
2250,6956,a2a8,92b1,7fbe,a044,
2251,6155,a2e8,92b1,7fbe,0f16,
2252,0000,a2e8,b88a,7fbe,2a3b,
2253,6155,a2e8,92b1,7fbe,11f6,
2254,7155,a2e8,92b1,7fbe,9237,
2255,6155,a2e8,92b1,7fbe,a930,
2256,6155,a2e8,92b1,7fbe,3810,
2257,6155,a2e8,92b1,7fbe,2346,
2258,6155,a2e8,92b1,7fbe,7ca7,
2259,6155,a2e8,92b1,7fbe,1c9a,
2260,6155,a2e8,92b1,7fbe,85fd,
2261,6155,a2e8,92b1,7fbe,f551,
2262,6155,a2e8,92b1,7fbe,a6b3,
2263,6155,a2e8,92b1,7fbe,1bfd,
2264,6155,a2e8,92b1,7fbe,bf00,
2265,6155,a2e8,92b1,7fbe,43dc,
2266,6155,a2e8,92b1,7fbe,e5c9,
2267,6155,a2e8,92b1,7fbe,121d,
2268,6155,a2e8,92b1,7fbe,1136,
2269,6115,a2e8,92b1,7fbe,26a8,
2270,7155,a2e8,92b1,7fbe,fabc,
2271,6155,a2e8,92b1,7fbe,43c4,
2272,7141,22e0,d2b1,7fbe,bf57,
2273,6155,a2e8,92b1,7fbe,79a9,
2274,6155,a2e8,92b1,7fbe,0815,
2275,6155,a2e8,92b1,7fbe,bedf,
2276,6155,a2e8,92b1,7fbe,28e2,
2277,6115,a2e8,92b1,7fbe,2c57,
2278,7915,b2e8,9ab1,7fbe,f461,
2279,6155,a2e8,92b1,7fbe,cac4,
2280,6155,a2e8,92b1,7fbe,2811,
2281,6155,a2e8,92b1,7fbe,a892,
2282,6157,a2e8,92b1,7fbe,728e,
2283,6155,a2e8,92b1,7fbe,5fed,
2284,6155,a2e8,92b1,7fbe,7f9d,
2285,6155,a2e8,92b1,7fbe,fe9e,
2286,6157,a2e8,92b1,7fbe,8c71,
2287,6155,a2e8,92b1,7fbe,701a,
2288,6155,a2e8,92b1,7fbe,96d1,
2289,6155,a2e8,92b1,7fbe,2d6a,
2290,6155,a2e8,92b1,7fbe,e76f,
2291,6155,a2e8,92b1,7fbe,573b,
2292,0000,4346,82b1,7fbe,d12c,
2293,4fdd,b6e9,12b1,7fbe,024a,
2294,6155,a2e8,92b1,7fbe,a493,
2295,6155,a2e8,92b1,7fbe,7ad1,
2296,6155,a2e8,92b1,7fbe,41b1,
2297,6155,a2e8,92b1,7fbe,8274,
2298,6155,a2e8,92b1,7fbe,9554,
2299,6155,a2e8,92b1,7fbe,79ae,
2300,6155,a2e8,92b1,7fbe,afeb,
2301,0000,a2e8,c00a,7fbe,52bb,
2302,6155,a2e8,92b1,7fbe,bb5c,
2303,6155,a2e8,92b1,7fbe,29b8,
2304,3144,aac3,96a0,7fbe,bdf7,
2305,6155,a2e8,92b1,7fbe,d23e,
2306,6155,a2e8,92b1,7fbe,29d0,
2307,6155,a2e8,92b1,7fbe,42fe,
2308,6155,a2e8,92b1,7fbe,9e68,
2309,6155,a2e8,92b1,7fbe,9bda,
2310,6155,a2e8,92b1,7fbe,80d9,
2311,6155,a2e8,92b1,7fbe,a4bd,
2312,4d17,92e4,82b5,7fbe,14b0,
2313,6195,a2a8,92b1,7fbe,d30f,
2314,6155,a2e8,92b1,7fbe,14ac,
2315,6155,a2e8,92b1,7fbe,d117,
2316,6155,a2e8,92b1,7fbe,3625,
2317,6155,a2e8,92b1,7fbe,3a33,
2318,6155,a2e8,92b1,7fbe,7c5b,
2319,6115,a2e8,92b1,7fbe,5f5c,
2320,6155,a2e8,92b1,7fbe,129e,
2321,6155,a2e8,92b1,7fbe,3fdd,
2322,6155,a2e8,92b1,7fbe,1c01,
2323,6155,a2e8,92b1,7fbe,f6d7,
2324,6175,a2e8,92b1,7fbe,b701,
2325,e175,a2e8,92b1,7fbe,9c7b,
2326,6155,a2e8,92b1,7fbe,9da7,
2327,6155,a2e8,92b1,7fbe,be94,
2328,6155,a2e8,92b1,7fbe,beed,
2329,6155,a2e8,92b1,7fbe,5322,
2330,6155,a2e8,92b1,7fbe,48da,
2331,6155,a2e8,92b1,7fbe,f734,
2332,6db4,aa08,92f1,7fbe,590d,
2333,6155,a2e8,92b1,7fbe,dac6,
2334,7055,a2e8,92b1,7fbe,2328,
2335,7155,a2e8,92b1,7fbe,4711,
2336,6155,a2e8,92b1,7fbe,df54,
2337,6155,a2e8,92b1,7fbe,3e37,
2338,6155,a2e8,92b1,7fbe,de3c,
2339,e1b4,a2a8,92b1,7fbe,85ca,
2340,6955,a2e8,92b1,7fbe,92e9,
2341,6155,a2e8,92b1,7fbe,a66a,
2342,6155,a2e8,92b1,7fbe,97ba,
2343,6155,a2e8,92b1,7fbe,ebf6,
2344,6155,a2e8,92b1,7fbe,a740,
2345,7155,a2e8,92b1,7fbe,1704,
2346,6155,a2e8,92b1,7fbe,c147,
2347,6115,a2e8,92b1,7fbe,1305,
2348,6155,a2e8,92b1,7fbe,2274,
2349,6155,a2e8,92b1,7fbe,639b,
2350,6155,a2e8,92b1,7fbe,38d6,
2351,6155,a2e8,92b1,7fbe,8198,
2352,6155,a2e8,92b1,7fbe,676b,
2353,6155,a2e8,92b1,7fbe,5e5f,
2354,6115,a2e8,92b1,7fbe,d6bc,
2355,6155,a2e8,92b1,7fbe,9fad,
2356,6155,a2e8,92b1,7fbe,4c37,
2357,6155,a2e8,92b1,7fbe,b73f,
2358,6155,a2e8,92b1,7fbe,0f5c,
2359,6155,a2e8,92b1,7fbe,5231,
2360,6155,a2e8,92b1,7fbe,c9ec,
2361,6155,a2e8,92b1,7fbe,7be9,
2362,6155,a2e8,92b1,7fbe,125e,
2363,7155,a2e8,92b1,7fbe,33ba,
2364,61d9,a2ec,92b1,7fbe,da84,
2365,6155,a2e8,92b1,7fbe,5bf2,
2366,6155,a2e8,92b1,7fbe,383e,
2367,6155,a2e8,92b1,7fbe,fb20,
2368,6155,a2e8,92b1,7fbe,c67a,
2369,6000,c8b4,92b1,7fbe,6a5c,
2370,6955,a2e8,92b1,7fbe,ea1f,
2371,6155,a2e8,92b1,7fbe,cafa,
2372,6155,a2e8,92b1,7fbe,ed92,
2373,6155,a2e8,92b1,7fbe,f091,
2374,6955,a2e8,92b1,7fbe,c263,
2375,6155,a2e8,92b1,7fbe,f27f,
2376,6155,a2e8,92b1,7fbe,365a,
2377,6155,a2e8,92b1,7fbe,584f,
2378,4157,b2e8,92b1,7fbe,f102,
2379,6155,a2e8,92b1,7fbe,e9b3,
2380,6155,a2e8,92b1,7fbe,295a,
2381,6155,a2e8,92b1,7fbe,68b7,
2382,6155,a2e8,92b1,7fbe,b6ea,
2383,6155,a2e8,92b1,7fbe,e332,
2384,6155,a2e8,92b1,7fbe,d8cd,
2385,49d7,b2e8,92b1,7fbe,2d79,
2386,6155,a2e8,92b1,7fbe,6038,
2387,6155,a2e8,92b1,7fbe,493a,
2388,6155,a2e8,92b1,7fbe,f0fa,
2389,6155,a2e8,92b1,7fbe,6055,
2390,6055,a2e8,92b1,7fbe,3a2d,
2391,6155,a2e8,92b1,7fbe,0559,
2392,011a,7b71,c371,7fbe,6bf3,
2393,6155,a2e8,92b1,7fbe,8431,
2394,6155,a2e8,92b1,7fbe,20ae,
2395,6155,a2e8,92b1,7fbe,57b3,
2396,1111,94dc,b2b1,7fbe,7630,
2397,6155,a2e8,92b1,7fbe,3da7,
2398,6155,a2e8,92b1,7fbe,89bd,
2399,6155,a2e8,92b1,7fbe,f3c6,
2400,6155,a2e8,92b1,7fbe,0b41,
2401,6155,a2e8,92b1,7fbe,c7c0,
2402,6155,a2e8,92b1,7fbe,60ba,
2403,6155,a2e8,92b1,7fbe,fd02,
2404,6155,a2e8,92b1,7fbe,9f3f,
2405,0100,50de,8681,7fbe,4656,
2406,6155,a2e8,92b1,7fbe,c679,
2407,6155,a2e8,92b1,7fbe,384e,
2408,6155,a2e8,92b1,7fbe,86f2,
2409,6155,a2e8,92b1,7fbe,bfb7,
2410,6175,a2e8,92b1,7fbe,02ec,
2411,674d,a2e8,92b1,7fbe,f7dd,
2412,6155,a2e8,92b1,7fbe,8909,
2413,6155,a2e8,92b1,7fbe,6ddd,
2414,6155,a2e8,92b1,7fbe,3e7d,
2415,6155,a2e8,92b1,7fbe,4486,
2416,6155,a2e8,92b1,7fbe,27ac,
2417,6155,a2e8,92b1,7fbe,8e89,
2418,2155,a2e8,92b1,7fbe,e172,
2419,61d5,a2e8,92b1,7fbe,bde1,
2420,f17a,b22b,92b3,7fbe,3cb9,
2421,6155,a2e8,92b1,7fbe,ad3e,
2422,e024,22e8,92b1,7fbe,90fe,
2423,e155,a2e8,92b1,7fbe,a9a3,
2424,6155,a2e8,92b1,7fbe,2b03,
2425,6155,a2e8,92b1,7fbe,06e1,
2426,6155,a2e8,92b1,7fbe,e3c1,
2427,6155,a2e8,92b1,7fbe,90aa,
2428,9641,a2e8,6ec9,7fbe,fc78,
2429,6175,a2e8,92b1,7fbe,a406,
2430,6155,a2e8,92b1,7fbe,3565,
2431,6155,a2e8,92b1,7fbe,061c,
2432,f213,a2e8,2a1e,7fbe,b8af,
2433,6155,a2e8,92b1,7fbe,5a84,
2434,6155,a2e8,92b1,7fbe,91f4,
2435,a518,407f,82d1,7fbe,c257,
2436,6955,a2e8,92b1,7fbe,d6a8,
2437,6155,a2e8,92b1,7fbe,790b,
2438,6155,a2e8,92b1,7fbe,baff,
2439,6155,a2e8,92b1,7fbe,d86c,
2440,6155,a2e8,92b1,7fbe,816a,
2441,6155,a2e8,92b1,7fbe,1ce3,
2442,6157,a2e8,92b1,7fbe,de0e,
2443,6155,a2e8,92b1,7fbe,c03e,
2444,6155,a2e8,92b1,7fbe,2dfe,
2445,6855,a2e8,92b1,7fbe,b0b8,
2446,6155,a2e8,92b1,7fbe,928c,
2447,6155,a2e8,92b1,7fbe,fb0e,
2448,6155,a2e8,92b1,7fbe,ee7b,
2449,6155,a2e8,92b1,7fbe,2a6d,
2450,6155,a2e8,92b1,7fbe,ecab,
2451,6155,a2e8,92b1,7fbe,3806,
2452,7155,a2e8,92b1,7fbe,426d,
2453,0000,9966,92b1,7fbe,d1b2,
2454,6155,a2e8,92b1,7fbe,c104,
2455,6155,a2e8,92b1,7fbe,7144,
2456,6155,a2e8,92b1,7fbe,34d9,
2457,6155,a2e8,92b1,7fbe,54e6,
2458,6155,a2e8,92b1,7fbe,8040,
2459,6155,a2e8,92b1,7fbe,b329,
2460,6155,a2e8,92b1,7fbe,d85a,
2461,d017,b22c,92b3,7fbe,f1cf,
2462,6155,a2e8,92b1,7fbe,99d1,
2463,0000,02ab,1701,7fbe,0fb2,
2464,6155,a2e8,92b1,7fbe,e5f2,
2465,6155,a2e8,92b1,7fbe,339d,
2466,6155,a2e8,92b1,7fbe,30a5,
2467,7155,a2e8,92b1,7fbe,0a33,
2468,6155,a2e8,92b1,7fbe,8f20,
2469,e155,a2e8,92b1,7fbe,302b,
2470,6155,a2e8,92b1,7fbe,524d,
2471,6155,a2e8,92b1,7fbe,aa2c,
2472,6155,a2e8,92b1,7fbe,1abf,
2473,6155,a2e8,92b1,7fbe,0244,
2474,6155,a2e8,92b1,7fbe,f216,
2475,6115,a2e8,92b1,7fbe,29c6,
2476,6174,a2e8,92b1,7fbe,16af,
2477,6155,a2e8,92b1,7fbe,a27d,
2478,0955,f2e8,52b1,3fbe,5e94,
2479,61d7,a2e8,92b1,7fbe,9c97,
2480,6155,a2e8,92b1,7fbe,e67c,
2481,24e1,b3a9,d5b1,7fbe,ffc9,
2482,6155,a2e8,92b1,7fbe,d7c8,
2483,0000,a2e8,e723,7fbe,7592,
2484,6155,a2e8,92b1,7fbe,5e84,
2485,0000,67ec,11e7,7fbe,5a7a,
2486,6155,a2e8,92b1,7fbe,1a48,
2487,6155,a2e8,92b1,7fbe,0974,
2488,6155,a2e8,92b1,7fbe,55e2,
2489,6155,a2e8,92b1,7fbe,a1a3,
2490,60d1,a268,92b1,7fbe,1427,
2491,6115,a2e8,92b1,7fbe,c625,
2492,6155,a2e8,92b1,7fbe,3eca,
2493,6955,a2e8,92b1,7fbe,dd4e,
2494,6155,a2e8,92b1,7fbe,954e,
2495,6155,a2e8,92b1,7fbe,6829,
2496,6155,a2e8,92b1,7fbe,3429,
2497,7155,a2e8,92b1,7fbe,04b7,
2498,6155,a2e8,92b1,7fbe,6ee6,
2499,6155,a2e8,92b1,7fbe,28c5,
2500,6155,a2e8,92b1,7fbe,be32,
2501,6155,a2e8,92b1,7fbe,7e93,
2502,6155,a2e8,92b1,7fbe,e16c,
2503,6155,a2e8,92b1,7fbe,6df5,
2504,6155,a2e8,92b1,7fbe,b79e,
2505,6175,a2e8,92b1,7fbe,ec16,
2506,6155,a2e8,92b1,7fbe,b082,
2507,6155,a2e8,92b1,7fbe,b02a,
2508,6155,a2e8,92b1,7fbe,90e2,
2509,6155,a2e8,92b1,7fbe,0e6c,
2510,5957,b2e8,92b1,7fbe,ff8e,
2511,6155,a2e8,92b1,7fbe,0a9c,
2512,6155,a2e8,92b1,7fbe,4738,
2513,0000,a2e8,4fcb,7fbe,dd7a,
2514,6155,a2e8,92b1,7fbe,e324,
2515,6155,a2e8,92b1,7fbe,17bb,
2516,0000,06d1,75e8,7fbe,1b42,
2517,6155,a2e8,92b1,7fbe,20ee,
2518,0000,a2e8,5436,7fbe,c687,
2519,6155,a2e8,92b1,7fbe,b7a0,
2520,6155,a2e8,92b1,7fbe,9973,
2521,6175,a2e8,92b1,7fbe,adb0,
2522,6155,a2e8,92b1,7fbe,fd48,
2523,4955,b2e8,92b1,7fbe,cf7a,
2524,6155,a2e8,92b1,7fbe,491a,
2525,6155,a2e8,92b1,7fbe,c367,
2526,e1a0,21e0,d3b1,7fbe,80f5,
2527,6155,a2e8,92b1,7fbe,fa1e,
2528,acc0,a2e8,92b1,7fbe,cd95,
2529,6155,a2e8,92b1,7fbe,6fb9,
2530,6155,a2e8,92b1,7fbe,e871,
2531,0000,d8d4,fbe3,7fbe,51f6,
2532,6155,a2e8,92b1,7fbe,81e7,
2533,6155,a2e8,92b1,7fbe,144a,
2534,6155,a2e8,92b1,7fbe,3e5f,
2535,6155,a2e8,92b1,7fbe,79f4,
2536,7155,a2e8,92b1,7fbe,5fb7,
2537,6155,a2e8,92b1,7fbe,30cb,
2538,6155,a2e8,92b1,7fbe,775c,
2539,6155,a2e8,92b1,7fbe,f2a0,
2540,6155,a2e8,92b1,7fbe,50e2,
2541,6155,a2e8,92b1,7fbe,b5f1,
2542,6155,a2e8,92b1,7fbe,4c9f,
2543,6115,a2e8,92b1,7fbe,f5d3,
2544,e155,a2e8,92b1,7fbe,f3b3,
2545,6155,a2e8,92b1,7fbe,4d59,
2546,6115,a2e8,92b1,7fbe,4a6c,
2547,6155,a2e8,92b1,7fbe,1192,
2548,6155,a2e8,92b1,7fbe,8f8e,
2549,6155,a2e8,92b1,7fbe,e5bb,
2550,0000,a608,f6a8,7fbe,e7e6,
2551,6155,a2e8,92b1,7fbe,6cb6,
2552,6555,a2e8,92b1,7fbe,c44c,
2553,6155,a2e8,92b1,7fbe,49f5,
2554,5955,b2e8,92b1,7fbe,0a34,
2555,6155,a2e8,92b1,7fbe,faff,
2556,2157,92e8,92b1,7fbe,72b0,
2557,6155,a2e8,92b1,7fbe,ec2c,
2558,6155,a2e8,92b1,7fbe,cf4f,
2559,6155,a2e8,92b1,7fbe,be24,
2560,6155,a2e8,92b1,7fbe,e5b7,
2561,7155,a2e8,92b1,7fbe,a279,
2562,6155,a2e8,92b1,7fbe,1dd3,
2563,6155,a2e8,92b1,7fbe,a0f9,
2564,6155,a2e8,92b1,7fbe,03c6,
2565,6155,a2e8,92b1,7fbe,0223,
2566,4155,a2e8,92b1,7fbe,ec3f,
2567,6155,a2e8,92b1,7fbe,fe52,
2568,6155,a2e8,92b1,7fbe,0d53,
2569,61b5,a2a8,92b1,7fbe,ff94,
2570,6155,a2e8,92b1,7fbe,cf9a,
2571,f443,a2e8,de06,7fbe,4cb7,
2572,6155,a2e8,92b1,7fbe,3a7c,
2573,e1f5,a2a8,92b1,7fbe,6e92,
2574,6155,a2e8,92b1,7fbe,57a9,
2575,6155,a2e8,92b1,7fbe,f3e8,
2576,6155,a2e8,92b1,7fbe,19e3,
2577,6155,a2e8,92b1,7fbe,29ad,
2578,6155,a2e8,92b1,7fbe,a1a9,
2579,0000,a518,b699,7bbe,7798,
2580,6155,a2e8,92b1,7fbe,983c,
2581,a155,a2e8,92b1,7fbe,f085,
2582,615d,a2e8,92b1,7fbe,36aa,
2583,8750,c8f0,56b0,ffbe,c826,
2584,4955,b2e8,92b1,7fbe,b749,
2585,e155,a2e8,92b1,7fbe,27df,
2586,6155,a2e8,92b1,7fbe,c0f4,
2587,6155,a2e8,92b1,7fbe,813a,
2588,6155,a2e8,92b1,7fbe,39ae,
2589,6155,a2e8,92b1,7fbe,c168,
2590,6155,a2e8,92b1,7fbe,414f,
2591,6175,a2e8,92b1,7fbe,250b,
2592,7955,a2e8,92b1,7fbe,ca0f,
2593,7155,a2e8,92b1,7fbe,eda9,
2594,6155,a2e8,92b1,7fbe,ab65,
2595,6155,a2e8,92b1,7fbe,aaae,
2596,6115,a2e8,92b1,7fbe,9df7,
2597,6155,a2e8,92b1,7fbe,ef6b,
2598,6155,a2e8,92b1,7fbe,20d4,
2599,6155,a2e8,92b1,7fbe,4b7e,
2600,6155,a2e8,92b1,7fbe,5776,
2601,6155,a2e8,92b1,7fbe,a665,
2602,ccdf,a2e8,92b1,7fbe,ad8a,
2603,6155,a2e8,92b1,7fbe,f63a,
2604,a115,aec8,96b1,7fbe,92b4,
2605,6155,a2e8,92b1,7fbe,2e00,
2606,6155,a2e8,92b1,7fbe,4b6a,
2607,6155,a2e8,92b1,7fbe,dbdf,
2608,6155,a2e8,92b1,7fbe,7c7d,
2609,6155,a2e8,92b1,7fbe,6059,
2610,4955,b2e8,92b1,7fbe,160e,
2611,6155,a2e8,92b1,7fbe,5e2a,
2612,6155,a2e8,92b1,7fbe,9fd1,
2613,6155,a2e8,92b1,7fbe,9cb1,
2614,5957,b2e8,92b1,7fbe,628a,
2615,6955,a2e8,92b1,7fbe,69e0,
2616,0000,72c8,12b9,7fbe,d025,
2617,6155,a2e8,92b1,7fbe,7710,
2618,6155,a2e8,92b1,7fbe,9bbb,
2619,6155,a2e8,92b1,7fbe,85db,
2620,6175,a2a8,92b1,7fbe,9e31,
2621,6155,a2e8,92b1,7fbe,996e,
2622,6155,a2e8,92b1,7fbe,08c9,
2623,6155,a2e8,92b1,7fbe,5171,
2624,6155,a2e8,92b1,7fbe,4370,
2625,6155,a2e8,92b1,7fbe,d56b,
2626,6197,a2e8,92b1,7fbe,9e4b,
2627,1c6b,a2e8,92b1,7fbe,7d3e,
2628,6155,a2e8,92b1,7fbe,4791,
2629,b30d,a2e8,92b1,7fbe,5bfc,
2630,4737,a2e8,4f46,7fbe,ddf7,
2631,6155,a2e8,92b1,7fbe,b7a2,
2632,6155,a2e8,92b1,7fbe,0a38,
2633,6155,a2e8,92b1,7fbe,ac2a,
2634,6155,a2e8,92b1,7fbe,1f0f,
2635,42d5,a3e8,92b1,7fbe,61bb,
2636,6155,a2e8,92b1,7fbe,b137,
2637,6155,a2e8,92b1,7fbe,1d7e,
2638,6155,a2e8,92b1,7fbe,25f8,
2639,0000,40ab,d391,7fbe,412b,
2640,6155,a2e8,92b1,7fbe,74dd,
2641,6155,a2e8,92b1,7fbe,b89e,
2642,6155,a2e8,92b1,7fbe,1442,
2643,6155,a2e8,92b1,7fbe,0062,
2644,6155,a2e8,92b1,7fbe,802d,
2645,6155,a2e8,92b1,7fbe,a189,
2646,6155,a2e8,92b1,7fbe,fe40,
2647,51d7,b2e8,92b1,7fbe,1b82,
2648,6155,a2e8,92b1,7fbe,517b,
2649,6995,a2a8,92b1,7fbe,a90c,
2650,6114,a2e8,92b1,7fbe,1ad9,
2651,6155,a2e8,92b1,7fbe,77d1,
2652,6155,a2e8,92b1,7fbe,ca27,
2653,2155,a2e8,92b1,7fbe,573c,
2654,61d7,a2e8,92b1,7fbe,107f,
2655,6155,a2e8,92b1,7fbe,dc40,
2656,6155,a2e8,92b1,7fbe,7de0,
2657,6155,a2e8,92b1,7fbe,9fa7,
2658,6955,a2e8,92b1,7fbe,0ecb,
2659,6155,a2e8,92b1,7fbe,109e,
2660,6155,a2e8,92b1,7fbe,1c4a,
2661,6155,a2e8,92b1,7fbe,938c,
2662,2157,92e8,92b1,7fbe,72b0,
2663,6115,a2e8,92b1,7fbe,5dbe,
2664,6155,a2e8,92b1,7fbe,f8de,
2665,6155,a2e8,92b1,7fbe,315e,
2666,6155,a2e8,92b1,7fbe,1c66,
2667,6155,a2e8,92b1,7fbe,e43d,
2668,6155,a2e8,92b1,7fbe,a613,
2669,0000,e540,92b1,7fbe,3192,
2670,4155,a2e8,92b1,7fbe,2d90,
2671,6155,a2e8,92b1,7fbe,fc09,
2672,6155,a2e8,92b1,7fbe,7afc,
2673,6155,a2e8,92b1,7fbe,18ae,
2674,6155,a2e8,92b1,7fbe,a738,
2675,6155,a2e8,92b1,7fbe,16ce,
2676,f380,5257,8291,7fbe,c0df,
2677,4955,b2e8,92b1,7fbe,21ea,
2678,43d5,b2e8,92b1,7fbe,188d,
2679,6355,a2e8,92b1,7fbe,96bc,
2680,6155,a2e8,92b1,7fbe,75ea,
2681,6155,a2e8,92b1,7fbe,fa9c,
2682,e175,a2e8,92b1,7fbe,96f8,
2683,7155,a2e8,92b1,7fbe,1372,
2684,6155,a2e8,92b1,7fbe,2f79,
2685,0000,3a6f,b8b1,7fbe,8f87,
2686,6155,a2e8,92b1,7fbe,9fdd,
2687,6155,a2e8,92b1,7fbe,e931,
2688,6155,a2e8,92b1,7fbe,41d1,
2689,2155,a2e8,92b1,7fbe,6079,
2690,6155,a2e8,92b1,7fbe,92e0,
2691,601d,a2ed,92b1,7fbe,f72f,
2692,6155,a2e8,92b1,7fbe,44ee,
2693,6155,a2e8,92b1,7fbe,f770,
2694,6155,a2e8,92b1,7fbe,3b81,
2695,6155,a2e8,92b1,7fbe,6080,
2696,6155,a2e8,92b1,7fbe,25e7,
2697,6155,a2e8,92b1,7fbe,3309,
2698,783b,b2ac,92b1,7fbe,f9fa,
2699,4155,a2e8,92b1,7fbe,782b,
2700,6155,a2e8,92b1,7fbe,cef4,
2701,4155,a2e8,92b1,7fbe,c56a,
2702,6155,a2e8,92b1,7fbe,d7a0,
2703,6515,8aea,82b1,7fbe,541c,
2704,61d7,a2e8,92b1,7fbe,337b,
2705,6155,a2e8,92b1,7fbe,56c9,
2706,6115,a2e8,92b1,7fbe,58cc,
2707,6155,a2e8,92b1,7fbe,7141,
2708,6155,a2e8,92b1,7fbe,6e1c,
2709,6155,a2e8,92b1,7fbe,e17a,
2710,6155,a2e8,92b1,7fbe,cffb,
2711,6155,a2e8,92b1,7fbe,4056,
2712,6155,a2e8,92b1,7fbe,0b1a,
2713,6155,a2e8,92b1,7fbe,531f,
2714,6155,a2e8,92b1,7fbe,5e3f,
2715,7505,aae8,92b1,7fbe,1b6a,
2716,6155,a2e8,92b1,7fbe,bba9,
2717,0000,a2e8,36c0,7fbe,a471,
2718,6155,a2e8,92b1,7fbe,81e1,
2719,6957,a2e8,92b1,7fbe,ac82,
2720,6155,a2e8,92b1,7fbe,2bd1,
2721,6155,a2e8,92b1,7fbe,cbcf,
2722,6175,a2e8,92b1,7fbe,719d,
2723,6155,a2e8,92b1,7fbe,5251,
2724,7095,a268,92b1,7fbe,4b0e,
2725,0000,ebc8,92b1,7fbe,c2b8,
2726,b055,42e8,d2b1,7fbe,1a47,
2727,6155,a2e8,92b1,7fbe,1cd6,
2728,6155,a2e8,92b1,7fbe,a1e3,
2729,6155,a2e8,92b1,7fbe,f70b,
2730,6975,a2e8,92b1,7fbe,a26f,
2731,6155,a2e8,92b1,7fbe,f5f1,
2732,e155,a2e8,92b1,7fbe,fb84,
2733,7155,a2e8,92b1,7fbe,702e,
2734,6155,a2e8,92b1,7fbe,06af,
2735,6155,a2e8,92b1,7fbe,f4c7,
2736,6155,a2e8,92b1,7fbe,e6f7,
2737,ff4e,a2e8,664e,7fbe,f4ff,
2738,6155,a2e8,92b1,7fbe,93c4,
2739,ae24,a2e8,7bea,7fbe,e95b,
2740,6155,a2e8,92b1,7fbe,ba72,
2741,a44d,a7e8,90b1,7fbe,cead,
2742,6175,a2e8,92b1,7fbe,49a6,
2743,6155,a2e8,92b1,7fbe,d082,
2744,c584,a2e8,2cbe,7fbe,be0f,
2745,6155,a2e8,92b1,7fbe,ff6b,
2746,6155,a2e8,92b1,7fbe,d103,
2747,6110,a2e8,92b1,7fbe,ccd7,
2748,6155,a2e8,92b1,7fbe,9670,
2749,415d,a2ec,92b1,7fbe,f458,
2750,6157,a2e8,92b1,7fbe,f382,
2751,7155,a2e8,92b1,7fbe,bd60,
2752,6155,a2e8,92b1,7fbe,8676,
2753,6174,a2e8,92b1,7fbe,9715,
2754,6155,a2e8,92b1,7fbe,fd63,
2755,6155,a2e8,92b1,7fbe,2dbc,
2756,6155,a2e8,92b1,7fbe,a4cb,
2757,6155,a2e8,92b1,7fbe,e3f7,
2758,0000,e25a,92b1,7fbe,6e50,
2759,6155,a2e8,92b1,7fbe,0bc8,
2760,6155,a2e8,92b1,7fbe,82db,
2761,6155,a2e8,92b1,7fbe,c44a,
2762,5952,82ea,82b1,7fbe,21e6,
2763,60f5,a2a8,92b1,7fbe,9cc0,
2764,6155,a2e8,92b1,7fbe,d9bf,
2765,6155,a2e8,92b1,7fbe,b72d,
2766,6155,a2e8,92b1,7fbe,d95b,
2767,6155,a2e8,92b1,7fbe,2d84,
2768,6155,a2e8,92b1,7fbe,8fef,
2769,6155,a2e8,92b1,7fbe,6d38,
2770,6157,a2e8,92b1,7fbe,7093,
2771,6115,a2e8,92b1,7fbe,4749,
2772,6155,a2e8,92b1,7fbe,03f9,
2773,d07a,db5e,b3b1,7fbe,1b36,
2774,6155,a2e8,92b1,7fbe,dcca,
2775,6155,a2e8,92b1,7fbe,5ecc,
2776,6157,a2e8,92b1,7fbe,e4e2,
2777,6155,a2e8,92b1,7fbe,f25a,
2778,6155,a2e8,92b1,7fbe,c2c1,
2779,61d7,a2e8,92b1,7fbe,71b7,
2780,6155,a2e8,92b1,7fbe,e22a,
2781,6155,a2e8,92b1,7fbe,8e00,
2782,6175,a2e8,92b1,7fbe,3dd4,
2783,3bb8,a2e8,92b1,7fbe,5aed,
2784,6155,a2e8,92b1,7fbe,35a6,
2785,6155,a2e8,92b1,7fbe,ddbf,
2786,6155,a2e8,92b1,7fbe,6394,
2787,6155,a2e8,92b1,7fbe,5b3b,
2788,6155,a2e8,92b1,7fbe,7785,
2789,6155,a2e8,92b1,7fbe,5f68,
2790,6145,a2e8,92b1,7fbe,ca7a,
2791,6155,a2e8,92b1,7fbe,d986,
2792,6155,a2e8,92b1,7fbe,901d,
2793,6155,a2e8,92b1,7fbe,15c9,
2794,2425,aee8,96b1,7fbe,6e33,
2795,6155,a2e8,92b1,7fbe,5cfb,
2796,6155,a2e8,92b1,7fbe,6d26,
2797,6155,a2e8,92b1,7fbe,97b8,
2798,6155,a2e8,92b1,7fbe,bf12,
2799,6155,a2e8,92b1,7fbe,0e39,
2800,6155,a2e8,92b1,7fbe,5cf8,
2801,6155,a2e8,92b1,7fbe,be98,
2802,0000,a2e8,5c00,7fbe,ceb1,
2803,46ac,a2e8,1abb,7fbe,880a,
2804,6155,a2e8,92b1,7fbe,829c,
2805,7155,a2e8,92b1,7fbe,bb11,
2806,6155,a2e8,92b1,7fbe,8767,
2807,0000,0a68,18b9,7fbe,36b4,
2808,6155,a2e8,92b1,7fbe,8b38,
2809,6155,a2e8,92b1,7fbe,2fe4,
2810,6155,a2e8,92b1,7fbe,c857,
2811,6155,a2e8,92b1,7fbe,1c7f,
2812,6155,a2e8,92b1,7fbe,ce38,
2813,6115,a2e8,92b1,7fbe,a301,
2814,6135,a2e8,92b1,7fbe,fea5,
2815,2175,a2e8,92b1,7fbe,487b,
2816,5157,b2e8,92b1,7fbe,aaf0,
2817,6155,a2e8,92b1,7fbe,320e,
2818,6155,a2e8,92b1,7fbe,8c8b,
2819,6155,a2e8,92b1,7fbe,4f2a,
2820,6155,a2e8,92b1,7fbe,83e3,
2821,6155,a2e8,92b1,7fbe,367a,
2822,6155,a2e8,92b1,7fbe,2cbc,
2823,f572,b2e9,92b1,7fbe,a499,
2824,6155,a2e8,92b1,7fbe,26f3,
2825,6155,a2e8,92b1,7fbe,ef51,
2826,6955,a2e8,92b1,7fbe,b7d7,
2827,615d,a2e8,92b1,7fbe,070b,
2828,6155,a2e8,92b1,7fbe,1886,
2829,6155,a2e8,92b1,7fbe,5279,
2830,6155,a2e8,92b1,7fbe,9f34,
2831,6155,a2e8,92b1,7fbe,fb22,
2832,6155,a2e8,92b1,7fbe,22ed,
2833,6955,a2e8,92b1,7fbe,2352,
2834,6155,a2e8,92b1,7fbe,da93,
2835,0000,794f,f6a8,7fbe,48e8,
2836,71d5,a2e8,92b1,7fbe,5938,
2837,f175,a2e8,92b1,7fbe,aed2,
2838,6155,a2e8,92b1,7fbe,2bde,
2839,6155,a2e8,92b1,7fbe,d91c,
2840,6155,a2e8,92b1,7fbe,b889,
2841,6155,a2e8,92b1,7fbe,de03,
2842,6115,a2e8,92b1,7fbe,7c88,
2843,6155,a2e8,92b1,7fbe,2058,
2844,6355,a2e8,92b1,7fbe,7986,
2845,6155,a2e8,92b1,7fbe,b982,
2846,3151,82e8,92b1,7fbe,aff5,
2847,6155,a2e8,92b1,7fbe,a028,
2848,6355,a2e8,92b1,7fbe,4d04,
2849,6155,a2e8,92b1,7fbe,04f2,
2850,6155,a2e8,92b1,7fbe,5f60,
2851,7175,a2e8,92b1,7fbe,58ab,
2852,6155,a2e8,92b1,7fbe,dec4,
2853,6155,a2e8,92b1,7fbe,d0b4,
2854,6051,a2e8,92b1,7fbe,a4f6,
2855,6959,b328,9231,7fbe,6bd9,
2856,6155,a2e8,92b1,7fbe,ee8b,
2857,6155,a2e8,92b1,7fbe,da0c,
2858,6155,a2e8,92b1,7fbe,1bb9,
2859,6175,a2e8,92b1,7fbe,776f,
2860,6115,a2e8,92b1,7fbe,ad8f,
2861,6155,a2e8,92b1,7fbe,3110,
2862,6155,a2e8,92b1,7fbe,c658,
2863,7954,aae8,92b1,7fbe,96b9,
2864,6155,a2e8,92b1,7fbe,80b1,
2865,6155,a2e8,92b1,7fbe,9144,
2866,6175,a2e8,92b1,7fbe,d4d8,
2867,6155,a2e8,92b1,7fbe,2b38,
2868,6155,a2e8,92b1,7fbe,61d9,
2869,6315,a2e8,92b1,7fbe,0e43,
2870,6155,a2e8,92b1,7fbe,e617,
2871,6155,a2e8,92b1,7fbe,a72d,
2872,6155,a2e8,92b1,7fbe,2b33,
2873,6155,a2e8,92b1,7fbe,a7bb,
2874,61d7,a2e8,92b1,7fbe,a7dd,
2875,6155,a2e8,92b1,7fbe,b4be,
2876,2795,a2e8,0a11,7fbe,98a0,
2877,6155,a2e8,92b1,7fbe,68e0,
2878,6155,a2e8,92b1,7fbe,009b,
2879,6155,a2e8,92b1,7fbe,71c2,
2880,6155,a2e8,92b1,7fbe,e447,
2881,6155,a2e8,92b1,7fbe,3093,
2882,2155,a2e8,92b1,7fbe,eec4,
2883,6155,a2e8,92b1,7fbe,6a28,
2884,60d5,a268,92b1,7fbe,c77a,
2885,6155,a2e8,92b1,7fbe,998f,
2886,6155,a2e8,92b1,7fbe,43e0,
2887,6155,a2e8,92b1,7fbe,501a,
2888,0000,9a01,92b1,7fbe,7127,
2889,6155,a2e8,92b1,7fbe,af2f,
2890,69d7,a2a8,92b1,7fbe,94c0,
2891,6dd6,a2a9,92b1,7fbe,8be8,
2892,6155,a2e8,92b1,7fbe,4382,
2893,6155,a2e8,92b1,7fbe,6a59,
2894,6155,a2e8,92b1,7fbe,cf13,
2895,6155,a2e8,92b1,7fbe,882b,
2896,6155,a2e8,92b1,7fbe,42ca,
2897,6155,a2e8,92b1,7fbe,09eb,
2898,4957,b2e8,92b1,7fbe,4896,
2899,6155,a2e8,92b1,7fbe,e4a8,
2900,6055,a2e8,92b1,7fbe,bd43,
2901,6155,a2e8,92b1,7fbe,4bc2,
2902,6555,a2e8,92b1,7fbe,f82f,
2903,6155,a2e8,92b1,7fbe,ca4f,
2904,6155,a2e8,92b1,7fbe,0316,
2905,6155,a2e8,92b1,7fbe,f4b6,
2906,e175,a2e8,92b1,7fbe,8da1,
2907,6155,a2e8,92b1,7fbe,84ec,
2908,6155,a2e8,92b1,7fbe,848b,
2909,0000,3140,50ad,7fbe,f50f,
2910,6155,a2e8,92b1,7fbe,47aa,
2911,4155,a2e8,92b1,7fbe,3bd9,
2912,6155,a2e8,92b1,7fbe,c382,
2913,6155,a2e8,92b1,7fbe,0589,
2914,6155,a2e8,92b1,7fbe,5ad6,
2915,6155,a2e8,92b1,7fbe,2e09,
2916,6155,a2e8,92b1,7fbe,fb7f,
2917,3113,a2ea,92b1,7fbe,73bb,
2918,6155,a2e8,92b1,7fbe,c634,
2919,0000,0000,92b1,7fbe,1374,
2920,859d,a2e8,dd86,7fbe,4f37,
2921,6155,a2e8,92b1,7fbe,0090,
2922,6155,a2e8,92b1,7fbe,e92e,
2923,6155,a2e8,92b1,7fbe,2e11,
2924,6155,a2e8,92b1,7fbe,febe,
2925,6155,a2e8,92b1,7fbe,13e1,
2926,72b5,a2e8,f8ab,7fbe,6a1a,
2927,6155,a2e8,92b1,7fbe,bd5a,
2928,6155,a2e8,92b1,7fbe,6f7f,
2929,6155,a2e8,92b1,7fbe,4300,
2930,6155,a2e8,92b1,7fbe,6d27,
2931,4350,a2e8,92b1,7fbe,3205,
2932,2151,82e8,92b1,7fbe,e766,
2933,6155,a2e8,92b1,7fbe,7c68,
2934,6155,a2e8,92b1,7fbe,805f,
2935,4937,b2e8,92b1,7fbe,2995,
2936,59d7,b2e8,92b1,7fbe,ea0f,
2937,615d,a2e8,92b1,7fbe,a17c,
2938,0000,9595,c661,7fbe,1406,
2939,6155,a2e8,92b1,7fbe,f9a9,
2940,6155,a2e8,92b1,7fbe,2aa2,
2941,6155,a2e8,92b1,7fbe,5d80,
2942,6155,a2e8,92b1,7fbe,0b5a,
2943,6155,a2e8,92b1,7fbe,e740,
2944,6155,a2e8,92b1,7fbe,18d6,
2945,6155,a2e8,92b1,7fbe,bc3d,
2946,2155,a2e8,92b1,7fbe,4408,
2947,6155,a2e8,92b1,7fbe,ec84,
2948,6155,a2e8,92b1,7fbe,e187,
2949,6155,a2e8,92b1,7fbe,6e09,
2950,7145,a2e8,92b1,7fbe,5e31,
2951,6155,a2e8,92b1,7fbe,84c8,
2952,6155,a2e8,92b1,7fbe,a10c,
2953,6155,a2e8,92b1,7fbe,e348,
2954,6155,a2e8,92b1,7fbe,0ddb,
2955,e175,a2e8,92b1,7fbe,ad32,
2956,6155,a2e8,92b1,7fbe,e20b,
2957,6155,a2e8,92b1,7fbe,20b1,
2958,6155,a2e8,92b1,7fbe,1902,
2959,6155,a2e8,92b1,7fbe,f379,
2960,e155,a2e8,92b1,7fbe,02f7,
2961,6155,a2e8,92b1,7fbe,ca01,
2962,6c45,a2e8,92b1,7fbe,ab78,
2963,6155,a2e8,92b1,7fbe,48a4,
2964,6155,a2e8,92b1,7fbe,f315,
2965,6155,a2e8,92b1,7fbe,3c69,
2966,6155,a2e8,92b1,7fbe,910c,
2967,6155,a2e8,92b1,7fbe,3b3d,
2968,6155,a2e8,92b1,7fbe,65d3,
2969,71d5,b2e8,92b1,7fbe,3018,
2970,6155,a2e8,92b1,7fbe,d41e,
2971,6155,a2e8,92b1,7fbe,bfde,
2972,6155,a2e8,92b1,7fbe,2887,
2973,6155,a2e8,92b1,7fbe,68ed,
2974,0000,a2e8,3144,7fbe,a3f5,
2975,4815,a3e8,9231,7fbe,5695,
2976,7155,a2e8,92b1,7fbe,a22a,
2977,6155,a2e8,92b1,7fbe,8a11,
2978,0000,a2e8,5ded,7fbe,cf5c,
2979,6155,a2e8,92b1,7fbe,8917,
2980,6155,a2e8,92b1,7fbe,b6dd,
2981,6155,a2e8,92b1,7fbe,cb8d,
2982,6155,a2e8,92b1,7fbe,8d95,
2983,6155,a2e8,92b1,7fbe,4186,
2984,61d7,a2a8,92b1,7fbe,2432,
2985,6115,a2e8,92b1,7fbe,7c40,
2986,6155,a2e8,92b1,7fbe,6d74,
2987,6155,a2e8,92b1,7fbe,1ab1,
2988,6155,a2e8,92b1,7fbe,c81f,
2989,6155,a2e8,92b1,7fbe,2ee8,
2990,6155,a2e8,92b1,7fbe,10c5,
2991,6155,a2e8,92b1,7fbe,46ab,
2992,6155,a2e8,92b1,7fbe,6466,
2993,0000,a2e8,e7f2,7fbe,7543,
2994,6155,a2e8,92b1,7fbe,5e08,
2995,6155,a2e8,92b1,7fbe,1b68,
2996,6155,a2e8,92b1,7fbe,6e5e,
2997,6155,a2e8,92b1,7fbe,4cf6,
2998,6155,a2e8,92b1,7fbe,980b,
2999,7155,a2e8,92b1,7fbe,e8e5,
3000,0000,d768,1a31,7fbe,fc81,
3001,6155,a2e8,92b1,7fbe,0904,
3002,6155,a2e8,92b1,7fbe,59c4,
3003,635d,a2e8,92b1,7fbe,725f,
3004,6055,a2e8,92b1,7fbe,0e8b,
3005,6955,a2e8,92b1,7fbe,129b,
3006,6155,a2e8,92b1,7fbe,137b,
3007,6155,a2e8,92b1,7fbe,4525,
3008,d190,a2e8,fcd6,7fbe,6e67,
3009,6155,a2e8,92b1,7fbe,417a,
3010,6155,a2e8,92b1,7fbe,b016,
3011,6155,a2e8,92b1,7fbe,3906,
3012,6155,a2e8,92b1,7fbe,4744,
3013,6155,a2e8,92b1,7fbe,73ac,
3014,6155,a2e8,92b1,7fbe,766c,
3015,6155,a2e8,92b1,7fbe,6a3f,
3016,6155,a2e8,92b1,7fbe,8401,
3017,6155,a2e8,92b1,7fbe,8f3c,
3018,6155,a2e8,92b1,7fbe,7a41,
3019,7155,a2e8,92b1,7fbe,1152,
3020,6155,a2e8,92b1,7fbe,20b5,
3021,4957,b2e8,92b1,7fbe,7acc,
3022,0000,26ea,92b1,7fbe,1574,
3023,6155,a2e8,92b1,7fbe,a3f9,
3024,6155,a2e8,92b1,7fbe,99a5,
3025,6155,a2e8,92b1,7fbe,ecaa,
3026,6175,a2e8,92b1,7fbe,9b5e,
3027,6155,a2e8,92b1,7fbe,c5c6,
3028,6155,a2e8,92b1,7fbe,707d,
3029,615c,22e8,92b1,7fbe,1f66,
3030,6155,a2e8,92b1,7fbe,7b2b,
3031,6155,a2e8,92b1,7fbe,cf20,
3032,6155,a2e8,92b1,7fbe,12c2,
3033,6155,a2e8,92b1,7fbe,f4c8,
3034,6555,a2e8,92b1,7fbe,95ea,
3035,6155,a2e8,92b1,7fbe,c0c8,
3036,6155,a2e8,92b1,7fbe,58df,
3037,6155,a2e8,92b1,7fbe,ef93,
3038,6155,a2e8,92b1,7fbe,a867,
3039,6155,a2e8,92b1,7fbe,68d7,
3040,d157,b2e8,92b1,7fbe,f368,
3041,6155,a2e8,92b1,7fbe,fd2d,
3042,6155,a2e8,92b1,7fbe,8636,
3043,7175,a2e8,92b1,7fbe,5571,
3044,4155,a2e8,92b1,7fbe,3b43,
3045,6155,a2e8,92b1,7fbe,d463,
3046,6155,a2e8,92b1,7fbe,5cf1,
3047,6175,a2e8,92b1,7fbe,16f4,
3048,6155,a2e8,92b1,7fbe,032b,
3049,6155,a2e8,92b1,7fbe,ffee,
3050,6155,a2e8,92b1,7fbe,acc9,
3051,6155,a2e8,92b1,7fbe,c4b1,
3052,6155,a2e8,92b1,7fbe,9ed4,
3053,6155,a2e8,92b1,7fbe,66fa,
3054,6155,a2e8,92b1,7fbe,870b,
3055,6155,a2e8,92b1,7fbe,62b3,
3056,6155,a2e8,92b1,7fbe,49df,
3057,6955,a2e8,92b1,7fbe,1f67,
3058,6155,a2e8,92b1,7fbe,778c,
3059,6155,a2e8,92b1,7fbe,180c,
3060,e175,a2e8,92b1,7fbe,9ef8,
3061,6155,a2e8,92b1,7fbe,08c8,
3062,6155,a2e8,92b1,7fbe,274d,
3063,6956,a2e8,92b1,7fbe,666b,
3064,6155,a2e8,92b1,7fbe,d430,
3065,6155,a2e8,92b1,7fbe,4ce3,
3066,6155,a2e8,92b1,7fbe,03e1,
3067,6155,a2e8,92b1,7fbe,9337,
3068,6355,a2e8,92b1,7fbe,d80f,
3069,7155,a2e8,92b1,7fbe,92e8,
3070,69b5,a2a8,92b1,7fbe,78cb,
3071,6955,a2e8,92b1,7fbe,bc4d,
3072,6155,a2e8,92b1,7fbe,5352,
3073,21db,b2ec,92b1,7fbe,78df,
3074,6155,a2e8,92b1,7fbe,7227,
3075,6155,a2e8,92b1,7fbe,2a58,
3076,6155,a2e8,92b1,7fbe,f2af,
3077,7155,a2e8,92b1,7fbe,de35,
3078,6155,a2e8,92b1,7fbe,d165,
3079,6155,a2e8,92b1,7fbe,cad4,
3080,6155,a2e8,92b1,7fbe,2a00,
3081,6155,a2e8,92b1,7fbe,7896,
3082,1a50,5731,fa13,7fbe,1cd0,
3083,6155,a2e8,92b1,7fbe,4d48,
3084,6155,a2e8,92b1,7fbe,1f83,
3085,6155,a2e8,92b1,7fbe,42c8,
3086,6155,a2e8,92b1,7fbe,f1c7,
3087,6155,a2e8,92b1,7fbe,6835,
3088,6155,a2e8,92b1,7fbe,32a0,
3089,6155,a2e8,92b1,7fbe,2f6e,
3090,7055,a2e8,92b1,7fbe,3cb0,
3091,7155,a2e8,92b1,7fbe,1641,
3092,e175,a2e8,92b1,7fbe,cf14,
3093,0000,9639,92b1,7fbe,4be7,
3094,6155,a2e8,92b1,7fbe,7975,
3095,6155,a2e8,92b1,7fbe,f55a,
3096,6155,a2e8,92b1,7fbe,4bb9,
3097,6155,a2e8,92b1,7fbe,daa0,
3098,6155,a2e8,92b1,7fbe,c463,
3099,6155,a2e8,92b1,7fbe,89c3,
3100,6155,a2e8,92b1,7fbe,4148,
3101,0157,b2e8,92b1,7fbe,a870,
3102,6155,a2e8,92b1,7fbe,d48b,
3103,6155,a2e8,92b1,7fbe,55dc,
3104,6155,a2e8,92b1,7fbe,97ea,
3105,6155,a2e8,92b1,7fbe,3826,
3106,6155,a2e8,92b1,7fbe,b1c9,
3107,6155,a2e8,92b1,7fbe,9499,
3108,6155,a2e8,92b1,7fbe,5eb9,
3109,6051,a2e8,92b1,7fbe,294c,
3110,6155,a2e8,92b1,7fbe,ae14,
3111,6155,a2e8,92b1,7fbe,9264,
3112,6155,a2e8,92b1,7fbe,a2f7,
3113,5157,b2e8,92b1,7fbe,103d,
3114,6155,a2e8,92b1,7fbe,e5f1,
3115,6155,a2e8,92b1,7fbe,7ed0,
3116,6155,a2e8,92b1,7fbe,caa9,
3117,6174,22e8,92b1,7fbe,6586,
3118,6155,a2e8,92b1,7fbe,40ef,
3119,6175,a2e8,92b1,7fbe,64bb,
3120,6155,a2e8,92b1,7fbe,d401,
3121,6155,a2e8,92b1,7fbe,c827,
3122,6155,a2e8,92b1,7fbe,b81d,
3123,6155,a2e8,92b1,7fbe,b622,
3124,6155,a2e8,92b1,7fbe,c70f,
3125,6155,a2e8,92b1,7fbe,8315,
3126,6155,a2e8,92b1,7fbe,354f,
3127,6155,a2e8,92b1,7fbe,89ec,
3128,6155,a2e8,92b1,7fbe,361e,
3129,e545,a2e8,92b1,7fbe,90d9,
3130,0000,b27b,30f8,7fbe,fd25,
3131,6155,a2e8,92b1,7fbe,8d3d,
3132,6155,a2e8,92b1,7fbe,e015,
3133,6155,a2e8,92b1,7fbe,0f46,
3134,6155,a2e8,92b1,7fbe,3bdf,
3135,6155,a2e8,92b1,7fbe,1d2b,
3136,6155,a2e8,92b1,7fbe,09a3,
3137,4155,a2e8,92b1,7fbe,e8de,
3138,6155,a2e8,92b1,7fbe,8967,
3139,a071,a2e8,92b1,7fbe,f4de,
3140,6155,a2e8,92b1,7fbe,d5d3,
3141,6155,a2e8,92b1,7fbe,b9e1,
3142,7003,a2e8,92b1,7fbe,1156,
3143,6115,a2e8,92b1,7fbe,8f26,
3144,69b5,a2a8,92b1,7fbe,2e26,
3145,6155,a2e8,92b1,7fbe,5b05,
3146,6155,a2e8,92b1,7fbe,f445,
3147,6155,a2e8,92b1,7fbe,9ddc,
3148,6155,a2e8,92b1,7fbe,c574,
3149,8bdf,a2e8,9c7f,7fbe,0ece,
3150,6155,a2e8,92b1,7fbe,687d,
3151,0000,1c29,f3b1,7fbe,1e4d,
3152,2602,a2e8,ff06,7fbe,6db7,
3153,0000,12cc,92b1,7fbe,dafc,
3154,6155,a2e8,92b1,7fbe,78e9,
3155,6155,a2e8,92b1,7fbe,e0a4,
3156,6155,a2e8,92b1,7fbe,05aa,
3157,6155,a2e8,92b1,7fbe,2c32,
3158,6055,a2e8,92b1,7fbe,b458,
3159,6155,a2e8,92b1,7fbe,ff1e,
3160,6155,a2e8,92b1,7fbe,4724,
3161,6155,a2e8,92b1,7fbe,875c,
3162,6d55,a2e8,92b1,7fbe,e3cd,
3163,6155,a2e8,92b1,7fbe,3623,
3164,6155,a2e8,92b1,7fbe,543c,
3165,6155,a2e8,92b1,7fbe,4a96,
3166,7155,a2e8,92b1,7fbe,3bdd,
3167,7155,a2e8,92b1,7fbe,c54f,
3168,6155,a2e8,92b1,7fbe,551b,
3169,6155,a2e8,92b1,7fbe,a237,
3170,6155,a2e8,92b1,7fbe,f7ff,
3171,7155,a2e8,92b1,7fbe,84eb,
3172,6197,a2a8,92b1,7fbe,cf0d,
3173,6155,a2e8,92b1,7fbe,4e50,
3174,0000,a2e8,ee88,7fbe,7c39,
3175,6155,a2e8,92b1,7fbe,71af,
3176,6155,a2e8,92b1,7fbe,e64f,
3177,61d7,a2e8,92b1,7fbe,1f07,
3178,6155,a2e8,92b1,7fbe,10ac,
3179,6155,a2e8,92b1,7fbe,7972,
3180,0000,836a,92b1,7fbe,0432,
3181,6155,a2e8,92b1,7fbe,9162,
3182,5954,a2e8,9bf7,7fbe,0946,
3183,6155,a2e8,92b1,7fbe,0a83,
3184,2db9,a2e8,92b1,7fbe,4cec,
3185,6155,a2e8,92b1,7fbe,f39b,
3186,6115,a2e8,92b1,7fbe,aed7,
3187,6155,a2e8,92b1,7fbe,6dec,
3188,0000,0ad9,d730,7fbe,5713,
3189,6155,a2e8,92b1,7fbe,a509,
3190,6175,a2e8,92b1,7fbe,1d9b,
3191,6155,a2e8,92b1,7fbe,1ca7,
3192,6115,a2e8,92b1,7fbe,1f16,
3193,6175,a2e8,92b1,7fbe,f26c,
3194,6155,a2e8,92b1,7fbe,8478,
3195,6155,a6a8,9291,7fbe,39ec,
3196,6355,a2e8,92b1,7fbe,4d04,
3197,6155,a2e8,92b1,7fbe,c8ca,
3198,6155,a2e8,92b1,7fbe,0c56,
3199,6155,a2e8,92b1,7fbe,47cb,
3200,6155,a2e8,92b1,7fbe,debe,
3201,6155,a2e8,92b1,7fbe,dcc5,
3202,6555,a2e8,92b1,7fbe,f340,
3203,b90c,847b,ba01,7fbe,5336,
3204,6155,a2e8,92b1,7fbe,bef3,
3205,6155,a2e8,92b1,7fbe,7db3,
3206,6155,a2e8,92b1,7fbe,6c6b,
3207,6153,b2e8,92b1,7fbe,b0e4,
3208,6155,a2e8,92b1,7fbe,636e,
3209,6155,a2e8,92b1,7fbe,d111,
3210,6155,a2e8,92b1,7fbe,44fd,
3211,6155,a2e8,92b1,7fbe,6c08,
3212,6155,a2e8,92b1,7fbe,2144,
3213,6155,a2e8,92b1,7fbe,dbe0,
3214,6155,a2e8,92b1,7fbe,8879,
3215,0000,a2e8,6b54,7fbe,f9e5,
3216,6155,a2e8,92b1,7fbe,2cce,
3217,6151,a2e8,92b1,7fbe,0acd,
3218,6155,a2e8,92b1,7fbe,8791,
3219,6175,a2e8,92b1,7fbe,e550,
3220,6155,a2e8,92b1,7fbe,c033,
3221,6155,a2e8,92b1,7fbe,b316,
3222,6115,a2e8,92b1,7fbe,9c5c,
3223,6155,a2e8,92b1,7fbe,93fd,
3224,6155,a2e8,92b1,7fbe,4fec,
3225,7137,a2ad,92b3,7fbe,3b5c,
3226,6155,a2e8,92b1,7fbe,915d,
3227,6155,a2e8,92b1,7fbe,c583,
3228,6157,a2a8,92b1,7fbe,5d8d,
3229,6155,a2e8,92b1,7fbe,499a,
3230,7152,a2ea,92b1,7fbe,4b3c,
3231,6155,a2e8,92b1,7fbe,9f7c,
3232,61df,a2ec,92b1,7fbe,e109,
3233,6155,a2e8,92b1,7fbe,0bc1,
3234,6915,a2a8,92b1,7fbe,001e,
3235,0000,a2e8,be7e,7fbe,2ccf,
3236,6155,a2e8,92b1,7fbe,b43c,
3237,6155,a2e8,92b1,7fbe,15c2,
3238,6155,a2e8,92b1,7fbe,c6c5,
3239,6155,a2e8,92b1,7fbe,0c01,
3240,61d5,a2e8,92b1,7fbe,b6d4,
3241,6155,a2e8,92b1,7fbe,72ce,
3242,265d,a0e8,92b1,7fbe,eb69,
3243,6155,a2e8,92b1,7fbe,9476,
3244,5397,b2e8,92b1,7fbe,1498,
3245,6155,a2e8,92b1,7fbe,3626,
3246,f4d2,a2e8,92b1,7fbe,f3c7,
3247,6155,a2e8,92b1,7fbe,cb46,
3248,6155,a2e8,92b1,7fbe,0a61,
3249,6155,a2e8,92b1,7fbe,8992,
3250,6155,a2e8,92b1,7fbe,b875,
3251,6155,a2e8,92b1,7fbe,39bc,
3252,6155,a2e8,92b1,7fbe,12e0,
3253,6155,a2e8,92b1,7fbe,a635,
3254,6155,a2e8,92b1,7fbe,e303,
3255,6155,a2e8,92b1,7fbe,f70c,
3256,6155,a2e8,92b1,7fbe,13af,
3257,6155,a2e8,92b1,7fbe,d9a3,
3258,cfd7,a2e8,3a44,7fbe,a8f5,
3259,7000,a2e8,1bf2,7fbe,8943,
3260,6155,a2e8,92b1,7fbe,02f6,
3261,6155,a2e8,92b1,7fbe,9048,
3262,6175,a2e8,92b1,7fbe,26c0,
3263,6155,a2e8,92b1,7fbe,9c57,
3264,6155,a2e8,92b1,7fbe,e366,
3265,6155,a2e8,92b1,7fbe,4244,
3266,6155,a2e8,92b1,7fbe,9290,
3267,6555,a2e8,92b1,7fbe,a869,
3268,6155,a2e8,92b1,7fbe,c594,
3269,6175,a2e8,92b1,7fbe,8913,
3270,61d5,a2a8,92b1,7fbe,a556,
3271,7849,82e0,92b1,7fbe,2ff6,
3272,6155,a2e8,92b1,7fbe,5a98,
3273,6155,a2e8,92b1,7fbe,9068,
3274,6155,a2e8,92b1,7fbe,24a8,
3275,6155,a2e8,92b1,7fbe,1dc2,
3276,69a7,baa9,9ab1,7fbe,86ab,
3277,6155,a2e8,92b1,7fbe,1964,
3278,6155,a2e8,92b1,7fbe,476a,
3279,6155,a2e8,92b1,7fbe,c646,
3280,6155,a2e8,92b1,7fbe,9eef,
3281,69f4,a2a8,92b1,7fbe,c9fa,
3282,6155,a2e8,92b1,7fbe,b3ac,
3283,0000,a2e8,36c0,7fbe,a471,
3284,6155,a2e8,92b1,7fbe,270e,
3285,6115,a2e8,92b1,7fbe,2b63,
3286,6155,a2e8,92b1,7fbe,67e3,
3287,6155,a2e8,92b1,7fbe,4e55,
3288,6155,a2e8,92b1,7fbe,e25c,
3289,5155,b2e8,92b1,7fbe,7c08,
3290,6155,a2e8,92b1,7fbe,aabf,
3291,6155,a2e8,92b1,7fbe,1b4b,
3292,6155,a2e8,92b1,7fbe,de4e,
3293,5155,b2e8,92b1,7fbe,6675,
3294,7155,a2e8,92b1,7fbe,a568,
3295,6155,a2e8,92b1,7fbe,07bb,
3296,6155,a2e8,92b1,7fbe,6f68,
3297,4155,a2e8,92b1,7fbe,f1cc,
3298,6155,a2e8,92b1,7fbe,4873,
3299,2406,1a35,4061,7fbe,b404,
3300,6155,a2e8,92b1,7fbe,b77f,
3301,6155,a2e8,92b1,7fbe,932e,
3302,6155,a2e8,92b1,7fbe,9013,
3303,6155,a2e8,92b1,7fbe,6098,
3304,9af6,a2e8,a697,7fbe,3426,
3305,6155,a2e8,92b1,7fbe,b477,
3306,6155,a2e8,92b1,7fbe,7ac6,
3307,6155,a2e8,92b1,7fbe,5f55,
3308,6155,a2e8,92b1,7fbe,5151,
3309,6155,a2e8,92b1,7fbe,722f,
3310,6155,a2e8,92b1,7fbe,710c,
3311,6155,a2e8,92b1,7fbe,c6fe,
3312,6155,a2e8,92b1,7fbe,2ab8,
3313,6155,a2e8,92b1,7fbe,551c,
3314,6155,a2e8,92b1,7fbe,808b,
3315,62cb,b2e0,92b1,7fbe,3185,
3316,6955,a2e8,92b1,7fbe,ddbe,
3317,0000,330a,92b1,7fbe,95c3,
3318,6155,a2e8,92b1,7fbe,4f11,
3319,6155,a2e8,92b1,7fbe,e601,
3320,7155,a2e8,92b1,7fbe,4431,
3321,6155,a2e8,92b1,7fbe,bbbe,
3322,6175,a2e8,92b1,7fbe,a2bd,
3323,6155,a2e8,92b1,7fbe,f110,
3324,6155,a2e8,92b1,7fbe,faed,
3325,6155,a2e8,92b1,7fbe,77a0,
3326,6155,a2e8,92b1,7fbe,de86,
3327,6155,a2e8,92b1,7fbe,ea6b,
3328,3041,a2e0,92b1,7fbe,b9bd,
3329,0000,a2e8,b0e2,7fbe,2253,
3330,6155,a2e8,92b1,7fbe,9fc4,
3331,0000,b70f,92b1,7fbe,a155,
3332,6155,a2e8,92b1,7fbe,8043,
3333,7155,a2e8,92b1,7fbe,423d,
3334,6155,a2e8,92b1,7fbe,4ed7,
3335,6155,a2e8,92b1,7fbe,69ef,
3336,d0b7,a0ec,9091,7fae,16a6,
3337,6115,a2e8,92b1,7fbe,8b9d,
3338,c9d7,f2ec,b2b1,7fbe,655c,
3339,1012,8162,93b5,7fbe,1899,
3340,6155,a2e8,92b1,7fbe,666e,
3341,6155,a2e8,92b1,7fbe,252f,
3342,6155,a2e8,92b1,7fbe,bed4,
3343,6955,a2e8,92b1,7fbe,e041,
3344,61d3,a3fc,92b9,7fbe,dc8f,
3345,6195,a2a8,92b1,7fbe,14de,
3346,6155,a2e8,92b1,7fbe,a874,
3347,6155,a2e8,92b1,7fbe,999b,
3348,6155,a2e8,92b1,7fbe,1bb5,
3349,0000,a2e8,e1e1,7fbe,7350,
3350,6155,a2e8,92b1,7fbe,597c,
3351,6155,a2e8,92b1,7fbe,1501,
3352,edc6,22a9,92b1,7fbe,0955,
3353,6155,a2e8,92b1,7fbe,08c4,
3354,6155,a2e8,92b1,7fbe,2d67,
3355,6155,a2e8,92b1,7fbe,0ee0,
3356,6155,a2e8,92b1,7fbe,7ee6,
3357,6155,a2e8,92b1,7fbe,53be,
3358,6155,a2e8,92b1,7fbe,88a3,
3359,6255,a3e8,92b1,7fbe,a09e,
3360,6155,a2e8,92b1,7fbe,b799,
3361,6155,a2e8,92b1,7fbe,1711,
3362,b012,a2e8,c29d,7fbe,502c,
3363,6155,a2e8,92b1,7fbe,824f,
3364,61d7,a2e8,92b1,7fbe,705a,
3365,6155,a2e8,92b1,7fbe,b9ca,
3366,6155,a2e8,92b1,7fbe,322f,
3367,6155,a2e8,92b1,7fbe,0f27,
3368,6155,a2e8,92b1,7fbe,b0d4,
3369,6155,a2e8,92b1,7fbe,8e4b,
3370,6155,a2e8,92b1,7fbe,6dd9,
3371,6155,a2e8,92b1,7fbe,4b1d,
3372,7155,a2e8,92b1,7fbe,24ea,
3373,6155,a2e8,92b1,7fbe,ca82,
3374,6155,a2e8,92b1,7fbe,a722,
3375,6155,a2e8,92b1,7fbe,6051,
3376,6155,a2e8,92b1,7fbe,8470,
3377,6115,a2e8,92b1,7fbe,018b,
3378,6155,a2e8,92b1,7fbe,6d44,
3379,6155,a2e8,92b1,7fbe,6f6d,
3380,6155,a2e8,92b1,7fbe,4795,
3381,6155,a2e8,92b1,7fbe,f571,
3382,3749,a0c0,92a1,7fbe,9ebe,
3383,6957,a2a8,92b1,7fbe,ae8f,
3384,6075,a2e8,92b1,7fbe,9b7a,
3385,6155,a2e8,92b1,7fbe,6132,
3386,6155,a2e8,92b1,7fbe,c0a4,
3387,6155,a2e8,92b1,7fbe,97e5,
3388,6955,a2e8,92b1,7fbe,27ee,
3389,6155,a2e8,92b1,7fbe,d6ff,
3390,6155,a2e8,92b1,7fbe,df65,
3391,6155,a2e8,92b1,7fbe,c7df,
3392,6155,a2e8,92b1,7fbe,e42e,
3393,2155,a2e8,92b1,7fbe,ef38,
3394,6995,a2a8,92b1,7fbe,c53a,
3395,6155,a2e8,92b1,7fbe,ea64,
3396,6155,a2e8,92b1,7fbe,770c,
3397,6155,a2e8,92b1,7fbe,a1c2,
3398,69b5,a2a8,92b1,7fbe,e625,
3399,6155,a2e8,92b1,7fbe,8659,
3400,6155,a2e8,92b1,7fbe,ea50,
3401,6155,a2e8,92b1,7fbe,6227,
3402,6155,a2e8,92b1,7fbe,8de6,
3403,6155,a2e8,92b1,7fbe,330e,
3404,cc81,1a79,02b1,7fbe,ea0c,
3405,0000,e26c,92b1,7fbe,45ce,
3406,6555,a2e8,92b1,7fbe,8693,
3407,6155,a2e8,92b1,7fbe,2579,
3408,6155,a2e8,92b1,7fbe,7326,
3409,6155,a2e8,92b1,7fbe,ca51,
3410,4157,b2e8,92b1,7fbe,fbeb,
3411,6155,a2e8,92b1,7fbe,5324,
3412,6155,a2e8,92b1,7fbe,9862,
3413,23dd,e4f8,90b1,7fbe,23ff,
3414,5b59,a2e8,e76c,7fbe,75dd,
3415,6155,a2e8,92b1,7fbe,c367,
3416,0000,bae8,92b1,7fbe,7163,
3417,6155,a2e8,92b1,7fbe,d0be,
3418,6155,a2e8,92b1,7fbe,ccba,
3419,6155,a2e8,92b1,7fbe,7e31,
3420,6955,a2e8,92b1,7fbe,c303,
3421,5157,b2e8,92b1,7fbe,c259,
3422,6155,a2e8,92b1,7fbe,a4b2,
3423,7155,a2e8,92b1,7fbe,e24f,
3424,39db,a2e8,110b,7fbe,83ba,
3425,6155,a2e8,92b1,7fbe,9706,
3426,2321,a2e8,83b4,7fbe,1105,
3427,6155,a2e8,92b1,7fbe,dfef,
3428,6155,a2e8,92b1,7fbe,e951,
3429,6955,a2e8,92b1,7fbe,ea30,
3430,6175,a2e8,92b1,7fbe,585c,
3431,6155,a2e8,92b1,7fbe,d12b,
3432,7155,a2e8,92b1,7fbe,97ae,
3433,6155,a2e8,92b1,7fbe,857f,
3434,7541,a2e8,92b1,7fbe,1e6b,
3435,6155,a2e8,92b1,7fbe,e589,
3436,6154,a2e8,92b1,7fbe,c0c6,
3437,41d6,9ae8,82b1,7fbe,01d2,
3438,13f4,a2e8,068a,7fbe,943b,
3439,6155,a2e8,92b1,7fbe,7dc8,
3440,6155,a2e8,92b1,7fbe,9fea,
3441,6155,a2e8,92b1,7fbe,fe3c,
3442,2155,a2e8,92b1,7fbe,3ce8,
3443,51d5,b2e8,92b1,7fbe,cb68,
3444,6155,a2e8,92b1,7fbe,d7c4,
3445,7155,a2e8,92b1,7fbe,4a0b,
3446,6995,a2a8,92b1,7fbe,c63d,
3447,6155,a2e8,92b1,7fbe,5a75,
3448,6155,a2e8,92b1,7fbe,7433,
3449,6155,a2e8,92b1,7fbe,2b11,
3450,6155,a2e8,92b1,7fbe,fa78,
3451,e35d,a4e8,90b1,7fbe,7cc8,
3452,6155,a2e8,92b1,7fbe,71d3,
3453,6115,a2e8,92b1,7fbe,508b,
3454,6155,a2e8,92b1,7fbe,1080,
3455,7155,a2e8,92b1,7fbe,fb43,
3456,6155,a2e8,92b1,7fbe,6b8f,
3457,51d5,b2e8,92b1,7fbe,7f67,
3458,6155,a2e8,92b1,7fbe,3964,
3459,6155,a2e8,92b1,7fbe,a03d,
3460,6145,a2e8,92b1,7fbe,7f59,
3461,6155,a2e8,92b1,7fbe,33b1,
3462,6155,a2e8,92b1,7fbe,fb1c,
3463,6155,a2e8,92b1,7fbe,a54f,
3464,6155,a2e8,92b1,7fbe,76d9,
3465,4577,b2e8,92b1,7fbe,e3ff,
3466,0000,67ec,11e7,7fbe,5a7a,
3467,5957,b2e8,92b1,7fbe,c7fd,
3468,6975,a2a8,92b1,7fbe,0c92,
3469,63dd,a2e8,92b1,7fbe,97fd,
3470,40f1,b22f,92b3,7fbe,4239,
3471,6155,a2e8,92b1,7fbe,b64c,
3472,6155,a2e8,92b1,7fbe,f6b2,
3473,546d,a2e8,e554,7fbe,77e5,
3474,6155,a2e8,92b1,7fbe,37ed,
3475,6155,a2e8,92b1,7fbe,91ce,
3476,6155,a2e8,92b1,7fbe,3b2d,
3477,6155,a2e8,92b1,7fbe,cd01,
3478,6155,a2e8,92b1,7fbe,2c04,
3479,6155,a2e8,92b1,7fbe,f5fd,
3480,42dd,a3e8,92b1,7fbe,5a50,
3481,6155,a2e8,92b1,7fbe,4127,
3482,6155,a2e8,92b1,7fbe,75bc,
3483,6155,a2e8,92b1,7fbe,5554,
3484,6155,a2e8,92b1,7fbe,8323,
3485,6155,a2e8,92b1,7fbe,4825,
3486,69d5,a2a8,92b1,7fbe,e2da,
3487,6155,a2e8,92b1,7fbe,34c2,
3488,6155,a2e8,92b1,7fbe,3620,
3489,6155,a2e8,92b1,7fbe,6d3c,
3490,6155,a2e8,92b1,7fbe,3e13,
3491,6155,a2e8,92b1,7fbe,21d5,
3492,7155,a2e8,92b1,7fbe,f184,
3493,6155,a2e8,92b1,7fbe,2058,
3494,6155,a2e8,92b1,7fbe,8f5e,
3495,6155,a2e8,92b1,7fbe,a955,
3496,6155,a2e8,92b1,7fbe,22bb,
3497,7155,a2e8,92b1,7fbe,17f7,
3498,e155,a2e8,92b1,7fbe,e214,
3499,6155,a2e8,92b1,7fbe,2c84,
3500,6155,a2e8,92b1,7fbe,bbfe,
3501,6155,a2e8,92b1,7fbe,b1e7,
3502,6155,a2e8,92b1,7fbe,f7e5,
3503,6155,a2e8,92b1,7fbe,efde,
3504,6155,a2e8,92b1,7fbe,66a8,
3505,6155,a2e8,92b1,7fbe,1133,
3506,6155,a2e8,92b1,7fbe,960d,
3507,e155,a2e8,92b1,7fbe,cb2f,
3508,6155,a2e8,92b1,7fbe,9756,
3509,6155,a2e8,92b1,7fbe,aff1,
3510,6155,a2e8,92b1,7fbe,ad3e,
3511,f834,a2e8,dc7a,7fbe,4ecb,
3512,0000,23a7,9e33,7fbe,96ed,
3513,6175,a2e8,92b1,7fbe,f186,
3514,6155,a2e8,92b1,7fbe,aa55,
3515,6175,a2e8,92b1,7fbe,a929,
3516,6155,a2e8,92b1,7fbe,170e,
3517,0000,b312,9209,7fbe,6192,
3518,6155,a2e8,92b1,7fbe,1280,
3519,6155,a2e8,92b1,7fbe,2b0e,
3520,6155,a2e8,92b1,7fbe,1e18,
3521,41d5,b2e8,92b1,7fbe,5bef,
3522,6155,a2e8,92b1,7fbe,fc6b,
3523,6155,a2e8,92b1,7fbe,7f41,
3524,e175,a2e8,92b1,7fbe,fe70,
3525,6155,a2e8,92b1,7fbe,e742,
3526,48a6,a2e8,92b1,7fbe,3eb7,
3527,0000,73dc,92b1,7fbe,3c36,
3528,6155,a2e8,92b1,7fbe,119d,
3529,6155,a2e8,92b1,7fbe,9341,
3530,6155,a2e8,92b1,7fbe,fb6f,
3531,6155,a2e8,92b1,7fbe,6804,
3532,4851,b2e8,92b1,7fbe,8ffe,
3533,6155,a2e8,92b1,7fbe,7d40,
3534,7155,a2e8,92b1,7fbe,1678,
3535,6155,a2e8,92b1,7fbe,9b7e,
3536,6155,a2e8,92b1,7fbe,4eae,
3537,6155,a2e8,92b1,7fbe,67a2,
3538,6155,a2e8,92b1,7fbe,2c28,
3539,6155,a2e8,92b1,7fbe,b38d,
3540,0000,61f9,92b1,7fbe,4b33,
3541,6155,a2e8,92b1,7fbe,ea95,
3542,6155,a2e8,92b1,7fbe,0b6a,
3543,6155,a2e8,92b1,7fbe,04c5,
3544,6155,a2e8,92b1,7fbe,fcca,
3545,4155,a2e8,92b1,7fbe,3876,
3546,6155,a2e8,92b1,7fbe,e1d3,
3547,0000,98ec,9a83,7fbe,3812,
3548,61d7,a2a8,92b1,7fbe,2432,
3549,8545,e0e8,92b1,7fbe,094d,
3550,6155,a2e8,92b1,7fbe,ad55,
3551,6155,a2e8,92b1,7fbe,40e3,
3552,2115,a2e8,92b1,7fbe,6cca,
3553,5741,62c1,12a1,7fbe,2300,
3554,6155,a2e8,92b1,7fbe,2b25,
3555,6155,a2e8,92b1,7fbe,377f,
3556,6115,a2e8,92b1,7fbe,7585,
3557,6155,a2e8,92b1,7fbe,761e,
3558,3541,a2e8,92b1,7fbe,d194,
3559,6155,a2e8,92b1,7fbe,164e,
3560,6155,a2e8,92b1,7fbe,8766,
3561,6155,a2e8,92b1,7fbe,cb41,
3562,6155,a2e8,92b1,7fbe,75b3,
3563,6155,a2e8,92b1,7fbe,6cdc,
3564,6155,a2e8,92b1,7fbe,0495,
3565,6155,a2e8,92b1,7fbe,94ff,
3566,7155,a2e8,92b1,7fbe,6f19,
3567,6155,a2e8,92b1,7fbe,458d,
3568,6155,a2e8,92b1,7fbe,a74d,
3569,6115,a2e8,92b1,7fbe,060b,
3570,6155,a2e8,92b1,7fbe,bb99,
3571,7155,a2e8,92b1,7fbe,2ea6,
3572,6155,a2e8,92b1,7fbe,a617,
3573,0000,9a9b,c3ad,7fbe,a2c9,
3574,6155,a2e8,92b1,7fbe,a2e6,
3575,6155,a2e8,92b1,7fbe,e98f,
3576,6155,a2e8,92b1,7fbe,100d,
3577,6155,a2e8,92b1,7fbe,0199,
3578,0000,a2e8,be19,7fbe,2ca8,
3579,6155,a2e8,92b1,7fbe,75e6,
3580,6155,a2e8,92b1,7fbe,422f,
3581,615d,a2e8,92b1,7fbe,eb03,
3582,7155,a2e8,92b1,7fbe,8ca2,
3583,6155,a2e8,92b1,7fbe,b7d3,
3584,6155,a2e8,92b1,7fbe,4877,
3585,6155,a2e8,92b1,7fbe,eeef,
3586,6c63,a2e8,92b1,7fbe,0d36,
3587,6155,a2e8,92b1,7fbe,eb8e,
3588,6155,a2e8,92b1,7fbe,132f,
3589,4053,a2e8,92b1,7fbe,aef6,
3590,25c7,a2e8,be04,7fbe,2cb5,
3591,4155,a2e8,92b1,7fbe,2fb0,
3592,6155,a2e8,92b1,7fbe,1e10,
3593,6155,a2e8,92b1,7fbe,84da,
3594,6155,a2e8,92b1,7fbe,94eb,
3595,4117,a2e8,0cd5,7fbe,9e64,
3596,5151,b2e8,92b1,7fbe,8810,
3597,6155,a2e8,92b1,7fbe,ced2,
3598,47cb,a2e8,e95e,7fbe,7bef,
3599,6155,a2e8,92b1,7fbe,4c60,
3600,6115,a2e8,92b1,7fbe,9349,
3601,6155,a2e8,92b1,7fbe,438c,
3602,6155,a2e8,92b1,7fbe,c36b,
3603,0000,fb9c,92b1,7fbe,ca87,
3604,6155,a2e8,92b1,7fbe,30dc,
3605,6155,a2e8,92b1,7fbe,2628,
3606,2155,a2e8,92b1,7fbe,eb5c,
3607,6155,a2e8,92b1,7fbe,6ca6,
3608,6155,a2e8,92b1,7fbe,980e,
3609,6adf,a3f0,92b9,7fbe,ed3b,
3610,6155,a2e8,92b1,7fbe,2faa,
3611,6937,a2a8,92b1,7fbe,7353,
3612,6155,a2e8,92b1,7fbe,efb6,
3613,6155,a2e8,92b1,7fbe,afd1,
3614,6155,a2e8,92b1,7fbe,2b92,
3615,6955,a2e8,92b1,7fbe,67c2,
3616,6155,a2e8,92b1,7fbe,811b,
3617,4155,a2e8,92b1,7fbe,4809,
3618,6155,a2e8,92b1,7fbe,259d,
3619,6155,a2e8,92b1,7fbe,0db5,
3620,6155,a2e8,92b1,7fbe,9f1f,
3621,6175,a2e8,92b1,7fbe,78f8,
3622,7151,a2e8,92b1,7fbe,339e,
3623,6155,a2e8,92b1,7fbe,074e,
3624,4995,a2e8,92b1,7fbe,3874,
3625,6155,a2e8,92b1,7fbe,edc1,
3626,6155,a2e8,92b1,7fbe,0b62,
3627,1044,c2e0,d2a0,ffbe,eeca,
3628,6051,a2e8,92b1,7fbe,af75,
3629,6155,a2e8,92b1,7fbe,fc55,
3630,6155,a2e8,92b1,7fbe,dde7,
3631,4155,b2e8,92b1,7fbe,423c,
3632,7155,a2e8,92b1,7fbe,1146,
3633,6155,a2e8,92b1,7fbe,a9c5,
3634,6151,a2e8,92b1,7fbe,151f,
3635,0000,ab30,cb28,7fbe,5999,
3636,6175,a2e8,92b1,7fbe,5458,
3637,4155,a2e8,92b1,7fbe,2644,
3638,0000,5260,92b1,7fbe,3180,
3639,5157,b2e8,92b1,7fbe,aaf0,
3640,0000,aa4e,92b1,7fbe,fdcd,
3641,6955,a2e8,92b1,7fbe,4a78,
3642,635d,a2e8,92b1,7fbe,7cb9,
3643,6155,a2e8,92b1,7fbe,9a44,
3644,6135,a2e8,92b1,7fbe,cfd5,
3645,0000,e968,92b1,7fbe,8bf8,
3646,0000,f34e,92b1,7fbe,b01d,
3647,6155,a2e8,92b1,7fbe,0905,
3648,6351,a2e8,92b1,7fbe,4387,
3649,6955,a2e8,92b1,7fbe,7032,
3650,6155,a2e8,92b1,7fbe,ea94,
3651,6155,a2e8,92b1,7fbe,3479,
3652,6155,a2e8,92b1,7fbe,76a0,
3653,6115,a2e8,92b1,7fbe,442d,
3654,6155,a2e8,92b1,7fbe,2318,
3655,6155,a2e8,92b1,7fbe,d121,
3656,6155,a2e8,92b1,7fbe,f015,
3657,6555,a2e8,92b1,7fbe,984d,
3658,6155,a2e8,92b1,7fbe,a735,
3659,6135,a2a8,92b1,7fbe,23f4,
3660,6155,a2e8,92b1,7fbe,f0a6,
3661,6115,a2e8,92b1,7fbe,5d65,
3662,7155,a2e8,92b1,7fbe,c340,
3663,7155,a2e8,92b1,7fbe,afef,
3664,0000,f16f,c8b1,7fbe,a50e,
3665,6155,a2e8,92b1,7fbe,4357,
3666,6155,a2e8,92b1,7fbe,aa58,
3667,6155,a2e8,92b1,7fbe,ef1a,
3668,6955,a2e8,92b1,7fbe,6d57,
3669,6000,c8b4,92b1,7fbe,6a5c,
3670,6155,a2e8,92b1,7fbe,621c,
3671,6155,a2e8,92b1,7fbe,1fa8,
3672,6175,a2e8,92b1,7fbe,7649,
3673,6155,a2e8,92b1,7fbe,aecd,
3674,6956,a2e9,92b1,7fbe,1d66,
3675,6155,a2e8,92b1,7fbe,26be,
3676,6155,a2e8,92b1,7fbe,435e,
3677,0000,af2f,c1b5,7fbe,ba49,
3678,6155,a2e8,92b1,7fbe,a0ed,
3679,6155,a2e8,92b1,7fbe,461c,
3680,61d7,a2e8,92b1,7fbe,da26,
3681,6155,a2e8,92b1,7fbe,c50c,
3682,6155,a2e8,92b1,7fbe,ab68,
3683,6155,a2e8,92b1,7fbe,135b,
3684,6155,a2e8,92b1,7fbe,2bb8,
3685,6155,a2e8,92b1,7fbe,60c2,
3686,6155,a2e8,92b1,7fbe,685e,
3687,6155,a2e8,92b1,7fbe,db58,
3688,61b5,a2a8,92b1,7fbe,2ba0,
3689,6155,a2e8,92b1,7fbe,b6cb,
3690,6155,a2e8,92b1,7fbe,2960,
3691,6155,a2e8,92b1,7fbe,1c5d,
3692,e155,a2e8,92b1,7fbe,fad4,
3693,6955,a2e8,92b1,7fbe,c3b6,
3694,6155,a2e8,92b1,7fbe,57e7,
3695,6155,a2e8,92b1,7fbe,06ca,
3696,7155,a2e8,92b1,7fbe,5b2f,
3697,6155,a2e8,92b1,7fbe,0feb,
3698,e392,a2e8,0999,7fbe,9b28,
3699,615d,a2e8,92b1,7fbe,d596,
3700,e155,a2e8,92b1,7fbe,eaa4,
3701,6445,a0e8,92b1,7fbe,83b4,
3702,415d,a2ec,92b1,7fbe,f458,
3703,6155,a2e8,92b1,7fbe,6b74,
3704,0000,8b19,9231,7fbe,38f5,
3705,2155,a2e8,92b1,7fbe,f737,
3706,6155,a2e8,92b1,7fbe,ad6f,
3707,6155,a2e8,92b1,7fbe,4686,
3708,61d5,a2e8,92b1,7fbe,87d8,
3709,0000,c8a1,92b1,7fbe,310f,
3710,6155,a2e8,92b1,7fbe,c81f,
3711,6155,a2e8,92b1,7fbe,0cfc,
3712,6155,a2e8,92b1,7fbe,13c0,
3713,6955,a2e8,92b1,7fbe,2990,
3714,6155,a2e8,92b1,7fbe,5f58,
3715,6155,a2e8,92b1,7fbe,4415,
3716,6155,a2e8,92b1,7fbe,964b,
3717,6155,a2e8,92b1,7fbe,c62d,
3718,6115,a2e8,92b1,7fbe,fcce,
3719,5955,b2e8,92b1,7fbe,2a6b,
3720,6155,a2e8,92b1,7fbe,4612,
3721,6155,a2e8,92b1,7fbe,1df8,
3722,6155,a2e8,92b1,7fbe,de5b,
3723,63d8,a2e8,92b1,7fbe,d39d,
3724,6155,a2e8,92b1,7fbe,1950,
3725,6155,a2e8,92b1,7fbe,1ca8,
3726,6155,a2e8,92b1,7fbe,1f24,
3727,6155,a2e8,92b1,7fbe,e1ea,
3728,6155,a2e8,92b1,7fbe,7775,
3729,6155,a2e8,92b1,7fbe,6088,
3730,6155,a2e8,92b1,7fbe,70a5,
3731,6155,a2e8,92b1,7fbe,aa67,
3732,6175,a2e8,92b1,7fbe,c2ac,
3733,0000,86cc,9ea8,7fbe,2543,
3734,6155,a2e8,92b1,7fbe,af20,
3735,6155,a2e8,92b1,7fbe,4926,
3736,6155,a2e8,92b1,7fbe,056e,
3737,6155,a2e8,92b1,7fbe,e152,
3738,6155,a2e8,92b1,7fbe,af67,
3739,0000,d1b1,92b1,7fbe,056a,
3740,6155,a2e8,92b1,7fbe,09d9,
3741,6155,a2e8,92b1,7fbe,155d,
3742,6114,a2c8,92b1,7fbe,2122,
3743,6155,a2e8,92b1,7fbe,c17e,
3744,4955,b2e8,92b1,7fbe,544e,
3745,6155,a2e8,92b1,7fbe,1065,
3746,6155,a2e8,92b1,7fbe,08a4,
3747,6175,a2e8,92b1,7fbe,19ee,
3748,6155,a2e8,92b1,7fbe,1328,
3749,6155,a2e8,92b1,7fbe,eded,
3750,0000,e25a,92b1,7fbe,6e50,
3751,6155,a2e8,92b1,7fbe,6501,
3752,6155,a2e8,92b1,7fbe,824d,
3753,6155,a2e8,92b1,7fbe,f96d,
3754,6155,a2e8,92b1,7fbe,2728,
3755,63ce,a2e8,92b1,7fbe,029b,
3756,6155,a2e8,92b1,7fbe,01a0,
3757,6155,a2e8,92b1,7fbe,1e49,
3758,6155,a2e8,92b1,7fbe,2d1f,
3759,6155,a2e8,92b1,7fbe,811a,
3760,6155,a2e8,92b1,7fbe,afdf,
3761,6155,a2e8,92b1,7fbe,9370,
3762,6155,a2e8,92b1,7fbe,0e62,
3763,a155,a2e8,92b1,7fbe,ca4a,
3764,6155,a2e8,92b1,7fbe,434e,
3765,6115,a2e8,92b1,7fbe,1fd7,
3766,4155,a2e8,92b1,7fbe,d705,
3767,6155,a2e8,92b1,7fbe,38d2,
3768,6155,a2e8,92b1,7fbe,58a0,
3769,6155,a2e8,92b1,7fbe,426c,
3770,6155,a2e8,92b1,7fbe,6e4a,
3771,6155,a2e8,92b1,7fbe,a74e,
3772,6155,a2e8,92b1,7fbe,81e2,
3773,0000,b4f1,dbf0,7fbe,45f9,
3774,6155,a2e8,92b1,7fbe,17ed,
3775,615d,a2e8,92b1,7fbe,97ed,
3776,6155,a2e8,92b1,7fbe,ea5c,
3777,6155,a2e8,92b1,7fbe,f74d,
3778,6155,a2e8,92b1,7fbe,50ac,
3779,7155,a2e8,92b1,7fbe,6dcd,
3780,0000,a2e8,649d,7fbe,f62c,
3781,6155,a2e8,92b1,7fbe,1a91,
3782,6955,a2e8,92b1,7fbe,0472,
3783,6155,a2e8,92b1,7fbe,2280,
3784,6155,a2e8,92b1,7fbe,6900,
3785,6155,a2e8,92b1,7fbe,635e,
3786,6155,a2e8,92b1,7fbe,f6b8,
3787,6155,a2e8,92b1,7fbe,b271,
3788,6155,a2e8,92b1,7fbe,b7f5,
3789,6155,a2e8,92b1,7fbe,97f4,
3790,6155,a2e8,92b1,7fbe,5383,
3791,6175,a2e8,92b1,7fbe,fc86,
3792,6155,a2e8,92b1,7fbe,fb0a,
3793,6155,a2e8,92b1,7fbe,4827,
3794,6155,a2e8,92b1,7fbe,e600,
3795,6135,a2e8,92b1,7fbe,bb74,
3796,6155,a2e8,92b1,7fbe,dc64,
3797,6155,a2e8,92b1,7fbe,b6a0,
3798,0000,2e74,30bc,7fbe,2a61,
3799,0000,f3ac,92b1,7fbe,862e,
3800,4977,b368,9231,7fbe,a460,
3801,6155,a2e8,92b1,7fbe,b27e,
3802,6155,a2e8,92b1,7fbe,5cf1,
3803,6155,a2e8,92b1,7fbe,ff01,
3804,6155,a2e8,92b1,7fbe,4dc7,
3805,6155,a2e8,92b1,7fbe,1b48,
3806,6155,a2e8,92b1,7fbe,f96f,
3807,6155,a2e8,92b1,7fbe,64dc,
3808,6155,a2e8,92b1,7fbe,f58a,
3809,6155,a2e8,92b1,7fbe,d31d,
3810,2004,0a48,82f0,7fbe,28c6,
3811,6155,a2e8,92b1,7fbe,1092,
3812,6155,a2e8,92b1,7fbe,0316,
3813,61f7,a2a8,92b1,7fbe,0e61,
3814,6155,a2e8,92b1,7fbe,ec9e,
3815,9a36,b2e8,92b1,7fbe,739a,
3816,6090,8a68,82b1,7fbe,4cef,
3817,6155,a2e8,92b1,7fbe,b98a,
3818,6155,a2e8,92b1,7fbe,03f5,
3819,0000,9a9b,c3ad,7fbe,a2c9,
3820,6155,a2e8,92b1,7fbe,4328,
3821,6155,a2e8,92b1,7fbe,b3e1,
3822,6155,a2e8,92b1,7fbe,64e7,
3823,e15d,e2e8,92b1,7fbe,fa21,
3824,6155,a2e8,92b1,7fbe,67c6,
3825,6154,a2e8,92b1,7fbe,25fd,
3826,6155,a2e8,92b1,7fbe,d7c0,
3827,4154,a2e8,92b1,7fbe,6413,
3828,6155,a2e8,92b1,7fbe,dbd7,
3829,6155,a2e8,92b1,7fbe,40eb,
3830,6155,a2e8,92b1,7fbe,d20c,
3831,2155,a2e8,92b1,7fbe,7409,
3832,6155,a2e8,92b1,7fbe,7b90,
3833,6155,a2e8,92b1,7fbe,4aad,
3834,6155,a2e8,92b1,7fbe,3c83,
3835,6155,a2e8,92b1,7fbe,c285,
3836,2f5d,a2e8,92b1,7fbe,de2b,
3837,09a0,fa66,a3a5,7fbe,32a6,
3838,6155,a2e8,92b1,7fbe,8e2e,
3839,da93,a2e8,0a99,7fbe,9828,
3840,6155,a2e8,92b1,7fbe,fa30,
3841,6155,a2e8,92b1,7fbe,6d38,
3842,6155,a2e8,92b1,7fbe,80f8,
3843,6155,a2e8,92b1,7fbe,f72d,
3844,6155,a2e8,92b1,7fbe,d2f3,
3845,0000,e45a,92b1,7fbe,0aed,
3846,e155,a2e8,92b1,7fbe,a2d9,
3847,6155,a2e8,92b1,7fbe,7ecc,
3848,6155,a2e8,92b1,7fbe,4562,
3849,0000,8018,96b0,7fbe,a8d3,
3850,6125,a2c8,92b1,7fbe,c85f,
3851,6145,a2e8,92b1,7fbe,6293,
3852,6155,a2e8,92b1,7fbe,3238,
3853,61b5,a2a8,92b1,7fbe,5524,
3854,4955,e2ec,b2b1,7fbe,dd44,
3855,6155,a2e8,92b1,7fbe,02d8,
3856,6155,a2e8,92b1,7fbe,47cf,
3857,6337,a699,9291,7fbe,482c,
3858,6155,a2e8,92b1,7fbe,413f,
3859,6155,a2e8,92b1,7fbe,6cef,
3860,6155,a2e8,92b1,7fbe,23f3,
3861,09d5,a2e8,92b1,7fbe,fddc,
3862,6955,a2e8,92b1,7fbe,77cb,
3863,6155,a2e8,92b1,7fbe,eed2,
3864,6155,a2e8,92b1,7fbe,f3ff,
3865,6155,a2e8,92b1,7fbe,a0cf,
3866,6155,a2e8,92b1,7fbe,1f06,
3867,6155,a2e8,92b1,7fbe,8f74,
3868,6155,a2e8,92b1,7fbe,1ac4,
3869,6155,a2e8,92b1,7fbe,4437,
3870,6155,a2e8,92b1,7fbe,1803,
3871,6155,a2e8,92b1,7fbe,8eff,
3872,4155,a2e8,92b1,7fbe,a802,
3873,6155,a2e8,92b1,7fbe,cf8e,
3874,5955,b2e8,92b1,7fbe,5dc4,
3875,6155,a2e8,92b1,7fbe,a919,
3876,6155,a2e8,92b1,7fbe,2575,
3877,6155,a2e8,92b1,7fbe,87d7,
3878,6155,a2e8,92b1,7fbe,c775,
3879,6155,a2e8,92b1,7fbe,9edc,
3880,6155,a2e8,92b1,7fbe,72d5,
3881,7155,a2e8,92b1,7fbe,35c7,
3882,7155,a2e8,92b1,7fbe,b0ff,
3883,6155,a2e8,92b1,7fbe,80f1,
3884,6155,a2e8,92b1,7fbe,5ef6,
3885,6155,a2e8,92b1,7fbe,9ee2,
3886,4151,bae8,92b1,7fbe,019d,
3887,6155,a2e8,92b1,7fbe,4f24,
3888,6917,a2a8,92b1,7fbe,b614,
3889,6157,a2e8,92b1,7fbe,d33e,
3890,6155,a2e8,92b1,7fbe,00ca,
3891,0000,a2e8,db46,7fbe,49f7,
3892,0000,188a,7299,7fbe,1a3f,
3893,6155,a2e8,92b1,7fbe,82bb,
3894,6155,a2e8,92b1,7fbe,9184,
3895,6155,a2e8,92b1,7fbe,04a6,
3896,6155,a2e8,92b1,7fbe,d3f6,
3897,0000,a2e8,eadf,7fbe,786e,
3898,6155,a2e8,92b1,7fbe,63b4,
3899,2914,a2e8,92b1,7fbe,492b,
3900,6155,a2e8,92b1,7fbe,4a14,
3901,6155,a2e8,92b1,7fbe,0517,
3902,6155,a2e8,92b1,7fbe,0411,
3903,6155,a2e8,92b1,7fbe,7432,
3904,6155,a2e8,92b1,7fbe,6dec,
3905,6155,a2e8,92b1,7fbe,c2bd,
3906,6155,a2e8,92b1,7fbe,0b13,
3907,6155,a2e8,92b1,7fbe,0fe8,
3908,6155,a2e8,92b1,7fbe,7f48,
3909,6157,a2e8,92b1,7fbe,5cbb,
3910,6155,a2e8,92b1,7fbe,90b9,
3911,0000,a2e8,e7f2,7fbe,7543,
3912,f190,a2e8,ce7c,7fbe,5ccd,
3913,6055,a2e8,92b1,7fbe,9680,
3914,e154,a2e8,92b1,7fbe,d343,
3915,1055,82e8,92b1,7fbe,36f3,
3916,6155,a2e8,92b1,7fbe,8614,
3917,0000,df51,b8bd,7fbe,5ba1,
3918,0000,8678,92b1,7fbe,dd5e,
3919,6155,a2e8,92b1,7fbe,24f1,
3920,6155,a2e8,92b1,7fbe,667c,
3921,6155,a2e8,92b1,7fbe,7b76,
3922,6155,a2e8,92b1,7fbe,0f06,
3923,6175,a2e8,92b1,7fbe,d6f5,
3924,6155,a2e8,92b1,7fbe,7239,
3925,6441,a2e8,92b1,7fbe,a4f7,
3926,6155,a2e8,92b1,7fbe,af2e,
3927,6155,a2e8,92b1,7fbe,b158,
3928,6115,a2e8,92b1,7fbe,31ba,
3929,6155,a2e8,92b1,7fbe,6616,
3930,6155,a2e8,92b1,7fbe,4537,
3931,6155,a2e8,92b1,7fbe,1294,
3932,6155,a2e8,92b1,7fbe,7d36,
3933,0000,52ce,cf66,7fbe,558b,
3934,6155,a2e8,92b1,7fbe,669e,
3935,6167,a2e8,b25d,7fbe,20ec,
3936,6175,a2e8,92b1,7fbe,f99a,
3937,6155,a2e8,92b1,7fbe,84c8,
3938,0000,44c1,92b1,7fbe,a678,
3939,6115,a2e8,92b1,7fbe,427d,
3940,6155,a2e8,92b1,7fbe,8c62,
3941,6155,a2e8,92b1,7fbe,2fc5,
3942,6555,a2e8,92b1,7fbe,9965,
3943,6175,a2e8,92b1,7fbe,38f3,
3944,6155,a2e8,92b1,7fbe,3727,
3945,6155,a2e8,92b1,7fbe,0c77,
3946,0000,bec4,009d,7fbe,fcd1,
3947,6955,a2e8,92b1,7fbe,3c0d,
3948,6155,a2e8,92b1,7fbe,4d0f,
3949,6155,a2e8,92b1,7fbe,8421,
3950,7055,a2e8,92b1,7fbe,abe0,
3951,6155,a2e8,92b1,7fbe,fdee,
3952,7784,fef6,12b1,7fbe,5c0f,
3953,6155,a2e8,92b1,7fbe,e138,
3954,4917,b2e8,92b1,7fbe,5892,
3955,6155,a2e8,92b1,7fbe,58bf,
3956,6155,a2e8,92b1,7fbe,d23c,
3957,6155,a2e8,92b1,7fbe,de67,
3958,6155,a2e8,92b1,7fbe,5333,
3959,6155,a2e8,92b1,7fbe,d402,
3960,6955,a2e8,92b1,7fbe,ffce,
3961,6155,a2e8,92b1,7fbe,5fdd,
3962,6155,a2e8,92b1,7fbe,1331,
3963,e510,a2ee,92b3,7fbe,cc0e,
3964,6155,a2e8,92b1,7fbe,79fe,
3965,6155,a2e8,92b1,7fbe,f1ed,
3966,6155,a2e8,92b1,7fbe,9e6a,
3967,6155,a2e8,92b1,7fbe,c8ad,
3968,6155,a2e8,92b1,7fbe,bf55,
3969,6115,a2e8,92b1,7fbe,ae62,
3970,6155,a2e8,92b1,7fbe,f5da,
3971,6155,a2e8,92b1,7fbe,790c,
3972,6155,a2e8,92b1,7fbe,1483,
3973,911c,a2e8,f9f1,7fbe,6b40,
3974,0000,a2a8,92b1,7fbe,272a,
3975,6155,a2e8,92b1,7fbe,ac22,
3976,6155,a2e8,92b1,7fbe,a2f9,
3977,7111,a2ea,92b1,7fbe,05c5,
3978,6155,a2e8,92b1,7fbe,0e4c,
3979,6155,a2e8,92b1,7fbe,2ac3,
3980,6155,a2e8,92b1,7fbe,289d,
3981,6155,a2e8,92b1,7fbe,e5e6,
3982,6115,a2e8,92b1,7fbe,99af,
3983,6155,a2e8,92b1,7fbe,ab4d,
3984,4117,b2e8,92b1,7fbe,a864,
3985,6155,a2e8,92b1,7fbe,3738,
3986,6055,a2e8,92b1,7fbe,7f50,
3987,6155,a2e8,92b1,7fbe,7fb9,
3988,6155,a2e8,92b1,7fbe,8de2,
3989,a15d,e7e8,90b1,7fbe,f3fa,
3990,6955,a2e8,92b1,7fbe,798f,
3991,6155,a2e8,92b1,7fbe,6269,
3992,6155,a2e8,92b1,7fbe,b44c,
3993,6155,a2e8,92b1,7fbe,981c,
3994,6155,a2e8,92b1,7fbe,fdac,
3995,7155,a2e8,92b1,7fbe,34de,
3996,0000,1800,92b1,7fbe,e985,
3997,6155,a2e8,92b1,7fbe,d31b,
3998,6155,a2e8,92b1,7fbe,268c,
3999,6155,a2e8,92b1,7fbe,d520,
4000,2a51,a2e8,92b1,7fbe,6b14,
4001,6155,a2e8,92b1,7fbe,c2b3,
4002,6155,a2e8,92b1,7fbe,23b2,
4003,6155,a2e8,92b1,7fbe,2c23,
4004,6155,a2e8,92b1,7fbe,8625,
4005,6175,a2e8,92b1,7fbe,d8ad,
4006,6175,a2e8,92b1,7fbe,fb8b,
4007,6155,a2e8,92b1,7fbe,568e,
4008,7155,a2e8,92b1,7fbe,504f,
4009,6155,a2e8,92b1,7fbe,bce2,
4010,6155,a2e8,92b1,7fbe,e8e9,
4011,15d1,a2e8,b9be,7fbe,2b0f,
4012,6155,a2e8,92b1,7fbe,c3c7,
4013,6155,a2e8,92b1,7fbe,16fe,
4014,6155,a2e8,92b1,7fbe,10b6,
4015,5997,b2e8,92b1,7fbe,b290,
4016,6155,a2e8,92b1,7fbe,5dd9,
4017,6155,a2e8,92b1,7fbe,4af9,
4018,6155,a2e8,92b1,7fbe,0d98,
4019,6155,a2e8,92b1,7fbe,a69f,
4020,0000,a601,92b1,7fbe,6b0c,
4021,6155,a2e8,92b1,7fbe,3a76,
4022,6155,a2e8,92b1,7fbe,a655,
4023,6155,a2e8,92b1,7fbe,0fdc,
4024,6155,a2e8,92b1,7fbe,3514,
4025,a364,2ae8,96b1,7fbe,7b93,
4026,6155,a2e8,92b1,7fbe,f520,
4027,6155,a2e8,92b1,7fbe,5f16,
4028,6954,a2e8,92b1,7fbe,f5db,
4029,6155,a2e8,92b1,7fbe,3314,
4030,0000,76bd,92b1,7fbe,cca9,
4031,6155,a2e8,92b1,7fbe,1ba5,
4032,6155,a2e8,92b1,7fbe,5064,
4033,6155,a2e8,92b1,7fbe,a08d,
4034,6155,a2e8,92b1,7fbe,debe,
4035,6155,a2e8,92b1,7fbe,32d5,
4036,4957,b2e8,92b1,7fbe,2049,
4037,6155,a2e8,92b1,7fbe,7062,
4038,6155,a2e8,92b1,7fbe,5c2a,
4039,6155,a2e8,92b1,7fbe,ca78,
4040,6051,a2e8,92b1,7fbe,ad96,
4041,6155,a2e8,92b1,7fbe,c027,
4042,6155,a2e8,92b1,7fbe,10f2,
4043,6155,a2e8,92b1,7fbe,3c69,
4044,cd30,7de7,82d1,7fbe,efae,
4045,6155,a2e8,92b1,7fbe,1f68,
4046,6155,a2e8,92b1,7fbe,d68f,
4047,6195,a2a8,92b1,7fbe,939d,
4048,6155,a2e8,92b1,7fbe,5351,
4049,6155,a2e8,92b1,7fbe,6d1c,
4050,6564,a2a8,9291,7fbe,43bf,
4051,6155,a2e8,92b1,7fbe,e14d,
4052,6155,a2e8,92b1,7fbe,c398,
4053,6155,a2e8,92b1,7fbe,3cc1,
4054,4955,b2e8,92b1,7fbe,9516,
4055,6155,a2e8,92b1,7fbe,8dbc,
4056,6955,a2e8,92b1,7fbe,02ff,
4057,6155,a2e8,92b1,7fbe,6232,
4058,6155,a2e8,92b1,7fbe,7574,
4059,6955,a2e8,92b1,7fbe,d67f,
4060,6155,a2e8,92b1,7fbe,6c17,
4061,7155,a2e8,92b1,7fbe,4efb,
4062,6175,a2e8,92b1,7fbe,16f4,
4063,6175,a2e8,92b1,7fbe,1652,
4064,6155,a2e8,92b1,7fbe,8047,
4065,61d7,a2a8,92b1,7fbe,e83a,
4066,6145,a2e8,92b1,7fbe,6bd1,
4067,6155,a2e8,92b1,7fbe,2465,
4068,6155,a2e8,92b1,7fbe,ff67,
4069,edd7,a6e8,92b1,7fbe,5d5e,
4070,6155,a2e8,92b1,7fbe,6523,
4071,6155,a2e8,92b1,7fbe,347b,
4072,6155,a2e8,92b1,7fbe,0e85,
4073,6155,a2e8,92b1,7fbe,c425,
4074,b30d,a2e8,92b1,7fbe,5bfc,
4075,6155,a2e8,92b1,7fbe,d1ce,
4076,6155,a2e8,92b1,7fbe,b919,
4077,6155,a2e8,92b1,7fbe,0d42,
4078,6155,a2e8,92b1,7fbe,5489,
4079,7155,a2e8,92b1,7fbe,b8f6,
4080,6155,a2e8,92b1,7fbe,68b6,
4081,6955,a2e8,92b1,7fbe,ace5,
4082,6155,a2e8,92b1,7fbe,fb4d,
4083,6155,a2e8,92b1,7fbe,5918,
4084,6155,a2e8,92b1,7fbe,2fab,
4085,6155,a2e8,92b1,7fbe,0b9c,
4086,6155,a2e8,92b1,7fbe,9e3d,
4087,6155,a2e8,92b1,7fbe,966d,
4088,6155,a2e8,92b1,7fbe,8f5e,
4089,6155,a2e8,92b1,7fbe,0c8c,
4090,6155,a2e8,92b1,7fbe,8565,
4091,1155,82e8,92b1,7fbe,1a6e,
4092,6155,a2e8,92b1,7fbe,f228,
4093,6155,a2e8,92b1,7fbe,b91b,
4094,63d5,a3e8,92b1,7fbe,dea0,
4095,7155,a2e8,92b1,7fbe,9198,
4096,6155,a2e8,92b1,7fbe,a85e,
4097,6155,a2e8,92b1,7fbe,b76a,
4098,6155,a2e8,92b1,7fbe,cf7e,
4099,6155,a2e8,92b1,7fbe,023d,
4100,6955,a2e8,92b1,7fbe,0272,
4101,00c0,9f07,10f8,7fbe,7b55,
4102,6155,a2e8,92b1,7fbe,bb64,
4103,6155,a2e8,92b1,7fbe,f794,
4104,6155,a2e8,92b1,7fbe,b610,
4105,6155,a2e8,92b1,7fbe,9d0a,
4106,6155,a2e8,92b1,7fbe,2e9b,
4107,6155,a2e8,92b1,7fbe,257e,
4108,6155,a2e8,92b1,7fbe,f3e0,
4109,6155,a2e8,92b1,7fbe,f6b3,
4110,6155,a2e8,92b1,7fbe,ee43,
4111,6155,a2e8,92b1,7fbe,63b5,
4112,6155,a2e8,92b1,7fbe,c714,
4113,7155,a2e8,92b1,7fbe,5b23,
4114,6155,a2e8,92b1,7fbe,60a8,
4115,0000,24ab,92b1,7fbe,850d,
4116,6155,a2e8,92b1,7fbe,f93b,
4117,6155,a2e8,92b1,7fbe,894f,
4118,7155,a2e8,92b1,7fbe,591a,
4119,6155,a2e8,92b1,7fbe,d17f,
4120,6155,a2e8,92b1,7fbe,6941,
4121,6151,a2e8,92b1,7fbe,d87f,
4122,6155,a2e8,92b1,7fbe,34ad,
4123,6154,a2e8,92b1,7fbe,25fd,
4124,6155,a2e8,92b1,7fbe,f771,
4125,6155,a2e8,92b1,7fbe,abd9,
4126,6155,a2e8,92b1,7fbe,b6a3,
4127,4264,20f8,92b1,7fbe,c60f,
4128,6155,a2e8,92b1,7fbe,2bd8,
4129,6155,a2e8,92b1,7fbe,b427,
4130,0000,d166,d225,7fbe,d062,
4131,7155,a2e8,92b1,7fbe,0e59,
4132,6155,a2e8,92b1,7fbe,6be0,
4133,6155,a2e8,92b1,7fbe,042b,
4134,6155,a2e8,92b1,7fbe,a3c9,
4135,6155,a2e8,92b1,7fbe,d8de,
4136,7155,a2e8,92b1,7fbe,930b,
4137,6155,a2e8,92b1,7fbe,734f,
4138,6155,a2e8,92b1,7fbe,1280,
4139,6155,a2e8,92b1,7fbe,f7e2,
4140,6155,a2e8,92b1,7fbe,ab2d,
4141,6155,a2e8,92b1,7fbe,6b1f,
4142,6115,a2e8,92b1,7fbe,a904,
4143,11b5,a2e8,92b1,7fbe,770f,
4144,6555,a2e8,92b1,7fbe,3361,
4145,59d7,b2e8,92b1,7fbe,9ec1,
4146,6155,a2e8,92b1,7fbe,206f,
4147,6155,a2e8,92b1,7fbe,cc2a,
4148,6155,a2e8,92b1,7fbe,530b,
4149,8660,a2e8,92b1,7fbe,e575,
4150,f966,9228,a271,7fbe,30c0,
4151,6155,a2e8,92b1,7fbe,76fa,
4152,6155,a2e8,92b1,7fbe,8a70,
4153,6155,a2e8,92b1,7fbe,e2bf,
4154,4155,a2e8,92b1,7fbe,a802,
4155,6155,a2e8,92b1,7fbe,d7b1,
4156,e175,a2e8,92b1,7fbe,a55f,
4157,6155,a2e8,92b1,7fbe,dbdf,
4158,6155,a2e8,92b1,7fbe,65e7,
4159,6155,a2e8,92b1,7fbe,d2b9,
4160,6115,a2e8,92b1,7fbe,a752,
4161,6155,a2e8,92b1,7fbe,75f2,
4162,6155,a2e8,92b1,7fbe,0d45,
4163,6155,a2e8,92b1,7fbe,7e77,
4164,6155,a2e8,92b1,7fbe,5231,
4165,61d5,a2e8,92b1,7fbe,baa9,
4166,6155,a2e8,92b1,7fbe,20b5,
4167,6155,a2e8,92b1,7fbe,4c41,
4168,6155,a2e8,92b1,7fbe,974f,
4169,6155,a2e8,92b1,7fbe,cc88,
4170,6155,a2e8,92b1,7fbe,1738,
4171,6155,a2e8,92b1,7fbe,c3d1,
4172,6105,a2c8,92b1,7fbe,4db5,
4173,6055,a2e8,92b1,7fbe,88a2,
4174,6150,a2e8,92b1,7fbe,0147,
4175,6155,a2e8,92b1,7fbe,c19e,
4176,6155,a2e8,92b1,7fbe,9251,
4177,6155,a2e8,92b1,7fbe,5cd8,
4178,4155,a2e8,92b1,7fbe,d61a,
4179,6955,a2e8,92b1,7fbe,c21a,
4180,0000,7d0a,9291,7fbe,df83,
4181,6155,a2e8,92b1,7fbe,7b18,
4182,6155,a2e8,92b1,7fbe,a00c,
4183,6155,a2e8,92b1,7fbe,c381,
4184,6155,a2e8,92b1,7fbe,832f,
4185,6155,a2e8,92b1,7fbe,adb4,
4186,6155,a2e8,92b1,7fbe,7255,
4187,6155,a2e8,92b1,7fbe,18fd,
4188,6175,a2e8,92b1,7fbe,0cfa,
4189,9e20,a2e8,92b1,7fbe,ff75,
4190,6155,a2e8,92b1,7fbe,3832,
4191,7530,a2e8,7977,7fbe,ebc6,
4192,6155,a2e8,92b1,7fbe,ab21,
4193,6155,a2e8,92b1,7fbe,3e44,
4194,6155,a2e8,92b1,7fbe,3aa4,
4195,6155,a2e8,92b1,7fbe,52fe,
4196,3155,a2e8,92b1,7fbe,259a,
4197,6155,a2e8,92b1,7fbe,5a51,
4198,6155,a2e8,92b1,7fbe,30c2,
4199,3406,a2e8,c20e,7fbe,50bf,
4200,6155,a2e8,92b1,7fbe,7b07,
4201,6155,a2e8,92b1,7fbe,2a0c,
4202,6155,a2e8,92b1,7fbe,e21b,
4203,6155,a2e8,92b1,7fbe,fbe8,
4204,0000,8f7e,9a34,7fbe,045f,
4205,6155,a2e8,92b1,7fbe,885d,
4206,6155,a2e8,92b1,7fbe,8b6a,
4207,0000,a2e8,9b59,7fbe,09e8,
4208,d4b7,a2e8,92b1,7fbe,b5e2,
4209,6155,a2e8,92b1,7fbe,4d36,
4210,6155,a2e8,92b1,7fbe,b72b,
4211,011a,7b71,c371,7fbe,6bf3,
4212,6155,a2e8,92b1,7fbe,b998,
4213,6155,a2e8,92b1,7fbe,6462,
4214,6955,a2e8,92b1,7fbe,bc8c,
4215,6055,a2e8,92b1,7fbe,323b,
4216,6155,a2e8,92b1,7fbe,582c,
4217,6155,a2e8,92b1,7fbe,d063,
4218,49d7,b2e8,92b1,7fbe,0c6f,
4219,6155,a2e8,92b1,7fbe,7825,
4220,6155,a2e8,92b1,7fbe,417a,
4221,6155,a2e8,92b1,7fbe,d9fd,
4222,6155,a2e8,92b1,7fbe,0e83,
4223,6155,a2e8,92b1,7fbe,1360,
4224,6155,a2e8,92b1,7fbe,e643,
4225,6155,a2e8,92b1,7fbe,788f,
4226,6155,a2e8,92b1,7fbe,9600,
4227,0000,ca80,92b1,7fbe,4cb5,
4228,6155,a2e8,92b1,7fbe,1818,
4229,6155,a2e8,92b1,7fbe,9f6f,
4230,6155,a2e8,92b1,7fbe,0e39,
4231,6155,a2e8,92b1,7fbe,76d5,
4232,6155,a2e8,92b1,7fbe,fa32,
4233,0000,dbf3,11b9,7fbe,ff9a,
4234,7155,a2e8,92b1,7fbe,8706,
4235,6855,a2e8,92b1,7fbe,6893,
4236,6155,a2e8,92b1,7fbe,a725,
4237,6155,a2e8,92b1,7fbe,742b,
4238,61d5,a2e8,92b1,7fbe,b5e8,
4239,0000,92ec,92b1,7fbe,1b6b,
4240,6155,a2e8,92b1,7fbe,22d6,
4241,6155,a2e8,92b1,7fbe,64e4,
4242,6155,a2e8,92b1,7fbe,7225,
4243,6155,a2e8,92b1,7fbe,0efa,
4244,61d7,a2e8,92b1,7fbe,bda6,
4245,6155,a2e8,92b1,7fbe,6e55,
4246,e1f5,a2e8,92b1,7fbe,d78c,
4247,6155,a2e8,92b1,7fbe,09e2,
4248,6155,a2e8,92b1,7fbe,505b,
4249,6155,a2e8,92b1,7fbe,29e9,
4250,6955,a2e8,92b1,7fbe,3fe4,
4251,7155,a2e8,92b1,7fbe,58be,
4252,6155,a2e8,92b1,7fbe,e87b,
4253,e1d5,a2e8,92b1,7fbe,f8e9,
4254,5955,b2e8,92b1,7fbe,7909,
4255,6155,a2e8,92b1,7fbe,1c0c,
4256,6155,a2e8,92b1,7fbe,9474,
4257,7955,a2e8,92b1,7fbe,cda5,
4258,6155,a2e8,92b1,7fbe,6405,
4259,6155,a2e8,92b1,7fbe,4041,
4260,6155,a2e8,92b1,7fbe,9b03,
4261,6155,a2e8,92b1,7fbe,6292,
4262,6155,a2e8,92b1,7fbe,b4bb,
4263,6155,a2e8,92b1,7fbe,8317,
4264,6155,a2e8,92b1,7fbe,15f4,
4265,6155,a2e8,92b1,7fbe,a48d,
4266,6155,a2e8,92b1,7fbe,eaa7,
4267,0000,9467,92b1,7fbe,e6a0,
4268,53d5,518b,1e93,7fbe,2747,
4269,6155,a2e8,92b1,7fbe,efb4,
4270,0000,895c,93b1,7fbe,09b4,
4271,6155,a2e8,92b1,7fbe,d375,
4272,6155,a2e8,92b1,7fbe,6182,
4273,6955,a2e8,92b1,7fbe,796c,
4274,6155,a2e8,92b1,7fbe,627b,
4275,69f5,a2a8,92b1,7fbe,4e5d,
4276,6155,a2e8,92b1,7fbe,913c,
4277,6155,a2e8,92b1,7fbe,271f,
4278,6155,a2e8,92b1,7fbe,b058,
4279,6155,a2e8,92b1,7fbe,7223,
4280,6155,a2e8,92b1,7fbe,566e,
4281,6155,a2e8,92b1,7fbe,50c7,
4282,6155,a2e8,92b1,7fbe,d199,
4283,c9f7,a2a8,92b1,7fbe,03c0,
4284,6155,a2e8,92b1,7fbe,2a2d,
4285,2155,a2e8,92b1,7fbe,4342,
4286,6155,a2e8,92b1,7fbe,e857,
4287,6155,a2e8,92b1,7fbe,4642,
4288,0000,a2e8,bea5,7fbe,2c14,
4289,6155,a2e8,92b1,7fbe,c61b,
4290,6155,a2e8,92b1,7fbe,dd14,
4291,6155,a2e8,92b1,7fbe,6383,
4292,6155,a2e8,92b1,7fbe,9720,
4293,6155,a2e8,92b1,7fbe,6ba9,
4294,6155,a2e8,92b1,7fbe,6306,
4295,6155,a2e8,92b1,7fbe,5e74,
4296,6145,a2e8,92b1,7fbe,59fa,
4297,6155,a2e8,92b1,7fbe,446d,
4298,6155,a2e8,92b1,7fbe,5f32,
4299,7155,a2e8,92b1,7fbe,62fb,
4300,6155,a2e8,92b1,7fbe,b2f3,
4301,6155,a2e8,92b1,7fbe,e9eb,
4302,6155,a2e8,92b1,7fbe,d589,
4303,6155,a2e8,92b1,7fbe,a035,
4304,6155,a2e8,92b1,7fbe,05b6,
4305,6155,a2e8,92b1,7fbe,f493,
4306,0000,1800,92b1,7fbe,e985,
4307,7175,a2e8,92b1,7fbe,62b9,
4308,0155,b2e8,92b1,7fbe,88c3,
4309,6155,a2e8,92b1,7fbe,b423,
4310,2d44,a2eb,92b0,7fbe,65ce,
4311,6155,a2e8,92b1,7fbe,cf00,
4312,6155,a2e8,92b1,7fbe,363a,
4313,6155,a2e8,92b1,7fbe,a677,
4314,6995,a2a8,92b1,7fbe,e70d,
4315,6155,a2e8,92b1,7fbe,78b3,
4316,6155,a2e8,92b1,7fbe,75ec,
4317,6154,a2e8,92b1,7fbe,2738,
4318,2115,a2e8,92b1,7fbe,f6d3,
4319,6155,a2e8,92b1,7fbe,d173,
4320,6155,a2e8,92b1,7fbe,72f4,
4321,6355,a2e8,92b1,7fbe,d314,
4322,e914,a2a9,92b1,7fbe,b4b7,
4323,7115,a2e8,92b1,7fbe,b8be,
4324,6d17,a2e9,92b1,7fbe,0d01,
4325,6155,a2e8,92b1,7fbe,e943,
4326,61d5,a2e8,92b1,7fbe,900f,
4327,6155,a2e8,92b1,7fbe,c12d,
4328,6155,a2e8,92b1,7fbe,e6c9,
4329,6155,a2e8,92b1,7fbe,78cc,
4330,61d5,a2e8,92b1,7fbe,5160,
4331,6155,a2e8,92b1,7fbe,c9d2,
4332,6155,a2e8,92b1,7fbe,ac40,
4333,0000,a2e8,ed4b,7fbe,7ffa,
4334,6355,a2e8,92b1,7fbe,7823,
4335,61d5,a2a8,92b1,7fbe,cb52,
4336,6115,a2e8,92b1,7fbe,47cd,
4337,6155,a2e8,92b1,7fbe,fb4e,
4338,6155,a2e8,92b1,7fbe,d6db,
4339,6155,a2e8,92b1,7fbe,b45f,
4340,6114,a2e8,92b1,7fbe,8949,
4341,615d,a2e8,92b1,7fbe,5a29,
4342,6155,a2e8,92b1,7fbe,5294,
4343,6155,a2e8,92b1,7fbe,aca6,
4344,6155,a2e8,92b1,7fbe,1e5a,
4345,6155,a2e8,92b1,7fbe,ed37,
4346,6155,a2e8,92b1,7fbe,6137,
4347,7d54,aae8,92b1,7fbe,2bc7,
4348,6145,a2e8,92b1,7fbe,142d,
4349,6155,a2e8,92b1,7fbe,f4d7,
4350,6155,a2e8,92b1,7fbe,6fbf,
4351,6155,a2e8,92b1,7fbe,5260,
4352,6155,a2e8,92b1,7fbe,a6af,
4353,6155,a2e8,92b1,7fbe,df6d,
4354,6155,a2e8,92b1,7fbe,cd0a,
4355,6155,a2e8,92b1,7fbe,c9fe,
4356,6155,a2e8,92b1,7fbe,f15e,
4357,6155,a2e8,92b1,7fbe,ef1a,
4358,6155,a2e8,92b1,7fbe,3681,
4359,6155,a2e8,92b1,7fbe,5ead,
4360,6155,a2e8,92b1,7fbe,ffe5,
4361,6155,a2e8,92b1,7fbe,f2d2,
4362,6155,a2e8,92b1,7fbe,5f97,
4363,7155,a2e8,92b1,7fbe,47f1,
4364,6155,a2e8,92b1,7fbe,32d8,
4365,6155,a2e8,92b1,7fbe,d0da,
4366,6977,a2a8,92b1,7fbe,4514,
4367,6155,a2e8,92b1,7fbe,c0ae,
4368,6155,a2e8,92b1,7fbe,bc0d,
4369,6155,a2e8,92b1,7fbe,cafb,
4370,6555,a2e8,92b1,7fbe,cc6e,
4371,6315,a2e8,92b1,7fbe,57c3,
4372,6545,a2e8,92b1,7fbe,8772,
4373,0000,a2e8,71af,7fbe,e31e,
4374,6155,a2e8,92b1,7fbe,b008,
4375,6155,a2e8,92b1,7fbe,4406,
4376,0000,a2e8,e2df,7fbe,706e,
4377,6977,a2a8,92b1,7fbe,2350,
4378,6155,a2e8,92b1,7fbe,4175,
4379,7155,a2e8,92b1,7fbe,fd2f,
4380,6155,a2e8,92b1,7fbe,c2bd,
4381,2d45,a2e8,92b1,7fbe,e3bd,
4382,0000,a2ab,92b1,7fbe,45d2,
4383,6155,a2e8,92b1,7fbe,1452,
4384,6155,a2e8,92b1,7fbe,8710,
4385,6155,a2e8,92b1,7fbe,bf03,
4386,6155,a2e8,92b1,7fbe,fa31,
4387,6155,a2e8,92b1,7fbe,dfc6,
4388,c967,a2ab,12b2,7fbf,dec1,
4389,6155,a2e8,92b1,7fbe,353f,
4390,6105,a2c8,92b1,7fbe,8091,
4391,6155,a2e8,92b1,7fbe,c036,
4392,4979,b2ec,92b1,7fbe,13d9,
4393,69d5,a2a8,92b1,7fbe,abe9,
4394,6155,a2e8,92b1,7fbe,f508,
4395,6155,a2e8,92b1,7fbe,bdc9,
4396,6155,a2e8,92b1,7fbe,4301,
4397,6155,a2e8,92b1,7fbe,548a,
4398,6155,a2e8,92b1,7fbe,5260,
4399,6175,a2e8,92b1,7fbe,02ec,
4400,6155,a2e8,92b1,7fbe,6a4e,
4401,6155,a2e8,92b1,7fbe,84e6,
4402,6155,a2e8,92b1,7fbe,9ce6,
4403,69d5,a2a8,92b1,7fbe,3900,
4404,6115,a2e8,92b1,7fbe,0335,
4405,6155,a2e8,92b1,7fbe,e69c,
4406,6155,a2e8,92b1,7fbe,0950,
4407,6155,a2e8,92b1,7fbe,1469,
4408,1210,51e9,16d0,7fbe,77a1,
4409,6175,a2e8,92b1,7fbe,31c0,
4410,6951,a2a8,92b1,7fbe,9bc1,
4411,6155,a2e8,92b1,7fbe,8b77,
4412,e355,a2e8,92b1,7fbe,f0e1,
4413,6155,a2e8,92b1,7fbe,2d3b,
4414,6155,a2e8,92b1,7fbe,05f5,
4415,6155,a2e8,92b1,7fbe,3d26,
4416,6155,a2e8,92b1,7fbe,8ac4,
4417,6155,a2e8,92b1,7fbe,5d86,
4418,1151,82e8,92b1,7fbe,d76d,
4419,6175,a2e8,92b1,7fbe,85b4,
4420,4157,b2e8,92b1,7fbe,7f29,
4421,6155,a2e8,92b1,7fbe,71b4,
4422,6155,a2e8,92b1,7fbe,67da,
4423,6155,a2e8,92b1,7fbe,6a47,
4424,6155,a2e8,92b1,7fbe,0c3b,
4425,6155,a2e8,92b1,7fbe,c8c9,
4426,6155,a2e8,92b1,7fbe,6476,
4427,7951,a2e8,92b1,7fbe,3dae,
4428,6155,a2e8,92b1,7fbe,9752,
4429,6165,a2e8,92b1,7fbe,6553,
4430,6175,a2e8,92b1,7fbe,0e0b,
4431,6155,a2e8,92b1,7fbe,3ff4,
4432,6155,a2e8,92b1,7fbe,3dc3,
4433,4157,b2e8,92b1,7fbe,4c84,
4434,6155,a2e8,92b1,7fbe,645c,
4435,6155,a2e8,92b1,7fbe,b50a,
4436,6155,a2e8,92b1,7fbe,b13b,
4437,6155,a2e8,92b1,7fbe,6ac6,
4438,7045,a2e0,92b1,7fbe,b69f,
4439,6155,a2e8,92b1,7fbe,7fb3,
4440,6957,b2e8,92b1,7fbe,0ce2,
4441,6155,a2e8,92b1,7fbe,9a8f,
4442,6155,a2e8,92b1,7fbe,c69c,
4443,6155,a2e8,92b1,7fbe,e784,
4444,6155,a2e8,92b1,7fbe,0c1c,
4445,6110,a160,93b5,7fbe,4184,
4446,6155,a2e8,92b1,7fbe,a2b3,
4447,6155,a2e8,92b1,7fbe,75e0,
4448,6175,a2e8,92b1,7fbe,7514,
4449,6155,a2e8,92b1,7fbe,147f,
4450,7155,a2e8,92b1,7fbe,dbed,
4451,6155,a2e8,92b1,7fbe,d48b,
4452,6155,a2e8,92b1,7fbe,d5c6,
4453,6155,a2e8,92b1,7fbe,6674,
4454,0000,a2e8,d142,7fbe,43f3,
4455,6155,a2e8,92b1,7fbe,a52d,
4456,6155,a2e8,92b1,7fbe,912d,
4457,6115,a2e8,92b1,7fbe,bef0,
4458,6155,a2e8,92b1,7fbe,8df9,
4459,6175,a2e8,92b1,7fbe,0884,
4460,6155,a2e8,92b1,7fbe,db58,
4461,6155,a2e8,92b1,7fbe,41e0,
4462,6155,a2e8,92b1,7fbe,9593,
4463,6155,a2e8,92b1,7fbe,d72a,
4464,6955,a2e8,92b1,7fbe,c15d,
4465,6155,a2e8,92b1,7fbe,c690,
4466,6155,a2e8,92b1,7fbe,d2cc,
4467,6155,a2e8,92b1,7fbe,dce0,
4468,6165,a2e8,92b1,7fbe,645d,
4469,6175,a2e8,92b1,7fbe,8a7d,
4470,6155,a2e8,92b1,7fbe,4951,
4471,0000,b6ed,92b1,7fbe,a04b,
4472,0000,beb9,92b1,7fbe,87fa,
4473,6155,a2e8,92b1,7fbe,2c4f,
4474,0000,67ad,92b1,7fbe,aedb,
4475,0000,b0a1,92b1,7fbe,c5fc,
4476,e155,a2e8,92b1,7fbe,cbf7,
4477,6155,a2e8,92b1,7fbe,17a2,
4478,6155,a2e8,92b1,7fbe,c6c8,
4479,6175,a2e8,92b1,7fbe,9ed7,
4480,6155,a2e8,92b1,7fbe,36df,
4481,e155,a2e8,92b1,7fbe,9a05,
4482,2b9d,3f69,92b1,7fbe,9d81,
4483,4955,b2e8,92b1,7fbe,b7e8,
4484,0000,82e0,92b1,7fbe,8ea9,
4485,6155,a2e8,92b1,7fbe,8620,
4486,6155,a2e8,92b1,7fbe,37f2,
4487,6155,a2e8,92b1,7fbe,465b,
4488,6155,a2e8,92b1,7fbe,65be,
4489,49d5,b2e8,92b1,7fbe,098d,
4490,0000,1eff,2ea6,7fbe,bc17,
4491,6155,a2e8,92b1,7fbe,514b,
4492,6155,a2e8,92b1,7fbe,2ef5,
4493,6155,a2e8,92b1,7fbe,a180,
4494,6155,a2e8,92b1,7fbe,9e12,
4495,6155,a2e8,92b1,7fbe,6d65,
4496,61f7,a2e8,92b1,7fbe,178b,
4497,6155,a2e8,92b1,7fbe,b60c,
4498,6155,a2e8,92b1,7fbe,34f4,
4499,6155,a2e8,92b1,7fbe,8938,
4500,6157,a2e8,92b1,7fbe,e826,
4501,6154,a2e8,92b1,7fbe,9c67,
4502,6155,a2e8,92b1,7fbe,44dc,
4503,6175,a2e8,92b1,7fbe,d442,
4504,e155,a2e8,92b1,7fbe,d06d,
4505,6155,a2e8,92b1,7fbe,553c,
4506,6155,a2e8,92b1,7fbe,cdbb,
4507,7155,a2e8,92b1,7fbe,c969,
4508,6155,a2e8,92b1,7fbe,5da7,
4509,4055,a2e8,92b1,7fbe,288b,
4510,6175,a2e8,92b1,7fbe,cbea,
4511,6155,a2e8,92b1,7fbe,b1dc,
4512,6155,a2e8,92b1,7fbe,7d45,
4513,6155,a2e8,92b1,7fbe,d6d1,
4514,2155,a2e8,92b1,7fbe,7a68,
4515,6355,a2e8,92b1,7fbe,e705,
4516,6155,a2e8,92b1,7fbe,5d76,
4517,6155,a2e8,92b1,7fbe,3aff,
4518,6155,a2e8,92b1,7fbe,66fb,
4519,6155,a2e8,92b1,7fbe,e49d,
4520,615d,a2e8,92b1,7fbe,a6fb,
4521,0000,e194,99a7,7fbe,8541,
4522,6155,a2e8,92b1,7fbe,0479,
4523,6155,a2e8,92b1,7fbe,ca7e,
4524,49d5,b2e8,92b1,7fbe,e553,
4525,0000,bee5,3df9,7fbe,12d5,
4526,6155,a2e8,92b1,7fbe,fab3,
4527,6155,a2e8,92b1,7fbe,451a,
4528,6155,a2e8,92b1,7fbe,573d,
4529,e80d,56f2,1033,7fbe,b1de,
4530,2084,a2e8,76a1,7fbe,e410,
4531,2f8f,a2e8,465b,7fbe,d4ea,
4532,6155,a2e8,92b1,7fbe,d14d,
4533,6155,a2e8,92b1,7fbe,d463,
4534,6955,a2a8,92b1,7fbe,01eb,
4535,6155,a2e8,92b1,7fbe,7601,
4536,0246,a2e8,92b1,7fbe,60f3,
4537,fb59,a2e8,92b1,7fbe,d0cc,
4538,6155,a2e8,92b1,7fbe,9072,
4539,296c,a2e8,92b1,7fbe,4839,
4540,6155,a2e8,92b1,7fbe,7655,
4541,40d7,a3e8,92b1,7fbe,817e,
4542,6155,a2e8,92b1,7fbe,e490,
4543,6155,a2e8,92b1,7fbe,b836,
4544,6155,a2e8,92b1,7fbe,2ba2,
4545,6155,a2e8,92b1,7fbe,d202,
4546,811d,e2e8,92b1,7fbe,66e0,
4547,4155,a2e8,92b1,7fbe,b2fb,
4548,7155,a2e8,92b1,7fbe,d42a,
4549,6155,a2e8,92b1,7fbe,861e,
4550,6155,a2e8,92b1,7fbe,3d7f,
4551,6155,a2e8,92b1,7fbe,6525,
4552,6155,a2e8,92b1,7fbe,aff4,
4553,e155,a2e8,92b1,7fbe,eaa4,
4554,6155,a2e8,92b1,7fbe,3566,
4555,6155,a2e8,92b1,7fbe,032a,
4556,6177,a2a8,92b1,7fbe,a1d5,
4557,4851,b2e8,92b1,7fbe,8ffe,
4558,6155,a2e8,92b1,7fbe,bfff,
4559,0000,c0b0,be31,7fbe,8891,
4560,6155,a2e8,92b1,7fbe,5d04,
4561,6155,a2e8,92b1,7fbe,aab2,
4562,8918,a2e8,9e56,7fbe,0ce7,
4563,0000,c478,92b1,7fbe,4898,
4564,6051,a2e8,92b1,7fbe,bdb4,
4565,6155,a2e8,92b1,7fbe,1a2c,
4566,6155,a2e8,92b1,7fbe,2425,
4567,6155,a2e8,92b1,7fbe,a9a2,
4568,6155,a2e8,92b1,7fbe,faf7,
4569,6155,a2e8,92b1,7fbe,47ca,
4570,6155,a2e8,92b1,7fbe,736c,
4571,6115,a2e8,92b1,7fbe,5519,
4572,6955,a2e8,92b1,7fbe,e047,
4573,6155,a2e8,92b1,7fbe,a0e1,
4574,0000,28ea,92b1,7fbe,03e5,
4575,6155,a2e8,92b1,7fbe,a27c,
4576,6155,a2e8,92b1,7fbe,9a93,
4577,6155,a2e8,92b1,7fbe,d915,
4578,6155,a2e8,92b1,7fbe,b42b,
4579,6155,a2e8,92b1,7fbe,4145,
4580,e37d,a2e8,92b1,7fbe,c72e,
4581,e1b5,a2a8,92b1,7fbe,9c80,
4582,6154,a2e8,92b1,7fbe,a3eb,
4583,0000,4e58,92b1,7fbe,d692,
4584,6155,a2e8,92b1,7fbe,3e24,
4585,6155,a2e8,92b1,7fbe,f975,
4586,7155,a2e8,92b1,7fbe,06a0,
4587,6155,a2e8,92b1,7fbe,d118,
4588,6155,a2e8,92b1,7fbe,48f5,
4589,6175,a2e8,92b1,7fbe,6c4b,
4590,6d61,82e8,92b1,7fbe,64b6,
4591,6111,a2e8,92b1,7fbe,1f1c,
4592,6155,a2e8,92b1,7fbe,c8c7,
4593,6355,a2e8,92b1,7fbe,7986,
4594,6155,a2e8,92b1,7fbe,a680,
4595,6155,a2e8,92b1,7fbe,3929,
4596,6155,a2e8,92b1,7fbe,2f01,
4597,6155,a2e8,92b1,7fbe,aa71,
4598,6155,a2e8,92b1,7fbe,eb62,
4599,6055,a2e8,92b1,7fbe,7291,
4600,6155,a2e8,92b1,7fbe,1834,
4601,51cb,a2e8,492f,7fbe,db9e,
4602,6155,a2e8,92b1,7fbe,6033,
4603,6155,a2e8,92b1,7fbe,73af,
4604,6155,a2e8,92b1,7fbe,f467,
4605,6155,a2e8,92b1,7fbe,ef03,
4606,7155,a2e8,92b1,7fbe,0c28,
4607,6155,a2e8,92b1,7fbe,956e,
4608,6115,a2e8,92b1,7fbe,b235,
4609,6155,a2e8,92b1,7fbe,6f18,
4610,e155,a2e8,92b1,7fbe,a12b,
4611,6155,a2e8,92b1,7fbe,ae11,
4612,6155,a2e8,92b1,7fbe,9649,
4613,6157,a2e8,92b1,7fbe,402b,
4614,6155,a2e8,92b1,7fbe,bab8,
4615,6155,a2e8,92b1,7fbe,82a2,
4616,6155,a2e8,92b1,7fbe,917d,
4617,6175,a2e8,92b1,7fbe,891b,
4618,6155,a2e8,92b1,7fbe,2ba5,
4619,6155,a2e8,92b1,7fbe,7da2,
4620,6155,a2e8,92b1,7fbe,ad2f,
4621,6155,a2e8,92b1,7fbe,f05e,
4622,6155,a2e8,92b1,7fbe,cb71,
4623,6155,a2e8,92b1,7fbe,d0da,
4624,6175,a2e8,92b1,7fbe,c916,
4625,6155,a2e8,92b1,7fbe,94e9,
4626,6157,a2e8,92b1,7fbe,10ba,
4627,0000,b0ac,92b1,7fbe,542e,
4628,6155,a2e8,92b1,7fbe,c62d,
4629,6155,a2e8,92b1,7fbe,c341,
4630,7155,a2e8,92b1,7fbe,7cf2,
4631,6155,a2e8,92b1,7fbe,9fb8,
4632,6155,a2e8,92b1,7fbe,b6f9,
4633,0000,7d70,1a8d,7fbe,6d78,
4634,6115,a2e8,92b1,7fbe,95b7,
4635,6155,a2e8,92b1,7fbe,71a1,
4636,6155,a2e8,92b1,7fbe,0ea4,
4637,6155,a2e8,92b1,7fbe,dbc5,
4638,71f5,a2e8,92b1,7fbe,f161,
4639,6155,a2e8,92b1,7fbe,4c53,
4640,435d,a2e8,92b1,7fbe,eaa9,
4641,6155,a2e8,92b1,7fbe,c75f,
4642,6975,a2e8,92b1,7fbe,9b13,
4643,6155,a2e8,92b1,7fbe,9cec,
4644,6175,a2e8,92b1,7fbe,357c,
4645,6155,a2e8,92b1,7fbe,d3fe,
4646,61d7,a2e8,92b1,7fbe,3347,
4647,6155,a2e8,92b1,7fbe,b4a1,
4648,6155,a2e8,92b1,7fbe,508f,
4649,6155,a2e8,92b1,7fbe,db6f,
4650,6915,a2e8,92b1,7fbe,bcce,
4651,6155,a2e8,92b1,7fbe,9725,
4652,4155,a2e8,92b1,7fbe,a6ae,
4653,6155,a2e8,92b1,7fbe,5d0b,
4654,6155,a2e8,92b1,7fbe,ca78,
4655,6115,a2e8,92b1,7fbe,65b1,
4656,6155,a2e8,92b1,7fbe,e33c,
4657,6155,a2e8,92b1,7fbe,4782,
4658,6155,a2e8,92b1,7fbe,e07a,
4659,6155,a2e8,92b1,7fbe,1bb2,
4660,6155,a2e8,92b1,7fbe,2fb5,
4661,4769,a2e8,2990,7fbe,bb21,
4662,6155,a2e8,92b1,7fbe,9a06,
4663,0000,e0f0,92b1,7fbe,3f8f,
4664,6935,a2ad,92b3,7fbe,890b,
4665,6155,a2e8,92b1,7fbe,fb7c,
4666,6115,a2e8,92b1,7fbe,499c,
4667,6155,a2e8,92b1,7fbe,0b5e,
4668,6155,a2e8,92b1,7fbe,2ef1,
4669,6155,a2e8,92b1,7fbe,c2bb,
4670,7155,a2e8,92b1,7fbe,43d8,
4671,6155,a2e8,92b1,7fbe,b496,
4672,6155,a2e8,92b1,7fbe,bc4a,
4673,6155,a2e8,92b1,7fbe,2bca,
4674,6155,a2e8,92b1,7fbe,be3a,
4675,6155,a2e8,92b1,7fbe,70d3,
4676,6155,a2e8,92b1,7fbe,b69b,
4677,6155,a2e8,92b1,7fbe,65af,
4678,6155,a2e8,92b1,7fbe,cb3c,
4679,5937,b2a8,92b1,7fbe,0063,
4680,6155,a2e8,92b1,7fbe,53ab,
4681,6155,a2e8,92b1,7fbe,3d38,
4682,6155,a2e8,92b1,7fbe,058a,
4683,6155,a2e8,92b1,7fbe,a40b,
4684,6155,a2e8,92b1,7fbe,77c4,
4685,6155,a2e8,92b1,7fbe,c2be,
4686,6155,a2e8,92b1,7fbe,0687,
4687,7155,a2e8,92b1,7fbe,6359,
4688,7155,a2e8,92b1,7fbe,2f5b,
4689,6145,a2e8,92b1,7fbe,7a5d,
4690,6155,a2e8,92b1,7fbe,f357,
4691,6155,a2e8,92b1,7fbe,5b15,
4692,6155,a2e8,92b1,7fbe,b8bc,
4693,6155,a2e8,92b1,7fbe,6053,
4694,c15d,e2e8,92b1,7fbe,d960,
4695,6155,a2e8,92b1,7fbe,62aa,
4696,7c55,8ae8,f2b1,5fbe,af78,
4697,0000,3009,92b1,7fbe,cc25,
4698,6155,a2e8,92b1,7fbe,79a1,
4699,6155,a2e8,92b1,7fbe,ce38,
4700,6155,a2e8,92b1,7fbe,3c2a,
4701,5957,b2e8,92b1,7fbe,52e0,
4702,0000,8e39,df33,7fbe,f5fb,
4703,6155,a2e8,92b1,7fbe,00ae,
4704,025d,220e,b233,7fbe,e1e7,
4705,6155,a2e8,92b1,7fbe,ec86,
4706,51b5,b2e9,92b1,7fbe,b890,
4707,3151,82e8,92b1,7fbe,ce0d,
4708,6155,a2e8,92b1,7fbe,a22b,
4709,7155,a2e8,92b1,7fbe,6b2f,
4710,6155,a2e8,92b1,7fbe,da6c,
4711,6114,a2e8,92b1,7fbe,491f,
4712,6155,a2e8,92b1,7fbe,a53c,
4713,6155,a2e8,92b1,7fbe,5e11,
4714,0000,6909,f231,7fbe,29ed,
4715,6155,a2e8,92b1,7fbe,8f91,
4716,6155,a2e8,92b1,7fbe,8cab,
4717,6155,a2e8,92b1,7fbe,e120,
4718,0cc0,a2e8,6636,7fbe,f487,
4719,6545,a2e8,92b1,7fbe,e57a,
4720,6155,a2e8,92b1,7fbe,ce36,
4721,6155,a2e8,92b1,7fbe,8d67,
4722,6155,a2e8,92b1,7fbe,1b18,
4723,b4d7,a2e8,92b1,7fbe,d582,
4724,6155,a2e8,92b1,7fbe,239e,
4725,6145,a2e8,92b1,7fbe,9e3f,
4726,7155,a2e8,92b1,7fbe,5236,
4727,21d4,a2e8,8f25,7fbe,1d94,
4728,6155,a2e8,92b1,7fbe,26e9,
4729,6155,a2e8,92b1,7fbe,aedd,
4730,6115,a2e8,92b1,7fbe,12c8,
4731,6155,a2e8,92b1,7fbe,a0b8,
4732,6155,a2e8,92b1,7fbe,481a,
4733,0b8c,92ec,92f1,7fbe,0349,
4734,65c5,a2e8,92b1,7fbe,bb95,
4735,6155,a2e8,92b1,7fbe,c758,
4736,6155,a2e8,92b1,7fbe,da8e,
4737,6155,a2e8,92b1,7fbe,cf6f,
4738,6155,a2e8,92b1,7fbe,b641,
4739,2708,8770,83f4,7fbe,2f94,
4740,e155,a2e8,92b1,7fbe,89f5,
4741,6155,a2e8,92b1,7fbe,1f3f,
4742,6155,a2e8,92b1,7fbe,b4e2,
4743,7155,a2e8,92b1,7fbe,5dcf,
4744,6155,a2e8,92b1,7fbe,a889,
4745,6155,a2e8,92b1,7fbe,4f0f,
4746,6155,a2e8,92b1,7fbe,781f,
4747,6155,a2e8,92b1,7fbe,be0b,
4748,6155,a2e8,92b1,7fbe,9602,
4749,6155,a2e8,92b1,7fbe,de83,
4750,6155,a2e8,92b1,7fbe,4752,
4751,6155,a2e8,92b1,7fbe,dbaa,
4752,6155,a2e8,92b1,7fbe,232d,
4753,6155,a2e8,92b1,7fbe,e54e,
4754,6155,a2e8,92b1,7fbe,4dc6,
4755,6555,a2e8,92b1,7fbe,912e,
4756,6155,a2e8,92b1,7fbe,637b,
4757,6155,a2e8,92b1,7fbe,d710,
4758,6155,a2e8,92b1,7fbe,27a2,
4759,6155,a2e8,92b1,7fbe,ead4,
4760,6155,a2e8,92b1,7fbe,47b5,
4761,4957,b2e8,92b1,7fbe,0397,
4762,80d5,a4e8,90b1,7fbe,afc1,
4763,ab81,bd1c,829d,7fbe,5f2c,
4764,6155,a2e8,92b1,7fbe,bbc6,
4765,7155,a2e8,92b1,7fbe,5f3d,
4766,6115,a2e8,92b1,7fbe,d4fd,
4767,61d5,a2e8,92b1,7fbe,2897,
4768,6155,a2e8,92b1,7fbe,7b9c,
4769,6155,a2e8,92b1,7fbe,4c53,
4770,6155,a2e8,92b1,7fbe,438c,
4771,6155,a2e8,92b1,7fbe,abcd,
4772,6155,a2e8,92b1,7fbe,271b,
4773,6155,a2e8,92b1,7fbe,1e2e,
4774,2175,e2f8,92b1,7fbe,9091,
4775,6155,a2e8,92b1,7fbe,21fc,
4776,6155,a2e8,92b1,7fbe,58f3,
4777,6155,a2e8,92b1,7fbe,6f8e,
4778,f565,a2e8,92b1,7fbe,8ff3,
4779,a17d,e2e8,92b1,7fbe,bc67,
4780,6155,a2e8,92b1,7fbe,8698,
4781,6155,a2e8,92b1,7fbe,ec28,
4782,6155,a2e8,92b1,7fbe,e962,
4783,6115,a2e8,92b1,7fbe,280e,
4784,7945,a2e8,92b1,7fbe,7a14,
4785,0000,e3f8,92b1,7fbe,8950,
4786,6155,a2e8,92b1,7fbe,541e,
4787,c1d7,a2e8,4493,7fbe,d622,
4788,6155,a2e8,92b1,7fbe,6555,
4789,6155,a2e8,92b1,7fbe,7a87,
4790,6155,a2e8,92b1,7fbe,277f,
4791,6155,a2e8,92b1,7fbe,0c73,
4792,6155,a2e8,92b1,7fbe,57d9,
4793,6155,a2e8,92b1,7fbe,84f2,
4794,6155,a2e8,92b1,7fbe,bb5e,
4795,6155,a2e8,92b1,7fbe,46d7,
4796,6155,a2e8,92b1,7fbe,bbe8,
4797,6155,a2e8,92b1,7fbe,2fb5,
4798,6155,a2e8,92b1,7fbe,6507,
4799,6155,a2e8,92b1,7fbe,af1d,
4800,6955,a2e8,92b1,7fbe,0b0d,
4801,3e44,a2e8,df09,7fbe,4db8,
4802,6155,a2e8,92b1,7fbe,6bb7,
4803,6165,a2e8,92b1,7fbe,5d43,
4804,6155,a2e8,92b1,7fbe,07a3,
4805,6155,a2e8,92b1,7fbe,9236,
4806,6155,a2e8,92b1,7fbe,32d5,
4807,6155,a2e8,92b1,7fbe,cc1d,
4808,6155,a2e8,92b1,7fbe,4bd1,
4809,6155,a2e8,92b1,7fbe,6691,
4810,6155,a2e8,92b1,7fbe,9808,
4811,1395,e6f8,92b1,7fbe,58ad,
4812,0000,86cc,9ea8,7fbe,2543,
4813,6155,a2e8,92b1,7fbe,293d,
4814,6155,a2e8,92b1,7fbe,daf5,
4815,6155,a2e8,92b1,7fbe,b533,
4816,6155,a2e8,92b1,7fbe,6913,
4817,6155,a2e8,92b1,7fbe,8ba6,
4818,61d5,a2e8,92b1,7fbe,b5e8,
4819,6155,a2e8,92b1,7fbe,8d72,
4820,6155,a2e8,92b1,7fbe,1306,
4821,6155,a2e8,92b1,7fbe,3f73,
4822,6155,a2e8,92b1,7fbe,0044,
4823,0159,82e8,92b1,7fbe,2824,
4824,6155,a2e8,92b1,7fbe,e16f,
4825,6115,a2e8,92b1,7fbe,de81,
4826,5955,b2e8,92b1,7fbe,d43a,
4827,e155,a2e8,92b1,7fbe,909a,
4828,e1d5,a2a8,92b1,7fbe,9dd4,
4829,6155,a2e8,92b1,7fbe,4354,
4830,6155,a2e8,92b1,7fbe,a64c,
4831,6155,a2e8,92b1,7fbe,71f7,
4832,6155,a2e8,92b1,7fbe,6224,
4833,7155,a2e8,92b1,7fbe,f1d0,
4834,e115,a2e8,92b1,7fbe,d9fe,
4835,0000,a2e8,a5e8,7fbe,3759,
4836,61d3,a2e8,92b1,7fbe,940e,
4837,6155,a2e8,92b1,7fbe,5ded,
4838,6155,a2e8,92b1,7fbe,feff,
4839,6155,a2e8,92b1,7fbe,abfd,
4840,6155,a2e8,92b1,7fbe,7f32,
4841,6155,a2e8,92b1,7fbe,c3a4,
4842,6155,a2e8,92b1,7fbe,3e92,
4843,61f7,a2a8,92b1,7fbe,18b1,
4844,6155,a2e8,92b1,7fbe,d7cf,
4845,6155,a2e8,92b1,7fbe,5cc1,
4846,6155,a2e8,92b1,7fbe,a1a0,
4847,6155,a2e8,92b1,7fbe,a0d0,
4848,6917,a2a8,92b1,7fbe,697e,
4849,6155,a2e8,92b1,7fbe,0dcc,
4850,6155,a2e8,92b1,7fbe,698e,
4851,6155,a2e8,92b1,7fbe,2d00,
4852,4155,a2e8,92b1,7fbe,74e0,
4853,6155,a2e8,92b1,7fbe,47a7,
4854,6155,a2e8,92b1,7fbe,1081,
4855,6155,a2e8,92b1,7fbe,32bc,
4856,7155,a2e8,92b1,7fbe,15f5,
4857,60d7,a2e8,92b1,7fbe,740a,
4858,6975,a2a8,92b1,7fbe,75f3,
4859,6177,a2a8,92b1,7fbe,156e,
4860,6155,a2e8,92b1,7fbe,9200,
4861,6155,a2e8,92b1,7fbe,f42c,
4862,6155,a2e8,92b1,7fbe,aa4d,
4863,6155,a2e8,92b1,7fbe,c122,
4864,6155,a2e8,92b1,7fbe,c1a8,
4865,e175,a2e8,92b1,7fbe,9481,
4866,6155,a2e8,92b1,7fbe,8980,
4867,6155,a2e8,92b1,7fbe,1837,
4868,6175,a2e8,92b1,7fbe,189c,
4869,4957,b2e8,92b1,7fbe,edb0,
4870,7155,a2e8,92b1,7fbe,4975,
4871,6155,a2e8,92b1,7fbe,6bff,
4872,6115,a2e8,92b1,7fbe,30d4,
4873,3934,a2e8,e598,7fbe,7729,
4874,6155,a2e8,92b1,7fbe,9353,
4875,6155,a2e8,92b1,7fbe,afd1,
4876,6155,a2e8,92b1,7fbe,b8fe,
4877,6155,a2e8,92b1,7fbe,5d0c,
4878,0a22,2b4f,53d5,7fbe,a947,
4879,6155,a2e8,92b1,7fbe,dbff,
4880,a175,a2e8,92b1,7fbe,c097,
4881,6155,a2e8,92b1,7fbe,97b4,
4882,6155,a2e8,92b1,7fbe,6ce4,
4883,6155,a2e8,92b1,7fbe,92ca,
4884,6155,a2e8,92b1,7fbe,1ef1,
4885,6155,a2e8,92b1,7fbe,a6fa,
4886,6155,a2e8,92b1,7fbe,b754,
4887,6155,a2e8,92b1,7fbe,6deb,
4888,0000,c964,92b1,7fbe,e028,
4889,6151,a2e8,92b1,7fbe,20ea,
4890,3946,d7f1,d690,7fbe,ff63,
4891,7155,a2e8,92b1,7fbe,eef7,
4892,6155,a2e8,92b1,7fbe,9f58,
4893,6155,a2e8,92b1,7fbe,c802,
4894,6155,a2e8,92b1,7fbe,907a,
4895,6155,a2e8,92b1,7fbe,dfb9,
4896,6155,a2e8,92b1,7fbe,4d6c,
4897,6155,a2e8,92b1,7fbe,6298,
4898,6155,a2e8,92b1,7fbe,9cec,
4899,6155,a2e8,92b1,7fbe,cf1d,
4900,6155,a2e8,92b1,7fbe,fe90,
4901,0000,e548,34a9,7fbe,da8d,
4902,4155,a2e8,92b1,7fbe,7e4a,
4903,6155,a2e8,92b1,7fbe,b8ef,
4904,6155,a2e8,92b1,7fbe,ced2,
4905,6155,a2e8,92b1,7fbe,3459,
4906,6155,a2e8,92b1,7fbe,0987,
4907,6155,a2e8,92b1,7fbe,acf9,
4908,e155,a2e8,92b1,7fbe,3ccf,
4909,6155,a2e8,92b1,7fbe,c6ff,
4910,6155,a2e8,92b1,7fbe,59bf,
4911,7155,a2e8,92b1,7fbe,bf73,
4912,6115,a2e8,92b1,7fbe,dc33,
4913,6155,a2e8,92b1,7fbe,3506,
4914,e545,a2e8,92b1,7fbe,f9b4,
4915,6956,a2e8,92b1,7fbe,d963,
4916,6110,a2e8,92b1,7fbe,9e75,
4917,6155,a2e8,92b1,7fbe,43a3,
4918,6155,a2e8,92b1,7fbe,a8b0,
4919,6195,a2a8,92b1,7fbe,0ce8,
4920,6155,a2e8,92b1,7fbe,5379,
4921,7155,a2e8,92b1,7fbe,3e20,
4922,6545,a2e8,92b1,7fbe,a33d,
4923,6155,a2e8,92b1,7fbe,f33e,
4924,7155,a2e8,92b1,7fbe,108a,
4925,6175,a2e8,92b1,7fbe,660a,
4926,6155,a2e8,92b1,7fbe,8507,
4927,6175,a2e8,92b1,7fbe,29ac,
4928,c390,b6ae,92b3,7fbe,d0fc,
4929,6155,a2e8,92b1,7fbe,3514,
4930,6155,a2e8,92b1,7fbe,bdca,
4931,6155,a2e8,92b1,7fbe,3a67,
4932,6955,a2e8,92b1,7fbe,2b75,
4933,61d5,a2e8,92b1,7fbe,f179,
4934,6155,a2e8,92b1,7fbe,1bff,
4935,6155,a2e8,92b1,7fbe,696e,
4936,7155,a2e8,92b1,7fbe,166a,
4937,6155,a2e8,92b1,7fbe,e2ad,
4938,6115,a2e8,92b1,7fbe,aa42,
4939,b3c4,a2e8,a66c,7fbe,34dd,
4940,6115,a2e8,92b1,7fbe,e676,
4941,6155,a2e8,92b1,7fbe,1a01,
4942,6155,a2e8,92b1,7fbe,7522,
4943,6155,a2e8,92b1,7fbe,cf86,
4944,6155,a2e8,92b1,7fbe,7498,
4945,6155,a2e8,92b1,7fbe,4025,
4946,6155,a2e8,92b1,7fbe,13a6,
4947,6155,a2e8,92b1,7fbe,cb84,
4948,6115,a2e8,92b1,7fbe,e467,
4949,6155,a2e8,92b1,7fbe,93a5,
4950,6155,a2e8,92b1,7fbe,6e13,
4951,6155,a2e8,92b1,7fbe,b73b,
4952,7155,a2e8,92b1,7fbe,034e,
4953,6155,a2e8,92b1,7fbe,226d,
4954,6155,a2e8,92b1,7fbe,b73f,
4955,6155,a2e8,92b1,7fbe,c013,
4956,6155,a2e8,92b1,7fbe,21fe,
4957,6155,a2e8,92b1,7fbe,6a9a,
4958,21d1,a2e8,92b1,7fbe,d3cc,
4959,6155,a2e8,92b1,7fbe,7837,
4960,6155,a2e8,92b1,7fbe,3deb,
4961,6155,a2e8,92b1,7fbe,a10b,
4962,6115,a2e8,92b1,7fbe,9e1d,
4963,7555,a2e8,92b1,7fbe,8a0a,
4964,6155,a2e8,92b1,7fbe,a3b1,
4965,69f5,a2a8,92b1,7fbe,ad25,
4966,6155,a2e8,92b1,7fbe,46d0,
4967,9f15,a2e8,04c6,7fbe,9677,
4968,7155,a2e8,92b1,7fbe,d8e0,
4969,6155,a2e8,92b1,7fbe,ac1e,
4970,6155,a2e8,92b1,7fbe,33b1,
4971,6155,a2e8,92b1,7fbe,7e6f,
4972,6155,a2e8,92b1,7fbe,7233,
4973,6355,a2e8,92b1,7fbe,5d40,
4974,6155,a2e8,92b1,7fbe,18d6,
4975,6155,a2e8,92b1,7fbe,07c4,
4976,6155,a2e8,92b1,7fbe,2137,
4977,6155,a2e8,92b1,7fbe,598a,
4978,6345,a2e8,92b1,7fbe,4756,
4979,61d5,a2e8,92b1,7fbe,d954,
4980,6155,a2e8,92b1,7fbe,5e95,
4981,6155,a2e8,92b1,7fbe,7a45,
4982,6155,a2e8,92b1,7fbe,80a6,
4983,6155,a2e8,92b1,7fbe,c74d,
4984,7155,a2e8,92b1,7fbe,2a09,
4985,6155,a2e8,92b1,7fbe,c978,
4986,6157,a2e8,92b1,7fbe,0118,
4987,6155,a2e8,92b1,7fbe,909d,
4988,3845,a2e0,92b1,7fbe,48c9,
4989,6155,a2e8,92b1,7fbe,21f0,
4990,6155,a2e8,92b1,7fbe,62e2,
4991,7155,a2e8,92b1,7fbe,43ba,
4992,6155,a2e8,92b1,7fbe,d2a6,
4993,6155,a2e8,92b1,7fbe,5c2e,
4994,6155,a2e8,92b1,7fbe,155f,
4995,6155,a2e8,92b1,7fbe,f050,
4996,6155,a2e8,92b1,7fbe,5aaa,
4997,6155,a2e8,92b1,7fbe,1a24,
4998,6155,a2e8,92b1,7fbe,b110,
4999,6155,a2e8,92b1,7fbe,e8c9,
5000,6155,a2e8,92b1,7fbe,73da,
5001,6155,a2e8,92b1,7fbe,4968,
5002,691c,22eb,92b0,7fbe,d9dc,
5003,6155,a2e8,92b1,7fbe,8ca8,
5004,6155,a2e8,92b1,7fbe,a5d7,
5005,6155,a2e8,92b1,7fbe,b4b1,
5006,6155,a2e8,92b1,7fbe,cf10,
5007,6155,a2e8,92b1,7fbe,2050,
5008,6155,a2e8,92b1,7fbe,dac3,
5009,6155,a2e8,92b1,7fbe,c286,
5010,6155,a2e8,92b1,7fbe,f29b,
5011,6155,a2e8,92b1,7fbe,87fe,
5012,6155,a2e8,92b1,7fbe,addc,
5013,6155,a2e8,92b1,7fbe,4e20,
5014,6155,a2e8,92b1,7fbe,6fe3,
5015,6155,a2e8,92b1,7fbe,fd94,
5016,6155,a2e8,92b1,7fbe,292e,
5017,6155,a2e8,92b1,7fbe,8439,
5018,6155,a2e8,92b1,7fbe,b1d3,
5019,6155,a2e8,92b1,7fbe,9a43,
5020,6155,a2e8,92b1,7fbe,9187,
5021,6155,a2e8,92b1,7fbe,fbc4,
5022,6175,a2e8,92b1,7fbe,fd79,
5023,6155,a2e8,92b1,7fbe,d464,
5024,6155,a2e8,92b1,7fbe,06d8,
5025,6155,a2e8,92b1,7fbe,3ca1,
5026,6155,a2e8,92b1,7fbe,ab9b,
5027,6175,a2e8,92b1,7fbe,3907,
5028,0000,a2e8,d124,7fbe,4395,
5029,6155,a2e8,92b1,7fbe,1891,
5030,6155,a2e8,92b1,7fbe,b45a,
5031,33ee,a2e8,92b1,7fbe,561b,
5032,6155,a2e8,92b1,7fbe,cb18,
5033,6455,a2e8,92b1,7fbe,a7e1,
5034,6155,a2e8,92b1,7fbe,9def,
5035,61d7,a2e8,92b1,7fbe,737b,
5036,6155,a2e8,92b1,7fbe,8b31,
5037,41d5,b2e8,92b1,7fbe,3b82,
5038,6155,a2e8,92b1,7fbe,0cf9,
5039,6155,a2e8,92b1,7fbe,9805,
5040,6155,a2e8,92b1,7fbe,e6b8,
5041,61d5,a2e8,92b1,7fbe,b579,
5042,6155,a2e8,92b1,7fbe,053b,
5043,6155,a2e8,92b1,7fbe,1fee,
5044,6155,a2e8,92b1,7fbe,60f0,
5045,6175,a2e8,92b1,7fbe,4ca1,
5046,6155,a2e8,92b1,7fbe,cef9,
5047,a759,22c0,92a1,7fbe,8c6d,
5048,6155,a2e8,92b1,7fbe,1ab2,
5049,6155,a2e8,92b1,7fbe,d1ab,
5050,6175,a2e8,92b1,7fbe,f6ac,
5051,6155,a2e8,92b1,7fbe,e465,
5052,6155,a2e8,92b1,7fbe,cacc,
5053,6155,a2e8,92b1,7fbe,1321,
5054,6155,a2e8,92b1,7fbe,f814,
5055,7155,a2e8,92b1,7fbe,0ec2,
5056,6155,a2e8,92b1,7fbe,2fe5,
5057,6115,a2e8,92b1,7fbe,5491,
5058,7955,a2e8,92b1,7fbe,6717,
5059,6155,a2e8,92b1,7fbe,1905,
5060,6155,a2e8,92b1,7fbe,2b58,
5061,6175,a2e8,92b1,7fbe,af0a,
5062,6155,a2e8,92b1,7fbe,928c,
5063,e175,a2e8,92b1,7fbe,9cb2,
5064,6155,a2e8,92b1,7fbe,3712,
5065,4155,a2e8,92b1,7fbe,eac7,
5066,6175,a2e8,92b1,7fbe,5541,
5067,6155,a2e8,92b1,7fbe,9bd4,
5068,6955,a2e8,92b1,7fbe,e95e,
5069,6155,a2e8,92b1,7fbe,c701,
5070,6155,a2e8,92b1,7fbe,35a1,
5071,1155,82e8,92b1,7fbe,5f01,
5072,6945,a2e8,92b1,7fbe,4935,
5073,6155,a2e8,92b1,7fbe,52ea,
5074,7151,a2e8,92b1,7fbe,d19f,
5075,6145,a2e8,92b1,7fbe,4fdb,
5076,6155,a2e8,92b1,7fbe,f09e,
5077,6155,a2e8,92b1,7fbe,d28f,
5078,a744,a2e8,00f2,7fbe,9243,
5079,0000,b312,9209,7fbe,6192,
5080,6155,a2e8,92b1,7fbe,e3e6,
5081,6155,a2e8,92b1,7fbe,3e33,
5082,6155,a2e8,92b1,7fbe,e262,
5083,7155,a2e8,92b1,7fbe,0b2b,
5084,2641,a2c0,92a1,7fbe,a197,
5085,6922,a2e8,b205,7fbe,20b4,
5086,6155,a2e8,92b1,7fbe,4590,
5087,6155,a2e8,92b1,7fbe,1538,
5088,6155,a2e8,92b1,7fbe,4709,
5089,6155,a2e8,92b1,7fbe,cd84,
5090,6155,a2e8,92b1,7fbe,d272,
5091,f975,b2e8,92b1,7fbe,e088,
5092,6155,a2e8,92b1,7fbe,0ab3,
5093,6155,a2e8,92b1,7fbe,395a,
5094,2215,a2e8,92b1,7fbe,6b2a,
5095,025d,a3e8,92b1,7fbe,4f35,
5096,6155,a2e8,92b1,7fbe,8b8e,
5097,6155,a2e8,92b1,7fbe,76e8,
5098,6155,a2e8,92b1,7fbe,b6ab,
5099,6155,a2e8,92b1,7fbe,5ee1,
5100,6155,a2e8,92b1,7fbe,fecb,
5101,6155,a2e8,92b1,7fbe,1964,
5102,4f42,a2e8,92b1,7fbe,2e17,
5103,6155,a2e8,92b1,7fbe,fafc,
5104,7155,a2e8,92b1,7fbe,6987,
5105,6155,a2e8,92b1,7fbe,8c5c,
5106,6155,a2e8,92b1,7fbe,73e2,
5107,6175,a2e8,92b1,7fbe,a1da,
5108,0000,7624,c5a4,7fbe,6e64,
5109,6155,a2e8,92b1,7fbe,35a0,
5110,6155,a2e8,92b1,7fbe,9c63,
5111,6152,a2ea,92b1,7fbe,f370,
5112,6925,4bd8,92b3,7fbe,e974,
5113,6155,a2e8,92b1,7fbe,3287,
5114,6157,a2e8,92b1,7fbe,0322,
5115,6157,a2e8,92b1,7fbe,185c,
5116,4596,82ea,82b1,7fbe,4634,
5117,6155,a2e8,92b1,7fbe,9fd7,
5118,6155,a2e8,92b1,7fbe,c630,
5119,6155,a2e8,92b1,7fbe,a367,
5120,6155,a2e8,92b1,7fbe,c0b7,
5121,49d5,b2e8,92b1,7fbe,ece8,
5122,6155,a2e8,92b1,7fbe,e447,
5123,6155,a2e8,92b1,7fbe,c550,
5124,6155,a2e8,92b1,7fbe,f1b8,
5125,6155,a2e8,92b1,7fbe,ab97,
5126,6155,a2e8,92b1,7fbe,0341,
5127,6155,a2e8,92b1,7fbe,9873,
5128,4957,b2e8,92b1,7fbe,0397,
5129,6155,a2e8,92b1,7fbe,296d,
5130,5955,b2e8,92b1,7fbe,d1f1,
5131,4155,a2e8,92b1,7fbe,8748,
5132,6151,a2e8,92b1,7fbe,d7fd,
5133,6175,a2e8,92b1,7fbe,1f89,
5134,6155,a2e8,92b1,7fbe,faa9,
5135,6155,a2e8,92b1,7fbe,ceba,
5136,6175,a2e8,92b1,7fbe,123d,
5137,6155,a2e8,92b1,7fbe,6e39,
5138,6155,a2e8,92b1,7fbe,8895,
5139,6155,a2e8,92b1,7fbe,0509,
5140,6155,a2e8,92b1,7fbe,8d35,
5141,6115,a2e8,92b1,7fbe,c541,
5142,6155,a2e8,92b1,7fbe,df89,
5143,758f,a2e8,92b1,7fbe,9a3f,
5144,6155,a2e8,92b1,7fbe,13ef,
5145,6155,a2e8,92b1,7fbe,a9eb,
5146,61b5,a2a8,92b1,7fbe,8d10,
5147,f572,b2e9,92b1,7fbe,a499,
5148,6155,a2e8,92b1,7fbe,0d1b,
5149,6155,a2e8,92b1,7fbe,2c58,
5150,6155,a2e8,92b1,7fbe,1596,
5151,6155,a2e8,92b1,7fbe,3424,
5152,0000,f529,d6a1,7fbe,dbd9,
5153,6155,a2e8,92b1,7fbe,5e23,
5154,6155,a2e8,92b1,7fbe,d05a,
5155,6355,a2e8,92b1,7fbe,9754,
5156,6155,a2e8,92b1,7fbe,df46,
5157,6155,a2e8,92b1,7fbe,c932,
5158,2815,a2ae,92b3,7fbe,db5b,
5159,6955,a2e8,92b1,7fbe,4a46,
5160,6155,a2e8,92b1,7fbe,d9c8,
5161,6155,a2e8,92b1,7fbe,85c0,
5162,6155,a2e8,92b1,7fbe,e3c5,
5163,6155,a2e8,92b1,7fbe,76a5,
5164,6155,a2e8,92b1,7fbe,9f7d,
5165,6155,a2e8,92b1,7fbe,56e6,
5166,6155,a2e8,92b1,7fbe,e8d5,
5167,6565,a2e8,92b1,7fbe,8db1,
5168,6155,a2e8,92b1,7fbe,930d,
5169,6155,a2e8,92b1,7fbe,523d,
5170,6155,a2e8,92b1,7fbe,c141,
5171,0000,a2e8,0f4d,7fbe,9dfc,
5172,61d5,a2e8,92b1,7fbe,2d5f,
5173,6155,a2e8,92b1,7fbe,6fa4,
5174,6155,a2e8,92b1,7fbe,1283,
5175,6155,a2e8,92b1,7fbe,b748,
5176,6155,a2e8,92b1,7fbe,7d87,
5177,6155,a2e8,92b1,7fbe,f58b,
5178,6155,a2e8,92b1,7fbe,bd6f,
5179,6155,a2e8,92b1,7fbe,12ac,
5180,6155,a2e8,92b1,7fbe,31ea,
5181,6155,a2e8,92b1,7fbe,ced3,
5182,0000,a2e8,ab84,7fbe,3935,
5183,41d5,a2a8,92b1,7fbe,351e,
5184,6155,a2e8,92b1,7fbe,f667,
5185,6155,a2e8,92b1,7fbe,cf23,
5186,6155,a2e8,92b1,7fbe,dfb8,
5187,6115,a2e8,92b1,7fbe,0858,
5188,6175,a2e8,92b1,7fbe,6d22,
5189,6155,a2e8,92b1,7fbe,b332,
5190,5157,b2e8,92b1,7fbe,35f1,
5191,0000,a2e8,e75e,7fbe,75ef,
5192,6155,a2e8,92b1,7fbe,9450,
5193,6555,a2e8,92b1,7fbe,bc8d,
5194,6155,a2e8,92b1,7fbe,6be9,
5195,6155,a2e8,92b1,7fbe,fa20,
5196,0000,1106,92b1,7fbe,e2ee,
5197,6155,a2e8,92b1,7fbe,f7de,
5198,6155,a2e8,92b1,7fbe,6efb,
5199,6155,a2e8,92b1,7fbe,e6bd,
5200,0000,cda7,d3fb,7fbe,9492,
5201,6155,a2e8,92b1,7fbe,f7d6,
5202,e355,a2e8,92b1,7fbe,e1a7,
5203,6155,a2e8,92b1,7fbe,5006,
5204,2b47,324e,b052,7fbe,22e3,
5205,6155,a2e8,92b1,7fbe,0fc1,
5206,1ce0,bae9,9ab1,7fbe,2533,
5207,6155,a2e8,92b1,7fbe,26d4,
5208,6155,a2e8,92b1,7fbe,f0d7,
5209,6155,a2e8,92b1,7fbe,a23c,
5210,6155,a2e8,92b1,7fbe,0443,
5211,6155,a2e8,92b1,7fbe,906e,
5212,6155,a2e8,92b1,7fbe,f7e0,
5213,6155,a2e8,92b1,7fbe,62dd,
5214,6155,a2e8,92b1,7fbe,8cc6,
5215,6155,a2e8,92b1,7fbe,429d,
5216,6155,a2e8,92b1,7fbe,ed64,
5217,6155,a2e8,92b1,7fbe,7a0e,
5218,4151,a2e8,92b1,7fbe,295d,
5219,6155,a2e8,92b1,7fbe,5036,
5220,6155,a2e8,92b1,7fbe,9757,
5221,6155,a2e8,92b1,7fbe,d6ae,
5222,69b4,a2a8,92b1,7fbe,cd94,
5223,6155,a2e8,92b1,7fbe,6b8a,
5224,5955,a2e8,92b1,7fbe,bc3b,
5225,6155,a2e8,92b1,7fbe,721e,
5226,6155,a2e8,92b1,7fbe,55cc,
5227,6155,a2e8,92b1,7fbe,6f6a,
5228,6155,a2e8,92b1,7fbe,579e,
5229,6155,a2e8,92b1,7fbe,5a6b,
5230,6155,a2e8,92b1,7fbe,aab4,
5231,2155,e2e0,52a0,ffbe,bf9a,
5232,2b67,a2e8,a400,7fbe,36b1,
5233,6155,a2e8,92b1,7fbe,9517,
5234,0000,a2e8,7e5b,7fbe,ecea,
5235,6155,a2e8,92b1,7fbe,e953,
5236,6155,a2e8,92b1,7fbe,8822,
5237,6155,a2e8,92b1,7fbe,7e95,
5238,61d7,a2f4,92b9,7fbe,d919,
5239,6155,a2e8,92b1,7fbe,a1b6,
5240,6155,a2e8,92b1,7fbe,22f5,
5241,6535,a2c8,92b1,7fbe,968c,
5242,7155,a2e8,92b1,7fbe,5240,
5243,6155,a2e8,92b1,7fbe,a37a,
5244,1514,a2e8,da69,7fbe,48d8,
5245,6155,a2e8,92b1,7fbe,775b,
5246,6155,a2e8,92b1,7fbe,eed3,
5247,6155,a2e8,92b1,7fbe,a5df,
5248,6155,a2e8,92b1,7fbe,bbdc,
5249,0000,fed3,0a13,7fbe,f07a,
5250,7055,a2e8,92b1,7fbe,3ef8,
5251,6155,a2e8,92b1,7fbe,d6b4,
5252,0000,2eac,9af0,7fbe,9ce5,
5253,6155,a2e8,92b1,7fbe,c090,
5254,6155,a2e8,92b1,7fbe,7fe3,
5255,6155,a2e8,92b1,7fbe,21e8,
5256,6155,a2e8,92b1,7fbe,52bc,
5257,6155,a2e8,92b1,7fbe,25be,
5258,6155,a2e8,92b1,7fbe,7ab6,
5259,7155,a2e8,92b1,7fbe,3d0a,
5260,6155,a2e8,92b1,7fbe,0459,
5261,0000,a2e8,85be,7fbe,170f,
5262,6155,a2e8,92b1,7fbe,2847,
5263,6155,a2e8,92b1,7fbe,db1d,
5264,6955,a2e8,92b1,7fbe,7a34,
5265,7155,a2e8,92b1,7fbe,f724,
5266,0000,9cc1,f678,7fbe,8e91,
5267,6051,a2e8,92b1,7fbe,e2f6,
5268,4955,b2e8,92b1,7fbe,ee47,
5269,6155,a2e8,92b1,7fbe,fca3,
5270,6155,a2e8,92b1,7fbe,c6c0,
5271,6145,a2e8,92b1,7fbe,6d0f,
5272,6155,a2e8,92b1,7fbe,787e,
5273,3155,a2e8,92b1,7fbe,7196,
5274,0000,a2e8,fae4,7fbe,6855,
5275,6155,a2e8,92b1,7fbe,faa2,
5276,61d5,a2e8,92b1,7fbe,f6f5,
5277,6155,a2e8,92b1,7fbe,123e,
5278,6155,a2e8,92b1,7fbe,9083,
5279,6155,a2e8,92b1,7fbe,8f4f,
5280,6155,a2e8,92b1,7fbe,64e2,
5281,6155,a2e8,92b1,7fbe,7359,
5282,6155,a2e8,92b1,7fbe,c7c7,
5283,0000,ea8e,92b1,7fbe,5cde,
5284,6155,a2e8,92b1,7fbe,2feb,
5285,7115,a2e8,92b1,7fbe,bd94,
5286,7155,a2e8,92b1,7fbe,f1d0,
5287,6105,a2e8,92b1,7fbe,cf9d,
5288,e6c9,20e8,d2b1,7fbe,be45,
5289,6955,a2e8,92b1,7fbe,c117,
5290,6155,a2e8,92b1,7fbe,0787,
5291,6155,a2e8,92b1,7fbe,4d54,
5292,6155,a2e8,92b1,7fbe,bd72,
5293,6155,a2e8,92b1,7fbe,aba8,
5294,6175,a2e8,92b1,7fbe,dd8b,
5295,6155,a2e8,92b1,7fbe,48eb,
5296,6155,a2e8,92b1,7fbe,eed4,
5297,6155,a2e8,92b1,7fbe,1f7e,
5298,6155,a2e8,92b1,7fbe,03cc,
5299,6155,a2e8,92b1,7fbe,e3f0,
5300,6175,a2e8,92b1,7fbe,04fe,
5301,6155,a2e8,92b1,7fbe,5f7e,
5302,6155,a2e8,92b1,7fbe,36d0,
5303,6175,a2e8,92b1,7fbe,c57e,
5304,6155,a2e8,92b1,7fbe,6b8d,
5305,6955,a2e8,92b1,7fbe,61fb,
5306,4157,b2e8,92b1,7fbe,7c31,
5307,6155,a2e8,92b1,7fbe,22df,
5308,6155,a2e8,92b1,7fbe,fcf0,
5309,6155,a2e8,92b1,7fbe,9cfc,
5310,890d,a0b6,9031,7fbe,161e,
5311,6155,a2e8,92b1,7fbe,3f5b,
5312,6155,a2e8,92b1,7fbe,0628,
5313,6155,a2e8,92b1,7fbe,b085,
5314,6155,a2e8,92b1,7fbe,e6ff,
5315,b4e4,a2a8,92b1,7fbe,d157,
5316,6155,a2e8,92b1,7fbe,49e3,
5317,bd12,a2e8,7f1a,7fbe,edab,
5318,0000,a2e8,6c91,7fbe,fe20,
5319,cc03,a2cb,92b0,7fbe,ed27,
5320,6155,a2e8,92b1,7fbe,a07c,
5321,6155,a2e8,92b1,7fbe,3842,
5322,6155,a2e8,92b1,7fbe,55ef,
5323,7155,a2e8,92b1,7fbe,e968,
5324,6155,a2e8,92b1,7fbe,87a9,
5325,6155,a2e8,92b1,7fbe,d544,
5326,6155,a2e8,92b1,7fbe,a0b0,
5327,6155,a2e8,92b1,7fbe,5b43,
5328,6155,a2e8,92b1,7fbe,aad9,
5329,0000,b2e8,92b1,7fbe,03b0,
5330,6155,a2e8,92b1,7fbe,2a19,
5331,6155,a2e8,92b1,7fbe,5c17,
5332,6155,a2e8,92b1,7fbe,178f,
5333,6155,a2e8,92b1,7fbe,4471,
5334,6155,a2e8,92b1,7fbe,16f8,
5335,7155,a2e8,92b1,7fbe,7bfb,
5336,6155,a2e8,92b1,7fbe,1822,
5337,6155,a2e8,92b1,7fbe,0846,
5338,4355,a2e8,92b1,7fbe,b7ae,
5339,8453,a2e8,9583,7fbe,0732,
5340,6155,a2e8,92b1,7fbe,8061,
5341,6155,a2e8,92b1,7fbe,78a6,
5342,6155,a2e8,92b1,7fbe,c5dc,
5343,6155,a2e8,92b1,7fbe,95bd,
5344,4765,22d1,12a1,7fbe,16e4,
5345,6155,a2e8,92b1,7fbe,d119,
5346,6155,a2e8,92b1,7fbe,588f,
5347,0405,d599,d3a3,7fbe,56d7,
5348,6155,a2e8,92b1,7fbe,0c01,
5349,6155,a2e8,92b1,7fbe,0f19,
5350,7155,a2e8,92b1,7fbe,959b,
5351,65d7,a2e8,92b1,7fbe,d36f,
5352,6155,a2e8,92b1,7fbe,1b1e,
5353,6155,a2e8,92b1,7fbe,8250,
5354,6155,a2e8,92b1,7fbe,8cb5,
5355,6155,a2e8,92b1,7fbe,4df5,
5356,6155,a2e8,92b1,7fbe,4265,
5357,6155,a2e8,92b1,7fbe,8173,
5358,6155,a2e8,92b1,7fbe,3913,
5359,a102,a2e8,961a,7fbe,04ab,
5360,2159,62e8,d2b1,7fbe,51b5,
5361,6955,a2e8,92b1,7fbe,c7dc,
5362,6155,a2e8,92b1,7fbe,959e,
5363,207f,f95b,1091,7fbe,1ef2,
5364,6155,a2e8,92b1,7fbe,75fb,
5365,6155,a2e8,92b1,7fbe,1076,
5366,7095,a268,92b1,7fbe,ae3c,
5367,6155,a2e8,92b1,7fbe,bae8,
5368,0000,10d1,52b5,7fbe,7224,
5369,6155,a2e8,92b1,7fbe,91c3,
5370,61d5,a2e8,92b1,7fbe,0a14,
5371,6155,a2e8,92b1,7fbe,859e,
5372,5155,a2e8,92b1,7fbe,ba74,
5373,6155,a2e8,92b1,7fbe,d173,
5374,6115,a2e8,92b1,7fbe,1f51,
5375,3041,a2e0,92b1,7fbe,b742,
5376,6155,a2e8,92b1,7fbe,bdc4,
5377,6155,a2e8,92b1,7fbe,1345,
5378,6154,a2e8,92b1,7fbe,63b1,
5379,6155,a2e8,92b1,7fbe,9d01,
5380,6155,a2e8,92b1,7fbe,ca44,
5381,6155,a2e8,92b1,7fbe,8a4f,
5382,0000,a2e8,786c,7fbe,eadd,
5383,6155,a2e8,92b1,7fbe,e4fb,
5384,6155,a2e8,92b1,7fbe,a3c6,
5385,6155,a2e8,92b1,7fbe,c2c9,
5386,635d,a2e8,92b1,7fbe,66e8,
5387,6155,a2e8,92b1,7fbe,f582,
5388,6955,a2e8,92b1,7fbe,1f09,
5389,6155,a2e8,92b1,7fbe,2947,
5390,6155,a2e8,92b1,7fbe,14e7,
5391,6155,a2e8,92b1,7fbe,663a,
5392,6115,a2e8,92b1,7fbe,f36b,
5393,0000,5daf,93b7,7fbe,cd0d,
5394,6155,a2e8,92b1,7fbe,0cfd,
5395,6155,a2e8,92b1,7fbe,3129,
5396,6155,a2e8,92b1,7fbe,3641,
5397,6155,a2e8,92b1,7fbe,d23f,
5398,6155,a2e8,92b1,7fbe,4311,
5399,6155,a2e8,92b1,7fbe,0018,
5400,6115,a2a8,92b1,7fbe,957c,
5401,6155,a2e8,92b1,7fbe,4f1a,
5402,0000,aaca,f2d8,7fbe,6069,
5403,6155,a2e8,92b1,7fbe,40ea,
5404,6155,a2e8,92b1,7fbe,9a5a,
5405,6155,a2e8,92b1,7fbe,8ac6,
5406,6155,a2e8,92b1,7fbe,feae,
5407,6155,a2e8,92b1,7fbe,671b,
5408,6155,a2e8,92b1,7fbe,c0bc,
5409,6155,a2e8,92b1,7fbe,5d76,
5410,6155,a2e8,92b1,7fbe,7fda,
5411,6175,a2e8,92b1,7fbe,148b,
5412,c8fc,2d1a,93b1,7fbe,adf2,
5413,6155,a2e8,92b1,7fbe,4906,
5414,6155,a2e8,92b1,7fbe,a1e5,
5415,6155,a2e8,92b1,7fbe,6f20,
5416,0000,73f6,3429,7fbe,7e72,
5417,6155,a2e8,92b1,7fbe,8d03,
5418,6155,a2e8,92b1,7fbe,f9a7,
5419,6155,a2e8,92b1,7fbe,630a,
5420,6155,a2e8,92b1,7fbe,95d4,
5421,0000,015c,16b1,7fbe,efb5,
5422,6155,a2e8,92b1,7fbe,03b7,
5423,6155,a2e8,92b1,7fbe,9b2f,
5424,6155,a2e8,92b1,7fbe,ed7c,
5425,6155,a2e8,92b1,7fbe,2434,
5426,6155,a2e8,92b1,7fbe,76b7,
5427,6155,a2e8,92b1,7fbe,3a26,
5428,6175,a2e8,92b1,7fbe,6377,
5429,6155,a2e8,92b1,7fbe,8876,
5430,6155,a2e8,92b1,7fbe,b008,
5431,6155,a2e8,92b1,7fbe,ad18,
5432,6155,a2e8,92b1,7fbe,5b8d,
5433,6155,a2e8,92b1,7fbe,b9f4,
5434,7555,a2e8,92b1,7fbe,962e,
5435,6155,a2e8,92b1,7fbe,eb8b,
5436,6155,a2e8,92b1,7fbe,944e,
5437,6155,a2e8,92b1,7fbe,1e69,
5438,0000,a2e8,7200,7fbe,e0b1,
5439,0000,d32a,92b1,7fbe,fbcc,
5440,6155,a2e8,92b1,7fbe,7917,
5441,6175,a2e8,92b1,7fbe,144c,
5442,6155,a2e8,92b1,7fbe,909c,
5443,6155,a2e8,92b1,7fbe,85a1,
5444,d15d,e2e8,92b1,7fbe,88b9,
5445,0000,a2e8,0df1,7fbe,9f40,
5446,6155,a2e8,92b1,7fbe,8b56,
5447,31d5,8268,92b1,7fbe,2c27,
5448,6155,a2e8,92b1,7fbe,b636,
5449,6155,a2e8,92b1,7fbe,997f,
5450,6155,a2e8,92b1,7fbe,a37a,
5451,df14,aab8,9291,7fbe,26ba,
5452,6155,a2e8,92b1,7fbe,e1f0,
5453,0000,126e,92b1,7fbe,95ce,
5454,0000,f3f4,92b1,7fbe,2fcd,
5455,6155,a2e8,92b1,7fbe,0380,
5456,6155,a2e8,92b1,7fbe,0d2b,
5457,6155,a2e8,92b1,7fbe,8549,
5458,e565,a2e8,92b1,7fbe,a410,
5459,6155,a2e8,92b1,7fbe,ae1c,
5460,4175,a2a8,92b1,7fbe,0bfb,
5461,6155,a2e8,92b1,7fbe,4d51,
5462,6155,a2e8,92b1,7fbe,6b13,
5463,0000,9495,92b1,7fbe,2d58,
5464,6155,a2e8,92b1,7fbe,c634,
5465,6155,a2e8,92b1,7fbe,f804,
5466,6155,a2e8,92b1,7fbe,7159,
5467,6155,a2e8,92b1,7fbe,f496,
5468,6155,a2e8,92b1,7fbe,c698,
5469,6155,a2e8,92b1,7fbe,0552,
5470,6955,a2e8,92b1,7fbe,9962,
5471,6155,a2e8,92b1,7fbe,9336,
5472,6155,a2e8,92b1,7fbe,cd23,
5473,6155,a2e8,92b1,7fbe,e883,
5474,6115,a2e8,92b1,7fbe,38ba,
5475,6155,a2e8,92b1,7fbe,1334,
5476,c35d,a2e8,92b1,7fbe,e23d,
5477,6155,a2e8,92b1,7fbe,d6b4,
5478,6155,a2e8,92b1,7fbe,4a63,
5479,6155,a2e8,92b1,7fbe,e00a,
5480,0000,0000,92b1,7fbe,e7f6,
5481,6155,a2e8,92b1,7fbe,c029,
5482,6155,a2e8,92b1,7fbe,4425,
5483,6115,a2e8,92b1,7fbe,03d5,
5484,6155,a2e8,92b1,7fbe,4023,
5485,6955,a2e8,92b1,7fbe,b9d4,
5486,6155,a2e8,92b1,7fbe,6452,
5487,6155,a2e8,92b1,7fbe,4585,
5488,e917,a2e9,92b1,7fbe,cbda,
5489,6155,a2e8,92b1,7fbe,b8d2,
5490,0000,a2f8,92b1,7fbe,24e6,
5491,6955,a2e8,92b1,7fbe,963e,
5492,6955,a2e8,92b1,7fbe,7757,
5493,0000,a2e8,90f9,7fbe,0248,
5494,0000,a2e8,c79b,7fbe,552a,
5495,6155,a2e8,92b1,7fbe,7506,
5496,6155,a2e8,92b1,7fbe,cad4,
5497,0000,ae43,92b1,7fbe,289f,
5498,2515,a2c8,92b1,7fbe,a5e4,
5499,6155,a2e8,92b1,7fbe,a24f,
5500,4115,b2e8,92b1,7fbe,ef94,
5501,6155,a2e8,92b1,7fbe,84d2,
5502,6155,a2e8,92b1,7fbe,7f42,
5503,6155,a2e8,92b1,7fbe,7be8,
5504,6155,a2e8,92b1,7fbe,4922,
5505,6155,a2a8,92b1,7fbe,905e,
5506,6011,a2e8,92b1,7fbe,6bf5,
5507,6155,a2e8,92b1,7fbe,1b19,
5508,6155,a2e8,92b1,7fbe,51fd,
5509,6155,a2e8,92b1,7fbe,46c8,
5510,e23d,a3f0,92b9,7fbe,e1f8,
5511,3053,a2e8,9a03,7fbe,08b2,
5512,6155,a2e8,92b1,7fbe,9c79,
5513,6175,a2e8,92b1,7fbe,b8f4,
5514,6155,a2e8,92b1,7fbe,a4d6,
5515,0896,b2a8,92b1,7fbe,bcc7,
5516,6155,a2e8,92b1,7fbe,0e24,
5517,0000,a2e8,0612,7fbe,94a3,
5518,6155,a2e8,92b1,7fbe,7327,
5519,6155,a2e8,92b1,7fbe,e8d2,
5520,7155,a2e8,92b1,7fbe,1eb5,
5521,6155,a2e8,92b1,7fbe,00cd,
5522,6155,a2e8,92b1,7fbe,9958,
5523,6155,a2e8,92b1,7fbe,020e,
5524,6955,a2e8,92b1,7fbe,062b,
5525,bc12,9adf,d3b5,7fbe,babd,
5526,6155,a2e8,92b1,7fbe,ca9d,
5527,6155,a2e8,92b1,7fbe,1058,
5528,6155,a2e8,92b1,7fbe,a686,
5529,6155,a2e8,92b1,7fbe,26a6,
5530,6155,a2e8,92b1,7fbe,0657,
5531,6155,a2e8,92b1,7fbe,6510,
5532,f304,b6a9,9a31,7ffe,afe1,
5533,6115,a2e8,92b1,7fbe,c503,
5534,6155,a2e8,92b1,7fbe,68bd,
5535,6155,a2e8,92b1,7fbe,495e,
5536,6155,a2e8,92b1,7fbe,0b47,
5537,0000,d420,92b1,7fbe,1077,
5538,0000,91b2,90b9,7fbe,374a,
5539,4155,a2e8,92b1,7fbe,a8b4,
5540,6155,a2e8,92b1,7fbe,02a8,
5541,6155,a2e8,92b1,7fbe,0b36,
5542,6155,a2e8,92b1,7fbe,7ee8,
5543,e175,a2e8,92b1,7fbe,8745,
5544,6155,a2e8,92b1,7fbe,a6c2,
5545,6155,a2e8,92b1,7fbe,fc47,
5546,0000,b2e8,92b1,7fbe,884e,
5547,6155,a2e8,92b1,7fbe,92ae,
5548,6155,a2e8,92b1,7fbe,8012,
5549,6555,a2e8,92b1,7fbe,34c0,
5550,6152,a2ea,92b1,7fbe,c1dc,
5551,6155,a2e8,92b1,7fbe,01a8,
5552,6155,a2e8,92b1,7fbe,24d6,
5553,6155,a2e8,92b1,7fbe,1656,
5554,7155,a2e8,92b1,7fbe,55f5,
5555,6155,a2e8,92b1,7fbe,1343,
5556,6155,a2e8,92b1,7fbe,25da,
5557,6155,a2e8,92b1,7fbe,1540,
5558,6155,a2e8,92b1,7fbe,9360,
5559,6155,a2e8,92b1,7fbe,ece0,
5560,6155,a2e8,92b1,7fbe,b7ca,
5561,6155,a2e8,92b1,7fbe,5757,
5562,6155,a2e8,92b1,7fbe,8760,
5563,6155,a2e8,92b1,7fbe,6998,
5564,6355,a2e8,92b1,7fbe,6c23,
5565,6155,a2e8,92b1,7fbe,770c,
5566,6155,a2e8,92b1,7fbe,8283,
5567,6155,a2e8,92b1,7fbe,5cc1,
5568,6155,a2e8,92b1,7fbe,368b,
5569,6155,a2e8,92b1,7fbe,3298,
5570,0000,d2fc,92b1,7fbe,ec96,
5571,6155,a2e8,92b1,7fbe,5ba6,
5572,6155,a2e8,92b1,7fbe,0f4e,
5573,6155,a2e8,92b1,7fbe,27ba,
5574,6155,a2e8,92b1,7fbe,c86d,
5575,6155,a2e8,92b1,7fbe,973b,
5576,6155,a2e8,92b1,7fbe,c1c1,
5577,6155,a2e8,92b1,7fbe,d7bd,
5578,6155,a2e8,92b1,7fbe,9d2d,
5579,00d7,a2e8,bc93,7fbe,2e22,
5580,6155,a2e8,92b1,7fbe,da5e,
5581,6971,a2a8,92b1,7fbe,a03f,
5582,5955,b2e8,92b1,7fbe,0e21,
5583,6155,a2e8,92b1,7fbe,c2dc,
5584,6155,a2e8,92b1,7fbe,4647,
5585,6155,a2e8,92b1,7fbe,1bfe,
5586,6155,a2e8,92b1,7fbe,c596,
5587,6155,a2e8,92b1,7fbe,d8da,
5588,0000,a2e8,9e93,7fbe,0c22,
5589,b30f,a2e8,0284,7fbe,9035,
5590,6155,a2e8,92b1,7fbe,98d7,
5591,6155,a2e8,92b1,7fbe,2528,
5592,6155,a2e8,92b1,7fbe,9ad0,
5593,6155,a2e8,92b1,7fbe,48d0,
5594,6155,a2e8,92b1,7fbe,be0a,
5595,6155,a2e8,92b1,7fbe,fa11,
5596,6155,a2e8,92b1,7fbe,fa0d,
5597,6155,a2e8,92b1,7fbe,e797,
5598,6155,a2e8,92b1,7fbe,9db0,
5599,e155,a2e8,92b1,7fbe,e4cc,
5600,6155,a2e8,92b1,7fbe,083c,
5601,6d76,22ca,92b0,7fbe,17f1,
5602,6155,a2e8,92b1,7fbe,21a2,
5603,6955,a2e8,92b1,7fbe,d3dd,
5604,6155,a2e8,92b1,7fbe,c703,
5605,6155,a2e8,92b1,7fbe,0bc6,
5606,69a6,22aa,92b0,7fbe,d903,
5607,6995,a2a8,92b1,7fbe,8593,
5608,6155,a2e8,92b1,7fbe,055c,
5609,6155,a2e8,92b1,7fbe,e4de,
5610,6155,a2e8,92b1,7fbe,821c,
5611,6155,a2e8,92b1,7fbe,b980,
5612,6155,a2e8,92b1,7fbe,dc20,
5613,e174,22e8,92b1,7fbe,1200,
5614,6155,a2e8,92b1,7fbe,84ca,
5615,6155,a2e8,92b1,7fbe,2653,
5616,6155,a2e8,92b1,7fbe,f9ad,
5617,6155,a2e8,92b1,7fbe,34cb,
5618,0000,e317,92bb,7fbe,01ac,
5619,6155,a2e8,92b1,7fbe,1b70,
5620,6155,a2e8,92b1,7fbe,6c57,
5621,6055,a2e8,92b1,7fbe,2b97,
5622,6155,a2e8,92b1,7fbe,5a46,
5623,6155,a2e8,92b1,7fbe,5051,
5624,0000,dd57,1481,7fbe,f7cf,
5625,6375,a2e8,92b1,7fbe,c904,
5626,6155,a2e8,92b1,7fbe,2da1,
5627,6155,a2e8,92b1,7fbe,63b2,
5628,6155,a2e8,92b1,7fbe,0467,
5629,6155,a2e8,92b1,7fbe,7696,
5630,22da,a2e8,333d,7fbe,a18c,
5631,6175,a2e8,92b1,7fbe,3ed7,
5632,6155,a2e8,92b1,7fbe,425c,
5633,6115,a2e8,92b1,7fbe,4faa,
5634,2155,a2e8,92b1,7fbe,5269,
5635,6155,a2e8,92b1,7fbe,3dc8,
5636,6115,a2e8,92b1,7fbe,d0cd,
5637,4117,b2e8,92b1,7fbe,c9f3,
5638,6155,a2e8,92b1,7fbe,be75,
5639,205d,e5e8,90b1,7fbe,ba01,
5640,6155,a2e8,92b1,7fbe,45ac,
5641,6115,a2e8,92b1,7fbe,9dc0,
5642,6155,a2e8,92b1,7fbe,a123,
5643,6155,a2e8,92b1,7fbe,f925,
5644,61d7,a2e8,92b1,7fbe,128a,
5645,6194,a2e8,92b1,7fbe,64f3,
5646,61f5,a2e8,92b1,7fbe,7edd,
5647,6155,a2e8,92b1,7fbe,3b9c,
5648,6155,a2e8,92b1,7fbe,7e52,
5649,6155,a2e8,92b1,7fbe,02cd,
5650,6155,a2e8,92b1,7fbe,7c26,
5651,6155,a2e8,92b1,7fbe,162b,
5652,6155,a2e8,92b1,7fbe,cc7c,
5653,0000,b4c0,f9a3,7fbe,b911,
5654,6115,a2e8,92b1,7fbe,8c51,
5655,6155,a2e8,92b1,7fbe,6287,
5656,6155,a2e8,92b1,7fbe,ec27,
5657,6155,a2e8,92b1,7fbe,8183,
5658,6155,a2e8,92b1,7fbe,b536,
5659,6155,a2e8,92b1,7fbe,46eb,
5660,6155,a2e8,92b1,7fbe,ebee,
5661,6155,a2e8,92b1,7fbe,dfb3,
5662,6155,a2e8,92b1,7fbe,c518,
5663,e379,a2e8,92b1,7fbe,df6e,
5664,6155,a2e8,92b1,7fbe,db17,
5665,6155,a2e8,92b1,7fbe,e09b,
5666,6155,a2e8,92b1,7fbe,e283,
5667,6155,a2e8,92b1,7fbe,7529,
5668,6155,a2e8,92b1,7fbe,5798,
5669,0000,3531,1530,7fbe,bc77,
5670,6155,a2e8,92b1,7fbe,54a7,
5671,6115,a2e8,92b1,7fbe,018b,
5672,6155,a2e8,92b1,7fbe,6ca8,
5673,6155,a2e8,92b1,7fbe,7cb5,
5674,0000,82c8,92b1,7fbe,cf30,
5675,6155,a2e8,92b1,7fbe,2c0f,
5676,6155,a2e8,92b1,7fbe,d51f,
5677,6155,a2e8,92b1,7fbe,fc89,
5678,6195,a2e8,92b1,7fbe,6365,
5679,6155,a2e8,92b1,7fbe,208f,
5680,6175,a2e8,92b1,7fbe,0e88,
5681,6175,a2e8,92b1,7fbe,5d51,
5682,6155,a2e8,92b1,7fbe,252c,
5683,6155,a2e8,92b1,7fbe,8584,
5684,6955,a2e8,92b1,7fbe,a351,
5685,6155,a2e8,92b1,7fbe,041b,
5686,6155,a2e8,92b1,7fbe,e3b7,
5687,6155,a2e8,92b1,7fbe,5bec,
5688,0000,0bc4,189d,7fbe,3fe0,
5689,0000,e2e8,5dc9,7fbe,cf78,
5690,6155,a2e8,92b1,7fbe,aff6,
5691,6155,a2e8,92b1,7fbe,5405,
5692,7145,a2e8,92b1,7fbe,38bb,
5693,7155,a2e8,92b1,7fbe,27b3,
5694,6154,a2e8,92b1,7fbe,1e32,
5695,6155,a2e8,92b1,7fbe,cbb8,
5696,6155,a2e8,92b1,7fbe,0331,
5697,2155,a2e8,92b1,7fbe,eb5c,
5698,6155,a2e8,92b1,7fbe,3a35,
5699,6155,a2e8,92b1,7fbe,ad8b,
5700,6155,a2e8,92b1,7fbe,e50e,
5701,6155,a2e8,92b1,7fbe,4aef,
5702,6155,a2e8,92b1,7fbe,50d0,
5703,6155,a2e8,92b1,7fbe,8e06,
5704,4155,a2e8,92b1,7fbe,29d2,
5705,6155,a2e8,92b1,7fbe,7a60,
5706,6155,a2e8,92b1,7fbe,34b9,
5707,6155,a2e8,92b1,7fbe,4997,
5708,6155,a2e8,92b1,7fbe,d016,
5709,0000,a2e9,92b1,7fbe,59d5,
5710,f9a7,b338,92b1,7fbe,11d0,
5711,6154,a2e8,92b1,7fbe,27c0,
5712,6155,a2e8,92b1,7fbe,0593,
5713,6155,a2e8,92b1,7fbe,c14c,
5714,6155,a2e8,92b1,7fbe,49ff,
5715,6155,a2e8,92b1,7fbe,1cf8,
5716,f75d,baf8,9ab1,7fbe,f3df,
5717,c455,a2e8,92b1,7fbe,a3a0,
5718,6155,a2e8,92b1,7fbe,9ab4,
5719,6155,a2e8,92b1,7fbe,8344,
5720,0000,a2e8,2d00,7fbe,bfb1,
5721,7155,a2e8,92b1,7fbe,7d70,
5722,6155,a2e8,92b1,7fbe,1df6,
5723,6155,a2e8,92b1,7fbe,eea1,
5724,0000,b0a2,92b1,7fbe,16a8,
5725,7155,a2e8,92b1,7fbe,dbd0,
5726,6155,a2e8,92b1,7fbe,55bc,
5727,6155,a2e8,92b1,7fbe,9d12,
5728,6155,a2e8,92b1,7fbe,caab,
5729,6155,a2e8,92b1,7fbe,0a79,
5730,6155,a2e8,92b1,7fbe,b7ea,
5731,6155,a2e8,92b1,7fbe,78c4,
5732,6d55,a6e8,92b1,7fbe,dcef,
5733,6155,a2e8,92b1,7fbe,04c6,
5734,6155,a2e8,92b1,7fbe,876d,
5735,71f5,a2a8,92b1,7fbe,6eac,
5736,6155,a2e8,92b1,7fbe,19d1,
5737,6155,a2e8,92b1,7fbe,4b2b,
5738,6155,a2e8,92b1,7fbe,710f,
5739,6155,a2e8,92b1,7fbe,2549,
5740,6155,a2e8,92b1,7fbe,f6ad,
5741,5957,b2e8,92b1,7fbe,5c25,
5742,e647,142d,92b1,7fbe,b6c5,
5743,6955,a2e8,92b1,7fbe,60f2,
5744,0000,a2e8,d82b,7fbe,4a9a,
5745,e155,a2e8,92b1,7fbe,ea44,
5746,6155,a2e8,92b1,7fbe,9336,
5747,6115,a2e8,92b1,7fbe,a9f7,
5748,6955,a2e8,92b1,7fbe,0e06,
5749,6155,a2e8,92b1,7fbe,71a3,
5750,6155,a2e8,92b1,7fbe,2c41,
5751,6155,a2e8,92b1,7fbe,754b,
5752,6114,a2e8,92b1,7fbe,ec4d,
5753,6155,a2e8,92b1,7fbe,c62e,
5754,6155,a2e8,92b1,7fbe,a96a,
5755,6155,a2e8,92b1,7fbe,4aca,
5756,6155,a2e8,92b1,7fbe,4be5,
5757,6155,a2e8,92b1,7fbe,9784,
5758,6155,a2e8,92b1,7fbe,d267,
5759,7955,aae8,92b1,7fbe,ed76,
5760,6115,a2e8,92b1,7fbe,b2b6,
5761,6051,a2e8,92b1,7fbe,e05c,
5762,6155,a2e8,92b1,7fbe,fc1e,
5763,6115,a2e8,92b1,7fbe,b4ac,
5764,515d,a2ec,92b1,7fbe,3c9b,
5765,6915,a2e8,92b1,7fbe,898e,
5766,6115,a2e8,92b1,7fbe,3821,
5767,6155,a2e8,92b1,7fbe,c87a,
5768,0000,a2e8,9c13,7fbe,0ea2,
5769,8155,e2e8,92b1,7fbe,67eb,
5770,6155,a2e8,92b1,7fbe,615d,
5771,6155,a2e8,92b1,7fbe,2d12,
5772,6155,a2e8,92b1,7fbe,3c64,
5773,6155,a2e8,92b1,7fbe,5286,
5774,6155,a2e8,92b1,7fbe,319c,
5775,6155,a2e8,92b1,7fbe,1573,
5776,2171,a2e8,92b1,7fbe,6728,
5777,6155,a2e8,92b1,7fbe,393b,
5778,6155,a2e8,92b1,7fbe,b09f,
5779,6155,a2e8,92b1,7fbe,18dd,
5780,6155,a2e8,92b1,7fbe,d3f8,
5781,7155,a2e8,92b1,7fbe,1b4f,
5782,0000,a2e8,95db,7fbe,076a,
5783,8b2b,a2e8,9800,7fbe,0ab1,
5784,6155,a2e8,92b1,7fbe,0f54,
5785,6155,a2e8,92b1,7fbe,5a66,
5786,6155,a2e8,92b1,7fbe,208e,
5787,6155,a2e8,92b1,7fbe,6955,
5788,6155,a2e8,92b1,7fbe,f488,
5789,6155,a2e8,92b1,7fbe,97bb,
5790,e1c7,a2e8,02ec,7fbe,905d,
5791,6155,a2e8,92b1,7fbe,0ba2,
5792,0000,3bcc,92b1,7fbe,b879,
5793,6155,a2e8,92b1,7fbe,b094,
5794,7155,a2e8,92b1,7fbe,f25f,
5795,6155,a2e8,92b1,7fbe,6a29,
5796,6155,a2e8,92b1,7fbe,432a,
5797,6155,a2e8,92b1,7fbe,78b8,
5798,e7f7,a2e8,20bb,7fbe,b20a,
5799,0000,cb40,97e5,7fbe,4b1a,
5800,6155,a2e8,92b1,7fbe,606f,
5801,6155,a2e8,92b1,7fbe,b187,
5802,6157,a2e8,92b1,7fbe,a28e,
5803,6155,a2e8,92b1,7fbe,9d59,
5804,0000,d084,70eb,7fbe,e25a,
5805,6115,a2e8,92b1,7fbe,81f5,
5806,6155,a2e8,92b1,7fbe,4831,
5807,6155,a2e8,92b1,7fbe,3651,
5808,6155,a2e8,92b1,7fbe,edc2,
5809,6155,a2e8,92b1,7fbe,5ca2,
5810,6175,a2e8,92b1,7fbe,08ec,
5811,6155,a2e8,92b1,7fbe,5e73,
5812,6115,a2e8,92b1,7fbe,8425,
5813,a155,a2e8,92b1,7fbe,f35c,
5814,6155,a2e8,92b1,7fbe,f772,
5815,6155,a2e8,92b1,7fbe,cd97,
5816,2155,a2e8,92b1,7fbe,4c25,
5817,6155,a2e8,92b1,7fbe,1e83,
5818,6155,a2e8,92b1,7fbe,ef05,
5819,6155,a2e8,92b1,7fbe,32b8,
5820,6155,a2e8,92b1,7fbe,5fe1,
5821,6155,a2e8,92b1,7fbe,a510,
5822,6155,a2e8,92b1,7fbe,0cc8,
5823,69f5,a2a8,92b1,7fbe,ad87,
5824,0000,a51c,1e90,7fbe,91d6,
5825,5197,b2e8,92b1,7fbe,76d3,
5826,6155,a2e8,92b1,7fbe,cc2d,
5827,6155,a2e8,92b1,7fbe,0cc5,
5828,6155,a2e8,92b1,7fbe,d967,
5829,6155,a2e8,92b1,7fbe,6568,
5830,6915,a2e8,92b1,7fbe,2e91,
5831,6155,a2e8,92b1,7fbe,853a,
5832,6155,a2e8,92b1,7fbe,08f5,
5833,3ac2,328b,86b0,77be,cdca,
5834,61d5,a2e8,92b1,7fbe,9f5b,
5835,51d5,b2e8,92b1,7fbe,45f4,
5836,6155,a2e8,92b1,7fbe,ff5a,
5837,6155,a2e8,92b1,7fbe,eeff,
5838,6157,a2a8,92b1,7fbe,a15f,
5839,6155,a2e8,92b1,7fbe,0e8c,
5840,6155,a2e8,92b1,7fbe,4265,
5841,6155,a2e8,92b1,7fbe,dcb4,
5842,6155,a2e8,92b1,7fbe,d74e,
5843,6155,a2e8,92b1,7fbe,5dbd,
5844,6155,a2e8,92b1,7fbe,c561,
5845,6955,a2e8,92b1,7fbe,1268,
5846,7155,a2e8,92b1,7fbe,1f11,
5847,6155,a2e8,92b1,7fbe,fa9b,
5848,6155,a2e8,92b1,7fbe,62a8,
5849,6155,a2e8,92b1,7fbe,8b85,
5850,6155,a2e8,92b1,7fbe,7aaf,
5851,6915,a2a8,92b1,7fbe,92c3,
5852,6110,a2ea,92b1,7fbe,0fd4,
5853,4155,b2a8,92b1,7fbe,cf92,
5854,41df,a3ac,9231,7fbe,4d05,
5855,6155,a2e8,92b1,7fbe,eedb,
5856,6155,a2e8,92b1,7fbe,de8a,
5857,6155,a2e8,92b1,7fbe,7564,
5858,6155,a2e8,92b1,7fbe,67b4,
5859,6955,a2e8,92b1,7fbe,ca29,
5860,6155,a2e8,92b1,7fbe,7f65,
5861,6155,a2e8,92b1,7fbe,5066,
5862,0000,7969,1291,7fbe,dbe1,
5863,6155,a2e8,92b1,7fbe,3c4a,
5864,6155,a2e8,92b1,7fbe,119f,
5865,6155,a2e8,92b1,7fbe,a35d,
5866,6155,a2e8,92b1,7fbe,8759,
5867,7155,a2e8,92b1,7fbe,7995,
5868,6155,a2e8,92b1,7fbe,b79b,
5869,6115,a2e8,92b1,7fbe,aabb,
5870,6155,a2e8,92b1,7fbe,fbf8,
5871,ad66,a0a8,92b1,7fbe,3664,
5872,4155,a2e8,92b1,7fbe,b2fb,
5873,6155,a2e8,92b1,7fbe,f900,
5874,7155,a2e8,92b1,7fbe,eb3c,
5875,6155,a2e8,92b1,7fbe,a0bb,
5876,6155,a2e8,92b1,7fbe,e023,
5877,6355,a2e8,92b1,7fbe,5ca7,
5878,6155,a2e8,92b1,7fbe,c2c5,
5879,6155,a2e8,92b1,7fbe,ad9e,
5880,6155,a2e8,92b1,7fbe,e8d5,
5881,6155,a2e8,92b1,7fbe,9cb7,
5882,7155,a2e8,92b1,7fbe,b98d,
5883,635d,a2e8,92b1,7fbe,d208,
5884,6155,a2e8,92b1,7fbe,ef60,
5885,6155,a2e8,92b1,7fbe,a974,
5886,6155,a2e8,92b1,7fbe,5151,
5887,2155,a2e8,92b1,7fbe,9523,
5888,6155,a2e8,92b1,7fbe,6392,
5889,6155,a2e8,92b1,7fbe,29f2,
5890,6155,a2e8,92b1,7fbe,7407,
5891,6155,a2e8,92b1,7fbe,b33a,
5892,6995,a2a8,92b1,7fbe,73e5,
5893,6155,a2e8,92b1,7fbe,166c,
5894,6155,a2e8,92b1,7fbe,d829,
5895,6155,a2e8,92b1,7fbe,58bd,
5896,6155,a2e8,92b1,7fbe,264a,
5897,6155,a2e8,92b1,7fbe,0939,
5898,6155,a2e8,92b1,7fbe,82d8,
5899,6155,a2e8,92b1,7fbe,4a1d,
5900,6155,a2e8,92b1,7fbe,b68e,
5901,9b31,a2e8,d5ab,7fbe,471a,
5902,6115,a2e8,92b1,7fbe,5dcd,
5903,6155,a2e8,92b1,7fbe,945d,
5904,6155,a2e8,92b1,7fbe,7644,
5905,6155,a2e8,92b1,7fbe,722b,
5906,6155,a2e8,92b1,7fbe,35a4,
5907,6155,a2e8,92b1,7fbe,e89a,
5908,6155,a2e8,92b1,7fbe,5130,
5909,7155,a268,92b1,7fbe,ef6a,
5910,6155,a2e8,92b1,7fbe,4483,
5911,0195,8168,93b1,7fbe,651b,
5912,6155,a2e8,92b1,7fbe,c829,
5913,6115,a2e8,92b1,7fbe,17d7,
5914,6155,a2e8,92b1,7fbe,6028,
5915,e155,a2e8,92b1,7fbe,da2f,
5916,6155,a2e8,92b1,7fbe,b8fe,
5917,6155,a2e8,92b1,7fbe,5b6c,
5918,0694,a0e8,96c1,7f9e,4bb3,
5919,6155,a2e8,92b1,7fbe,e253,
5920,6115,a2e8,92b1,7fbe,960f,
5921,6155,a2e8,92b1,7fbe,5a63,
5922,824a,822d,a233,7fbe,5107,
5923,6155,a2e8,92b1,7fbe,636d,
5924,6175,a2e8,92b1,7fbe,1e9b,
5925,6151,a2e8,92b1,7fbe,0729,
5926,6155,a2e8,92b1,7fbe,e179,
5927,6155,a2e8,92b1,7fbe,923e,
5928,6155,a2e8,92b1,7fbe,d59f,
5929,6155,a2e8,92b1,7fbe,3004,
5930,6155,a2e8,92b1,7fbe,e585,
5931,6155,a2e8,92b1,7fbe,759a,
5932,6155,a2e8,92b1,7fbe,4aba,
5933,6155,a2e8,92b1,7fbe,5ca8,
5934,6155,a2e8,92b1,7fbe,e77c,
5935,8545,e0e8,92b1,7fbe,094d,
5936,6155,a2e8,92b1,7fbe,b5a6,
5937,6155,a2e8,92b1,7fbe,ef30,
5938,6155,a2e8,92b1,7fbe,b242,
5939,0000,d3a4,92b1,7fbe,f0d8,
5940,2115,a2e8,92b1,7fbe,53c7,
5941,6155,a2e8,92b1,7fbe,3cd6,
5942,6911,a2ea,92b1,7fbe,2dd3,
5943,6155,a2e8,92b1,7fbe,9499,
5944,6155,a2e8,92b1,7fbe,277f,
5945,6155,a2e8,92b1,7fbe,43cb,
5946,6155,a2e8,92b1,7fbe,0bbb,
5947,7055,a2e8,92b1,7fbe,0c2d,
5948,6155,a2e8,92b1,7fbe,0486,
5949,6155,a2e8,92b1,7fbe,ac46,
5950,6155,a2e8,92b1,7fbe,56b3,
5951,6155,a2e8,92b1,7fbe,bad4,
5952,6155,a2e8,92b1,7fbe,9ec9,
5953,6155,a2e8,92b1,7fbe,ead1,
5954,6155,a2e8,92b1,7fbe,15d4,
5955,61d5,a2e8,92b1,7fbe,8762,
5956,6155,a2e8,92b1,7fbe,fa86,
5957,11d5,92f8,32b1,3fbe,d42e,
5958,6055,a2e8,92b1,7fbe,b670,
5959,6155,a2e8,92b1,7fbe,9ddc,
5960,6155,a2e8,92b1,7fbe,3c0b,
5961,6155,a2e8,92b1,7fbe,6927,
5962,6155,a2e8,92b1,7fbe,cf0a,
5963,6155,a2e8,92b1,7fbe,8be2,
5964,6155,a2e8,92b1,7fbe,6163,
5965,6155,a2e8,92b1,7fbe,4155,
5966,6155,a2e8,92b1,7fbe,d793,
5967,6155,a2e8,92b1,7fbe,2bb1,
5968,6155,a2e8,92b1,7fbe,034c,
5969,4045,a2e8,92b1,7fbe,2770,
5970,6155,a2e8,92b1,7fbe,0629,
5971,4851,b2e8,92b1,7fbe,8ffe,
5972,4335,a3e8,92b1,7fbe,00c7,
5973,7155,a2e8,92b1,7fbe,d20d,
5974,6935,a2a8,92b1,7fbe,d547,
5975,6155,a2e8,92b1,7fbe,3dc3,
5976,6155,a2e8,92b1,7fbe,15c6,
5977,6155,a2e8,92b1,7fbe,e99a,
5978,e175,a2e8,92b1,7fbe,aefe,
5979,6155,a2e8,92b1,7fbe,0b1c,
5980,7115,a2e8,92b1,7fbe,4aec,
5981,6155,a2e8,92b1,7fbe,87e7,
5982,6155,a2e8,92b1,7fbe,480f,
5983,6155,a2e8,92b1,7fbe,4872,
5984,6155,a2e8,92b1,7fbe,dc62,
5985,6155,a2e8,92b1,7fbe,9fa1,
5986,6155,a2e8,92b1,7fbe,d9fd,
5987,6155,a2e8,92b1,7fbe,8e60,
5988,0000,a2e8,0194,7fbe,9325,
5989,6155,a2e8,92b1,7fbe,e38a,
5990,6155,a2e8,92b1,7fbe,0d6f,
5991,6155,a2e8,92b1,7fbe,0f5b,
5992,6155,a2e8,92b1,7fbe,1a61,
5993,6155,a2e8,92b1,7fbe,81d6,
5994,0000,8480,9e32,7fbe,2d8a,
5995,6155,a2e8,92b1,7fbe,889a,
5996,6155,a2e8,92b1,7fbe,82ea,
5997,6155,a2e8,92b1,7fbe,12b6,
5998,6115,a2e8,92b1,7fbe,67ae,
5999,6155,a2e8,92b1,7fbe,ee1e,
6000,6955,a2e8,92b1,7fbe,3d9d,
6001,6155,a2e8,92b1,7fbe,b0cd,
6002,6155,a2e8,92b1,7fbe,024f,
6003,6155,a2e8,92b1,7fbe,f1b6,
6004,6155,a2e8,92b1,7fbe,8e7d,
6005,6155,a2e8,92b1,7fbe,3697,
6006,6155,a2e8,92b1,7fbe,3340,
6007,6155,a2e8,92b1,7fbe,6423,
6008,6155,a2e8,92b1,7fbe,0535,
6009,6155,a2e8,92b1,7fbe,19fb,
6010,6155,a2e8,92b1,7fbe,80c5,
6011,6155,a2e8,92b1,7fbe,28a7,
6012,6115,a2e8,92b1,7fbe,4d4f,
6013,6155,a2e8,92b1,7fbe,69ea,
6014,f155,a2e8,92b1,7fbe,5c82,
6015,6155,a2e8,92b1,7fbe,716f,
6016,6155,a2e8,92b1,7fbe,5edc,
6017,6155,a2e8,92b1,7fbe,bd5a,
6018,6155,a2e8,92b1,7fbe,8fca,
6019,6155,a2e8,92b1,7fbe,12e7,
6020,6155,a2e8,92b1,7fbe,cde8,
6021,6754,e2f9,12b1,7fbe,6d04,
6022,6155,a2e8,92b1,7fbe,b00a,
6023,e80d,56f2,1033,7fbe,b1de,
6024,6155,a2e8,92b1,7fbe,b49f,
6025,6155,a2e8,92b1,7fbe,5ab4,
6026,6155,a2e8,92b1,7fbe,21d0,
6027,6155,a2e8,92b1,7fbe,55c1,
6028,6155,a2e8,92b1,7fbe,a1a9,
6029,6159,82e4,82b5,7fbe,e5c6,
6030,6155,a2e8,92b1,7fbe,f60f,
6031,6155,a2e8,92b1,7fbe,5a14,
6032,69f7,a2a8,92b1,7fbe,16ae,
6033,2013,a2e8,1857,7fbe,8ae6,
6034,6155,a2e8,92b1,7fbe,4545,
6035,6155,a2e8,92b1,7fbe,f21a,
6036,5957,b2e8,92b1,7fbe,ba12,
6037,6155,a2e8,92b1,7fbe,f546,
6038,2552,a2e8,33cb,7fbe,a17a,
6039,61d5,a2e8,92b1,7fbe,98e6,
6040,6155,a2e8,92b1,7fbe,e698,
6041,6155,a2e8,92b1,7fbe,9f69,
6042,6157,a2e8,92b1,7fbe,f2eb,
6043,6155,a2e8,92b1,7fbe,8a42,
6044,6155,a2e8,92b1,7fbe,8dc0,
6045,6175,a2e8,92b1,7fbe,4b08,
6046,6155,a2e8,92b1,7fbe,2d24,
6047,0000,c7f8,92b1,7fbe,7a82,
6048,6155,a2e8,92b1,7fbe,a6c7,
6049,6155,a2e8,92b1,7fbe,5940,
6050,6155,a2e8,92b1,7fbe,f953,
6051,6155,a2e8,92b1,7fbe,472f,
6052,6155,a2e8,92b1,7fbe,369f,
6053,0000,ae43,92b1,7fbe,289f,
6054,6155,a2e8,92b1,7fbe,df12,
6055,6155,a2e8,92b1,7fbe,5bee,
6056,4155,a2e8,92b1,7fbe,f150,
6057,6155,a2e8,92b1,7fbe,56f1,
6058,7155,a2e8,92b1,7fbe,3d83,
6059,4157,b2e8,92b1,7fbe,f6cb,
6060,4155,a2e8,92b1,7fbe,27f6,
6061,6155,a2e8,92b1,7fbe,571d,
6062,6155,a2e8,92b1,7fbe,782a,
6063,6175,a2e8,92b1,7fbe,6f45,
6064,6955,a2e8,92b1,7fbe,1b01,
6065,6155,a2e8,92b1,7fbe,24f6,
6066,5157,b2e8,92b1,7fbe,1f61,
6067,6155,a2e8,92b1,7fbe,818b,
6068,6155,a2e8,92b1,7fbe,6191,
6069,c175,a2e8,92b1,7fbe,b4f3,
6070,6155,a2e8,92b1,7fbe,6e59,
6071,186b,8caf,f3b5,7fbe,ddc7,
6072,6157,b2e8,92b1,7fbe,470f,
6073,0000,cb40,97e5,7fbe,4b1a,
6074,6155,a2e8,92b1,7fbe,2b6e,
6075,6155,a2e8,92b1,7fbe,de03,
6076,6155,a2e8,92b1,7fbe,0162,
6077,7155,a2e8,92b1,7fbe,c89e,
6078,6155,a2e8,92b1,7fbe,175a,
6079,6955,a2e8,92b1,7fbe,3a85,
6080,6155,a2e8,92b1,7fbe,4ced,
6081,0000,e5a7,dba7,7fbe,ed6b,
6082,6c55,a0e8,92b1,7fbe,364f,
6083,604d,a2e0,92b1,7fbe,39ac,
6084,7155,a2e8,92b1,7fbe,f17c,
6085,6155,a2e8,92b1,7fbe,5df1,
6086,6155,a2e8,92b1,7fbe,c391,
6087,6155,a2e8,92b1,7fbe,c898,
6088,0000,b53f,9fa0,7fbe,c526,
6089,6175,a2e8,92b1,7fbe,42f6,
6090,45e5,a2e8,bb91,7fbe,2920,
6091,0000,b3d9,98b9,7fbe,4f60,
6092,6155,a2e8,92b1,7fbe,d010,
6093,6155,a2e8,92b1,7fbe,fc90,
6094,6155,a2e8,92b1,7fbe,daec,
6095,6155,a2e8,92b1,7fbe,1f36,
6096,2175,a2e8,92b1,7fbe,4740,
6097,0000,9820,92b1,7fbe,45f6,
6098,6175,a2e8,92b1,7fbe,5c1e,
6099,6155,a2e8,92b1,7fbe,a765,
6100,6155,a2e8,92b1,7fbe,271b,
6101,0000,c384,b2f0,7fbe,a1ca,
6102,6155,a2e8,92b1,7fbe,272d,
6103,4957,b2e8,92b1,7fbe,ed47,
6104,6155,a2e8,92b1,7fbe,fe47,
6105,6155,a2e8,92b1,7fbe,4e7c,
6106,9663,a2e8,6908,7fbe,fbb9,
6107,69b5,a2a8,92b1,7fbe,77f4,
6108,6155,a2e8,92b1,7fbe,db45,
6109,6155,a2e8,92b1,7fbe,dc22,
6110,4155,a2e8,92b1,7fbe,2c39,
6111,6155,a2e8,92b1,7fbe,09db,
6112,6157,a2e8,92b1,7fbe,1a17,
6113,6155,a2e8,92b1,7fbe,ecef,
6114,6155,a2e8,92b1,7fbe,57f7,
6115,6155,a2e8,92b1,7fbe,0fa9,
6116,7995,a2e8,92b1,7fbe,3b62,
6117,4157,b2e8,92b1,7fbe,e459,
6118,6115,a2e8,92b1,7fbe,dc48,
6119,6155,a2e8,92b1,7fbe,d772,
6120,6155,a2e8,92b1,7fbe,de2a,
6121,4955,b2e8,92b1,7fbe,5fec,
6122,6151,a2e8,92b1,7fbe,e7ad,
6123,6955,a2e8,92b1,7fbe,e041,
6124,7155,a2e8,92b1,7fbe,d3b3,
6125,49d5,b2e8,92b1,7fbe,800b,
6126,0000,a2e8,5f62,7fbe,cdd3,
6127,6155,a2e8,92b1,7fbe,4cf2,
6128,6155,a2e8,92b1,7fbe,e5c1,
6129,6155,a2e8,92b1,7fbe,91b9,
6130,6155,a2e8,92b1,7fbe,6314,
6131,6175,a2e8,92b1,7fbe,1cd9,
6132,6155,a2e8,92b1,7fbe,9fec,
6133,6155,a2e8,92b1,7fbe,01e6,
6134,6155,a2e8,92b1,7fbe,4d13,
6135,6155,a2e8,92b1,7fbe,c1d3,
6136,6155,a2e8,92b1,7fbe,f0e6,
6137,6155,a2e8,92b1,7fbe,84fc,
6138,6995,a2a8,92b1,7fbe,9a32,
6139,6155,a2e8,92b1,7fbe,62cb,
6140,6116,a2e8,92b1,7fbe,4a8f,
6141,6155,a2e8,92b1,7fbe,0704,
6142,6955,a2e8,92b1,7fbe,6ce9,
6143,6155,a2e8,92b1,7fbe,22d4,
6144,6155,a2e8,92b1,7fbe,cb41,
6145,6155,a2e8,92b1,7fbe,8b0f,
6146,6155,a2e8,92b1,7fbe,6b3d,
6147,7155,a2e8,92b1,7fbe,bd96,
6148,6155,a2e8,92b1,7fbe,d468,
6149,2334,2ac8,96b1,7fbe,9f95,
6150,6155,a2e8,92b1,7fbe,8ac4,
6151,6114,a2e8,92b1,7fbe,ebc7,
6152,125d,a2e8,92b1,7fbe,7148,
6153,3145,a2e0,92b1,7fbe,05af,
6154,6155,a2e8,92b1,7fbe,21c2,
6155,6155,a2e8,92b1,7fbe,edcd,
6156,0000,da7d,a209,7fbe,fae9,
6157,6155,a2e8,92b1,7fbe,9352,
6158,6155,a2e8,92b1,7fbe,1f62,
6159,6155,a2e8,92b1,7fbe,8e84,
6160,6155,a2e8,92b1,7fbe,5b78,
6161,6155,a2e8,92b1,7fbe,2947,
6162,6155,a2e8,92b1,7fbe,85c4,
6163,6155,a2e8,92b1,7fbe,7f4b,
6164,00d3,b2ea,92b1,7fbe,9caf,
6165,615d,a2e8,92b1,7fbe,3d42,
6166,6155,a2e8,92b1,7fbe,1d41,
6167,7155,a2e8,92b1,7fbe,d79c,
6168,6155,a2e8,92b1,7fbe,6a5a,
6169,7391,a2e8,e42f,7fbe,769e,
6170,0000,a2e8,f7b4,7fbe,6505,
6171,6155,a2e8,92b1,7fbe,4893,
6172,634d,a2e8,92b1,7fbe,655d,
6173,6155,a2e8,92b1,7fbe,02c5,
6174,6155,a2e8,92b1,7fbe,18bf,
6175,6155,a2e8,92b1,7fbe,b15b,
6176,6155,a2e8,92b1,7fbe,522c,
6177,6154,a2e8,92b1,7fbe,a0ab,
6178,6155,a2e8,92b1,7fbe,f40b,
6179,6115,a2e8,92b1,7fbe,4273,
6180,6155,a2e8,92b1,7fbe,4ce6,
6181,6155,a2e8,92b1,7fbe,805f,
6182,6155,a2e8,92b1,7fbe,d21f,
6183,6155,a2e8,92b1,7fbe,731f,
6184,6155,a2e8,92b1,7fbe,44b2,
6185,6155,a2e8,92b1,7fbe,666a,
6186,6155,a2e8,92b1,7fbe,4294,
6187,9157,a2e8,92b1,7fbe,e2d5,
6188,6155,a2e8,92b1,7fbe,f492,
6189,7555,a2e8,92b1,7fbe,95f8,
6190,6155,a2e8,92b1,7fbe,b4d2,
6191,6155,a2e8,92b1,7fbe,5b57,
6192,7155,a2e8,92b1,7fbe,9dd5,
6193,6155,a2e8,92b1,7fbe,8e97,
6194,6155,a2e8,92b1,7fbe,15bc,
6195,6155,a2e8,92b1,7fbe,b71f,
6196,6155,a2e8,92b1,7fbe,5e9c,
6197,a1e4,a2e8,506e,7fbe,c2df,
6198,4318,a3aa,aa31,6fbe,779c,
6199,5957,b2e8,92b1,7fbe,608d,
6200,0000,f3ec,92b1,7fbe,9a56,
6201,6015,a2e8,92b1,7fbe,fa90,
6202,6155,a2e8,92b1,7fbe,20b9,
6203,6155,a2e8,92b1,7fbe,e065,
6204,6155,a2e8,92b1,7fbe,31f6,
6205,6155,a2e8,92b1,7fbe,4853,
6206,6155,a2e8,92b1,7fbe,a9bb,
6207,6155,a2e8,92b1,7fbe,f41b,
6208,6155,a2e8,92b1,7fbe,83af,
6209,6155,a2e8,92b1,7fbe,1ce0,
6210,6155,a2e8,92b1,7fbe,22c2,
6211,6155,a2e8,92b1,7fbe,07c4,
6212,6155,a2e8,92b1,7fbe,03d7,
6213,6155,a2e8,92b1,7fbe,40d4,
6214,6155,a2e8,92b1,7fbe,731e,
6215,6155,a2e8,92b1,7fbe,7dcc,
6216,1051,82e8,92b1,7fbe,8cae,
6217,6155,a2e8,92b1,7fbe,6e12,
6218,6155,a2e8,92b1,7fbe,2912,
6219,6155,a2e8,92b1,7fbe,fcd7,
6220,e955,a2e8,92b1,7fbe,8964,
6221,6526,e2b8,1291,7fbe,5263,
6222,6155,a2e8,92b1,7fbe,4a18,
6223,6155,a2e8,92b1,7fbe,ef91,
6224,6155,a2e8,92b1,7fbe,35f0,
6225,6055,2ee8,96b1,7fbe,a0a6,
6226,6155,a2e8,92b1,7fbe,53d3,
6227,6155,a2e8,92b1,7fbe,1905,
6228,6b6b,a2e8,745a,7fbe,e6eb,
6229,6155,a2e8,92b1,7fbe,df0b,
6230,7155,a2e8,92b1,7fbe,9666,
6231,6155,a2e8,92b1,7fbe,98e0,
6232,6155,a2e8,92b1,7fbe,42ae,
6233,6355,a2e8,92b1,7fbe,1424,
6234,0000,8a28,189b,7fbe,7c98,
6235,6155,a2e8,92b1,7fbe,09fb,
6236,6355,a2e8,92b1,7fbe,5dc5,
6237,6155,a2e8,92b1,7fbe,85be,
6238,61d5,a2e8,92b1,7fbe,7189,
6239,79d5,b2e8,92b1,7fbe,5897,
6240,6155,a2e8,92b1,7fbe,5810,
6241,6957,a2e8,92b1,7fbe,dac8,
6242,6117,a2e8,92b1,7fbe,5e0a,
6243,e155,a2e8,92b1,7fbe,d06d,
6244,7157,a2e8,92b1,7fbe,1222,
6245,6155,a2e8,92b1,7fbe,9157,
6246,6155,a2e8,92b1,7fbe,380a,
6247,6175,a2e8,92b1,7fbe,4ca3,
6248,6155,a2e8,92b1,7fbe,0f6f,
6249,6155,a2e8,92b1,7fbe,ee24,
6250,6155,a2e8,92b1,7fbe,4155,
6251,6155,a2e8,92b1,7fbe,377e,
6252,6115,a2e8,92b1,7fbe,1f76,
6253,6155,a2e8,92b1,7fbe,09ae,
6254,6115,a2e8,92b1,7fbe,d72b,
6255,6155,a2e8,92b1,7fbe,1db9,
6256,6155,a2e8,92b1,7fbe,abad,
6257,6155,a2e8,92b1,7fbe,0323,
6258,6155,a2e8,92b1,7fbe,6af9,
6259,6155,a2e8,92b1,7fbe,e5f0,
6260,0000,2204,9e80,7fbe,96c6,
6261,51d5,b2e8,92b1,7fbe,11c1,
6262,6155,a2e8,92b1,7fbe,9d52,
6263,6155,a2e8,92b1,7fbe,0b87,
6264,66dc,a2e8,92b1,7fbe,0789,
6265,6155,a2e8,92b1,7fbe,24c1,
6266,7155,a2e8,92b1,7fbe,5fb7,
6267,cfe5,a2e8,eba0,7fbe,7911,
6268,6155,a2e8,92b1,7fbe,5500,
6269,6155,a2e8,92b1,7fbe,4057,
6270,6155,a2e8,92b1,7fbe,5844,
6271,6155,a2e8,92b1,7fbe,11c4,
6272,4bc5,b2e8,92b1,7fbe,49a8,
6273,6155,a2e8,92b1,7fbe,ef51,
6274,0000,13c8,92b1,7fbe,d714,
6275,5a51,a2e8,92b1,7fbe,2b04,
6276,6955,a2e8,92b1,7fbe,da35,
6277,6175,a2e8,92b1,7fbe,8fc9,
6278,6155,a2e8,92b1,7fbe,3b76,
6279,6155,a2e8,92b1,7fbe,784c,
6280,6155,a2e8,92b1,7fbe,32e9,
6281,6155,a2e8,92b1,7fbe,8b59,
6282,6155,a2e8,92b1,7fbe,f4d0,
6283,6151,a2e8,92b1,7fbe,a117,
6284,6155,a2e8,92b1,7fbe,2212,
6285,6197,a2e8,92b1,7fbe,5ac3,
6286,6155,a2e8,92b1,7fbe,9a01,
6287,6155,a2e8,92b1,7fbe,326f,
6288,6155,a2e8,92b1,7fbe,c595,
6289,4155,a2e8,92b1,7fbe,6b3f,
6290,6051,a268,92b1,7fbe,8af8,
6291,6155,a2e8,92b1,7fbe,165f,
6292,6175,a2e8,92b1,7fbe,2c55,
6293,6155,a2e8,92b1,7fbe,7691,
6294,0000,b09c,92b1,7fbe,bc49,
6295,08c9,a2a0,92b1,7fbe,ae23,
6296,6155,a2e8,92b1,7fbe,c888,
6297,6151,a2e8,92b1,7fbe,1907,
6298,6155,a2e8,92b1,7fbe,1e50,
6299,6155,a2e8,92b1,7fbe,57aa,
6300,6155,a2e8,92b1,7fbe,c62f,
6301,6155,a2e8,92b1,7fbe,1394,
6302,57d9,a2e8,fe8e,7fbe,6c3f,
6303,6955,a2e8,92b1,7fbe,7554,
6304,61d5,a2e8,92b1,7fbe,be20,
6305,6155,a2e8,92b1,7fbe,ec27,
6306,0000,a2e8,23b7,7fbe,b106,
6307,6155,a2e8,92b1,7fbe,192d,
6308,6154,a2e8,92b1,7fbe,483d,
6309,6155,a2e8,92b1,7fbe,43d9,
6310,6955,a2e8,92b1,7fbe,a63f,
6311,6955,a2e8,92b1,7fbe,402f,
6312,6155,a2e8,92b1,7fbe,355f,
6313,6155,a2e8,92b1,7fbe,a4b4,
6314,6155,a2e8,92b1,7fbe,15e5,
6315,6155,a2e8,92b1,7fbe,420c,
6316,6155,a2e8,92b1,7fbe,558e,
6317,6155,a2e8,92b1,7fbe,38f1,
6318,69d5,a2a8,92b1,7fbe,08be,
6319,6155,a2e8,92b1,7fbe,204e,
6320,6155,a2e8,92b1,7fbe,c679,
6321,6155,a2e8,92b1,7fbe,16e7,
6322,6155,a2e8,92b1,7fbe,f584,
6323,6155,a2e8,92b1,7fbe,f229,
6324,6155,a2e8,92b1,7fbe,1110,
6325,6155,a2e8,92b1,7fbe,3d87,
6326,6155,a2e8,92b1,7fbe,039e,
6327,6155,a2e8,92b1,7fbe,d6d7,
6328,6155,a2e8,92b1,7fbe,8525,
6329,6155,a2e8,92b1,7fbe,5914,
6330,6155,a2e8,92b1,7fbe,63d4,
6331,6155,a2e8,92b1,7fbe,2d6b,
6332,6155,a2e8,92b1,7fbe,2050,
6333,0000,a2e8,93d4,7fbe,0165,
6334,6155,a2e8,92b1,7fbe,798c,
6335,6155,a2e8,92b1,7fbe,a636,
6336,6155,a2e8,92b1,7fbe,e77c,
6337,6115,a2e8,92b1,7fbe,7a22,
6338,6155,a2e8,92b1,7fbe,39cf,
6339,6155,a2e8,92b1,7fbe,6537,
6340,6155,a2e8,92b1,7fbe,e25c,
6341,6155,a2e8,92b1,7fbe,c39d,
6342,6155,a2e8,92b1,7fbe,00dc,
6343,6155,a2e8,92b1,7fbe,91fd,
6344,6175,a2e8,92b1,7fbe,0c3d,
6345,6955,a2e8,92b1,7fbe,02ea,
6346,7555,a2e8,92b1,7fbe,224a,
6347,6359,a2e8,92b1,7fbe,cadd,
6348,6355,a2e8,92b1,7fbe,eb31,
6349,6145,a2e8,92b1,7fbe,1db1,
6350,6155,a2e8,92b1,7fbe,e3d6,
6351,6155,a2e8,92b1,7fbe,33e2,
6352,5955,b2e8,92b1,7fbe,90f6,
6353,9ebc,a2e8,92b1,7fbe,ffa9,
6354,6155,a2e8,92b1,7fbe,21e4,
6355,69f5,a2a8,92b1,7fbe,906c,
6356,6155,a2e8,92b1,7fbe,c88d,
6357,6175,a2e8,92b1,7fbe,28fe,
6358,6155,a2e8,92b1,7fbe,2efe,
6359,6155,a2e8,92b1,7fbe,d424,
6360,6155,a2e8,92b1,7fbe,fd3b,
6361,6195,a2a8,92b1,7fbe,27dd,
6362,6155,a2e8,92b1,7fbe,3606,
6363,6155,a2e8,92b1,7fbe,82fe,
6364,6155,a2e8,92b1,7fbe,74be,
6365,6155,a2e8,92b1,7fbe,8006,
6366,6135,a2e8,92b1,7fbe,8071,
6367,4361,b238,9239,7fbe,4743,
6368,6155,a2e8,92b1,7fbe,73f3,
6369,6155,a2e8,92b1,7fbe,51c1,
6370,6155,a2e8,92b1,7fbe,8f2e,
6371,6155,a2e8,92b1,7fbe,d783,
6372,6155,a2e8,92b1,7fbe,377a,
6373,6155,a2e8,92b1,7fbe,7d63,
6374,7955,a2e8,92b1,7fbe,4943,
6375,6955,a2e8,92b1,7fbe,3986,
6376,6155,a2e8,92b1,7fbe,c2da,
6377,6155,a2e8,92b1,7fbe,d874,
6378,6155,a2e8,92b1,7fbe,118c,
6379,4554,a2e8,ed25,7fbe,7f94,
6380,6155,a2e8,92b1,7fbe,4862,
6381,6155,a2e8,92b1,7fbe,eeeb,
6382,6155,a2e8,92b1,7fbe,c834,
6383,6155,a2e8,92b1,7fbe,82d2,
6384,69b5,a2a8,92b1,7fbe,edad,
6385,6155,a2e8,92b1,7fbe,0d2f,
6386,6155,a2e8,92b1,7fbe,15a4,
6387,6155,a2e8,92b1,7fbe,acb3,
6388,6155,a2e8,92b1,7fbe,31c7,
6389,6616,a2e8,92b1,7fbe,0743,
6390,6155,a2e8,92b1,7fbe,5764,
6391,6155,a2e8,92b1,7fbe,35ee,
6392,6155,a2e8,92b1,7fbe,2494,
6393,6135,a2a8,92b1,7fbe,d310,
6394,6155,a2e8,92b1,7fbe,6756,
6395,7155,a2e8,92b1,7fbe,f938,
6396,6155,a2e8,92b1,7fbe,2f1d,
6397,6155,a2e8,92b1,7fbe,f539,
6398,4faf,b2d8,9a93,7fbf,e91f,
6399,6155,a2e8,92b1,7fbe,f653,
6400,6155,a2e8,92b1,7fbe,0283,
6401,6155,a2e8,92b1,7fbe,d1d3,
6402,69b4,a2a8,92b1,7fbe,cd94,
6403,6155,a2e8,92b1,7fbe,e201,
6404,6155,a2e8,92b1,7fbe,de86,
6405,6155,a2e8,92b1,7fbe,ecc4,
6406,6155,a2e8,92b1,7fbe,eefc,
6407,6155,a2e8,92b1,7fbe,56b1,
6408,6175,a2e8,92b1,7fbe,4c71,
6409,6145,a2e8,92b1,7fbe,b2e1,
6410,6155,a2e8,92b1,7fbe,cce9,
6411,6155,a2e8,92b1,7fbe,dd4b,
6412,6155,a2e8,92b1,7fbe,f876,
6413,6115,a2e8,92b1,7fbe,1f16,
6414,6155,a2e8,92b1,7fbe,916e,
6415,589e,b2ec,92b1,7fbe,83b1,
6416,51d7,b2e8,92b1,7fbe,85a0,
6417,6155,a2e8,92b1,7fbe,745c,
6418,6155,a2e8,92b1,7fbe,7642,
6419,6155,a2e8,92b1,7fbe,4265,
6420,6155,a2e8,92b1,7fbe,ea2f,
6421,6155,a2e8,92b1,7fbe,c130,
6422,6155,a2e8,92b1,7fbe,5c78,
6423,419b,c2e8,b2b1,7fbe,cc2c,
6424,6155,a2e8,92b1,7fbe,ac52,
6425,6155,a2e8,92b1,7fbe,2205,
6426,6155,a2e8,92b1,7fbe,eed7,
6427,6155,a2e8,92b1,7fbe,3f21,
6428,6155,a2e8,92b1,7fbe,a297,
6429,c90c,c154,94b1,7fbe,efac,
6430,6165,a2e8,92b1,7fbe,da74,
6431,6155,a2e8,92b1,7fbe,829b,
6432,6155,a2e8,92b1,7fbe,32ef,
6433,6155,a2e8,92b1,7fbe,06c6,
6434,6155,a2e8,92b1,7fbe,abe3,
6435,6155,a2e8,92b1,7fbe,38fe,
6436,7155,a2e8,92b1,7fbe,b6bb,
6437,7155,a2e8,92b1,7fbe,5b39,
6438,6155,a2e8,92b1,7fbe,c6c0,
6439,6155,a2e8,92b1,7fbe,7172,
6440,6155,a2e8,92b1,7fbe,58a6,
6441,6155,a2e8,92b1,7fbe,0b81,
6442,6155,a2e8,92b1,7fbe,3e62,
6443,6155,a2e8,92b1,7fbe,7d68,
6444,7955,a2e8,92b1,7fbe,47b2,
6445,0000,600c,c0f8,7fbe,e57d,
6446,0000,8ac8,92b1,7fbe,fb73,
6447,6155,a2e8,92b1,7fbe,cbad,
6448,6051,a2e8,92b1,7fbe,ed6e,
6449,6155,a2e8,92b1,7fbe,d5c6,
6450,6155,a2e8,92b1,7fbe,c10e,
6451,6155,a2e8,92b1,7fbe,a79d,
6452,6155,a2e8,92b1,7fbe,2c2d,
6453,0000,dd57,1481,7fbe,f7cf,
6454,6955,a2e8,92b1,7fbe,3a10,
6455,6155,a2e8,92b1,7fbe,78db,
6456,6155,a2e8,92b1,7fbe,c26f,
6457,6155,a2e8,92b1,7fbe,cd88,
6458,6155,a2e8,92b1,7fbe,1267,
6459,6155,a2e8,92b1,7fbe,8c9e,
6460,6955,a2e8,92b1,7fbe,b9c9,
6461,6155,a2e8,92b1,7fbe,2a73,
6462,6155,a2e8,92b1,7fbe,2285,
6463,6155,a2e8,92b1,7fbe,c1fd,
6464,6155,a2e8,92b1,7fbe,8c86,
6465,6155,a2e8,92b1,7fbe,c02e,
6466,6155,a2e8,92b1,7fbe,e7ba,
6467,4115,a2e8,92b1,7fbe,2cdf,
6468,6175,a2e8,92b1,7fbe,1264,
6469,e151,a2e8,92b1,7fbe,d3ef,
6470,6155,a2e8,92b1,7fbe,48a0,
6471,6155,a2e8,92b1,7fbe,258f,
6472,6155,a2e8,92b1,7fbe,c81d,
6473,8660,a2e8,92b1,7fbe,e575,
6474,f21f,a3fc,92b9,7fbe,bf74,
6475,6155,a2e8,92b1,7fbe,11af,
6476,6955,a2e8,92b1,7fbe,b279,
6477,6155,a2e8,92b1,7fbe,f0af,
6478,6955,a2e8,92b1,7fbe,97aa,
6479,6155,a2e8,92b1,7fbe,bf56,
6480,6155,a2e8,92b1,7fbe,ddea,
6481,7155,a2e8,92b1,7fbe,303d,
6482,6155,a2e8,92b1,7fbe,95b4,
6483,6155,a2e8,92b1,7fbe,e83f,
6484,6155,a2e8,92b1,7fbe,f0a6,
6485,6155,a2e8,92b1,7fbe,9f58,
6486,69b7,a2a8,92b1,7fbe,90c7,
6487,0000,ff48,b6a1,7fbe,a780,
6488,6117,a2a8,92b1,7fbe,e94d,
6489,0000,11fb,d2b1,7fbe,131b,
6490,6155,a2e8,92b1,7fbe,1bcb,
6491,6155,a2e8,92b1,7fbe,3807,
6492,6155,a2e8,92b1,7fbe,30f4,
6493,6175,a2e8,92b1,7fbe,653a,
6494,6155,a2e8,92b1,7fbe,0c54,
6495,6155,a2e8,92b1,7fbe,5277,
6496,21d1,a2e8,92b1,7fbe,d3cc,
6497,6155,a2e8,92b1,7fbe,f7a3,
6498,6155,a2e8,92b1,7fbe,92fc,
6499,6155,a2e8,92b1,7fbe,de4d,
6500,6155,a2e8,92b1,7fbe,df56,
6501,e175,a2e8,92b1,7fbe,e40a,
6502,0000,b3bc,92b1,7fbe,70aa,
6503,6155,a2e8,92b1,7fbe,3885,
6504,6155,a2e8,92b1,7fbe,3144,
6505,6155,a2e8,92b1,7fbe,42fb,
6506,6155,a2e8,92b1,7fbe,5fcc,
6507,6155,a2e8,92b1,7fbe,19e8,
6508,e155,a2e8,92b1,7fbe,a32b,
6509,6155,a2e8,92b1,7fbe,39a2,
6510,7955,aae8,92b1,7fbe,0f49,
6511,6155,a2e8,92b1,7fbe,7cf9,
6512,6155,a2e8,92b1,7fbe,fdd0,
6513,61d5,a2a8,92b1,7fbe,c85e,
6514,6155,a2e8,92b1,7fbe,0748,
6515,2004,aac8,96b1,7fbe,a73f,
6516,6155,a2e8,92b1,7fbe,b02f,
6517,6155,a2e8,92b1,7fbe,6824,
6518,4155,a2e8,92b1,7fbe,fe3d,
6519,5155,a2e8,92b1,7fbe,e749,
6520,6155,a2e8,92b1,7fbe,43c4,
6521,7115,a2e8,92b1,7fbe,719c,
6522,6155,a2e8,92b1,7fbe,7341,
6523,41bd,a2a8,92b1,7fbe,a0d7,
6524,2645,a0e8,92b1,7fbe,b99f,
6525,7155,a2e8,92b1,7fbe,f1e6,
6526,0000,a0e1,92b1,7fbe,8861,
6527,6155,a2e8,92b1,7fbe,4c47,
6528,6155,a2e8,92b1,7fbe,110b,
6529,6155,a2e8,92b1,7fbe,ebd1,
6530,6155,a2e8,92b1,7fbe,e418,
6531,6155,a2e8,92b1,7fbe,cefd,
6532,6155,a2e8,92b1,7fbe,a2df,
6533,6155,a2e8,92b1,7fbe,56f9,
6534,6155,a2e8,92b1,7fbe,dd12,
6535,6155,a2e8,92b1,7fbe,9faa,
6536,6155,a2e8,92b1,7fbe,9236,
6537,6155,a2e8,92b1,7fbe,e0e1,
6538,6155,a2e8,92b1,7fbe,c8fd,
6539,0000,b62b,92b1,7fbe,160d,
6540,0000,a2e8,a47e,7fbe,36cf,
6541,6155,a2e8,92b1,7fbe,6c62,
6542,6155,a2e8,92b1,7fbe,2415,
6543,6155,a2e8,92b1,7fbe,d7f0,
6544,6155,a2e8,92b1,7fbe,33b3,
6545,6155,a2e8,92b1,7fbe,9387,
6546,a175,a2e8,92b1,7fbe,dffb,
6547,6155,a2e8,92b1,7fbe,a8a1,
6548,6155,a2e8,92b1,7fbe,b348,
6549,6155,a2e8,92b1,7fbe,df13,
6550,6155,a2e8,92b1,7fbe,0281,
6551,6155,a2e8,92b1,7fbe,cb61,
6552,6155,a2e8,92b1,7fbe,b541,
6553,6155,a2e8,92b1,7fbe,9ff0,
6554,6155,a2e8,92b1,7fbe,db77,
6555,6155,a2e8,92b1,7fbe,12c0,
6556,2155,a2e8,92b1,7fbe,49eb,
6557,6155,a2e8,92b1,7fbe,2fdc,
6558,6155,a2e8,92b1,7fbe,5472,
6559,2a94,a2e8,92b1,7fbe,4bc1,
6560,6975,a688,9291,7fbe,48c5,
6561,45d2,8ae8,82b1,7fbe,6ad0,
6562,6155,a2e8,92b1,7fbe,4359,
6563,6155,a2e8,92b1,7fbe,1a04,
6564,2175,e2f8,92b1,7fbe,01a5,
6565,2145,a2e8,92b1,7fbe,f3cb,
6566,6155,a2e8,92b1,7fbe,4584,
6567,6155,a2e8,92b1,7fbe,76f4,
6568,6155,a2e8,92b1,7fbe,4887,
6569,6115,a2e8,92b1,7fbe,b22e,
6570,6155,a2e8,92b1,7fbe,a3ba,
6571,e175,a2e8,92b1,7fbe,84cc,
6572,6155,a2e8,92b1,7fbe,b118,
6573,61d5,a2e8,92b1,7fbe,5e68,
6574,6155,a2e8,92b1,7fbe,a527,
6575,6155,a2e8,92b1,7fbe,9562,
6576,6155,a2e8,92b1,7fbe,ee22,
6577,6175,a2e8,92b1,7fbe,6219,
6578,6155,a2e8,92b1,7fbe,b291,
6579,6155,a2e8,92b1,7fbe,6469,
6580,6155,a2e8,92b1,7fbe,342a,
6581,6955,a2e8,92b1,7fbe,48f7,
6582,6155,a2e8,92b1,7fbe,3165,
6583,6155,a2e8,92b1,7fbe,f9e3,
6584,6155,a2e8,92b1,7fbe,414c,
6585,6155,a2e8,92b1,7fbe,13df,
6586,6155,a2e8,92b1,7fbe,0c80,
6587,6155,a2e8,92b1,7fbe,7ba9,
6588,6155,a2e8,92b1,7fbe,2bf9,
6589,6155,a2e8,92b1,7fbe,229f,
6590,6155,a2e8,92b1,7fbe,972e,
6591,6155,a2e8,92b1,7fbe,4a52,
6592,6917,a2e8,92b1,7fbe,6c7b,
6593,6155,a2e8,92b1,7fbe,891f,
6594,6155,a2e8,92b1,7fbe,8786,
6595,6155,a2e8,92b1,7fbe,6780,
6596,6155,a2e8,92b1,7fbe,4034,
6597,6155,a2e8,92b1,7fbe,2899,
6598,6155,a2e8,92b1,7fbe,05d4,
6599,4175,b2a8,92b1,7fbe,e50a,
6600,6157,a2e8,92b1,7fbe,185c,
6601,0000,a2e8,b266,7fbe,20d7,
6602,7155,a2e8,92b1,7fbe,724f,
6603,6155,a2e8,92b1,7fbe,74df,
6604,6155,a2e8,92b1,7fbe,e7fe,
6605,6155,a2e8,92b1,7fbe,202f,
6606,6155,a2e8,92b1,7fbe,7ec4,
6607,6955,a2e8,92b1,7fbe,3dda,
6608,0000,dcf2,c724,7fbe,4ce5,
6609,6155,a2e8,92b1,7fbe,6ab2,
6610,6155,a2e8,92b1,7fbe,6aed,
6611,6155,a2e8,92b1,7fbe,a3bc,
6612,427a,5611,b333,7fbe,863b,
6613,6155,a2e8,92b1,7fbe,e66d,
6614,6155,a2e8,92b1,7fbe,3f88,
6615,7155,a2e8,92b1,7fbe,ab38,
6616,6155,a2e8,92b1,7fbe,d365,
6617,e1f7,a2e8,92b1,7fbe,fd4f,
6618,6115,a2e8,92b1,7fbe,ea3b,
6619,6155,a2e8,92b1,7fbe,0f93,
6620,7155,a2e8,92b1,7fbe,8f64,
6621,6155,a2e8,92b1,7fbe,398f,
6622,6155,a2e8,92b1,7fbe,4334,
6623,6115,a2e8,92b1,7fbe,0ed3,
6624,6155,a2e8,92b1,7fbe,bd34,
6625,6155,a2e8,92b1,7fbe,b26c,
6626,6155,a2e8,92b1,7fbe,4302,
6627,6145,a2e8,92b1,7fbe,2639,
6628,6115,a2e8,92b1,7fbe,31a6,
6629,6155,a2e8,92b1,7fbe,7c24,
6630,c194,aaac,9ab3,7fbe,9351,
6631,6955,a2e8,92b1,7fbe,ac8b,
6632,6155,a2e8,92b1,7fbe,aff6,
6633,6155,a2e8,92b1,7fbe,ee61,
6634,6155,a2e8,92b1,7fbe,6ec2,
6635,6155,a2e8,92b1,7fbe,8fa8,
6636,6155,a2e8,92b1,7fbe,620a,
6637,0000,8e3a,9eb1,7fbe,b6f2,
6638,6155,a2e8,92b1,7fbe,7a1c,
6639,6155,a2e8,92b1,7fbe,72c7,
6640,6545,a2e8,92b1,7fbe,a87f,
6641,6155,a2e8,92b1,7fbe,3d04,
6642,6155,a2e8,92b1,7fbe,b27b,
6643,6155,a2e8,92b1,7fbe,080a,
6644,72cb,a2e2,92b1,7fbe,ea1d,
6645,6155,a2e8,92b1,7fbe,96d8,
6646,0000,a2e8,5c75,7fbe,cec4,
6647,6155,a2e8,92b1,7fbe,2175,
6648,e175,a2e8,92b1,7fbe,f4f6,
6649,6155,a2e8,92b1,7fbe,643c,
6650,6155,a2e8,92b1,7fbe,f48d,
6651,0000,a2e8,8495,7fbe,1624,
6652,6155,a2e8,92b1,7fbe,45e4,
6653,6155,a2e8,92b1,7fbe,2a80,
6654,6155,a2e8,92b1,7fbe,ec89,
6655,0000,30c4,92b1,7fbe,026c,
6656,6155,a2e8,92b1,7fbe,6773,
6657,6155,a2e8,92b1,7fbe,3597,
6658,6155,a2e8,92b1,7fbe,e06e,
6659,6155,a2e8,92b1,7fbe,9b5c,
6660,6355,a2e8,92b1,7fbe,c752,
6661,415d,b2ec,92b1,7fbe,d378,
6662,6155,a2e8,92b1,7fbe,9638,
6663,6155,a2e8,92b1,7fbe,19d0,
6664,6155,a2e8,92b1,7fbe,5e5f,
6665,6155,a2e8,92b1,7fbe,2155,
6666,6155,a2e8,92b1,7fbe,2ff9,
6667,6155,a2e8,92b1,7fbe,cb9f,
6668,5157,b2e8,92b1,7fbe,26d7,
6669,6155,a2e8,92b1,7fbe,6d28,
6670,6155,a2e8,92b1,7fbe,0b20,
6671,6155,a2e8,92b1,7fbe,9929,
6672,a7d9,a2e8,2af2,7fbe,b843,
6673,6155,a2e8,92b1,7fbe,dc3d,
6674,6155,a2e8,92b1,7fbe,a0a7,
6675,6155,a2e8,92b1,7fbe,3dce,
6676,6955,a2e8,92b1,7fbe,7dd6,
6677,e179,a2e8,92b1,7fbe,9eee,
6678,6155,a2e8,92b1,7fbe,4aa6,
6679,0000,a2e8,a2af,7fbe,301e,
6680,6155,a2e8,92b1,7fbe,2b8b,
6681,6155,a2e8,92b1,7fbe,77de,
6682,4155,a2e8,92b1,7fbe,7217,
6683,2155,a2e8,92b1,7fbe,cff1,
6684,6155,a2e8,92b1,7fbe,f508,
6685,6155,a2e8,92b1,7fbe,0491,
6686,6155,a2e8,92b1,7fbe,2f23,
6687,0000,a2e8,3e63,7fbe,acd2,
6688,6155,a2e8,92b1,7fbe,031e,
6689,6155,a2e8,92b1,7fbe,c1b7,
6690,6155,a2e8,92b1,7fbe,a583,
6691,6155,a2e8,92b1,7fbe,0daf,
6692,6155,a2e8,92b1,7fbe,a911,
6693,6155,a2e8,92b1,7fbe,4695,
6694,6195,82e8,82b1,7fbe,8ef4,
6695,6155,a2e8,92b1,7fbe,46eb,
6696,6155,a2e8,92b1,7fbe,e4ec,
6697,6155,a2e8,92b1,7fbe,7c7d,
6698,6155,a2e8,92b1,7fbe,ce76,
6699,6155,a2e8,92b1,7fbe,e523,
6700,6155,a2e8,92b1,7fbe,ab65,
6701,6155,a2e8,92b1,7fbe,75ed,
6702,6155,a2e8,92b1,7fbe,855a,
6703,6155,a2e8,92b1,7fbe,ed8f,
6704,9b98,a2a8,92b1,7fbe,06e7,
6705,f5cc,27eb,90b0,7fbe,35b6,
6706,6155,a2e8,92b1,7fbe,2e55,
6707,6155,a2e8,92b1,7fbe,1795,
6708,ac53,a2e8,07c2,7fbe,9573,
6709,6115,a2e8,92b1,7fbe,99f4,
6710,6155,a2e8,92b1,7fbe,8e6c,
6711,6155,a2e8,92b1,7fbe,78a3,
6712,6155,a2e8,92b1,7fbe,9824,
6713,e115,a2e8,92b1,7fbe,d9fe,
6714,6155,a2e8,92b1,7fbe,0b7c,
6715,6155,a2e8,92b1,7fbe,404a,
6716,6155,a2e8,92b1,7fbe,b6a5,
6717,6155,a2e8,92b1,7fbe,f03c,
6718,6155,a2e8,92b1,7fbe,c533,
6719,6155,a2e8,92b1,7fbe,084d,
6720,6155,a2e8,92b1,7fbe,72d4,
6721,6155,a2e8,92b1,7fbe,1473,
6722,6155,a2e8,92b1,7fbe,e8a9,
6723,6155,a2e8,92b1,7fbe,5d23,
6724,6155,a2e8,92b1,7fbe,306f,
6725,71d7,b2e8,92b1,7fbe,b037,
6726,0000,82e8,f1e4,7fbe,6355,
6727,6155,a2e8,92b1,7fbe,d845,
6728,6155,a2e8,92b1,7fbe,f426,
6729,6155,a2e8,92b1,7fbe,0d04,
6730,6955,a2e8,92b1,7fbe,2903,
6731,6d55,a2e8,92b1,7fbe,121f,
6732,6175,a2e8,92b1,7fbe,fe0a,
6733,6155,a2e8,92b1,7fbe,4101,
6734,0000,6f8b,318d,7fbe,1ec8,
6735,6155,a2e8,92b1,7fbe,a225,
6736,6175,a2e8,92b1,7fbe,7666,
6737,6155,a2e8,92b1,7fbe,7fa9,
6738,6155,a2e8,92b1,7fbe,43c5,
6739,6155,a2e8,92b1,7fbe,93fc,
6740,6150,a2ea,92b1,7fbe,e51d,
6741,0000,9bc0,0ab6,7fbe,9807,
6742,6155,a2e8,92b1,7fbe,ab6b,
6743,6155,a2e8,92b1,7fbe,c705,
6744,ba0c,e6a6,16f0,7fbe,c69d,
6745,6175,a2e8,92b1,7fbe,b9fd,
6746,6155,a2e8,92b1,7fbe,683a,
6747,6115,a2e8,92b1,7fbe,4578,
6748,6155,a2e8,92b1,7fbe,8993,
6749,6155,a2e8,92b1,7fbe,6692,
6750,6155,a2e8,92b1,7fbe,1fa7,
6751,6155,a2e8,92b1,7fbe,07e0,
6752,0000,a2e8,5dff,7fbe,cf4e,
6753,f7d1,a2e8,6cc2,7fbe,fe73,
6754,6155,a2e8,92b1,7fbe,d5ea,
6755,6935,a2a8,92b1,7fbe,7a93,
6756,0000,caf0,92b1,7fbe,314a,
6757,6155,a2e8,92b1,7fbe,b16c,
6758,5515,b2e9,82b0,77be,0800,
6759,6155,a2e8,92b1,7fbe,92bf,
6760,6155,a2e8,92b1,7fbe,e0c5,
6761,6155,a2e8,92b1,7fbe,28b6,
6762,6155,a2e8,92b1,7fbe,7b58,
6763,7155,a2e8,92b1,7fbe,7cfa,
6764,6155,a2e8,92b1,7fbe,2c01,
6765,6155,a2e8,92b1,7fbe,b371,
6766,ab75,ace8,96b1,7fbe,c4bc,
6767,01e6,c2e0,92b1,7fbe,04e7,
6768,e155,a2e8,92b1,7fbe,c9f1,
6769,7155,a2e8,92b1,7fbe,cc9d,
6770,0000,8c80,1486,7fbe,3fba,
6771,6155,a2e8,92b1,7fbe,ecf9,
6772,6955,a2e8,92b1,7fbe,4ec2,
6773,6955,a2e8,92b1,7fbe,3377,
6774,6155,a2e8,92b1,7fbe,b417,
6775,6155,a2e8,92b1,7fbe,f658,
6776,40e5,a2e8,92b1,7fbe,21b0,
6777,6155,a2e8,92b1,7fbe,6ef6,
6778,0000,12cc,92b1,7fbe,dafc,
6779,6155,a2e8,92b1,7fbe,e5a7,
6780,6155,a2e8,92b1,7fbe,42c0,
6781,0000,063a,92b1,7fbe,d24a,
6782,6155,a2e8,92b1,7fbe,a979,
6783,695f,a289,9291,7fbe,a165,
6784,6155,a2e8,92b1,7fbe,1bea,
6785,61d5,a2e8,92b1,7fbe,9ba9,
6786,0000,13c6,88f9,7fbe,14dd,
6787,6155,a2e8,92b1,7fbe,845a,
6788,6175,a2e8,92b1,7fbe,e458,
6789,6155,a2e8,92b1,7fbe,cd84,
6790,6155,a2e8,92b1,7fbe,ae09,
6791,6155,a2e8,92b1,7fbe,a7ac,
6792,6155,a2e8,92b1,7fbe,af87,
6793,6957,a2e8,92b1,7fbe,b605,
6794,7151,a2e8,92b1,7fbe,6ad5,
6795,415b,eaee,c2b1,5fbe,fd87,
6796,6155,a2e8,92b1,7fbe,078c,
6797,6155,a2e8,92b1,7fbe,cedc,
6798,6155,a2e8,92b1,7fbe,8d01,
6799,8c50,a2e8,ab32,7fbe,3983,
6800,6155,a2e8,92b1,7fbe,298f,
6801,6155,a2e8,92b1,7fbe,6868,
6802,6155,a2e8,92b1,7fbe,a0ca,
6803,6155,a2e8,92b1,7fbe,e5de,
6804,6155,a2e8,92b1,7fbe,7fc5,
6805,6155,a2e8,92b1,7fbe,c2d9,
6806,6155,a2e8,92b1,7fbe,fa03,
6807,6155,a2e8,92b1,7fbe,994a,
6808,6155,a2e8,92b1,7fbe,9ed1,
6809,6155,a2e8,92b1,7fbe,fbbd,
6810,0000,92a8,92b1,7fbe,fac1,
6811,6155,a2e8,92b1,7fbe,0ffe,
6812,6155,a2e8,92b1,7fbe,f111,
6813,6155,a2e8,92b1,7fbe,eecf,
6814,6155,a2e8,92b1,7fbe,2c0b,
6815,4157,b2e8,92b1,7fbe,143b,
6816,6155,a2e8,92b1,7fbe,9e80,
6817,6155,a2e8,92b1,7fbe,899f,
6818,6155,a2e8,92b1,7fbe,8ec9,
6819,6155,a2e8,92b1,7fbe,335c,
6820,6155,a2e8,92b1,7fbe,9959,
6821,7155,a2e8,92b1,7fbe,58f4,
6822,6155,a2e8,92b1,7fbe,0cc5,
6823,6155,a2e8,92b1,7fbe,a41e,
6824,6155,a2e8,92b1,7fbe,d0b0,
6825,6155,a2e8,92b1,7fbe,d0e4,
6826,6155,a2e8,92b1,7fbe,39fa,
6827,6155,a2e8,92b1,7fbe,b815,
6828,6155,a2e8,92b1,7fbe,b3ba,
6829,6155,a2e8,92b1,7fbe,2283,
6830,6155,a2e8,92b1,7fbe,bb9a,
6831,6955,a2e8,92b1,7fbe,b9a7,
6832,6155,a2e8,92b1,7fbe,eafa,
6833,0000,b3ec,92b1,7fbe,3cc9,
6834,20c2,e362,11b5,7fbe,c781,
6835,6155,a2e8,92b1,7fbe,b480,
6836,6155,a2e8,92b1,7fbe,602d,
6837,6155,a2e8,92b1,7fbe,299d,
6838,61d5,a2e8,92b1,7fbe,c759,
6839,6155,a2e8,92b1,7fbe,087b,
6840,6155,a2e8,92b1,7fbe,ecce,
6841,7175,a2e8,92b1,7fbe,a59f,
6842,6155,a2e8,92b1,7fbe,413d,
6843,6155,a2e8,92b1,7fbe,ae17,
6844,6155,a2e8,92b1,7fbe,86e0,
6845,6155,a2e8,92b1,7fbe,1e28,
6846,7155,a2e8,92b1,7fbe,d4c7,
6847,6155,a2e8,92b1,7fbe,f01d,
6848,6155,a2e8,92b1,7fbe,83e9,
6849,6155,a2e8,92b1,7fbe,1add,
6850,6155,a2e8,92b1,7fbe,2919,
6851,6155,a2e8,92b1,7fbe,74f2,
6852,6155,a2e8,92b1,7fbe,0c0e,
6853,6155,a2e8,92b1,7fbe,123f,
6854,425d,a3e8,92b1,7fbe,b1f1,
6855,0000,a2e8,1c94,7fbe,8e25,
6856,7115,a2e8,92b1,7fbe,87f5,
6857,6155,a2e8,92b1,7fbe,c4ec,
6858,0000,a17e,5576,7fbe,a578,
6859,6155,a2e8,92b1,7fbe,bde6,
6860,cb5d,a2e8,92b1,7fbe,ea5f,
6861,2155,a2e8,92b1,7fbe,7838,
6862,2157,a2e8,92b1,7fbe,6253,
6863,6155,a2e8,92b1,7fbe,1967,
6864,6155,a2e8,92b1,7fbe,97b0,
6865,6515,aa68,92f1,7fbe,adeb,
6866,69f5,a2a8,92b1,7fbe,6f65,
6867,6155,a2e8,92b1,7fbe,893d,
6868,6155,a2e8,92b1,7fbe,c255,
6869,6175,a2e8,92b1,7fbe,b4b9,
6870,0000,a8a3,92b1,7fbe,1860,
6871,6155,a2e8,92b1,7fbe,66f2,
6872,6155,a2e8,92b1,7fbe,66ca,
6873,6155,a2e8,92b1,7fbe,edba,
6874,4155,a2e8,92b1,7fbe,a90b,
6875,6155,a2e8,92b1,7fbe,191c,
6876,6155,a2e8,92b1,7fbe,5682,
6877,6155,a2e8,92b1,7fbe,9209,
6878,6155,a2e8,92b1,7fbe,5297,
6879,6155,a2e8,92b1,7fbe,ff4d,
6880,6155,a2e8,92b1,7fbe,6944,
6881,6155,a2e8,92b1,7fbe,cadf,
6882,6155,a2e8,92b1,7fbe,6cc6,
6883,6545,a2e8,92b1,7fbe,a73a,
6884,6155,a2e8,92b1,7fbe,58ed,
6885,6175,a2e8,92b1,7fbe,0e0b,
6886,6155,a2e8,92b1,7fbe,df9f,
6887,6155,a2e8,92b1,7fbe,e321,
6888,6155,a2e8,92b1,7fbe,06bf,
6889,6155,a2e8,92b1,7fbe,0069,
6890,6155,a2e8,92b1,7fbe,8c5e,
6891,6155,a2e8,92b1,7fbe,31e0,
6892,63d5,a3e8,92b1,7fbe,28dc,
6893,6155,a2e8,92b1,7fbe,fb21,
6894,7155,a2e8,92b1,7fbe,9ea5,
6895,6155,a2e8,92b1,7fbe,1e23,
6896,6155,a2e8,92b1,7fbe,08b0,
6897,6155,a2e8,92b1,7fbe,88a4,
6898,6155,a2e8,92b1,7fbe,1a24,
6899,6155,a2e8,92b1,7fbe,b56c,
6900,6155,a2e8,92b1,7fbe,c83d,
6901,6155,a2e8,92b1,7fbe,6520,
6902,61d5,a2e8,92b1,7fbe,9813,
6903,6155,a2e8,92b1,7fbe,ce39,
6904,6155,a2e8,92b1,7fbe,ce8f,
6905,7155,a2e8,92b1,7fbe,e7f0,
6906,6155,a2e8,92b1,7fbe,64ec,
6907,6155,a2e8,92b1,7fbe,df82,
6908,604d,a2e0,92b1,7fbe,7ef8,
6909,6175,a2e8,92b1,7fbe,396d,
6910,6155,a2e8,92b1,7fbe,5c18,
6911,6155,a2e8,92b1,7fbe,5d59,
6912,6155,a2e8,92b1,7fbe,ae75,
6913,7155,a2e8,92b1,7fbe,02bc,
6914,6155,a2e8,92b1,7fbe,44b7,
6915,7155,a2e8,92b1,7fbe,3743,
6916,6155,a2e8,92b1,7fbe,bc0f,
6917,7551,22e8,12b0,ffbe,5319,
6918,6955,a2e8,92b1,7fbe,3d51,
6919,6955,a2e8,92b1,7fbe,7438,
6920,6155,a2e8,92b1,7fbe,31e1,
6921,0000,cba9,92b1,7fbe,f9be,
6922,3155,a2e8,92b1,7fbe,915b,
6923,d177,b2e8,92b1,7fbe,a543,
6924,6155,a2e8,92b1,7fbe,c80e,
6925,6155,a2e8,92b1,7fbe,d7b6,
6926,6155,a2e8,92b1,7fbe,4d59,
6927,6155,a2e8,92b1,7fbe,7cf8,
6928,6155,a2e8,92b1,7fbe,df4d,
6929,50a9,a2e8,92b1,7fbe,363e,
6930,6155,a2e8,92b1,7fbe,929d,
6931,6155,a2e8,92b1,7fbe,1fef,
6932,6135,a2e8,92b1,7fbe,8071,
6933,4302,ce75,b6d8,7fbe,2861,
6934,6155,a2e8,92b1,7fbe,c035,
6935,6155,a2e8,92b1,7fbe,b4d2,
6936,6155,a2e8,92b1,7fbe,2635,
6937,6155,a2e8,92b1,7fbe,3a19,
6938,6155,a2e8,92b1,7fbe,7de5,
6939,7155,a2e8,92b1,7fbe,ea2c,
6940,6155,a2e8,92b1,7fbe,8646,
6941,6155,a2e8,92b1,7fbe,4f8f,
6942,6155,a2e8,92b1,7fbe,c822,
6943,6762,a2e8,92b1,7fbe,0637,
6944,6155,a2e8,92b1,7fbe,217c,
6945,6155,a2e8,92b1,7fbe,f0f4,
6946,0000,600c,c0f8,7fbe,e57d,
6947,6155,a2e8,92b1,7fbe,b32d,
6948,38f6,a2e8,778a,7fbe,e53b,
6949,6155,a2e8,92b1,7fbe,e3ed,
6950,6155,a2e8,92b1,7fbe,2a1a,
6951,6155,a2e8,92b1,7fbe,4532,
6952,6175,a2e8,92b1,7fbe,b199,
6953,4891,b268,92b1,7fbe,9b81,
6954,2155,a2e8,92b1,7fbe,e860,
6955,4155,b2e8,92b1,7fbe,c25b,
6956,6155,a2e8,92b1,7fbe,ecad,
6957,6955,a2e8,92b1,7fbe,ed12,
6958,3914,3ea2,92b7,7fbe,bc03,
6959,6155,a2e8,92b1,7fbe,4701,
6960,6559,02e0,d2b1,7fbe,a6d1,
6961,6155,a2e8,92b1,7fbe,40b0,
6962,6155,a2e8,92b1,7fbe,9901,
6963,6155,a2e8,92b1,7fbe,b92a,
6964,6155,a2e8,92b1,7fbe,962d,
6965,6051,a2e8,92b1,7fbe,2716,
6966,6155,a2e8,92b1,7fbe,2465,
6967,6955,a2e8,92b1,7fbe,a744,
6968,6155,a2e8,92b1,7fbe,9617,
6969,6155,a2e8,92b1,7fbe,abbe,
6970,6155,a2e8,92b1,7fbe,642c,
6971,6155,a2e8,92b1,7fbe,ef03,
6972,6155,a2e8,92b1,7fbe,eba9,
6973,6155,a2e8,92b1,7fbe,da3d,
6974,6b55,a6e8,92b1,7fbe,4ae6,
6975,e155,a2e8,92b1,7fbe,833e,
6976,3d45,aae8,92b1,7fbe,3a64,
6977,6155,a2e8,92b1,7fbe,3fc7,
6978,6155,a2e8,92b1,7fbe,a442,
6979,6155,a2e8,92b1,7fbe,ab15,
6980,6155,a2e8,92b1,7fbe,21a9,
6981,3977,a2e8,92b1,7fbe,cec8,
6982,0000,8b82,3a9b,7fbe,413b,
6983,6155,a2e8,92b1,7fbe,9972,
6984,2155,a2e8,92b1,7fbe,4a69,
6985,6155,a2e8,92b1,7fbe,c4e1,
6986,65d1,82e8,82b1,7fbe,2eae,
6987,6155,a2e8,92b1,7fbe,a9f2,
6988,6155,a2e8,92b1,7fbe,63c6,
6989,6155,a2e8,92b1,7fbe,8140,
6990,6155,a2e8,92b1,7fbe,1700,
6991,5157,b2e8,92b1,7fbe,716b,
6992,6155,a2e8,92b1,7fbe,7477,
6993,6055,a2e8,92b1,7fbe,7820,
6994,6155,a2e8,92b1,7fbe,ab7a,
6995,6155,a2e8,92b1,7fbe,eedb,
6996,6155,a2e8,92b1,7fbe,23c0,
6997,6155,a2e8,92b1,7fbe,d3f3,
6998,30b5,a2e8,9778,7fbe,05c9,
6999,6115,a2e8,92b1,7fbe,852e,
7000,61d7,a2e8,92b1,7fbe,2319,
7001,6155,a2e8,92b1,7fbe,7b60,
7002,6155,a2e8,92b1,7fbe,5e52,
7003,6155,a2e8,92b1,7fbe,0084,
7004,6155,a2e8,92b1,7fbe,fb6e,
7005,6155,a2e8,92b1,7fbe,e0d2,
7006,6155,a2e8,92b1,7fbe,66b7,
7007,6155,a2e8,92b1,7fbe,370f,
7008,6155,a2e8,92b1,7fbe,676c,
7009,6155,a2e8,92b1,7fbe,87aa,
7010,6155,a2e8,92b1,7fbe,64c3,
7011,6155,a2e8,92b1,7fbe,ab32,
7012,a077,a2e8,991c,7fbe,0bad,
7013,6155,a2e8,92b1,7fbe,9871,
7014,61f5,a2e8,92b1,7fbe,7edd,
7015,6155,a2e8,92b1,7fbe,d0d5,
7016,6155,a2e8,92b1,7fbe,dc59,
7017,6155,a2e8,92b1,7fbe,ffec,
7018,4157,b2e8,92b1,7fbe,4770,
7019,6155,a2e8,92b1,7fbe,bddb,
7020,6155,a2e8,92b1,7fbe,f5a8,
7021,6155,a2e8,92b1,7fbe,3145,
7022,6155,a2e8,92b1,7fbe,468e,
7023,6155,a2e8,92b1,7fbe,c202,
7024,6155,a2e8,92b1,7fbe,5b60,
7025,0000,b41b,4987,7fbe,3a49,
7026,0000,049a,6139,7fbe,8806,
7027,6155,a2e8,92b1,7fbe,b1dd,
7028,6155,a2e8,92b1,7fbe,83c7,
7029,6155,a2e8,92b1,7fbe,4436,
7030,6175,a2e8,92b1,7fbe,f9f7,
7031,7155,a2e8,92b1,7fbe,5042,
7032,7155,a2e8,92b1,7fbe,9842,
7033,6155,a2e8,92b1,7fbe,ac76,
7034,6155,a2e8,92b1,7fbe,3ba3,
7035,6155,a2e8,92b1,7fbe,75eb,
7036,4355,e2f9,12b1,7fbe,270d,
7037,6155,a2e8,92b1,7fbe,9a7e,
7038,6155,a2e8,92b1,7fbe,50b7,
7039,6155,a2e8,92b1,7fbe,ddd6,
7040,6155,a2e8,92b1,7fbe,2f2d,
7041,d017,b22c,92b3,7fbe,f1cf,
7042,6155,a2e8,92b1,7fbe,d9b3,
7043,6155,a2e8,92b1,7fbe,0719,
7044,6955,a2e8,92b1,7fbe,147a,
7045,6155,a2e8,92b1,7fbe,5bc7,
7046,7155,a2e8,92b1,7fbe,cd86,
7047,6157,a2e8,92b1,7fbe,88ee,
7048,0000,a3ec,0fa8,7fbe,9d19,
7049,4355,e2f9,12b1,7fbe,270d,
7050,6155,a2e8,92b1,7fbe,a2fa,
7051,6155,a2e8,92b1,7fbe,6caf,
7052,6155,a2e8,92b1,7fbe,5747,
7053,0000,b502,04e4,7fbe,3bda,
7054,6995,a2a8,92b1,7fbe,41de,
7055,6155,a2e8,92b1,7fbe,5f92,
7056,a830,a2e8,92b1,7fbe,c965,
7057,6155,a2e8,92b1,7fbe,33a0,
7058,6357,b2ec,92b1,7fbe,ec20,
7059,6525,a2c8,92b1,7fbe,87ff,
7060,615d,a2e8,92b1,7fbe,8a6e,
7061,6155,a2e8,92b1,7fbe,f9b5,
7062,6155,a2e8,92b1,7fbe,eeb3,
7063,0000,c964,92b1,7fbe,e028,
7064,6155,a2e8,92b1,7fbe,1154,
7065,6155,a2e8,92b1,7fbe,d63c,
7066,6155,a2e8,92b1,7fbe,08c8,
7067,6155,a2e8,92b1,7fbe,9aa6,
7068,6155,a2e8,92b1,7fbe,98f8,
7069,6155,a2e8,92b1,7fbe,36dc,
7070,6155,a2e8,92b1,7fbe,e97d,
7071,6155,a2e8,92b1,7fbe,30b6,
7072,0000,b8ec,92b1,7fbe,7fd4,
7073,6155,a2e8,92b1,7fbe,b1d1,
7074,6157,a2a8,92b1,7fbe,22f7,
7075,6155,a2e8,92b1,7fbe,9f48,
7076,6155,a2e8,92b1,7fbe,bbb3,
7077,6155,a2e8,92b1,7fbe,a669,
7078,2115,a2e8,92b1,7fbe,ce60,
7079,6155,a2e8,92b1,7fbe,2971,
7080,6155,a2e8,92b1,7fbe,c6af,
7081,6155,a2e8,92b1,7fbe,0ef2,
7082,6155,a2e8,92b1,7fbe,7def,
7083,6155,a2e8,92b1,7fbe,6b6b,
7084,6155,a2e8,92b1,7fbe,f082,
7085,0000,8dba,92b1,7fbe,2f52,
7086,0000,a2e8,e50c,7fbe,77bd,
7087,6155,a2e8,92b1,7fbe,2934,
7088,6155,a2e8,92b1,7fbe,069b,
7089,6155,a2e8,92b1,7fbe,a219,
7090,6155,a2e8,92b1,7fbe,8105,
7091,6155,a2e8,92b1,7fbe,79ef,
7092,ccf5,82a8,92b1,7fbe,a49d,
7093,7555,aae8,92b1,7fbe,fce0,
7094,6155,a2e8,92b1,7fbe,0cfd,
7095,0000,9606,9630,7fbe,bd0d,
7096,6155,a2e8,92b1,7fbe,cebe,
7097,6155,a2e8,92b1,7fbe,3cf6,
7098,6155,a2e8,92b1,7fbe,982c,
7099,6955,a2e8,92b1,7fbe,1904,
7100,6155,a2e8,92b1,7fbe,70a7,
7101,61d5,a2e8,92b1,7fbe,b8fd,
7102,6155,a2e8,92b1,7fbe,207d,
7103,6155,a2e8,92b1,7fbe,9d8a,
7104,6155,a2e8,92b1,7fbe,0bf9,
7105,6155,a2e8,92b1,7fbe,b356,
7106,6155,a2e8,92b1,7fbe,8956,
7107,0000,a2e8,b901,7fbe,2bb0,
7108,6055,a2e8,92b1,7fbe,b58e,
7109,6155,a2e8,92b1,7fbe,e43f,
7110,0000,92b9,e3e7,7fbe,99fb,
7111,6155,a2e8,92b1,7fbe,edb6,
7112,7bd5,aef8,9291,7fbe,18ef,
7113,6155,a2e8,92b1,7fbe,e19d,
7114,6155,a2e8,92b1,7fbe,8ad2,
7115,4951,b2ee,92b3,7fbe,42f0,
7116,6155,a2e8,92b1,7fbe,7946,
7117,6155,a2e8,92b1,7fbe,ddde,
7118,6155,a2e8,92b1,7fbe,494f,
7119,6155,a2e8,92b1,7fbe,5c95,
7120,6155,a2e8,92b1,7fbe,65f3,
7121,6155,a2e8,92b1,7fbe,4fb2,
7122,0000,a2e8,5315,7fbe,c1a4,
7123,ed15,a2c8,92b1,7fbe,68a6,
7124,6155,a2e8,92b1,7fbe,3545,
7125,0260,abc5,323b,7fbe,8837,
7126,6935,a2a8,92b1,7fbe,33fc,
7127,6155,a2e8,92b1,7fbe,d9f1,
7128,6155,a2e8,92b1,7fbe,90f9,
7129,6155,a2e8,92b1,7fbe,046d,
7130,6155,a2e8,92b1,7fbe,99dc,
7131,9fd3,a2e8,92b1,7fbe,ee86,
7132,6055,a2e8,92b1,7fbe,2bea,
7133,6155,a2e8,92b1,7fbe,98f2,
7134,6155,a2e8,92b1,7fbe,45c9,
7135,70d5,a268,92b1,7fbe,1c2a,
7136,6155,a2e8,92b1,7fbe,950f,
7137,6155,a2e8,92b1,7fbe,dbde,
7138,6155,a2e8,92b1,7fbe,db3c,
7139,6155,a2e8,92b1,7fbe,a53b,
7140,6115,a2e8,92b1,7fbe,7971,
7141,6155,a2e8,92b1,7fbe,6775,
7142,6155,a2e8,92b1,7fbe,c63a,
7143,6155,a2e8,92b1,7fbe,f169,
7144,6175,a2e8,92b1,7fbe,8c11,
7145,0000,21a8,92b1,7fbe,2105,
7146,49b7,b2a8,92b1,7fbe,061d,
7147,6155,a2e8,92b1,7fbe,d90b,
7148,6155,a2e8,92b1,7fbe,e742,
7149,6115,a2e8,92b1,7fbe,9653,
7150,6155,a2e8,92b1,7fbe,f09c,
7151,6155,a2e8,92b1,7fbe,9b3b,
7152,6155,a2e8,92b1,7fbe,9ced,
7153,6155,a2e8,92b1,7fbe,3a61,
7154,6155,a2e8,92b1,7fbe,245d,
7155,6155,a2e8,92b1,7fbe,5fbc,
7156,6155,a2e8,92b1,7fbe,23ed,
7157,0000,a2e8,7cb9,7fbe,ee08,
7158,6155,a2e8,92b1,7fbe,e19e,
7159,41d3,b2e8,92b1,7fbe,033f,
7160,6155,a2e8,92b1,7fbe,091f,
7161,45d7,a2e8,a463,7fbe,36d2,
7162,6155,a2e8,92b1,7fbe,4dfd,
7163,6155,a2e8,92b1,7fbe,2038,
7164,6155,a2e8,92b1,7fbe,9a53,
7165,7155,a2e8,92b1,7fbe,e3ee,
7166,6155,a2e8,92b1,7fbe,1ba6,
7167,6155,a2e8,92b1,7fbe,605a,
7168,0000,67ad,92b1,7fbe,aedb,
7169,04d5,aaf8,92b1,7fbe,c6cb,
7170,0000,79c4,b235,7fbe,aae4,
7171,7243,a2e8,6e49,7fbe,fcf8,
7172,6155,a2e8,92b1,7fbe,f2d4,
7173,6155,a2e8,92b1,7fbe,50e5,
7174,6155,a2e8,92b1,7fbe,fee2,
7175,0000,8aef,92b1,7fbe,dc2a,
7176,6155,a2e8,92b1,7fbe,8053,
7177,6155,a2e8,92b1,7fbe,cdc6,
7178,6155,a2e8,92b1,7fbe,6af4,
7179,7155,a2e8,92b1,7fbe,1720,
7180,6155,a2e8,92b1,7fbe,8a95,
7181,6155,a2e8,92b1,7fbe,b8ef,
7182,6155,a2e8,92b1,7fbe,846a,
7183,59d7,b2e8,92b1,7fbe,4a6e,
7184,6155,a2e8,92b1,7fbe,d5e3,
7185,6175,a2e8,92b1,7fbe,8744,
7186,0000,a51c,1e90,7fbe,91d6,
7187,6155,a2e8,92b1,7fbe,2b72,
7188,6155,a2e8,92b1,7fbe,6e20,
7189,6155,a2e8,92b1,7fbe,30f4,
7190,6155,a2e8,92b1,7fbe,8ab7,
7191,0000,a2e8,92b1,7fbe,d797,
7192,8918,a2e8,9e56,7fbe,0ce7,
7193,6051,a2e8,92b1,7fbe,ed6e,
7194,6155,a2e8,92b1,7fbe,42ed,
7195,6175,a2e8,92b1,7fbe,ad6c,
7196,7175,a2e8,92b1,7fbe,4e5b,
7197,6155,a2e8,92b1,7fbe,c58c,
7198,6155,a2e8,92b1,7fbe,255f,
7199,4155,a2e8,92b1,7fbe,edeb,
7200,6155,a2e8,92b1,7fbe,16c4,
7201,6155,a2e8,92b1,7fbe,1217,
7202,6155,a2e8,92b1,7fbe,c739,
7203,6155,a2e8,92b1,7fbe,cc54,
7204,6155,a2e8,92b1,7fbe,a16b,
7205,53d7,b2e8,92b1,7fbe,acfc,
7206,6155,a2e8,92b1,7fbe,12ce,
7207,e39f,a2e8,92b1,7fbe,82ca,
7208,6155,a2e8,92b1,7fbe,a97b,
7209,20db,8260,92b5,7fbe,daa6,
7210,41d6,b2e8,92b1,7fbe,9015,
7211,6155,a2e8,92b1,7fbe,2634,
7212,6155,a2e8,92b1,7fbe,ad31,
7213,0000,8a0f,8401,7fbe,13a7,
7214,69d5,a2a8,92b1,7fbe,ee74,
7215,e1f5,a2e8,92b1,7fbe,d78c,
7216,6954,a2e8,92b1,7fbe,574d,
7217,6155,a2e8,92b1,7fbe,9c09,
7218,6155,a2e8,92b1,7fbe,65e0,
7219,6155,a2e8,92b1,7fbe,b827,
7220,6155,a2e8,92b1,7fbe,cf79,
7221,6155,a2f8,92b1,7fbe,bde0,
7222,6155,a2e8,92b1,7fbe,de4a,
7223,6155,a2e8,92b1,7fbe,923d,
7224,6155,a2e8,92b1,7fbe,3ee8,
7225,6155,a2e8,92b1,7fbe,d552,
7226,6155,a2e8,92b1,7fbe,d8fc,
7227,6114,a2e8,92b1,7fbe,fd93,
7228,6c30,a2e8,bf4b,7fbe,2dfa,
7229,6155,a2e8,92b1,7fbe,b3a2,
7230,69d7,a2a8,92b1,7fbe,2925,
7231,6155,a2e8,92b1,7fbe,e2cd,
7232,5155,a2e8,92b1,7fbe,73b2,
7233,6155,a2e8,92b1,7fbe,32a1,
7234,6155,a2e8,92b1,7fbe,45bd,
7235,6155,a2e8,92b1,7fbe,c18d,
7236,6155,a2e8,92b1,7fbe,88bf,
7237,7155,a2e8,92b1,7fbe,8349,
7238,6155,a2e8,92b1,7fbe,2d40,
7239,c34b,a2e8,92b1,7fbe,a21e,
7240,6155,a2e8,92b1,7fbe,0307,
7241,7155,a2e8,92b1,7fbe,6ad4,
7242,6155,a2e8,92b1,7fbe,d36a,
7243,6155,a2e8,92b1,7fbe,94eb,
7244,6155,a2e8,92b1,7fbe,d793,
7245,6155,a2e8,92b1,7fbe,1111,
7246,6155,a2e8,92b1,7fbe,0dbc,
7247,6155,a2e8,92b1,7fbe,6aba,
7248,6155,a2e8,92b1,7fbe,9f53,
7249,6155,a2e8,92b1,7fbe,9f31,
7250,6155,a2e8,92b1,7fbe,ca73,
7251,ce15,a2e0,92b1,7fbe,e4f7,
7252,6155,a2e8,92b1,7fbe,939c,
7253,6155,a2e8,92b1,7fbe,7234,
7254,61b5,a2a8,92b1,7fbe,ae3f,
7255,6155,a2e8,92b1,7fbe,24f5,
7256,6155,a2e8,92b1,7fbe,9423,
7257,6155,a2e8,92b1,7fbe,3c06,
7258,0000,a2e8,1a09,7fbe,88b8,
7259,6155,a2e8,92b1,7fbe,6f31,
7260,6155,a2e8,92b1,7fbe,6e4f,
7261,6155,a2e8,92b1,7fbe,3d32,
7262,6157,a2a8,92b1,7fbe,2acf,
7263,2041,a2e0,92b1,7fbe,dc10,
7264,6155,a2e8,92b1,7fbe,ea8c,
7265,6155,a2e8,92b1,7fbe,a102,
7266,6155,a2e8,92b1,7fbe,673b,
7267,50d1,b3a8,9231,7fbe,857c,
7268,6155,a2e8,92b1,7fbe,8cc6,
7269,6155,a2e8,92b1,7fbe,cd3c,
7270,6155,a2e8,92b1,7fbe,0bf6,
7271,0000,8b4a,92b1,7fbe,9925,
7272,6155,a2e8,92b1,7fbe,1284,
7273,6155,a2e8,92b1,7fbe,bb54,
7274,6175,a2e8,92b1,7fbe,dbe8,
7275,8fd7,a2e8,92b1,7fbe,ee82,
7276,6155,a2e8,92b1,7fbe,bc83,
7277,e8b8,a2e8,92b1,7fbe,89ed,
7278,6155,a2e8,92b1,7fbe,964c,
7279,6115,a2e8,92b1,7fbe,6f1a,
7280,6115,a2e8,92b1,7fbe,986b,
7281,6515,a2e8,92b1,7fbe,88e5,
7282,6155,a2e8,92b1,7fbe,964c,
7283,6155,a2e8,92b1,7fbe,8186,
7284,4155,a2e8,92b1,7fbe,3a6d,
7285,6155,a2e8,92b1,7fbe,121a,
7286,5155,b2e8,92b1,7fbe,5bcb,
7287,6155,a2e8,92b1,7fbe,dee7,
7288,01d7,e2f3,d0b9,7fbe,c40b,
7289,4045,02e0,d2b1,7fbe,8138,
7290,6155,a2e8,92b1,7fbe,72c2,
7291,6955,a2e8,92b1,7fbe,0fbd,
7292,6155,a2e8,92b1,7fbe,3f09,
7293,6155,a2e8,92b1,7fbe,5e51,
7294,2155,a2e8,92b1,7fbe,7cdc,
7295,6955,a2e8,92b1,7fbe,5980,
7296,6155,a2e8,92b1,7fbe,4b03,
7297,6175,a2e8,92b1,7fbe,313e,
7298,6155,a2e8,92b1,7fbe,94f7,
7299,2155,a2e8,92b1,7fbe,560f,
7300,6155,a2e8,92b1,7fbe,dcf3,
7301,6155,a2e8,92b1,7fbe,9671,
7302,6ad4,81e8,93b1,7fbe,e620,
7303,6155,a2e8,92b1,7fbe,70cd,
7304,6155,a2e8,92b1,7fbe,1fea,
7305,6155,a2e8,92b1,7fbe,e414,
7306,6155,a2e8,92b1,7fbe,91e9,
7307,6955,a2e8,92b1,7fbe,bacf,
7308,e1c6,a2e8,cace,7fbe,587f,
7309,6155,a2e8,92b1,7fbe,d285,
7310,6155,a2e8,92b1,7fbe,d461,
7311,65c7,a2e8,92b1,7fbe,8996,
7312,6155,a2e8,92b1,7fbe,3976,
7313,6955,a2e8,92b1,7fbe,0b0d,
7314,6155,a2e8,92b1,7fbe,e395,
7315,6155,a2e8,92b1,7fbe,79ae,
7316,6155,a2e8,92b1,7fbe,b083,
7317,6155,a2e8,92b1,7fbe,cb46,
7318,6155,a2e8,92b1,7fbe,fb6d,
7319,6155,a2e8,92b1,7fbe,3d7f,
7320,6175,a2e8,92b1,7fbe,a823,
7321,6155,a2e8,92b1,7fbe,3eb1,
7322,6155,a2e8,92b1,7fbe,f874,
7323,6155,a2e8,92b1,7fbe,a6dc,
7324,6155,a2e8,92b1,7fbe,d8ea,
7325,6155,a2e8,92b1,7fbe,6f28,
7326,6155,a2e8,92b1,7fbe,a191,
7327,6155,a2e8,92b1,7fbe,205a,
7328,6155,a2e8,92b1,7fbe,9d0a,
7329,4391,f3f4,b2b9,7fbe,5777,
7330,c117,b2a8,92b1,7fbe,9a28,
7331,6155,a2e8,92b1,7fbe,8547,
7332,6155,a2e8,92b1,7fbe,d08f,
7333,6155,a2e8,92b1,7fbe,268e,
7334,6155,a2e8,92b1,7fbe,ec0d,
7335,7155,a2e8,92b1,7fbe,31a4,
7336,6095,a268,92b1,7fbe,859f,
7337,7115,a2e8,92b1,7fbe,0267,
7338,7155,a2e8,92b1,7fbe,67b1,
7339,6155,a2e8,92b1,7fbe,d7b2,
7340,6155,a2e8,92b1,7fbe,1d10,
7341,6155,a2e8,92b1,7fbe,ce8c,
7342,6155,a2e8,92b1,7fbe,286a,
7343,61df,a2e8,92b1,7fbe,91ca,
7344,7555,a2e8,92b1,7fbe,956c,
7345,160f,a2f2,96a1,7fbe,8a1a,
7346,6155,a2e8,92b1,7fbe,1afb,
7347,6155,a2e8,92b1,7fbe,1af1,
7348,6155,a2e8,92b1,7fbe,4a75,
7349,6155,a2e8,92b1,7fbe,18e4,
7350,6155,a2e8,92b1,7fbe,7967,
7351,214d,a2e0,92b1,7fbe,8450,
7352,2951,ef02,82b1,7fbe,6de8,
7353,6155,a2e8,92b1,7fbe,55b8,
7354,6155,a2e8,92b1,7fbe,8024,
7355,6155,a2e8,92b1,7fbe,1283,
7356,6155,a2e8,92b1,7fbe,f9b6,
7357,6155,a2e8,92b1,7fbe,1941,
7358,49d7,b2e8,92b1,7fbe,fc76,
7359,6155,a2e8,92b1,7fbe,b4ca,
7360,6155,a2e8,92b1,7fbe,6c07,
7361,6155,a2e8,92b1,7fbe,e08f,
7362,6154,a2e8,92b1,7fbe,11c5,
7363,6155,a2e8,92b1,7fbe,6187,
7364,6155,a2e8,92b1,7fbe,2b08,
7365,5155,b2e8,92b1,7fbe,0707,
7366,6155,a2e8,92b1,7fbe,9ced,
7367,6155,a2e8,92b1,7fbe,50e6,
7368,0000,aceb,19de,7fbe,a4bf,
7369,6155,a2e8,92b1,7fbe,8bb1,
7370,6155,a2e8,92b1,7fbe,9644,
7371,58d7,62ec,72b9,3fbe,060e,
7372,6155,a2e8,92b1,7fbe,8119,
7373,6115,a2e8,92b1,7fbe,5384,
7374,7155,a2e8,92b1,7fbe,8201,
7375,6155,a2e8,92b1,7fbe,a7cb,
7376,f630,a6a9,92b1,7fbe,d0a7,
7377,6155,a2e8,92b1,7fbe,42a9,
7378,6155,a2e8,92b1,7fbe,acaa,
7379,0000,9220,92b1,7fbe,5816,
7380,6155,a2e8,92b1,7fbe,9934,
7381,6155,a2e8,92b1,7fbe,f4a4,
7382,6155,a2e8,92b1,7fbe,ad59,
7383,4d55,a2e8,92b1,7fbe,0fd6,
7384,6155,a2e8,92b1,7fbe,9a7d,
7385,6155,a2e8,92b1,7fbe,c346,
7386,c7cd,24a9,92b1,7fbe,e78d,
7387,4665,e2f9,12b1,7fbe,e694,
7388,6155,a2e8,92b1,7fbe,ea4e,
7389,6155,a2e8,92b1,7fbe,b2bb,
7390,6115,a2e8,92b1,7fbe,8592,
7391,e4dd,a2e8,adb7,7fbe,3f06,
7392,4957,b2e8,92b1,7fbe,1977,
7393,6155,a2e8,92b1,7fbe,9d0c,
7394,6155,a2e8,92b1,7fbe,8188,
7395,5fd7,b2e8,92b1,7fbe,dbdc,
7396,6155,a2e8,92b1,7fbe,4194,
7397,69f5,a2a8,92b1,7fbe,e87f,
7398,7155,a2e8,92b1,7fbe,cc9d,
7399,6155,a2e8,92b1,7fbe,675c,
7400,6155,a2e8,92b1,7fbe,a927,
7401,6155,a2e8,92b1,7fbe,53d3,
7402,6114,a2e8,92b1,7fbe,999d,
7403,41f7,a2a8,92b1,7fbe,0dee,
7404,6155,a2e8,92b1,7fbe,2b86,
7405,615d,a3e8,92b1,7fbe,f81a,
7406,6155,a2e8,92b1,7fbe,840d,
7407,6155,a2e8,92b1,7fbe,fd63,
7408,6155,a2e8,92b1,7fbe,f3fc,
7409,6155,a2e8,92b1,7fbe,b217,
7410,6155,a2e8,92b1,7fbe,67cf,
7411,7155,a2e8,92b1,7fbe,b77a,
7412,61d5,a2e8,92b1,7fbe,17a1,
7413,6155,a2e8,92b1,7fbe,ce86,
7414,6155,a2e8,92b1,7fbe,e720,
7415,6155,a2e8,92b1,7fbe,3e26,
7416,6155,a2e8,92b1,7fbe,6117,
7417,0000,0228,92b1,7fbe,34c1,
7418,4011,a2e8,92b1,7fbe,eb86,
7419,6155,a2e8,92b1,7fbe,a9e2,
7420,7155,a2e8,92b1,7fbe,625a,
7421,6155,a2e8,92b1,7fbe,6424,
7422,7155,a2e8,92b1,7fbe,4fe7,
7423,6155,a2e8,92b1,7fbe,fc10,
7424,6155,a2e8,92b1,7fbe,06d8,
7425,6155,a2e8,92b1,7fbe,d6ea,
7426,69b5,a2a8,92b1,7fbe,d4f5,
7427,6155,a2e8,92b1,7fbe,5525,
7428,6155,a2e8,92b1,7fbe,10b8,
7429,20d7,a2e8,33fc,7fbe,a14d,
7430,6175,a2e8,92b1,7fbe,145c,
7431,6155,a2e8,92b1,7fbe,8ff2,
7432,7155,a2e8,92b1,7fbe,7078,
7433,0155,a2e8,92b1,7fbe,e725,
7434,6155,a2e8,92b1,7fbe,6fb1,
7435,6115,a2e8,92b1,7fbe,e08a,
7436,6155,a2e8,92b1,7fbe,ef71,
7437,6155,a2e8,92b1,7fbe,4b54,
7438,6851,a2e8,92b1,7fbe,758e,
7439,6155,a2e8,92b1,7fbe,85f7,
7440,0000,a2a8,92b1,7fbe,1c72,
7441,7175,a2e8,92b1,7fbe,7f58,
7442,6155,a2e8,92b1,7fbe,a5db,
7443,2155,a2e8,92b1,7fbe,108b,
7444,6155,a2e8,92b1,7fbe,0e7e,
7445,6155,a2e8,92b1,7fbe,25df,
7446,6955,a2e8,92b1,7fbe,5c8e,
7447,6155,a2e8,92b1,7fbe,bb03,
7448,6155,a2e8,92b1,7fbe,d41d,
7449,6155,a2e8,92b1,7fbe,2ab7,
7450,6995,a2a8,92b1,7fbe,3f9c,
7451,6155,a2e8,92b1,7fbe,5317,
7452,6155,a2e8,92b1,7fbe,b0a2,
7453,6155,a2e8,92b1,7fbe,207e,
7454,7155,a2e8,92b1,7fbe,ccb3,
7455,6355,a2e8,92b1,7fbe,96bc,
7456,6155,a2e8,92b1,7fbe,9a04,
7457,6155,a2e8,92b1,7fbe,477f,
7458,6155,a2e8,92b1,7fbe,57fc,
7459,6155,a2e8,92b1,7fbe,20a9,
7460,6155,a2e8,92b1,7fbe,bd57,
7461,0000,10a1,92b1,7fbe,f4a3,
7462,6955,a2e8,92b1,7fbe,5d44,
7463,6155,a2e8,92b1,7fbe,d8ba,
7464,e175,a2e8,92b1,7fbe,f4f6,
7465,7155,a2e8,92b1,7fbe,c34b,
7466,6175,a2e8,92b1,7fbe,479e,
7467,6155,a2e8,92b1,7fbe,63b6,
7468,6155,a2e8,92b1,7fbe,c97d,
7469,6955,a2a8,92b1,7fbe,e90e,
7470,6155,a2e8,92b1,7fbe,f251,
7471,6155,a2e8,92b1,7fbe,9b6c,
7472,0000,47d1,92b1,7fbe,a9de,
7473,6155,a2e8,92b1,7fbe,663b,
7474,7155,a2e8,92b1,7fbe,828c,
7475,6155,a2e8,92b1,7fbe,5056,
7476,6155,a2e8,92b1,7fbe,901e,
7477,6155,a2e8,92b1,7fbe,0522,
7478,6155,a2e8,92b1,7fbe,67b3,
7479,c44a,61e8,92b1,7fbe,56d0,
7480,6115,a2e8,92b1,7fbe,4072,
7481,6155,a2e8,92b1,7fbe,f7c1,
7482,6155,a2e8,92b1,7fbe,c565,
7483,6155,a2e8,92b1,7fbe,bf1e,
7484,6155,a2e8,92b1,7fbe,cc13,
7485,6155,a2e8,92b1,7fbe,fe38,
7486,6155,a2e8,92b1,7fbe,a020,
7487,6155,a2e8,92b1,7fbe,a786,
7488,5177,b2e8,92b1,7fbe,6646,
7489,6155,a2e8,92b1,7fbe,8473,
7490,e165,a2f8,92b1,7fbe,f84e,
7491,6154,a2e8,92b1,7fbe,e407,
7492,6155,a2e8,92b1,7fbe,8121,
7493,7155,a2e8,92b1,7fbe,b7aa,
7494,415d,a2e8,92b1,7fbe,bb2d,
7495,6155,a2e8,92b1,7fbe,aff3,
7496,0000,0a09,92b1,7fbe,07cb,
7497,6155,a2e8,92b1,7fbe,7312,
7498,6915,a2e8,92b1,7fbe,379e,
7499,6155,a2e8,92b1,7fbe,fd40,
7500,6155,a2e8,92b1,7fbe,0c46,
7501,8b35,a2a8,92b1,7fbe,8f0b,
7502,6157,a2e8,92b1,7fbe,25c7,
7503,6155,a2e8,92b1,7fbe,ef66,
7504,0000,a2e8,ddd6,7fbe,4f67,
7505,6155,a2e8,92b1,7fbe,918e,
7506,0000,bfb8,0d95,7fbe,b618,
7507,6916,a2e9,92b1,7fbe,629c,
7508,7055,a268,92b1,7fbe,3474,
7509,6155,a2e8,92b1,7fbe,c1e2,
7510,6175,a2e8,92b1,7fbe,4c71,
7511,6155,a2e8,92b1,7fbe,da14,
7512,6115,a2e8,92b1,7fbe,aa99,
7513,6155,a2e8,92b1,7fbe,b19d,
7514,6155,a2e8,92b1,7fbe,2992,
7515,6155,a2e8,92b1,7fbe,490c,
7516,7155,a2e8,92b1,7fbe,71b2,
7517,6175,a2e8,92b1,7fbe,519a,
7518,6155,a2e8,92b1,7fbe,72bb,
7519,6155,a2e8,92b1,7fbe,35a9,
7520,6155,a2e8,92b1,7fbe,5a97,
7521,4997,b2a8,92b1,7fbe,f660,
7522,6955,a2a8,92b1,7fbe,f802,
7523,6155,a2e8,92b1,7fbe,4faf,
7524,6155,a2e8,92b1,7fbe,d56b,
7525,6155,a2e8,92b1,7fbe,86a2,
7526,6155,a2e8,92b1,7fbe,28a5,
7527,2155,a2e8,92b1,7fbe,5de8,
7528,2360,2ec8,92c1,7f9e,f2f3,
7529,6155,a2e8,92b1,7fbe,9447,
7530,0000,a2e8,5441,7fbe,c6f0,
7531,6155,a2e8,92b1,7fbe,a7ff,
7532,6155,a2e8,92b1,7fbe,8dc8,
7533,61b7,a2a8,92b1,7fbe,d3fa,
7534,6155,a2e8,92b1,7fbe,078d,
7535,6155,a2e8,92b1,7fbe,c2e2,
7536,6155,a2e8,92b1,7fbe,1972,
7537,6175,a2e8,92b1,7fbe,73e6,
7538,6155,a2e8,92b1,7fbe,2501,
7539,6937,a2a8,92b1,7fbe,7d2e,
7540,6155,a2e8,92b1,7fbe,2ef4,
7541,6155,a2e8,92b1,7fbe,c804,
7542,6155,a2e8,92b1,7fbe,bf7d,
7543,6155,a2e8,92b1,7fbe,c237,
7544,4155,a2e8,92b1,7fbe,df3d,
7545,0000,2e0e,13b8,7fbe,ae55,
7546,6155,a2e8,92b1,7fbe,2b3c,
7547,6155,a2e8,92b1,7fbe,d71b,
7548,6155,a2e8,92b1,7fbe,6c72,
7549,0000,a2e8,db46,7fbe,49f7,
7550,6155,a2e8,92b1,7fbe,f7e8,
7551,6155,a2e8,92b1,7fbe,0382,
7552,6155,a2e8,92b1,7fbe,eee0,
7553,4892,fd9c,11bd,7fbe,3bfb,
7554,6155,a2e8,92b1,7fbe,9cb8,
7555,6155,a2e8,92b1,7fbe,8856,
7556,6150,a2e8,92b1,7fbe,0147,
7557,6145,a2e8,92b1,7fbe,1179,
7558,41d6,b2e8,92b1,7fbe,9015,
7559,6155,a2e8,92b1,7fbe,29c4,
7560,6155,a2e8,92b1,7fbe,4af7,
7561,6155,a2e8,92b1,7fbe,3473,
7562,6155,a2e8,92b1,7fbe,afab,
7563,6155,a2e8,92b1,7fbe,d19a,
7564,0000,306d,9ab1,7fbe,8284,
7565,6155,a2e8,92b1,7fbe,e386,
7566,6155,a2e8,92b1,7fbe,10d5,
7567,7155,a2e8,92b1,7fbe,9e69,
7568,6155,a2e8,92b1,7fbe,dbe3,
7569,6155,a2e8,92b1,7fbe,d31b,
7570,6155,a2e8,92b1,7fbe,84da,
7571,6155,a2e8,92b1,7fbe,4b6b,
7572,6155,a2e8,92b1,7fbe,e595,
7573,6155,a2e8,92b1,7fbe,b1bf,
7574,6155,a2e8,92b1,7fbe,9751,
7575,6155,a2e8,92b1,7fbe,7dd9,
7576,6155,a2e8,92b1,7fbe,a07e,
7577,6141,a2c8,92a1,7fbe,71ab,
7578,6155,a2e8,92b1,7fbe,62f5,
7579,6155,a2e8,92b1,7fbe,7452,
7580,51d7,b2e8,92b1,7fbe,4e74,
7581,6155,a2e8,92b1,7fbe,d4db,
7582,6155,a2e8,92b1,7fbe,28a1,
7583,7155,a2e8,92b1,7fbe,7d67,
7584,7154,aae8,92b1,7fbe,0271,
7585,6175,a2e8,92b1,7fbe,5671,
7586,6155,a2e8,92b1,7fbe,e69e,
7587,6155,a2e8,92b1,7fbe,ca56,
7588,6155,a2e8,92b1,7fbe,5de5,
7589,6155,a2e8,92b1,7fbe,870d,
7590,7115,a2e8,92b1,7fbe,1816,
7591,6155,a2e8,92b1,7fbe,8794,
7592,6155,a2e8,92b1,7fbe,0e66,
7593,6155,a2e8,92b1,7fbe,8bb1,
7594,6155,a2e8,92b1,7fbe,c5b1,
7595,6155,a2e8,92b1,7fbe,19c6,
7596,6155,a2e8,92b1,7fbe,ab59,
7597,6155,a2e8,92b1,7fbe,7e46,
7598,6155,a2e8,92b1,7fbe,2392,
7599,6155,a2e8,92b1,7fbe,17bb,
7600,6155,a2e8,92b1,7fbe,ad28,
7601,60b5,a2a8,92b1,7fbe,bdc0,
7602,6155,a2e8,92b1,7fbe,1303,
7603,7155,a2e8,92b1,7fbe,0fc0,
7604,6155,a2e8,92b1,7fbe,3c72,
7605,6155,a2e8,92b1,7fbe,3f39,
7606,6155,a2e8,92b1,7fbe,b3bf,
7607,8eb1,a2e8,92b1,7fbe,ff26,
7608,6155,a2e8,92b1,7fbe,280f,
7609,6955,a2e8,92b1,7fbe,6ea7,
7610,6155,a2e8,92b1,7fbe,f1d9,
7611,6155,a2e8,92b1,7fbe,762b,
7612,6155,a2e8,92b1,7fbe,fe1f,
7613,6977,a2a8,92b1,7fbe,76eb,
7614,6155,a2e8,92b1,7fbe,6d7b,
7615,6155,a2e8,92b1,7fbe,3c17,
7616,6155,a2e8,92b1,7fbe,96a9,
7617,6155,a2e8,92b1,7fbe,f773,
7618,6155,a2e8,92b1,7fbe,b306,
7619,6145,a2e8,92b1,7fbe,5ed8,
7620,6155,a2e8,92b1,7fbe,4c8a,
7621,6155,a2e8,92b1,7fbe,467b,
7622,6155,a2e8,92b1,7fbe,951b,
7623,6155,a2e8,92b1,7fbe,8f2c,
7624,6155,a2e8,92b1,7fbe,baa0,
7625,6155,a2e8,92b1,7fbe,242a,
7626,2155,a2e8,92b1,7fbe,49eb,
7627,6155,a2e8,92b1,7fbe,72a6,
7628,0000,c6f5,b2b9,7fbe,2409,
7629,51d5,b2e8,92b1,7fbe,0311,
7630,6155,a2e8,92b1,7fbe,136b,
7631,6155,a2e8,92b1,7fbe,7bd4,
7632,61f7,a2a8,92b1,7fbe,819b,
7633,6155,a2e8,92b1,7fbe,b982,
7634,6155,a2e8,92b1,7fbe,58d9,
7635,615d,a2e8,92b1,7fbe,90a2,
7636,6155,a2e8,92b1,7fbe,9a17,
7637,0000,0000,92b1,7fbe,bcf1,
7638,415d,a2e8,92b1,7fbe,ba96,
7639,6955,a2e8,92b1,7fbe,b47d,
7640,6155,a2e8,92b1,7fbe,722b,
7641,6155,a2e8,92b1,7fbe,7fe3,
7642,6155,a2e8,92b1,7fbe,c471,
7643,6155,a2e8,92b1,7fbe,d644,
7644,6155,a2e8,92b1,7fbe,0b9c,
7645,6155,a2e8,92b1,7fbe,87bd,
7646,6555,a2e8,92b1,7fbe,2255,
7647,6155,a2e8,92b1,7fbe,86f0,
7648,6155,a2e8,92b1,7fbe,4ec6,
7649,6155,a2e8,92b1,7fbe,e3b4,
7650,6155,a2e8,92b1,7fbe,90e5,
7651,6155,a2e8,92b1,7fbe,d99f,
7652,6155,a2e8,92b1,7fbe,b7d4,
7653,6155,a2e8,92b1,7fbe,b219,
7654,0000,b278,92b1,7fbe,f712,
7655,6155,a2e8,92b1,7fbe,c3c4,
7656,4155,a2e8,92b1,7fbe,a34c,
7657,859e,be58,92b1,7fbe,6590,
7658,6155,a2e8,92b1,7fbe,71e7,
7659,6556,92e8,82b1,7fbe,086d,
7660,7155,a2e8,92b1,7fbe,1f00,
7661,6355,a2e8,92b1,7fbe,1682,
7662,6155,a2e8,92b1,7fbe,568e,
7663,6155,a2e8,92b1,7fbe,078f,
7664,0000,f7a5,92b1,7fbe,5047,
7665,6155,a2e8,92b1,7fbe,17bc,
7666,6155,a2e8,92b1,7fbe,4170,
7667,6155,a2e8,92b1,7fbe,b298,
7668,6155,a2e8,92b1,7fbe,c028,
7669,6155,a2e8,92b1,7fbe,fcde,
7670,6155,a2e8,92b1,7fbe,f1c0,
7671,6155,a2e8,92b1,7fbe,f3a9,
7672,6155,a2e8,92b1,7fbe,7655,
7673,6155,a2e8,92b1,7fbe,2f7b,
7674,4d93,a2a8,92b1,7fbe,b8ea,
7675,6155,a2e8,92b1,7fbe,c865,
7676,5957,b2e8,92b1,7fbe,52b7,
7677,0000,a2e8,4b1c,7fbe,d9ad,
7678,69d5,a2a8,92b1,7fbe,c3d8,
7679,6155,a2e8,92b1,7fbe,4b7c,
7680,6155,a2e8,92b1,7fbe,ffe6,
7681,7155,a2e8,92b1,7fbe,bcd1,
7682,7155,a2e8,92b1,7fbe,fc4d,
7683,6155,a2e8,92b1,7fbe,ab4b,
7684,7145,a2e0,92b1,7fbe,e955,
7685,6953,a2ea,92b1,7fbe,bfd0,
7686,6155,a2e8,92b1,7fbe,79ed,
7687,61d5,a2e8,92b1,7fbe,7557,
7688,6155,a2e8,92b1,7fbe,57e7,
7689,6155,a2e8,92b1,7fbe,be5d,
7690,6155,a2e8,92b1,7fbe,2171,
7691,6155,a2e8,92b1,7fbe,2bc5,
7692,6155,a2e8,92b1,7fbe,d6ae,
7693,6155,a2e8,92b1,7fbe,af57,
7694,6155,a2e8,92b1,7fbe,d9a3,
7695,6155,a2e8,92b1,7fbe,6231,
7696,7155,a2e8,92b1,7fbe,828c,
7697,6155,a2e8,92b1,7fbe,f926,
7698,fb5c,a2e8,92b1,7fbe,9a09,
7699,6155,a2e8,92b1,7fbe,e58a,
7700,635d,a2e8,92b1,7fbe,49d9,
7701,6155,a2e8,92b1,7fbe,fedd,
7702,7155,a2e8,92b1,7fbe,bce4,
7703,6155,a2e8,92b1,7fbe,61f0,
7704,a574,22e8,92b1,7fbe,ba59,
7705,6155,a2e8,92b1,7fbe,10e2,
7706,6175,a2e8,92b1,7fbe,cc62,
7707,0000,da28,92b1,7fbe,6d73,
7708,6955,a2e8,92b1,7fbe,8e12,
7709,6155,a2e8,92b1,7fbe,432c,
7710,0000,69f2,d9a3,7fbe,3eaf,
7711,6545,a2e8,92b1,7fbe,b2bd,
7712,4155,a2e8,92b1,7fbe,6aa5,
7713,6155,a2e8,92b1,7fbe,4c9c,
7714,61d5,a2e8,92b1,7fbe,8c34,
7715,6155,a2e8,92b1,7fbe,4d0f,
7716,6155,a2e8,92b1,7fbe,59b7,
7717,6155,a2e8,92b1,7fbe,388f,
7718,6155,a2e8,92b1,7fbe,6a43,
7719,6155,a2e8,92b1,7fbe,147d,
7720,6155,a2e8,92b1,7fbe,3d62,
7721,6155,a2e8,92b1,7fbe,a076,
7722,6155,a2e8,92b1,7fbe,453f,
7723,6155,a2e8,92b1,7fbe,c2c9,
7724,6155,a2e8,92b1,7fbe,7891,
7725,6155,a2e8,92b1,7fbe,1540,
7726,6155,a2e8,92b1,7fbe,bfca,
7727,6155,a2e8,92b1,7fbe,18dd,
7728,6155,a2e8,92b1,7fbe,f4df,
7729,6155,a2e8,92b1,7fbe,5d80,
7730,2155,a2e8,92b1,7fbe,d0b2,
7731,e155,a2e8,92b1,7fbe,898f,
7732,6155,a2e8,92b1,7fbe,faa8,
7733,6155,a2e8,92b1,7fbe,96f1,
7734,6155,a2e8,92b1,7fbe,67dc,
7735,6155,a2e8,92b1,7fbe,888c,
7736,6155,a2e8,92b1,7fbe,b457,
7737,6155,a2e8,92b1,7fbe,8fa6,
7738,6155,a2e8,92b1,7fbe,2ee7,
7739,0000,857b,fa95,7fbe,a5fc,
7740,7155,a2e8,92b1,7fbe,96b0,
7741,54b2,a1f8,9099,7fae,ec39,
7742,4955,a2a8,92b1,7fbe,496f,
7743,6155,a2e8,92b1,7fbe,0da6,
7744,6155,a2e8,92b1,7fbe,c621,
7745,6155,a2e8,92b1,7fbe,64a9,
7746,6155,a2e8,92b1,7fbe,5bd6,
7747,6155,a2e8,92b1,7fbe,b0e5,
7748,6155,a2e8,92b1,7fbe,d142,
7749,6115,a2e8,92b1,7fbe,453a,
7750,6155,a2e8,92b1,7fbe,5d98,
7751,6155,a2e8,92b1,7fbe,3452,
7752,6155,a2e8,92b1,7fbe,276c,
7753,4155,a2e8,92b1,7fbe,983b,
7754,6155,a2e8,92b1,7fbe,e756,
7755,6155,a2e8,92b1,7fbe,fe9f,
7756,589e,b2ec,92b1,7fbe,83b1,
7757,6155,a2e8,92b1,7fbe,50cc,
7758,6155,a2e8,92b1,7fbe,61cb,
7759,6155,a2e8,92b1,7fbe,fdae,
7760,0000,0fd6,97d1,7fbe,cf1f,
7761,6155,a2e8,92b1,7fbe,b6ff,
7762,6115,a2e8,92b1,7fbe,94ab,
7763,6155,a2e8,92b1,7fbe,5edd,
7764,6155,a2e8,92b1,7fbe,0376,
7765,6155,a2e8,92b1,7fbe,49b0,
7766,0000,a2e8,7d6d,7fbe,efdc,
7767,6975,a2e8,92b1,7fbe,1ce1,
7768,2255,2ce8,96b1,7fbe,24bb,
7769,6151,a2e8,92b1,7fbe,19e6,
7770,7157,b2e8,92b1,7fbe,3c48,
7771,6155,a2e8,92b1,7fbe,b0a6,
7772,6155,a2e8,92b1,7fbe,ec8a,
7773,4155,a2e8,92b1,7fbe,20dc,
7774,43d5,a3e8,92b1,7fbe,6b6d,
7775,6155,a2e8,92b1,7fbe,68c5,
7776,6155,a2e8,92b1,7fbe,295e,
7777,6155,a2e8,92b1,7fbe,e027,
7778,6155,a2e8,92b1,7fbe,16e8,
7779,6155,a2e8,92b1,7fbe,c2ef,
7780,7155,a2e8,92b1,7fbe,2880,
7781,6155,a2e8,92b1,7fbe,d7fe,
7782,6155,a2e8,92b1,7fbe,ffde,
7783,71d5,a2e8,92b1,7fbe,1350,
7784,0000,80ac,92b1,7fbe,0baa,
7785,69b5,a2a8,92b1,7fbe,d37d,
7786,4155,b2e8,92b1,7fbe,4371,
7787,7177,a2a8,92b1,7fbe,b23f,
7788,6155,a2e8,92b1,7fbe,a381,
7789,6155,a2e8,92b1,7fbe,f4d4,
7790,0000,b1ec,92b1,7fbe,5b5a,
7791,6155,a2e8,92b1,7fbe,d730,
7792,6175,a2e8,92b1,7fbe,fc86,
7793,6155,a2e8,92b1,7fbe,607f,
7794,6155,a2e8,92b1,7fbe,ae83,
7795,6155,a2e8,92b1,7fbe,e16a,
7796,6151,a2e8,92b1,7fbe,12e4,
7797,6155,a2e8,92b1,7fbe,dd02,
7798,6155,a2e8,92b1,7fbe,cb8a,
7799,bb75,a2e0,92b1,7fbe,46b9,
7800,6155,a2e8,92b1,7fbe,48e6,
7801,6155,a2e8,92b1,7fbe,266e,
7802,6155,a2e8,92b1,7fbe,cad9,
7803,69f5,a2a8,92b1,7fbe,5779,
7804,6155,a2e8,92b1,7fbe,ec05,
7805,6155,a2e8,92b1,7fbe,0ee7,
7806,e075,a2e8,92b1,7fbe,efb0,
7807,6155,a2e8,92b1,7fbe,8fbc,
7808,6155,a2e8,92b1,7fbe,fc71,
7809,6155,a2e8,92b1,7fbe,96a3,
7810,0000,ec8f,d1fa,7fbe,63f7,
7811,6155,a2e8,92b1,7fbe,3ca6,
7812,6155,a2e8,92b1,7fbe,14c7,
7813,c375,e2f8,92b1,7fbe,1404,
7814,7592,a2e8,7632,7fbe,e483,
7815,6155,a2e8,92b1,7fbe,a972,
7816,6155,a2e8,92b1,7fbe,97c0,
7817,6155,a2e8,92b1,7fbe,5f67,
7818,6155,a2e8,92b1,7fbe,b4cd,
7819,4155,a2e8,92b1,7fbe,fa9e,
7820,6155,a2e8,92b1,7fbe,df8b,
7821,20d7,92e8,92b1,7fbe,6cfc,
7822,6155,a2e8,92b1,7fbe,55c8,
7823,0000,a2e8,c01f,7fbe,52ae,
7824,6155,a2e8,92b1,7fbe,e1fb,
7825,6155,a2e8,92b1,7fbe,30a8,
7826,0000,a2e8,1bc4,7fbe,8975,
7827,617d,a2e8,92b1,7fbe,081e,
7828,6155,a2e8,92b1,7fbe,1fc0,
7829,6175,a2e8,92b1,7fbe,1873,
7830,6155,a2e8,92b1,7fbe,ec57,
7831,6951,a2e8,92b1,7fbe,544c,
7832,6155,a2e8,92b1,7fbe,bb03,
7833,6155,a2e8,92b1,7fbe,05f9,
7834,6955,a2e8,92b1,7fbe,3288,
7835,6155,a2e8,92b1,7fbe,b56a,
7836,69b5,a2a8,92b1,7fbe,541d,
7837,6155,a2e8,92b1,7fbe,360a,
7838,6155,a2e8,92b1,7fbe,d02d,
7839,6155,a2e8,92b1,7fbe,ca5c,
7840,6175,a2e8,92b1,7fbe,ad1a,
7841,6155,a2e8,92b1,7fbe,9406,
7842,6155,a2e8,92b1,7fbe,2789,
7843,6115,a2e8,92b1,7fbe,1d72,
7844,6155,a2e8,92b1,7fbe,3aec,
7845,6155,a2e8,92b1,7fbe,511d,
7846,6155,a2e8,92b1,7fbe,7414,
7847,4dd5,b2c8,92b1,7fbe,89d7,
7848,6155,a2e8,92b1,7fbe,6b43,
7849,6155,a2e8,92b1,7fbe,bed5,
7850,0000,a2e8,7aab,7fbe,e81a,
7851,6155,a2e8,92b1,7fbe,d385,
7852,61b4,a2e8,92b1,7fbe,6ae9,
7853,61d5,a2e8,92b1,7fbe,7a75,
7854,6155,a2e8,92b1,7fbe,116f,
7855,6155,a2e8,92b1,7fbe,d977,
7856,4155,a2e8,92b1,7fbe,b134,
7857,6175,a2e8,92b1,7fbe,9031,
7858,6115,a2e8,92b1,7fbe,26a8,
7859,6155,a2e8,92b1,7fbe,5f0a,
7860,6155,a2e8,92b1,7fbe,9dd0,
7861,6155,a2e8,92b1,7fbe,1189,
7862,6155,a2e8,92b1,7fbe,3a63,
7863,6155,a2e8,92b1,7fbe,93cf,
7864,6155,a2e8,92b1,7fbe,537b,
7865,6115,a2e8,92b1,7fbe,ae1d,
7866,6155,a2e8,92b1,7fbe,49ca,
7867,6155,a2e8,92b1,7fbe,ed75,
7868,6155,a2e8,92b1,7fbe,fca4,
7869,6155,a2e8,92b1,7fbe,9881,
7870,6155,a2e8,92b1,7fbe,e5b7,
7871,6115,a2e8,92b1,7fbe,8178,
7872,6155,a2e8,92b1,7fbe,3bd1,
7873,6155,a2e8,92b1,7fbe,fdc1,
7874,6155,a2e8,92b1,7fbe,e8f8,
7875,6955,a2e8,92b1,7fbe,33a5,
7876,2a8b,c1f9,d3b1,7fbe,8111,
7877,69f5,a2a8,92b1,7fbe,c021,
7878,5190,b268,92b1,7fbe,8855,
7879,6155,a2e8,92b1,7fbe,4f76,
7880,6155,a2e8,92b1,7fbe,798d,
7881,6155,a2e8,92b1,7fbe,3516,
7882,6155,a2e8,92b1,7fbe,bcf8,
7883,6155,a2e8,92b1,7fbe,a8e0,
7884,6157,a2e8,92b1,7fbe,2c1a,
7885,6155,a2e8,92b1,7fbe,7c3c,
7886,6155,a2e8,92b1,7fbe,1369,
7887,6155,a2e8,92b1,7fbe,d630,
7888,6155,a2e8,92b1,7fbe,ddd1,
7889,6155,a2e8,92b1,7fbe,13ac,
7890,6955,a2e8,92b1,7fbe,f9bc,
7891,2555,a0e8,92b1,7fbe,0940,
7892,6155,a2e8,92b1,7fbe,7a9f,
7893,6155,a2e8,92b1,7fbe,9882,
7894,6155,a2e8,92b1,7fbe,560b,
7895,6197,a2e8,92b1,7fbe,1276,
7896,6114,a2e8,92b1,7fbe,ec4d,
7897,7151,a2e8,92b1,7fbe,3658,
7898,6155,a2e8,92b1,7fbe,9e21,
7899,0000,c123,92b1,7fbe,f415,
7900,6155,a2e8,92b1,7fbe,b46d,
7901,6155,a2e8,92b1,7fbe,2ea3,
7902,6155,a2e8,92b1,7fbe,7d6c,
7903,0000,bdd3,189d,7fbe,c6eb,
7904,6155,a2e8,92b1,7fbe,af28,
7905,6114,a2e8,92b1,7fbe,8d27,
7906,7155,a2e8,92b1,7fbe,8a67,
7907,6175,a2e8,92b1,7fbe,5259,
7908,6175,a2e8,92b1,7fbe,1d9b,
7909,6155,a2e8,92b1,7fbe,15ea,
7910,e155,a2e8,92b1,7fbe,d0fa,
7911,e116,a2cb,92b0,7fbe,3d53,
7912,6155,a2e8,92b1,7fbe,7732,
7913,6155,a2e8,92b1,7fbe,23a2,
7914,6155,a2e8,92b1,7fbe,2899,
7915,bc53,a2e8,b043,7fbe,22f2,
7916,6155,a2e8,92b1,7fbe,feff,
7917,6157,a2e8,92b1,7fbe,68b2,
7918,6155,a2e8,92b1,7fbe,7ec4,
7919,6155,a2e8,92b1,7fbe,8b38,
7920,6115,a2e8,92b1,7fbe,b705,
7921,6155,a2e8,92b1,7fbe,fa7e,
7922,6155,a2e8,92b1,7fbe,0b8f,
7923,7d55,aae8,92b1,7fbe,9921,
7924,6155,a2e8,92b1,7fbe,6386,
7925,6155,a2e8,92b1,7fbe,2e92,
7926,a544,a2e8,8fb8,7fbe,1d09,
7927,6155,a2e8,92b1,7fbe,6b0f,
7928,71d5,a2e8,92b1,7fbe,5938,
7929,c05d,a5e8,90b1,7fbe,095a,
7930,0000,f799,d642,7fbe,bb8d,
7931,6155,a2e8,92b1,7fbe,7f73,
7932,6155,a2e8,92b1,7fbe,46a2,
7933,6155,a2e8,92b1,7fbe,3fd3,
7934,6155,a2e8,92b1,7fbe,ce38,
7935,8b9e,a2e8,664b,7fbe,f4fa,
7936,6151,a2e8,92b1,7fbe,a117,
7937,6155,a2e8,92b1,7fbe,2c91,
7938,6155,a2e8,92b1,7fbe,15d6,
7939,6155,a2e8,92b1,7fbe,69f6,
7940,b0a0,a2e0,92b1,7fbe,cb3b,
7941,6155,a2e8,92b1,7fbe,9fe6,
7942,6155,a2e8,92b1,7fbe,b0d4,
7943,6155,a2e8,92b1,7fbe,4050,
7944,5293,b268,92b1,7fbe,fefd,
7945,6155,a2e8,92b1,7fbe,d4dd,
7946,6155,a2e8,92b1,7fbe,9cd4,
7947,6155,a2e8,92b1,7fbe,92c2,
7948,6055,a2e8,92b1,7fbe,9680,
7949,6155,a2e8,92b1,7fbe,66ae,
7950,6155,a2e8,92b1,7fbe,cfdf,
7951,6155,a2e8,92b1,7fbe,ab26,
7952,6155,a2e8,92b1,7fbe,44ab,
7953,4055,a2e8,92b1,7fbe,2278,
7954,6155,a2e8,92b1,7fbe,1092,
7955,6155,a2e8,92b1,7fbe,6038,
7956,6155,a2e8,92b1,7fbe,4c20,
7957,6155,a2e8,92b1,7fbe,c58d,
7958,6155,a2e8,92b1,7fbe,10ad,
7959,7155,a2e8,92b1,7fbe,3ba0,
7960,6155,a2e8,92b1,7fbe,599b,
7961,7115,a2e8,92b1,7fbe,5d82,
7962,6155,a2e8,92b1,7fbe,93e5,
7963,6175,a2e8,92b1,7fbe,c89f,
7964,c95d,a6e8,92b1,7fbe,5c6a,
7965,60f6,a2a8,92b1,7fbe,dd0b,
7966,6155,a2e8,92b1,7fbe,42ce,
7967,6155,a2e8,92b1,7fbe,c1a1,
7968,6155,a2e8,92b1,7fbe,d988,
7969,6155,a2e8,92b1,7fbe,2c06,
7970,6055,a2e8,92b1,7fbe,e2b1,
7971,6155,a2e8,92b1,7fbe,c0c3,
7972,0694,a0e8,96c1,7f9e,4bb3,
7973,6155,a2e8,92b1,7fbe,f2f8,
7974,6155,a2e8,92b1,7fbe,fef2,
7975,6155,a2e8,92b1,7fbe,1911,
7976,6155,a2e8,92b1,7fbe,e066,
7977,e3d7,a2e8,92b1,7fbe,d367,
7978,6155,a2e8,92b1,7fbe,aa80,
7979,4155,a2e8,92b1,7fbe,6aa5,
7980,6155,a2e8,92b1,7fbe,5bf2,
7981,6195,a2e8,92b1,7fbe,a7f5,
7982,6155,a2e8,92b1,7fbe,974a,
7983,632f,a2f8,92b1,7fbe,0eaa,
7984,6175,a2e8,92b1,7fbe,5436,
7985,9b95,a2e8,8b29,7fbe,1998,
7986,6159,a2e8,92b1,7fbe,9cdd,
7987,6155,a2e8,92b1,7fbe,761d,
7988,4555,a2e8,92b1,7fbe,9cc7,
7989,1090,4250,92b1,7fbe,4214,
7990,6155,a2e8,92b1,7fbe,15de,
7991,6155,a2e8,92b1,7fbe,89e0,
7992,6155,a2e8,92b1,7fbe,21bc,
7993,6175,a2e8,92b1,7fbe,d3eb,
7994,6155,a2e8,92b1,7fbe,f922,
7995,6155,a2e8,92b1,7fbe,d27b,
7996,7115,a2e8,92b1,7fbe,deb5,
7997,6155,a2e8,92b1,7fbe,546c,
7998,6155,a2e8,92b1,7fbe,fbfd,
7999,0000,a2e8,93df,7fbe,016e,
8000,6155,a2e8,92b1,7fbe,d498,
8001,6155,a2e8,92b1,7fbe,4532,
8002,6155,a2e8,92b1,7fbe,8c7b,
8003,6155,a2e8,92b1,7fbe,e3cb,
8004,6175,a2e8,92b1,7fbe,5c91,
8005,6155,a2e8,92b1,7fbe,286c,
8006,6175,a2e8,92b1,7fbe,31a1,
8007,311b,a2e8,2b54,7fbe,b9e5,
8008,0000,4005,9ba5,7fbe,f0e5,
8009,6155,a2e8,92b1,7fbe,922f,
8010,6155,a2e8,92b1,7fbe,c2a1,
8011,6115,a2e8,92b1,7fbe,33b4,
8012,6556,a2a8,92b1,7fbe,a06b,
8013,6175,a2e8,92b1,7fbe,2489,
8014,6155,a2e8,92b1,7fbe,c0d8,
8015,6155,a2e8,92b1,7fbe,ece5,
8016,6155,a2e8,92b1,7fbe,2e14,
8017,4155,a2e8,92b1,7fbe,e4ab,
8018,6155,a2e8,92b1,7fbe,8e2c,
8019,6155,a2e8,92b1,7fbe,4dd6,
8020,6155,a2e8,92b1,7fbe,c2ba,
8021,6155,a2e8,92b1,7fbe,4a77,
8022,6155,a2e8,92b1,7fbe,fd68,
8023,6155,a2e8,92b1,7fbe,5d6c,
8024,6155,a2e8,92b1,7fbe,c75c,
8025,6155,a2e8,92b1,7fbe,7398,
8026,6175,a2e8,92b1,7fbe,56b8,
8027,6155,a2e8,92b1,7fbe,c026,
8028,6155,a2e8,92b1,7fbe,1a91,
8029,6155,a2e8,92b1,7fbe,ebd6,
8030,6155,a2e8,92b1,7fbe,e5c4,
8031,6155,a2e8,92b1,7fbe,a38d,
8032,6155,a2e8,92b1,7fbe,03b5,
8033,6155,a2e8,92b1,7fbe,4f84,
8034,4155,b2e8,92b1,7fbe,3f40,
8035,6155,a2e8,92b1,7fbe,aa97,
8036,85a2,c2e8,b2b1,7fbe,7fbb,
8037,6155,a2e8,92b1,7fbe,0f5d,
8038,6155,a2e8,92b1,7fbe,ee39,
8039,6155,a2e8,92b1,7fbe,07fd,
8040,0000,9352,908f,7fbe,2606,
8041,6155,a2e8,92b1,7fbe,6b68,
8042,6155,a2e8,92b1,7fbe,fc6d,
8043,6155,a2e8,92b1,7fbe,0bae,
8044,6155,a2e8,92b1,7fbe,6d08,
8045,7155,a2e8,92b1,7fbe,4cc6,
8046,6155,a2e8,92b1,7fbe,7de1,
8047,611d,a2e8,92b1,7fbe,61e3,
8048,7155,a2e8,92b1,7fbe,5125,
8049,6155,a2e8,92b1,7fbe,fe97,
8050,6155,a2e8,92b1,7fbe,de38,
8051,6155,a2e8,92b1,7fbe,7bee,
8052,6155,a2e8,92b1,7fbe,505f,
8053,6155,a2e8,92b1,7fbe,13f8,
8054,6155,a2e8,92b1,7fbe,f137,
8055,6155,a2e8,92b1,7fbe,fffa,
8056,6155,a2e8,92b1,7fbe,ce49,
8057,6155,a2e8,92b1,7fbe,7f02,
8058,6155,a2e8,92b1,7fbe,92f5,
8059,6155,a2e8,92b1,7fbe,15b4,
8060,6155,a2e8,92b1,7fbe,e86e,
8061,6155,a2e8,92b1,7fbe,0762,
8062,6155,a2e8,92b1,7fbe,33ea,
8063,6155,a2e8,92b1,7fbe,eac6,
8064,0000,8ed8,92b1,7fbe,32c4,
8065,6151,a2e8,92b1,7fbe,0dac,
8066,6155,a2e8,92b1,7fbe,063a,
8067,6155,a2e8,92b1,7fbe,df6f,
8068,6155,a2e8,92b1,7fbe,e3b8,
8069,6155,a2e8,92b1,7fbe,d831,
8070,6175,a2e8,92b1,7fbe,50d8,
8071,6155,a2e8,92b1,7fbe,e19a,
8072,6155,a2e8,92b1,7fbe,a9f8,
8073,d9d9,a2e8,92b1,7fbe,b88c,
8074,6155,a2e8,92b1,7fbe,1c81,
8075,6115,a2e8,92b1,7fbe,f78e,
8076,6155,a2e8,92b1,7fbe,a069,
8077,607d,a2e8,92b1,7fbe,3d88,
8078,61d9,a2ec,92b1,7fbe,da84,
8079,6155,a2e8,92b1,7fbe,f32e,
8080,604d,a2e0,92b1,7fbe,39ac,
8081,6155,a2e8,92b1,7fbe,11c8,
8082,6155,a2e8,92b1,7fbe,0649,
8083,0000,a2e8,6c51,7fbe,fee0,
8084,6155,a2e8,92b1,7fbe,4d3a,
8085,0000,b2ac,92b1,7fbe,37e1,
8086,0000,5da1,bc6a,7fbe,f5f3,
8087,6155,a2e8,92b1,7fbe,f8a4,
8088,6155,a2e8,92b1,7fbe,028b,
8089,6175,a2e8,92b1,7fbe,6c4b,
8090,6155,a2e8,92b1,7fbe,9ebd,
8091,6155,a2e8,92b1,7fbe,0431,
8092,61d5,a2e8,92b1,7fbe,f38c,
8093,6155,a2e8,92b1,7fbe,24d2,
8094,6155,a2e8,92b1,7fbe,37a6,
8095,0708,a2e8,92b1,7fbe,665d,
8096,6155,a2e8,92b1,7fbe,8da3,
8097,7155,a2e8,92b1,7fbe,1e9f,
8098,6155,a2e8,92b1,7fbe,ab84,
8099,6155,a2e8,92b1,7fbe,38b2,
8100,6155,a2e8,92b1,7fbe,24d0,
8101,6155,a2e8,92b1,7fbe,fdba,
8102,6155,a2e8,92b1,7fbe,ba2d,
8103,6155,a2e8,92b1,7fbe,053d,
8104,6155,a2e8,92b1,7fbe,0bd1,
8105,0000,a2e8,4181,7fbe,d330,
8106,6155,a2e8,92b1,7fbe,9371,
8107,6355,a2e8,92b1,7fbe,a900,
8108,6155,a2e8,92b1,7fbe,762d,
8109,6337,a699,9291,7fbe,482c,
8110,6155,a2e8,92b1,7fbe,68ac,
8111,61d5,a2e8,92b1,7fbe,7468,
8112,6155,a2e8,92b1,7fbe,0ad9,
8113,6055,a2e8,92b1,7fbe,0775,
8114,6155,a2e8,92b1,7fbe,88ec,
8115,0000,2198,8af6,7fbe,2bfd,
8116,6155,a2e8,92b1,7fbe,ef0a,
8117,6155,a2e8,92b1,7fbe,e156,
8118,6114,a2e8,92b1,7fbe,d7bc,
8119,6155,a2e8,92b1,7fbe,78e8,
8120,6155,a2e8,92b1,7fbe,bdd7,
8121,4155,b2e8,92b1,7fbe,c5a5,
8122,71d4,aae8,92b1,7fbe,9d89,
8123,5937,a2a8,92b1,7fbe,94a0,
8124,6155,a2e8,92b1,7fbe,657a,
8125,6155,a2e8,92b1,7fbe,b9a9,
8126,6115,a2e8,92b1,7fbe,bc7e,
8127,f1f7,a2e8,92b1,7fbe,b4c2,
8128,6155,a2e8,92b1,7fbe,149e,
8129,6155,a2e8,92b1,7fbe,765a,
8130,6155,a2e8,92b1,7fbe,4d0d,
8131,6155,a2e8,92b1,7fbe,75e9,
8132,6155,a2e8,92b1,7fbe,0f16,
8133,6155,a2e8,92b1,7fbe,7330,
8134,6155,a2e8,92b1,7fbe,05aa,
8135,6955,a2e8,92b1,7fbe,60f2,
8136,6155,a2e8,92b1,7fbe,89df,
8137,6155,a2e8,92b1,7fbe,809e,
8138,e575,a2e8,92b1,7fbe,e544,
8139,6155,a2e8,92b1,7fbe,57d5,
8140,41f7,b2e8,92b1,7fbe,480b,
8141,6355,a2e8,92b1,7fbe,7823,
8142,0000,9a70,92b1,7fbe,21b5,
8143,79d7,a2a8,92b1,7fbe,51ff,
8144,61d5,a2e8,92b1,7fbe,baa9,
8145,6155,a2e8,92b1,7fbe,627b,
8146,6151,a2e8,92b1,7fbe,9cde,
8147,6155,a2e8,92b1,7fbe,0b8a,
8148,6155,a2e8,92b1,7fbe,6ed3,
8149,5955,b2e8,92b1,7fbe,0a34,
8150,6155,a2e8,92b1,7fbe,9178,
8151,6155,a2e8,92b1,7fbe,98f4,
8152,6155,a2e8,92b1,7fbe,9344,
8153,6155,a2e8,92b1,7fbe,87bd,
8154,6955,a2e8,92b1,7fbe,8ee5,
8155,6155,a2e8,92b1,7fbe,083b,
8156,6155,a2e8,92b1,7fbe,34f5,
8157,6155,a2e8,92b1,7fbe,5494,
8158,e1d7,a2a9,92b1,7fbe,6bc4,
8159,6115,a2e8,92b1,7fbe,4e6a,
8160,6155,a2e8,92b1,7fbe,aeb4,
8161,6155,a2e8,92b1,7fbe,79fd,
8162,6155,a2e8,92b1,7fbe,45dd,
8163,6155,a2e8,92b1,7fbe,b9ef,
8164,0000,a2e8,1c94,7fbe,8e25,
8165,7155,a2e8,92b1,7fbe,92a3,
8166,6155,a2e8,92b1,7fbe,ec4e,
8167,6155,a2e8,92b1,7fbe,876b,
8168,6155,a2e8,92b1,7fbe,c44b,
8169,6155,a2e8,92b1,7fbe,3c06,
8170,6155,a2e8,92b1,7fbe,bd58,
8171,6155,a2e8,92b1,7fbe,dea2,
8172,6155,a2e8,92b1,7fbe,3051,
8173,6155,a2e8,92b1,7fbe,1601,
8174,6155,a2e8,92b1,7fbe,875f,
8175,8073,a2e8,92b1,7fbe,e126,
8176,6155,a2e8,92b1,7fbe,e679,
8177,6155,a2e8,92b1,7fbe,0c70,
8178,6155,a2e8,92b1,7fbe,709c,
8179,6155,a2e8,92b1,7fbe,0a83,
8180,c5b5,2d63,92b9,7fbe,8f9f,
8181,6155,a2e8,92b1,7fbe,540d,
8182,0000,52ce,cf66,7fbe,558b,
8183,6545,a2e8,92b1,7fbe,a3d3,
8184,6115,a2e8,92b1,7fbe,8ffc,
8185,6155,a2e8,92b1,7fbe,5d55,
8186,6957,a2e8,92b1,7fbe,e98d,
8187,6155,a2e8,92b1,7fbe,37a7,
8188,6155,a2e8,92b1,7fbe,7e41,
8189,6155,a2e8,92b1,7fbe,a134,
8190,7155,a2e8,92b1,7fbe,d414,
8191,6155,a2e8,92b1,7fbe,ebd6,
8192,6355,a2e8,92b1,7fbe,dbb4,
8193,0000,ca5a,92b1,7fbe,da09,
8194,6155,a2e8,92b1,7fbe,7a00,
8195,6155,a2e8,92b1,7fbe,5d98,
8196,61d7,a2e8,92b1,7fbe,f86b,
8197,2c74,2ee8,96b1,7fbe,706b,
8198,6155,a2e8,92b1,7fbe,4c44,
8199,6155,a2e8,92b1,7fbe,dec0,
8200,4055,a2e8,92b1,7fbe,2278,
8201,6155,a2e8,92b1,7fbe,a6f9,
8202,6115,a2e8,92b1,7fbe,9a91,
8203,4155,a2e8,92b1,7fbe,7b7d,
8204,6155,a2e8,92b1,7fbe,3987,
8205,405d,d2e8,b2b1,7fbe,6afe,
8206,6175,a2e8,92b1,7fbe,7afa,
8207,6155,a2e8,92b1,7fbe,34df,
8208,0000,a2e8,852e,7fbe,179f,
8209,6155,a2e8,92b1,7fbe,0dc1,
8210,6155,a2e8,92b1,7fbe,f3f3,
8211,6155,a2e8,92b1,7fbe,c3b2,
8212,6155,a2e8,92b1,7fbe,6660,
8213,6155,a2e8,92b1,7fbe,fbb6,
8214,6115,a2e8,92b1,7fbe,6563,
8215,6155,a2e8,92b1,7fbe,051f,
8216,6155,a2e8,92b1,7fbe,72df,
8217,6155,a2e8,92b1,7fbe,897d,
8218,6155,a2e8,92b1,7fbe,e83f,
8219,6155,a2e8,92b1,7fbe,97a7,
8220,0000,a2e8,d992,7fbe,4b23,
8221,6155,a2e8,92b1,7fbe,bc08,
8222,6155,a2e8,92b1,7fbe,94c9,
8223,6155,a2e8,92b1,7fbe,c355,
8224,6355,a2e8,92b1,7fbe,4627,
8225,5155,b2e8,92b1,7fbe,258d,
8226,6155,a2e8,92b1,7fbe,8d7f,
8227,6155,a2e8,92b1,7fbe,282b,
8228,6175,a2e8,92b1,7fbe,d260,
8229,6155,a2e8,92b1,7fbe,486a,
8230,6155,a2e8,92b1,7fbe,e358,
8231,6155,a2e8,92b1,7fbe,ec7a,
8232,6155,a2e8,92b1,7fbe,4a7e,
8233,6155,a2e8,92b1,7fbe,15f9,
8234,6155,a2e8,92b1,7fbe,7a45,
8235,61f7,a2a8,92b1,7fbe,c51b,
8236,6155,a2e8,92b1,7fbe,e5dc,
8237,6155,a2e8,92b1,7fbe,37e6,
8238,4957,b2e8,92b1,7fbe,6d75,
8239,6155,a2e8,92b1,7fbe,97c5,
8240,6155,a2e8,92b1,7fbe,1109,
8241,625d,02e8,d2b1,7fbe,4123,
8242,6155,a2e8,92b1,7fbe,9174,
8243,6155,a2e8,92b1,7fbe,7405,
8244,6155,a2e8,92b1,7fbe,9176,
8245,7115,a2e8,92b1,7fbe,bdda,
8246,6155,a2e8,92b1,7fbe,c68b,
8247,6155,a2e8,92b1,7fbe,569b,
8248,6155,a2e8,92b1,7fbe,c556,
8249,6155,a2e8,92b1,7fbe,4a21,
8250,3bb8,a2e8,92b1,7fbe,5aed,
8251,6155,a2e8,92b1,7fbe,7bbe,
8252,6155,a2e8,92b1,7fbe,b2c8,
8253,6155,a2e8,92b1,7fbe,e0ed,
8254,4361,b238,9239,7fbe,4743,
8255,6155,a2e8,92b1,7fbe,7317,
8256,6935,a2a8,92b1,7fbe,7913,
8257,6155,a2e8,92b1,7fbe,03d3,
8258,6155,a2e8,92b1,7fbe,b335,
8259,6155,a2e8,92b1,7fbe,e983,
8260,6155,a2e8,92b1,7fbe,f40e,
8261,6155,a2e8,92b1,7fbe,2155,
8262,61d7,a2e8,92b1,7fbe,bd7b,
8263,6155,a2e8,92b1,7fbe,e009,
8264,7155,a2e8,92b1,7fbe,a477,
8265,6155,a2e8,92b1,7fbe,aac3,
8266,6155,a2e8,92b1,7fbe,9d09,
8267,6155,a2e8,92b1,7fbe,fae0,
8268,0000,0a09,92b1,7fbe,07cb,
8269,bb5e,a2e8,2e47,7fbe,bcf6,
8270,6155,a2e8,92b1,7fbe,15a8,
8271,6155,a2e8,92b1,7fbe,e2b2,
8272,6197,a2a8,92b1,7fbe,cf0d,
8273,0000,a2e8,25a9,7fbe,b718,
8274,6155,a2e8,92b1,7fbe,7baf,
8275,6155,a2e8,92b1,7fbe,f90b,
8276,6157,a2e8,92b1,7fbe,728e,
8277,6155,a2e8,92b1,7fbe,be9f,
8278,6155,a2e8,92b1,7fbe,3b89,
8279,6155,a2e8,92b1,7fbe,27ca,
8280,6155,a2e8,92b1,7fbe,0852,
8281,61d5,a2e8,92b1,7fbe,0d85,
8282,6175,a2e8,92b1,7fbe,585e,
8283,e545,a8e8,96b1,7fbe,84f0,
8284,6155,a2e8,92b1,7fbe,a912,
8285,6155,a2e8,92b1,7fbe,9517,
8286,6155,a2e8,92b1,7fbe,7ec6,
8287,0000,a2e8,fbc3,7fbe,6972,
8288,5955,b2e8,92b1,7fbe,4cd9,
8289,6155,a2e8,92b1,7fbe,2849,
8290,6155,a2e8,92b1,7fbe,1247,
8291,6155,a2e8,92b1,7fbe,580e,
8292,6155,a2e8,92b1,7fbe,2518,
8293,6155,a2e8,92b1,7fbe,eafd,
8294,6155,a2e8,92b1,7fbe,111a,
8295,6155,a2e8,92b1,7fbe,e8f8,
8296,1012,8162,93b5,7fbe,1899,
8297,0000,a2e8,4485,7fbe,d634,
8298,4451,a2e8,92b1,7fbe,e34e,
8299,6155,a2e8,92b1,7fbe,091d,
8300,0000,a374,92b1,7fbe,1255,
8301,6155,a2e8,92b1,7fbe,1fb2,
8302,6155,a2e8,92b1,7fbe,7817,
8303,6155,a2e8,92b1,7fbe,f758,
8304,e155,a2e8,92b1,7fbe,8229,
8305,6055,a2e8,92b1,7fbe,b070,
8306,6155,a2e8,92b1,7fbe,b8a4,
8307,6155,a2e8,92b1,7fbe,bcd4,
8308,61b5,a2a8,92b1,7fbe,bb19,
8309,e155,a2e8,92b1,7fbe,898f,
8310,7155,a2e8,92b1,7fbe,03ec,
8311,6155,a2e8,92b1,7fbe,b915,
8312,6115,a2e8,92b1,7fbe,697b,
8313,4155,a2e8,92b1,7fbe,afad,
8314,7155,a2e8,92b1,7fbe,367e,
8315,6155,a2e8,92b1,7fbe,380c,
8316,616d,a2f8,92b1,7fbe,efb3,
8317,6155,a2e8,92b1,7fbe,5d66,
8318,6155,a2e8,92b1,7fbe,0c84,
8319,6155,a2e8,92b1,7fbe,1740,
8320,6155,a2e8,92b1,7fbe,e805,
8321,6155,a2e8,92b1,7fbe,653f,
8322,6155,a2e8,92b1,7fbe,161c,
8323,6155,a2e8,92b1,7fbe,40c0,
8324,0000,21de,9af9,7fbe,8bc6,
8325,6155,a2e8,92b1,7fbe,9c96,
8326,6155,a2e8,92b1,7fbe,d95b,
8327,6155,a2e8,92b1,7fbe,d2f8,
8328,6155,a2e8,92b1,7fbe,60d6,
8329,6155,a2e8,92b1,7fbe,a5d8,
8330,6155,a2e8,92b1,7fbe,862a,
8331,7155,a2e8,92b1,7fbe,4619,
8332,6155,a2e8,92b1,7fbe,bbc3,
8333,0000,a2e8,bb99,7fbe,2928,
8334,0000,9a7a,92b1,7fbe,a408,
8335,2955,a2e8,92b1,7fbe,5275,
8336,6155,a2e8,92b1,7fbe,35bb,
8337,0000,4bb8,92b1,7fbe,43c6,
8338,6155,a2e8,92b1,7fbe,6a69,
8339,6155,a2e8,92b1,7fbe,4568,
8340,6115,a2e8,92b1,7fbe,b804,
8341,6155,a2e8,92b1,7fbe,12cd,
8342,0000,eb7f,1aa1,7fbe,59e7,
8343,6155,a2e8,92b1,7fbe,f9ab,
8344,6155,a2e8,92b1,7fbe,5bcc,
8345,6155,a2e8,92b1,7fbe,ecc4,
8346,6155,a2e8,92b1,7fbe,9845,
8347,6155,a2e8,92b1,7fbe,dfa9,
8348,6155,a2e8,92b1,7fbe,5e59,
8349,6155,a2e8,92b1,7fbe,3109,
8350,6115,a2e8,92b1,7fbe,2c7e,
8351,61d5,a2e8,92b1,7fbe,2fbc,
8352,03c6,0c31,96f0,7fbe,203b,
8353,6975,a2e8,92b1,7fbe,d561,
8354,c155,e2e8,92b1,7fbe,0eac,
8355,6155,a2e8,92b1,7fbe,d6cf,
8356,6155,a2e8,92b1,7fbe,7cb8,
8357,6155,a2e8,92b1,7fbe,9959,
8358,6155,a2e8,92b1,7fbe,ca25,
8359,0000,51df,fb9b,7fbe,492f,
8360,0000,a2e8,93df,7fbe,016e,
8361,6155,a2e8,92b1,7fbe,7d47,
8362,41d5,b2e8,92b1,7fbe,51be,
8363,6155,a2e8,92b1,7fbe,bf03,
8364,6155,a2e8,92b1,7fbe,4293,
8365,6155,a2e8,92b1,7fbe,801c,
8366,6155,a2e8,92b1,7fbe,7ab7,
8367,6155,a2e8,92b1,7fbe,c46d,
8368,6175,a2e8,92b1,7fbe,39ff,
8369,6155,a2e8,92b1,7fbe,d079,
8370,6155,a2e8,92b1,7fbe,3125,
8371,6155,a2e8,92b1,7fbe,bc9f,
8372,6155,a2e8,92b1,7fbe,cf32,
8373,6155,a2e8,92b1,7fbe,87f3,
8374,6155,a2e8,92b1,7fbe,bdc8,
8375,0000,a2e8,79de,7fbe,eb6f,
8376,0000,5da1,bc6a,7fbe,f5f3,
8377,6155,a2e8,92b1,7fbe,225b,
8378,49d7,b2e8,92b1,7fbe,0c1f,
8379,6155,a2e8,92b1,7fbe,929f,
8380,6155,a2e8,92b1,7fbe,b469,
8381,8e02,b6bc,92b1,7fbe,ac1b,
8382,6155,a2e8,92b1,7fbe,b4dc,
8383,6955,a2e8,92b1,7fbe,17d4,
8384,6155,a2e8,92b1,7fbe,d4a7,
8385,6115,a2e8,92b1,7fbe,93cd,
8386,7155,a2e8,92b1,7fbe,71d2,
8387,6155,a2e8,92b1,7fbe,82c9,
8388,6155,a2e8,92b1,7fbe,fee5,
8389,0000,330a,92b1,7fbe,95c3,
8390,6155,a2e8,92b1,7fbe,bef5,
8391,6155,a2e8,92b1,7fbe,a660,
8392,6155,a2e8,92b1,7fbe,5be2,
8393,6155,a2e8,92b1,7fbe,b636,
8394,6051,a2e8,92b1,7fbe,331c,
8395,6155,a2e8,92b1,7fbe,8820,
8396,6155,a2e8,92b1,7fbe,963f,
8397,6155,a2e8,92b1,7fbe,0746,
8398,0000,eac5,10f1,7fbe,4ebc,
8399,61d5,a2e8,92b1,7fbe,5e68,
8400,6155,a2e8,92b1,7fbe,93a0,
8401,6155,a2e8,92b1,7fbe,0ad5,
8402,6155,a2e8,92b1,7fbe,94fd,
8403,6155,a2e8,92b1,7fbe,12cd,
8404,6155,a2e8,92b1,7fbe,1911,
8405,6555,a2e8,92b1,7fbe,8eef,
8406,6375,a2e8,92b1,7fbe,c904,
8407,6155,a2e8,92b1,7fbe,912f,
8408,96a3,a2ea,92b1,7fbe,e612,
8409,6155,a2e8,92b1,7fbe,bbe0,
8410,6155,a2e8,92b1,7fbe,3aa1,
8411,71f5,a2a8,92b1,7fbe,964a,
8412,61dd,a2e8,92b1,7fbe,978b,
8413,6155,a2e8,92b1,7fbe,683f,
8414,e134,a2e8,92b1,7fbe,aef9,
8415,5155,a2e8,92b1,7fbe,b7e5,
8416,6155,a2e8,92b1,7fbe,ab46,
8417,6155,a2e8,92b1,7fbe,2c54,
8418,0000,a2e8,6997,7fbe,fb26,
8419,6155,a2e8,92b1,7fbe,1981,
8420,6155,a2e8,92b1,7fbe,4bb2,
8421,6155,a2e8,92b1,7fbe,c290,
8422,6175,a2e8,92b1,7fbe,1f34,
8423,6155,a2e8,92b1,7fbe,1a72,
8424,6155,a2e8,92b1,7fbe,e8ab,
8425,6155,a2e8,92b1,7fbe,512d,
8426,61d1,a2ea,92b1,7fbe,e05f,
8427,6155,a2e8,92b1,7fbe,676c,
8428,71d7,b2e8,92b1,7fbe,5c50,
8429,6155,a2e8,92b1,7fbe,dba7,
8430,6155,a2e8,92b1,7fbe,ad9a,
8431,0000,a2ab,92b1,7fbe,45d2,
8432,0000,caf0,92b1,7fbe,314a,
8433,0000,a2e8,633f,7fbe,f18e,
8434,2145,a2e8,92b1,7fbe,5d7a,
8435,6155,a2e8,92b1,7fbe,3f0b,
8436,6155,a2e8,92b1,7fbe,468a,
8437,6155,a2e8,92b1,7fbe,a2f2,
8438,6155,a2e8,92b1,7fbe,e913,
8439,6155,a2e8,92b1,7fbe,13b7,
8440,c0d5,a4e8,90b1,7fbe,b114,
8441,6155,a2e8,92b1,7fbe,3adb,
8442,6155,a2e8,92b1,7fbe,e4f6,
8443,6954,a2e8,92b1,7fbe,02f3,
8444,6115,a2e8,92b1,7fbe,7b6c,
8445,6175,a2e8,92b1,7fbe,9eb3,
8446,6155,a2e8,92b1,7fbe,c211,
8447,6155,a2e8,92b1,7fbe,ff30,
8448,6145,a2e8,92b1,7fbe,7f59,
8449,6155,a2e8,92b1,7fbe,dfe9,
8450,6155,a2e8,92b1,7fbe,c2c8,
8451,6155,a2e8,92b1,7fbe,4825,
8452,6155,a2e8,92b1,7fbe,245d,
8453,6155,a2e8,92b1,7fbe,c8fa,
8454,6155,a2e8,92b1,7fbe,323f,
8455,6155,a2e8,92b1,7fbe,6f74,
8456,6155,a2e8,92b1,7fbe,e0a8,
8457,6155,a2e8,92b1,7fbe,cbb3,
8458,6155,a2e8,92b1,7fbe,ee0e,
8459,6555,a2e8,92b1,7fbe,2438,
8460,6175,a2e8,92b1,7fbe,becb,
8461,6155,a2e8,92b1,7fbe,d7c4,
8462,02ae,51f6,dee2,7fbe,d59a,
8463,6155,a2e8,92b1,7fbe,c04f,
8464,6556,92e8,82b1,7fbe,086d,
8465,6155,a2e8,92b1,7fbe,52ca,
8466,6155,a2e8,92b1,7fbe,1731,
8467,6155,a2e8,92b1,7fbe,edd6,
8468,225d,a2e8,92b1,7fbe,6b39,
8469,6157,a2e8,92b1,7fbe,ddaa,
8470,6155,a2e8,92b1,7fbe,7434,
8471,0000,a2e8,efa4,7fbe,7d15,
8472,6155,a2e8,92b1,7fbe,d75e,
8473,6155,a2e8,92b1,7fbe,fb33,
8474,6155,a2e8,92b1,7fbe,30a9,
8475,6155,a2e8,92b1,7fbe,5b78,
8476,6155,a2e8,92b1,7fbe,c02c,
8477,6155,a2e8,92b1,7fbe,2535,
8478,6155,a2e8,92b1,7fbe,e208,
8479,6155,a2e8,92b1,7fbe,9626,
8480,6155,a2e8,92b1,7fbe,a804,
8481,6155,a2e8,92b1,7fbe,98c7,
8482,6155,a2e8,92b1,7fbe,0353,
8483,a155,a2e8,92b1,7fbe,daf7,
8484,615d,a2e8,92b1,7fbe,61da,
8485,6051,a2e8,92b1,7fbe,e34c,
8486,4785,a2e8,ea66,7fbe,78d7,
8487,6155,a2e8,92b1,7fbe,4e93,
8488,6536,a6e9,92b1,7fbe,672e,
8489,0000,032d,92b1,7fbe,ceaa,
8490,6155,a2e8,92b1,7fbe,8152,
8491,6155,a2e8,92b1,7fbe,798c,
8492,6155,a2e8,92b1,7fbe,5e6b,
8493,7155,a2e8,92b1,7fbe,8ef8,
8494,6917,a2a8,92b1,7fbe,697e,
8495,6155,a2e8,92b1,7fbe,e4ce,
8496,6755,a0e8,92b1,7fbe,8112,
8497,6114,a2e8,92b1,7fbe,3af0,
8498,6955,a2e8,92b1,7fbe,f0ad,
8499,6155,a2e8,92b1,7fbe,5abb,
8500,6155,a2e8,92b1,7fbe,0eaf,
8501,6115,a2e8,92b1,7fbe,8b99,
8502,6155,a2e8,92b1,7fbe,3a5f,
8503,6155,a2e8,92b1,7fbe,8848,
8504,6155,a2e8,92b1,7fbe,b59b,
8505,6155,a2e8,92b1,7fbe,88ad,
8506,6155,a2e8,92b1,7fbe,4c3f,
8507,0000,dbf3,11b9,7fbe,ff9a,
8508,6355,a2e8,92b1,7fbe,0166,
8509,6955,a2e8,92b1,7fbe,607e,
8510,6155,a2e8,92b1,7fbe,4269,
8511,6155,a2e8,92b1,7fbe,0876,
8512,0000,1133,9a51,7fbe,b23b,
8513,6155,a2e8,92b1,7fbe,9816,
8514,6155,a2e8,92b1,7fbe,4b77,
8515,6155,a2e8,92b1,7fbe,ba8c,
8516,dcc0,a2e8,92b1,7fbe,bd95,
8517,6155,a2e8,92b1,7fbe,6948,
8518,6155,a2e8,92b1,7fbe,b099,
8519,6155,a2e8,92b1,7fbe,d766,
8520,6155,a2e8,92b1,7fbe,d2d9,
8521,6155,a2e8,92b1,7fbe,a153,
8522,5530,a2e8,7614,7fbe,e4a5,
8523,6155,a2e8,92b1,7fbe,d093,
8524,6175,a2e8,92b1,7fbe,fb06,
8525,6155,a2e8,92b1,7fbe,cfb7,
8526,0000,a269,92b1,7fbe,8fa4,
8527,6155,a2e8,92b1,7fbe,b0e5,
8528,7504,aae8,92b1,7fbe,cd1d,
8529,b7ec,a2e8,92b1,7fbe,d799,
8530,6155,a2e8,92b1,7fbe,1821,
8531,6155,a2e8,92b1,7fbe,29d3,
8532,6155,a2e8,92b1,7fbe,214a,
8533,6155,a2e8,92b1,7fbe,6b00,
8534,6155,a2e8,92b1,7fbe,cf95,
8535,2155,a2e8,92b1,7fbe,c58f,
8536,f05d,a2e8,92b1,7fbe,9108,
8537,6175,a2e8,92b1,7fbe,9874,
8538,644c,a2e8,60fd,7fbe,f24c,
8539,0000,5941,bbb5,7fbe,99a2,
8540,6155,a2e8,92b1,7fbe,74d7,
8541,7155,a2e8,92b1,7fbe,181f,
8542,0000,f3e2,90bd,7fbe,3792,
8543,6155,a2e8,92b1,7fbe,9b57,
8544,6155,a2e8,92b1,7fbe,98cb,
8545,7155,a2e8,92b1,7fbe,1003,
8546,0000,a2c9,92b1,7fbe,c6da,
8547,7155,a2e8,92b1,7fbe,03ef,
8548,6155,a2e8,92b1,7fbe,1a01,
8549,6155,a2e8,92b1,7fbe,6bb2,
8550,6dc6,a2e8,9eda,7fbe,0c6b,
8551,6155,a2e8,92b1,7fbe,505f,
8552,6155,a2e8,92b1,7fbe,b5dc,
8553,6155,a2e8,92b1,7fbe,9dc2,
8554,6155,a2e8,92b1,7fbe,7174,
8555,6155,a2e8,92b1,7fbe,48ea,
8556,6155,a2e8,92b1,7fbe,d2c9,
8557,6155,a2e8,92b1,7fbe,396f,
8558,6155,a2e8,92b1,7fbe,e7b5,
8559,6155,a2e8,92b1,7fbe,4364,
8560,6155,a2e8,92b1,7fbe,93b2,
8561,6155,a2e8,92b1,7fbe,96e9,
8562,6155,a2e8,92b1,7fbe,2b11,
8563,6155,a2e8,92b1,7fbe,4639,
8564,6155,a2e8,92b1,7fbe,efe1,
8565,6155,a2e8,92b1,7fbe,b066,
8566,6155,a2e8,92b1,7fbe,a492,
8567,6155,a2e8,92b1,7fbe,0eea,
8568,61d7,a2e8,92b1,7fbe,bef7,
8569,6155,a2e8,92b1,7fbe,692d,
8570,6155,a2e8,92b1,7fbe,a264,
8571,6155,a2e8,92b1,7fbe,e2fd,
8572,61d5,a2a8,92b1,7fbe,68e4,
8573,6115,a2e8,92b1,7fbe,3084,
8574,0000,74b9,3469,7fbe,b7fb,
8575,6155,a2e8,92b1,7fbe,7fbf,
8576,6155,a2e8,92b1,7fbe,5174,
8577,0000,08c2,92b1,7fbe,b788,
8578,6155,a2e8,92b1,7fbe,705d,
8579,6155,a2e8,92b1,7fbe,2dc5,
8580,6155,a2e8,92b1,7fbe,bec8,
8581,6155,a2e8,92b1,7fbe,eb60,
8582,6175,a2e8,92b1,7fbe,21ef,
8583,6155,a2e8,92b1,7fbe,c646,
8584,6155,a2e8,92b1,7fbe,94a5,
8585,6155,a2e8,92b1,7fbe,86dc,
8586,70d4,a228,92b1,7fbe,0827,
8587,7155,a2e8,92b1,7fbe,95d1,
8588,6955,a2e8,92b1,7fbe,b9c6,
8589,0000,66d9,83b5,7fbe,feb9,
8590,6155,a2e8,92b1,7fbe,ecb6,
8591,6155,a2e8,92b1,7fbe,5700,
8592,6175,a2e8,92b1,7fbe,55db,
8593,6155,a2e8,92b1,7fbe,5849,
8594,6155,a2e8,92b1,7fbe,529f,
8595,6155,a2e8,92b1,7fbe,63a0,
8596,6155,a2e8,92b1,7fbe,516e,
8597,6155,a2e8,92b1,7fbe,7359,
8598,6155,a2e8,92b1,7fbe,7766,
8599,6155,a2e8,92b1,7fbe,469d,
8600,6155,a2e8,92b1,7fbe,2273,
8601,6155,a2e8,92b1,7fbe,4bfe,
8602,6155,a2e8,92b1,7fbe,7dd9,
8603,0000,a2e8,9c9c,7fbe,0e2d,
8604,6051,a2e8,92b1,7fbe,3536,
8605,6155,a2e8,92b1,7fbe,3ecf,
8606,6175,a2e8,92b1,7fbe,6a00,
8607,0000,e27e,92b1,7fbe,f826,
8608,6155,a2e8,92b1,7fbe,7b17,
8609,6155,a2e8,92b1,7fbe,c945,
8610,6155,a2e8,92b1,7fbe,bb63,
8611,49b5,a2a8,92b1,7fbe,5518,
8612,6155,a2e8,92b1,7fbe,e370,
8613,6955,a2e8,92b1,7fbe,4b79,
8614,6175,a2e8,92b1,7fbe,20ca,
8615,6155,a2e8,92b1,7fbe,45eb,
8616,6155,a2e8,92b1,7fbe,0545,
8617,635d,a2e8,92b1,7fbe,c569,
8618,6155,a2e8,92b1,7fbe,d197,
8619,3055,a2e8,92b1,7fbe,6498,
8620,6155,a2e8,92b1,7fbe,0faf,
8621,0000,63d8,f9bb,7fbe,65a8,
8622,6155,a2e8,92b1,7fbe,fe13,
8623,1055,82e8,92b1,7fbe,36f3,
8624,6155,a2e8,92b1,7fbe,8842,
8625,6155,a2e8,92b1,7fbe,3a00,
8626,6155,a2e8,92b1,7fbe,fb1c,
8627,6155,a2e8,92b1,7fbe,412f,
8628,6155,a2e8,92b1,7fbe,6770,
8629,61d5,a2e8,92b1,7fbe,80fa,
8630,6115,a2e8,92b1,7fbe,b9b4,
8631,6155,a2e8,92b1,7fbe,ce6b,
8632,0000,6598,92b1,7fbe,32df,
8633,7155,a2e8,92b1,7fbe,79a3,
8634,0000,4f6b,57a1,7fbe,6632,
8635,2155,a2e8,92b1,7fbe,500e,
8636,6155,a2e8,92b1,7fbe,b245,
8637,e155,a2e8,92b1,7fbe,80a0,
8638,6155,a2e8,92b1,7fbe,895d,
8639,6155,a2e8,92b1,7fbe,634e,
8640,6155,a2e8,92b1,7fbe,369c,
8641,0000,8d44,9bb8,7fbe,f51e,
8642,6155,a2e8,92b1,7fbe,5e5c,
8643,6155,a2e8,92b1,7fbe,1e22,
8644,d659,a2e8,92b1,7fbe,f12f,
8645,6155,a2e8,92b1,7fbe,8d08,
8646,6955,a2e8,92b1,7fbe,0842,
8647,6155,a2e8,92b1,7fbe,947a,
8648,6155,a2e8,92b1,7fbe,7624,
8649,6155,a2e8,92b1,7fbe,c0c9,
8650,c782,6f83,9291,7fbe,cd0b,
8651,6155,a2e8,92b1,7fbe,6e79,
8652,6155,a2e8,92b1,7fbe,f47e,
8653,0000,912d,7391,7fbe,050d,
8654,6155,a2e8,92b1,7fbe,fb4e,
8655,6155,a2e8,92b1,7fbe,3d11,
8656,6155,a2e8,92b1,7fbe,3800,
8657,6155,a2e8,92b1,7fbe,1d32,
8658,6155,a2e8,92b1,7fbe,0f52,
8659,09a0,fa66,a3a5,7fbe,32a6,
8660,e5c2,a2e8,92b1,7fbe,8497,
8661,6175,a2e8,92b1,7fbe,72e9,
8662,6155,a2e8,92b1,7fbe,6e21,
8663,2955,a2e8,92b1,7fbe,fbe1,
8664,6155,a2e8,92b1,7fbe,ada8,
8665,6155,a2e8,92b1,7fbe,b26c,
8666,6155,a2e8,92b1,7fbe,350d,
8667,6155,a2e8,92b1,7fbe,6ab8,
8668,6155,a2e8,92b1,7fbe,86a7,
8669,6155,a2e8,92b1,7fbe,f5cb,
8670,6155,a2e8,92b1,7fbe,4947,
8671,6104,a2c8,92b1,7fbe,6cf3,
8672,6155,a2e8,92b1,7fbe,08aa,
8673,6155,a2e8,92b1,7fbe,2536,
8674,6155,a2e8,92b1,7fbe,c0ec,
8675,6155,a2e8,92b1,7fbe,e277,
8676,6114,a2e8,92b1,7fbe,fc3d,
8677,6155,a2e8,92b1,7fbe,e66d,
8678,61d5,a2e8,92b1,7fbe,f67d,
8679,6155,a2e8,92b1,7fbe,16fb,
8680,6155,a2e8,92b1,7fbe,50ca,
8681,6155,a2e8,92b1,7fbe,b131,
8682,6155,a2e8,92b1,7fbe,fbdb,
8683,7155,a2e8,92b1,7fbe,f121,
8684,6155,a2e8,92b1,7fbe,4f64,
8685,0000,e270,92b1,7fbe,c93a,
8686,4155,a2e8,92b1,7fbe,bc2e,
8687,6155,a2e8,92b1,7fbe,d4e1,
8688,6155,a2e8,92b1,7fbe,51d7,
8689,6155,a2e8,92b1,7fbe,c43d,
8690,6155,a2e8,92b1,7fbe,0f25,
8691,0000,0000,92b1,7fbe,bcf1,
8692,60d1,a2e8,92b1,7fbe,3025,
8693,61b5,a2a8,92b1,7fbe,d2e8,
8694,1155,82e8,92b1,7fbe,484b,
8695,6155,a2e8,92b1,7fbe,132b,
8696,a145,e2e8,92b1,7fbe,a737,
8697,6155,a2e8,92b1,7fbe,f876,
8698,6155,a2e8,92b1,7fbe,ecd1,
8699,6115,a2e8,92b1,7fbe,fbcf,
8700,6155,a2e8,92b1,7fbe,1bc4,
8701,6155,a2e8,92b1,7fbe,abdc,
8702,6155,a2e8,92b1,7fbe,d248,
8703,e255,e7e8,90b1,7fbe,f123,
8704,61d5,a2e8,92b1,7fbe,de77,
8705,6115,a2e8,92b1,7fbe,dfaf,
8706,6155,a2e8,92b1,7fbe,6caf,
8707,6155,a2e8,92b1,7fbe,6991,
8708,6155,a2e8,92b1,7fbe,32b5,
8709,6155,a2e8,92b1,7fbe,afd1,
8710,6157,a2a8,92b1,7fbe,9ac1,
8711,6155,a2e8,92b1,7fbe,ff96,
8712,6155,a2e8,92b1,7fbe,3524,
8713,6155,a2e8,92b1,7fbe,39dc,
8714,6155,a2e8,92b1,7fbe,5be2,
8715,6155,a2e8,92b1,7fbe,967b,
8716,6155,a2e8,92b1,7fbe,0d1b,
8717,6155,a2e8,92b1,7fbe,98bb,
8718,6955,a2a8,92b1,7fbe,ec52,
8719,6155,a2e8,92b1,7fbe,e411,
8720,6155,a2e8,92b1,7fbe,d256,
8721,6155,a2e8,92b1,7fbe,9ba3,
8722,6155,a2e8,92b1,7fbe,e970,
8723,6155,a2e8,92b1,7fbe,f95d,
8724,6155,a2e8,92b1,7fbe,fe44,
8725,6155,a2e8,92b1,7fbe,0f27,
8726,6155,a2e8,92b1,7fbe,698b,
8727,6155,a2e8,92b1,7fbe,44cd,
8728,6175,a2e8,92b1,7fbe,0771,
8729,6d01,a2e8,92b1,7fbe,abf2,
8730,6155,a2e8,92b1,7fbe,be63,
8731,6155,a2e8,92b1,7fbe,4f63,
8732,6155,a2e8,92b1,7fbe,c9f8,
8733,6155,a2e8,92b1,7fbe,450e,
8734,6155,a2e8,92b1,7fbe,bcbc,
8735,7155,a2e8,92b1,7fbe,a23e,
8736,6155,a2e8,92b1,7fbe,3fbe,
8737,61f7,a2a8,92b1,7fbe,c941,
8738,e155,a2e8,92b1,7fbe,eab1,
8739,6155,a2e8,92b1,7fbe,8ce0,
8740,6155,a2e8,92b1,7fbe,b041,
8741,6155,a2e8,92b1,7fbe,5177,
8742,6155,a2e8,92b1,7fbe,96b5,
8743,6155,a2e8,92b1,7fbe,647b,
8744,6155,a2e8,92b1,7fbe,c65a,
8745,6155,a2e8,92b1,7fbe,50fd,
8746,6155,a2e8,92b1,7fbe,802a,
8747,6155,a2e8,92b1,7fbe,d131,
8748,2155,a2e8,92b1,7fbe,98c8,
8749,6155,a2e8,92b1,7fbe,d87b,
8750,6155,a2e8,92b1,7fbe,b70a,
8751,49d5,b2e8,92b1,7fbe,0f31,
8752,6545,a2e8,92b1,7fbe,aeb7,
8753,69f5,a2a8,92b1,7fbe,5411,
8754,6155,a2e8,92b1,7fbe,d2fb,
8755,40d7,a3e8,92b1,7fbe,817e,
8756,6155,a2e8,92b1,7fbe,3992,
8757,6155,a2e8,92b1,7fbe,3529,
8758,6155,a2e8,92b1,7fbe,d364,
8759,6155,a2e8,92b1,7fbe,ef6b,
8760,6155,a2e8,92b1,7fbe,0b7b,
8761,6155,a2e8,92b1,7fbe,630d,
8762,6155,a2e8,92b1,7fbe,946e,
8763,6155,a2e8,92b1,7fbe,d631,
8764,f5dd,a2e8,92b1,7fbe,9188,
8765,7155,a2e8,92b1,7fbe,b3cd,
8766,6155,a2e8,92b1,7fbe,94f7,
8767,6155,a2e8,92b1,7fbe,4b45,
8768,6155,a2e8,92b1,7fbe,95de,
8769,6155,a2e8,92b1,7fbe,f92e,
8770,6155,a2e8,92b1,7fbe,58e4,
8771,e175,a2e8,92b1,7fbe,ec1e,
8772,6155,a2e8,92b1,7fbe,fd61,
8773,6155,a2e8,92b1,7fbe,b216,
8774,6155,a2e8,92b1,7fbe,1e5f,
8775,6155,a2e8,92b1,7fbe,f759,
8776,6155,a2e8,92b1,7fbe,acc1,
8777,6155,a2e8,92b1,7fbe,8a4f,
8778,6155,a2e8,92b1,7fbe,ce69,
8779,0000,926e,92b1,7fbe,2dcc,
8780,6155,a2e8,92b1,7fbe,75ba,
8781,6155,a2e8,92b1,7fbe,97ff,
8782,6955,a2e8,92b1,7fbe,44a4,
8783,6155,a2e8,92b1,7fbe,974a,
8784,6155,a2e8,92b1,7fbe,f904,
8785,7155,a2e8,92b1,7fbe,7204,
8786,6110,a2ea,92b1,7fbe,99d6,
8787,6155,a2e8,92b1,7fbe,aaf7,
8788,6155,a2e8,92b1,7fbe,15a8,
8789,6155,a2e8,92b1,7fbe,d84a,
8790,7155,a2e8,92b1,7fbe,1e90,
8791,6155,a2e8,92b1,7fbe,2cca,
8792,6155,a2e8,92b1,7fbe,e8fa,
8793,5955,b2e8,92b1,7fbe,b97c,
8794,6155,a2e8,92b1,7fbe,e8f8,
8795,6155,a2e8,92b1,7fbe,2d8d,
8796,6155,a2e8,92b1,7fbe,b9e1,
8797,6155,a2e8,92b1,7fbe,ec0d,
8798,6175,a2e8,92b1,7fbe,9f9a,
8799,6155,a2e8,92b1,7fbe,6fb3,
8800,6f55,a6e8,92b1,7fbe,dad6,
8801,6155,a2e8,92b1,7fbe,7cc4,
8802,6155,a2e8,92b1,7fbe,9285,
8803,6155,a2e8,92b1,7fbe,47ae,
8804,6155,a2e8,92b1,7fbe,2944,
8805,6155,a2e8,92b1,7fbe,c537,
8806,2155,a2e8,92b1,7fbe,cff1,
8807,6155,a2e8,92b1,7fbe,1d6e,
8808,6155,a2e8,92b1,7fbe,c0c8,
8809,6355,a2e8,92b1,7fbe,2929,
8810,6155,a2e8,92b1,7fbe,de30,
8811,6155,a2e8,92b1,7fbe,d756,
8812,6155,a2e8,92b1,7fbe,2db0,
8813,6155,a2e8,92b1,7fbe,ef0e,
8814,6155,a2e8,92b1,7fbe,b731,
8815,6155,a2e8,92b1,7fbe,55c6,
8816,61b7,a2a8,92b1,7fbe,b78a,
8817,6155,a2e8,92b1,7fbe,6aef,
8818,635d,a2e8,92b1,7fbe,c7be,
8819,6175,a2e8,92b1,7fbe,2eca,
8820,6155,a2e8,92b1,7fbe,f689,
8821,6155,a2e8,92b1,7fbe,726e,
8822,6155,a2e8,92b1,7fbe,b4a0,
8823,6155,a2e8,92b1,7fbe,121a,
8824,6155,a2e8,92b1,7fbe,21f4,
8825,5955,b2e8,92b1,7fbe,8492,
8826,7155,a2e8,92b1,7fbe,8245,
8827,6155,a2e8,92b1,7fbe,e21b,
8828,8999,a2e8,92b1,7fbe,e8cc,
8829,6155,a2e8,92b1,7fbe,fce5,
8830,6155,a2e8,92b1,7fbe,abf5,
8831,6155,a2e8,92b1,7fbe,0f4f,
8832,6155,a2e8,92b1,7fbe,c86f,
8833,d1f5,b2e8,92b1,7fbe,a371,
8834,e165,a2f8,92b1,7fbe,f84e,
8835,6957,a2e8,92b1,7fbe,f943,
8836,6155,a2e8,92b1,7fbe,1915,
8837,6155,a2e8,92b1,7fbe,5302,
8838,6155,a2e8,92b1,7fbe,c7e5,
8839,6155,a2e8,92b1,7fbe,ba8b,
8840,0000,0a09,92b1,7fbe,07cb,
8841,6155,a2e8,92b1,7fbe,23b8,
8842,6155,a2e8,92b1,7fbe,ca08,
8843,6155,a2e8,92b1,7fbe,6bc8,
8844,6155,a2e8,92b1,7fbe,dc79,
8845,6175,a2e8,92b1,7fbe,48f9,
8846,6155,a2e8,92b1,7fbe,8b94,
8847,6955,a2e8,92b1,7fbe,d816,
8848,353e,f7b7,92b1,7fbe,555f,
8849,6955,a2e8,92b1,7fbe,77e0,
8850,6155,a2e8,92b1,7fbe,8c6b,
8851,6155,a2e8,92b1,7fbe,b608,
8852,61c5,a2a8,92b1,7fbe,b685,
8853,6155,a2e8,92b1,7fbe,07d1,
8854,6155,a2e8,92b1,7fbe,8819,
8855,ab81,bd1c,829d,7fbe,5f2c,
8856,6155,a2e8,92b1,7fbe,2eb8,
8857,6195,a2e8,92b1,7fbe,7ec8,
8858,6155,a2e8,92b1,7fbe,a468,
8859,6155,a2e8,92b1,7fbe,cc5a,
8860,6155,a2e8,92b1,7fbe,f68b,
8861,6155,a2e8,92b1,7fbe,2cd3,
8862,6155,a2e8,92b1,7fbe,42de,
8863,7155,a2e8,92b1,7fbe,f76f,
8864,6155,a2e8,92b1,7fbe,1ab6,
8865,0000,0cd9,92b1,7fbe,7e38,
8866,0000,a2e8,a7e8,7fbe,3559,
8867,6955,a2e8,92b1,7fbe,b771,
8868,0000,4bb8,92b1,7fbe,43c6,
8869,2155,a2e8,92b1,7fbe,6c4c,
8870,6155,a2e8,92b1,7fbe,d423,
8871,6155,a2e8,92b1,7fbe,d6cd,
8872,6155,a2e8,92b1,7fbe,5357,
8873,6155,a2e8,92b1,7fbe,2440,
8874,6155,a2e8,92b1,7fbe,b302,
8875,6155,a2e8,92b1,7fbe,bf23,
8876,6155,a2e8,92b1,7fbe,eb13,
8877,6155,a2e8,92b1,7fbe,2b76,
8878,6155,a2e8,92b1,7fbe,c1bc,
8879,6155,a2e8,92b1,7fbe,01f9,
8880,6155,a2e8,92b1,7fbe,425e,
8881,3914,3ea2,92b7,7fbe,bc03,
8882,6155,a2e8,92b1,7fbe,dfb2,
8883,6155,a2e8,92b1,7fbe,8a09,
8884,6115,a2e8,92b1,7fbe,9f12,
8885,6155,a2e8,92b1,7fbe,652b,
8886,6155,a2e8,92b1,7fbe,682b,
8887,6155,a2e8,92b1,7fbe,b415,
8888,6155,a2e8,92b1,7fbe,4816,
8889,6155,a2e8,92b1,7fbe,c280,
8890,6155,a2e8,92b1,7fbe,30db,
8891,0000,80e6,92b1,7fbe,ab05,
8892,6155,a2e8,92b1,7fbe,6698,
8893,6155,a2e8,92b1,7fbe,607d,
8894,6155,a2e8,92b1,7fbe,850e,
8895,6155,a2e8,92b1,7fbe,e3b4,
8896,6155,a2e8,92b1,7fbe,fe26,
8897,7049,a2e0,92b1,7fbe,106c,
8898,4f2e,a2e8,1c56,7fbe,8ee7,
8899,6175,a2e8,92b1,7fbe,0f29,
8900,6155,a2e8,92b1,7fbe,c996,
8901,6155,a2e8,92b1,7fbe,f9b2,
8902,6155,a2e8,92b1,7fbe,4299,
8903,7555,a2e8,92b1,7fbe,9660,
8904,6155,a2e8,92b1,7fbe,6656,
8905,6117,a2a8,92b1,7fbe,9559,
8906,6155,a2e8,92b1,7fbe,be8e,
8907,6155,a2e8,92b1,7fbe,2c71,
8908,6155,a2e8,92b1,7fbe,9714,
8909,0000,a2e8,1c94,7fbe,8e25,
8910,6155,a2e8,92b1,7fbe,7247,
8911,6155,a2e8,92b1,7fbe,9787,
8912,6155,a2e8,92b1,7fbe,8b2f,
8913,6155,a2e8,92b1,7fbe,85a5,
8914,6155,a2e8,92b1,7fbe,4241,
8915,6155,a2e8,92b1,7fbe,d2ea,
8916,7155,a2e8,92b1,7fbe,dc5a,
8917,6155,a2e8,92b1,7fbe,2de4,
8918,6155,a2e8,92b1,7fbe,3824,
8919,4957,b2e8,92b1,7fbe,ffaf,
8920,6157,a2e8,92b1,7fbe,8253,
8921,6155,a2e8,92b1,7fbe,96ad,
8922,6155,a2e8,92b1,7fbe,ca5b,
8923,6155,a2e8,92b1,7fbe,1671,
8924,635d,a2e8,92b1,7fbe,f4bf,
8925,6155,a2e8,92b1,7fbe,29ae,
8926,6155,a2e8,92b1,7fbe,6f64,
8927,6155,a2e8,92b1,7fbe,bd3e,
8928,6155,a2e8,92b1,7fbe,ccfd,
8929,cbf7,a2e8,5fa0,7fbe,cd11,
8930,6155,a2e8,92b1,7fbe,6e73,
8931,6155,a2e8,92b1,7fbe,fbda,
8932,6155,a2e8,92b1,7fbe,59f4,
8933,6155,a2e8,92b1,7fbe,5c30,
8934,6155,a2e8,92b1,7fbe,5e1a,
8935,2215,28c8,96b1,7fbe,0ddd,
8936,6155,a2e8,92b1,7fbe,ad45,
8937,61d5,a2a8,92b1,7fbe,7eb2,
8938,415d,a2f8,92b1,7fbe,e688,
8939,6155,a2e8,92b1,7fbe,2b72,
8940,6155,a2e8,92b1,7fbe,db09,
8941,20d5,a168,93b1,7fbe,01cb,
8942,6155,a2e8,92b1,7fbe,6501,
8943,0000,06b9,92b1,7fbe,9daf,
8944,e175,a2e8,92b1,7fbe,fd96,
8945,61d5,a2e8,92b1,7fbe,f739,
8946,6155,a2e8,92b1,7fbe,79bf,
8947,6155,a2e8,92b1,7fbe,551b,
8948,6155,a2e8,92b1,7fbe,fe58,
8949,6151,a2e8,92b1,7fbe,572c,
8950,9cbc,a2e8,92b1,7fbe,be4b,
8951,6155,a2e8,92b1,7fbe,5bd8,
8952,6155,a2e8,92b1,7fbe,7486,
8953,6155,a2e8,92b1,7fbe,cdad,
8954,6155,a2e8,92b1,7fbe,6c5d,
8955,6155,a2e8,92b1,7fbe,19d6,
8956,6155,a2e8,92b1,7fbe,23c6,
8957,6155,a2e8,92b1,7fbe,926a,
8958,6155,a2e8,92b1,7fbe,190a,
8959,6155,a2e8,92b1,7fbe,ae9b,
8960,6155,a2e8,92b1,7fbe,78cf,
8961,6155,a2e8,92b1,7fbe,ee89,
8962,6155,a2e8,92b1,7fbe,4cd0,
8963,6155,a2e8,92b1,7fbe,b55e,
8964,0000,f67e,92b1,7fbe,9171,
8965,6155,a2e8,92b1,7fbe,f16e,
8966,6155,a2e8,92b1,7fbe,3777,
8967,7115,a2e8,92b1,7fbe,1816,
8968,0000,a2e8,96ec,7fbe,045d,
8969,6154,a2e8,92b1,7fbe,02a7,
8970,6115,a2e8,92b1,7fbe,aa3b,
8971,6155,a2e8,92b1,7fbe,eff6,
8972,652a,930c,8331,7f3e,0e8a,
8973,0000,fa7f,b339,7fbe,7a03,
8974,7155,a2e8,92b1,7fbe,e287,
8975,6155,a2e8,92b1,7fbe,66ca,
8976,f141,a0c8,92a1,7fbe,1139,
8977,61d5,a2e8,92b1,7fbe,7245,
8978,61d5,a2e8,92b1,7fbe,e161,
8979,6155,a2e8,92b1,7fbe,3ca5,
8980,fb5d,a2a8,9291,7fbe,d8fb,
8981,6155,a2e8,92b1,7fbe,5482,
8982,6155,a2e8,92b1,7fbe,b50a,
8983,6155,a2e8,92b1,7fbe,f366,
8984,6155,a2e8,92b1,7fbe,722b,
8985,0000,a2e8,3293,7fbe,a022,
8986,6155,a2e8,92b1,7fbe,1f9e,
8987,7153,a2ea,92b1,7fbe,3e08,
8988,6945,a2e8,92b1,7fbe,7ef5,
8989,6091,a268,92b1,7fbe,5e8f,
8990,7d36,2412,9ab1,7fbe,96fa,
8991,6155,a2e8,92b1,7fbe,d3b2,
8992,6155,a2e8,92b1,7fbe,c50e,
8993,6155,a2e8,92b1,7fbe,32fa,
8994,6545,a2e8,92b1,7fbe,a73a,
8995,6155,a2e8,92b1,7fbe,0b75,
8996,6155,a2e8,92b1,7fbe,9cbb,
8997,6155,a2e8,92b1,7fbe,bb40,
8998,6155,a2e8,92b1,7fbe,c09d,
8999,6193,a2ea,92b1,7fbe,60e1,
9000,6155,a2e8,92b1,7fbe,dfd3,
9001,6155,a2e8,92b1,7fbe,2ba5,
9002,6155,a2e8,92b1,7fbe,70c4,
9003,6155,a2e8,92b1,7fbe,6876,
9004,6155,a2e8,92b1,7fbe,681b,
9005,6155,a2e8,92b1,7fbe,fd26,
9006,4155,a2e8,92b1,7fbe,cab7,
9007,6155,a2e8,92b1,7fbe,19e8,
9008,5951,b2e8,92b1,7fbe,40b4,
9009,6155,a2e8,92b1,7fbe,c550,
9010,6155,a2e8,92b1,7fbe,9179,
9011,6155,a2e8,92b1,7fbe,870d,
9012,6155,a2e8,92b1,7fbe,f7fc,
9013,6155,a2e8,92b1,7fbe,ccc9,
9014,6155,a2e8,92b1,7fbe,bf3f,
9015,6155,a2e8,92b1,7fbe,38b3,
9016,6155,a2e8,92b1,7fbe,53df,
9017,0000,c208,92b1,7fbe,04e4,
9018,6155,a2e8,92b1,7fbe,35a1,
9019,2445,a0e8,92b1,7fbe,39a1,
9020,7155,a2e8,92b1,7fbe,5a5b,
9021,7155,a2e8,92b1,7fbe,7c32,
9022,6155,a2e8,92b1,7fbe,7f11,
9023,6155,a2e8,92b1,7fbe,22a1,
9024,6155,a2e8,92b1,7fbe,c31d,
9025,6155,a2e8,92b1,7fbe,76bd,
9026,0000,4367,06b1,7fbe,cd9e,
9027,5155,a2e8,92b1,7fbe,6332,
9028,6155,a2e8,92b1,7fbe,36bf,
9029,6155,a2e8,92b1,7fbe,c1f6,
9030,6155,a2e8,92b1,7fbe,27ba,
9031,6155,a2e8,92b1,7fbe,a0a5,
9032,0000,e1da,b0b1,7fbe,5732,
9033,6155,a2e8,92b1,7fbe,dd1b,
9034,6115,a2e8,92b1,7fbe,aa42,
9035,6155,a2e8,92b1,7fbe,f2f8,
9036,6155,a2e8,92b1,7fbe,9270,
9037,4957,b2e8,92b1,7fbe,a113,
9038,6155,a2e8,92b1,7fbe,2226,
9039,0de2,b7f7,92b3,7fbe,1558,
9040,6155,a2e8,92b1,7fbe,6984,
9041,0000,f751,e17f,7fbe,cb6a,
9042,6175,a2e8,92b1,7fbe,7666,
9043,6155,a2e8,92b1,7fbe,fbe8,
9044,7155,a2e8,92b1,7fbe,b783,
9045,235d,a2e8,92b1,7fbe,626c,
9046,6155,a2e8,92b1,7fbe,c615,
9047,6155,a2e8,92b1,7fbe,ec2f,
9048,6115,a2e8,92b1,7fbe,3f61,
9049,6955,a2e8,92b1,7fbe,5c96,
9050,6115,a2e8,92b1,7fbe,c5bc,
9051,0000,32aa,92b1,7fbe,0bd6,
9052,6155,a2e8,92b1,7fbe,5da4,
9053,6155,a2e8,92b1,7fbe,9e21,
9054,6955,a2e8,92b1,7fbe,31dc,
9055,6155,a2e8,92b1,7fbe,44d7,
9056,4155,a2e8,92b1,7fbe,3b6e,
9057,6115,a2e8,92b1,7fbe,8412,
9058,6155,a2e8,92b1,7fbe,5c41,
9059,6175,a2e8,92b1,7fbe,9d9d,
9060,6155,a2e8,92b1,7fbe,d6b8,
9061,6155,a2e8,92b1,7fbe,0f93,
9062,6155,a2e8,92b1,7fbe,12d1,
9063,7155,a2e8,92b1,7fbe,4d34,
9064,6155,a2e8,92b1,7fbe,ee7b,
9065,6155,a2e8,92b1,7fbe,76e8,
9066,6155,a2e8,92b1,7fbe,57f9,
9067,6155,a2e8,92b1,7fbe,370b,
9068,6155,a2e8,92b1,7fbe,4c91,
9069,6155,a2e8,92b1,7fbe,d684,
9070,6155,a2e8,92b1,7fbe,511d,
9071,644d,a2c8,92a1,7fbe,6633,
9072,5117,b2e8,92b1,7fbe,1e70,
9073,5b08,bd50,f2a1,7fbe,ff80,
9074,6155,a2e8,92b1,7fbe,e597,
9075,6155,a2e8,92b1,7fbe,0467,
9076,6155,a2e8,92b1,7fbe,0a6b,
9077,6155,a2e8,92b1,7fbe,d1e9,
9078,6115,a2e8,92b1,7fbe,64aa,
9079,6155,a2e8,92b1,7fbe,f8b6,
9080,6155,a2e8,92b1,7fbe,cd3c,
9081,6155,a2e8,92b1,7fbe,240d,
9082,6155,a2e8,92b1,7fbe,a582,
9083,e155,a2e8,92b1,7fbe,935b,
9084,61d5,a2e8,92b1,7fbe,2751,
9085,6175,a2e8,92b1,7fbe,3f84,
9086,6955,a2e8,92b1,7fbe,24c5,
9087,0000,75d1,8e33,7fbe,700d,
9088,6155,a2e8,92b1,7fbe,0362,
9089,6155,a2e8,92b1,7fbe,dfe4,
9090,6155,a2e8,92b1,7fbe,3c0e,
9091,6151,a2e8,92b1,7fbe,c6e4,
9092,6155,a2e8,92b1,7fbe,affd,
9093,6155,a2e8,92b1,7fbe,4b87,
9094,6155,a2e8,92b1,7fbe,8e26,
9095,0000,34e0,92b1,7fbe,5e0e,
9096,6155,a2e8,92b1,7fbe,d722,
9097,6d14,a2e8,92b1,7fbe,8ce1,
9098,6155,a2e8,92b1,7fbe,f25a,
9099,61b5,a2a8,92b1,7fbe,872e,
9100,6155,a2e8,92b1,7fbe,5292,
9101,6155,a2e8,92b1,7fbe,b80e,
9102,6155,a2e8,92b1,7fbe,f366,
9103,6155,a2e8,92b1,7fbe,b2cd,
9104,6155,a2e8,92b1,7fbe,7cb6,
9105,6155,a2e8,92b1,7fbe,3e26,
9106,6155,a2e8,92b1,7fbe,93b5,
9107,0000,a2e8,2e6c,7fbe,bcdd,
9108,6155,a2e8,92b1,7fbe,72bb,
9109,6151,a2e8,92b1,7fbe,99c7,
9110,4155,a2e8,92b1,7fbe,5ec5,
9111,6155,a2e8,92b1,7fbe,b613,
9112,6155,a2e8,92b1,7fbe,4545,
9113,6915,a2a8,92b1,7fbe,92c3,
9114,4955,a2e8,92b1,7fbe,1dc5,
9115,6155,a2e8,92b1,7fbe,8eeb,
9116,6155,a2e8,92b1,7fbe,98b3,
9117,6145,a2e8,92b1,7fbe,5f89,
9118,6155,a2e8,92b1,7fbe,979d,
9119,6155,a2e8,92b1,7fbe,efee,
9120,69f5,a2a8,92b1,7fbe,8099,
9121,6957,a2a8,92b1,7fbe,ee0f,
9122,0000,506a,c2a1,7fbe,78a8,
9123,6175,a2e8,92b1,7fbe,8448,
9124,6155,a2e8,92b1,7fbe,8be1,
9125,6155,a2e8,92b1,7fbe,392b,
9126,6155,a2e8,92b1,7fbe,ba9e,
9127,6155,a2e8,92b1,7fbe,dddc,
9128,6155,a2e8,92b1,7fbe,6691,
9129,6155,a2e8,92b1,7fbe,e6fe,
9130,6155,a2e8,92b1,7fbe,3cf6,
9131,6145,a2e8,92b1,7fbe,21db,
9132,0159,82e8,92b1,7fbe,2824,
9133,1916,c2ec,b2b1,7fbe,bb8b,
9134,6155,a2e8,92b1,7fbe,7e42,
9135,6155,a2e8,92b1,7fbe,4ad2,
9136,0000,9a6a,92b1,7fbe,c9ce,
9137,0000,f22a,92b1,7fbe,d372,
9138,6155,a2e8,92b1,7fbe,c206,
9139,6155,a2e8,92b1,7fbe,f293,
9140,6155,a2e8,92b1,7fbe,70b4,
9141,6955,a2e8,92b1,7fbe,903a,
9142,6175,a2e8,92b1,7fbe,bbc7,
9143,2155,a2e8,92b1,7fbe,0bce,
9144,6155,a2e8,92b1,7fbe,f04d,
9145,6155,a2e8,92b1,7fbe,762d,
9146,6155,a2e8,92b1,7fbe,9aa8,
9147,6155,a2e8,92b1,7fbe,53ff,
9148,6155,a2e8,92b1,7fbe,9c89,
9149,6155,a2e8,92b1,7fbe,3b93,
9150,6155,a2e8,92b1,7fbe,8e19,
9151,0000,82e0,555d,7fbe,c7ec,
9152,6155,a2e8,92b1,7fbe,d00d,
9153,6155,a2e8,92b1,7fbe,6fdb,
9154,61d5,a2e8,92b1,7fbe,939b,
9155,6155,a2e8,92b1,7fbe,89b8,
9156,6155,a2e8,92b1,7fbe,1a75,
9157,6155,a2e8,92b1,7fbe,f8f5,
9158,6155,a2e8,92b1,7fbe,ab14,
9159,6155,a2e8,92b1,7fbe,3ea7,
9160,6155,a2e8,92b1,7fbe,8393,
9161,6115,a2e8,92b1,7fbe,1052,
9162,6155,a2e8,92b1,7fbe,86fd,
9163,6155,a2e8,92b1,7fbe,5e24,
9164,6155,a2e8,92b1,7fbe,63ac,
9165,7155,a2e8,92b1,7fbe,f5dc,
9166,6155,a2e8,92b1,7fbe,a210,
9167,6975,a2e8,92b1,7fbe,b9bb,
9168,6155,a2e8,92b1,7fbe,c0ee,
9169,6155,a2e8,92b1,7fbe,76c3,
9170,6957,a2e8,92b1,7fbe,0196,
9171,6155,a2e8,92b1,7fbe,c0cd,
9172,6155,a2e8,92b1,7fbe,20e1,
9173,4155,a2e8,92b1,7fbe,2bb4,
9174,6155,a2e8,92b1,7fbe,7249,
9175,50c7,b3f8,92b9,7fbe,836e,
9176,6155,a2e8,92b1,7fbe,09bd,
9177,6955,a2e8,92b1,7fbe,aaa0,
9178,6155,a2e8,92b1,7fbe,2908,
9179,6155,a2e8,92b1,7fbe,0b88,
9180,6975,a2a8,92b1,7fbe,0c92,
9181,6155,a2e8,92b1,7fbe,b344,
9182,6155,a2e8,92b1,7fbe,9566,
9183,6155,a2e8,92b1,7fbe,3d31,
9184,6155,a2e8,92b1,7fbe,ec4e,
9185,0000,1227,5581,7fbe,5b37,
9186,7155,a268,92b1,7fbe,bfec,
9187,6155,a2e8,92b1,7fbe,4bb9,
9188,6155,a2e8,92b1,7fbe,6c57,
9189,6155,a2e8,92b1,7fbe,1fe7,
9190,6155,a2e8,92b1,7fbe,44f3,
9191,6015,a2e8,92b1,7fbe,d757,
9192,0000,a2e8,5efb,7fbe,cc4a,
9193,6155,a2e8,92b1,7fbe,de1e,
9194,7151,92ea,82b1,7fbe,a9fe,
9195,6155,a2e8,92b1,7fbe,f19b,
9196,6155,a2e8,92b1,7fbe,8de1,
9197,6155,a2e8,92b1,7fbe,bf94,
9198,6155,a2e8,92b1,7fbe,37c8,
9199,6151,a2e8,92b1,7fbe,0f7f,
9200,6155,a2e8,92b1,7fbe,aa08,
9201,6155,a2e8,92b1,7fbe,8051,
9202,6155,a2e8,92b1,7fbe,89ee,
9203,6119,a2ea,92b1,7fbe,a5d2,
9204,6155,a2e8,92b1,7fbe,abc6,
9205,6155,a2e8,92b1,7fbe,cf46,
9206,61b5,a2a8,92b1,7fbe,6b78,
9207,0000,3221,10b1,7fbe,16c8,
9208,6155,a2e8,92b1,7fbe,2250,
9209,0000,e25a,92b1,7fbe,6e50,
9210,6155,a2e8,92b1,7fbe,5921,
9211,0000,a2e8,2b0f,7fbe,b9be,
9212,6054,84fa,91b1,7fbe,4012,
9213,6155,a2e8,92b1,7fbe,3842,
9214,6155,a2e8,92b1,7fbe,0a56,
9215,6155,a2e8,92b1,7fbe,48d2,
9216,6155,a2e8,92b1,7fbe,9be1,
9217,631c,a2e8,92b1,7fbe,56f8,
9218,6155,a2e8,92b1,7fbe,c28c,
9219,6955,a2e8,92b1,7fbe,f59d,
9220,7155,a2e8,92b1,7fbe,5b2f,
9221,6155,a2e8,92b1,7fbe,c0ab,
9222,6155,a2e8,92b1,7fbe,6fae,
9223,6155,a2e8,92b1,7fbe,7f1d,
9224,69d7,a2a8,92b1,7fbe,26f2,
9225,7155,a2e8,92b1,7fbe,fcdd,
9226,6155,a2e8,92b1,7fbe,7453,
9227,6155,a2e8,92b1,7fbe,db9b,
9228,6155,a2e8,92b1,7fbe,5898,
9229,6155,a2e8,92b1,7fbe,e318,
9230,6155,a2e8,92b1,7fbe,09cc,
9231,6155,a2e8,92b1,7fbe,3c71,
9232,6155,a2e8,92b1,7fbe,095b,
9233,6155,a2e8,92b1,7fbe,ee25,
9234,6155,a2e8,92b1,7fbe,ab9c,
9235,6545,a2e8,92b1,7fbe,87dd,
9236,6155,a2e8,92b1,7fbe,dadd,
9237,6b75,a2e8,92b1,7fbe,4cb1,
9238,6155,a2e8,92b1,7fbe,2dd6,
9239,49d5,b2e8,92b1,7fbe,e553,
9240,6155,a2e8,92b1,7fbe,59e3,
9241,0000,8461,92b1,7fbe,2e35,
9242,6155,a2e8,92b1,7fbe,223e,
9243,6155,a2e8,92b1,7fbe,2bbe,
9244,6115,a2e8,92b1,7fbe,4b40,
9245,6155,a2e8,92b1,7fbe,bf4e,
9246,6155,a2e8,92b1,7fbe,77ee,
9247,6155,a2e8,92b1,7fbe,7cae,
9248,615d,a2e8,92b1,7fbe,b6d6,
9249,6155,a2e8,92b1,7fbe,7be0,
9250,6115,a2e8,92b1,7fbe,6dae,
9251,6155,a2e8,92b1,7fbe,c07e,
9252,6955,a2e8,92b1,7fbe,a747,
9253,6155,a2e8,92b1,7fbe,5481,
9254,6155,a2e8,92b1,7fbe,9c89,
9255,6155,a2e8,92b1,7fbe,1c89,
9256,0000,a2e8,ec21,7fbe,7e90,
9257,6155,a2e8,92b1,7fbe,9464,
9258,61d5,a2e8,92b1,7fbe,cba7,
9259,a35d,e2e8,92b1,7fbe,b82b,
9260,6155,a2e8,92b1,7fbe,0a38,
9261,6155,a2e8,92b1,7fbe,0a36,
9262,6155,a2e8,92b1,7fbe,d0b4,
9263,6155,a2e8,92b1,7fbe,c329,
9264,6155,a2e8,92b1,7fbe,55fa,
9265,6155,a2e8,92b1,7fbe,bc82,
9266,4957,b2e8,92b1,7fbe,14e4,
9267,6155,a2e8,92b1,7fbe,bb17,
9268,0000,28c8,80f0,7fbe,2cc6,
9269,6155,a2e8,92b1,7fbe,9294,
9270,6051,a2e8,92b1,7fbe,71a4,
9271,6155,a2e8,92b1,7fbe,72cd,
9272,a709,a2e8,92b1,7fbe,c67c,
9273,6155,a2e8,92b1,7fbe,f621,
9274,101d,02e8,d2b1,7fbe,e52a,
9275,6155,a2e8,92b1,7fbe,184a,
9276,6155,a2e8,92b1,7fbe,ed17,
9277,6155,a2e8,92b1,7fbe,e6e2,
9278,71d7,a2e8,92b1,7fbe,564f,
9279,6155,a2e8,92b1,7fbe,3137,
9280,6155,a2e8,92b1,7fbe,9496,
9281,6155,a2e8,92b1,7fbe,d2d0,
9282,6155,a2e8,92b1,7fbe,7412,
9283,6155,a2e8,92b1,7fbe,8d23,
9284,6175,a2e8,92b1,7fbe,8ad0,
9285,69d5,a2a8,92b1,7fbe,c9d3,
9286,6155,a2e8,92b1,7fbe,df88,
9287,1151,82e8,92b1,7fbe,b8e4,
9288,4115,a2e8,92b1,7fbe,4485,
9289,6155,a2e8,92b1,7fbe,792d,
9290,6155,a2e8,92b1,7fbe,af2d,
9291,6155,a2e8,92b1,7fbe,7efa,
9292,6155,a2e8,92b1,7fbe,2d40,
9293,9643,a2c9,92b1,7fbe,e6db,
9294,6155,a2e8,92b1,7fbe,c397,
9295,6917,a2e8,92b1,7fbe,5f0b,
9296,e156,a2a8,92b1,7fbe,9293,
9297,6155,a2e8,92b1,7fbe,c6ff,
9298,6155,a2e8,92b1,7fbe,9b27,
9299,cc0d,a2e8,92b1,7fbe,b91a,
9300,dd07,a2e8,39a7,7fbe,ab16,
9301,d7bd,b2e8,92b1,7fbe,927e,
9302,6055,a2e8,92b1,7fbe,0960,
9303,615d,a2e8,92b1,7fbe,2023,
9304,6155,a2e8,92b1,7fbe,c9a4,
9305,51d5,b2e8,92b1,7fbe,0f92,
9306,6155,a2e8,92b1,7fbe,8453,
9307,6155,a2e8,92b1,7fbe,d671,
9308,6155,a2e8,92b1,7fbe,4087,
9309,6155,a2e8,92b1,7fbe,3403,
9310,6155,a2e8,92b1,7fbe,575e,
9311,0000,a2e8,5441,7fbe,c6f0,
9312,6155,a2e8,92b1,7fbe,7edf,
9313,6115,a2e8,92b1,7fbe,3260,
9314,51d5,b2e8,92b1,7fbe,83a7,
9315,6155,a2e8,92b1,7fbe,3925,
9316,6155,a2e8,92b1,7fbe,39dc,
9317,6555,a2e8,92b1,7fbe,26a3,
9318,6155,a2e8,92b1,7fbe,abcd,
9319,6155,a2e8,92b1,7fbe,e6af,
9320,6155,a2e8,92b1,7fbe,9feb,
9321,6155,a2e8,92b1,7fbe,e659,
9322,6955,a2e8,92b1,7fbe,851f,
9323,6155,a2e8,92b1,7fbe,5e7b,
9324,6115,a2e8,92b1,7fbe,5467,
9325,6155,a2e8,92b1,7fbe,07ad,
9326,6155,a2e8,92b1,7fbe,bd87,
9327,6155,a2e8,92b1,7fbe,2940,
9328,6155,a2e8,92b1,7fbe,a7ee,
9329,6155,a2e8,92b1,7fbe,340d,
9330,0000,a180,92b1,7fbe,88f6,
9331,6115,a2e8,92b1,7fbe,fbe5,
9332,6109,a2e8,bfc4,7fbe,2d75,
9333,6115,a2e8,92b1,7fbe,1653,
9334,6545,a0e8,92b1,7fbe,da08,
9335,0000,a2e8,6fdb,7fbe,fd6a,
9336,6153,b2e8,92b1,7fbe,b0e4,
9337,6155,a2e8,92b1,7fbe,10b0,
9338,4957,b2e8,92b1,7fbe,197b,
9339,6155,a2e8,92b1,7fbe,1508,
9340,39db,a2e8,110b,7fbe,83ba,
9341,6155,a2e8,92b1,7fbe,3074,
9342,6155,a2e8,92b1,7fbe,a174,
9343,6115,a2e8,92b1,7fbe,ee7e,
9344,6155,a2e8,92b1,7fbe,7ad6,
9345,6155,a2e8,92b1,7fbe,81d5,
9346,6155,a2e8,92b1,7fbe,ae54,
9347,4975,a2a8,92b1,7fbe,7033,
9348,49d7,b2e8,92b1,7fbe,0db4,
9349,6155,a2e8,92b1,7fbe,c986,
9350,6955,a2e8,92b1,7fbe,5dfd,
9351,8e94,a2e8,92b1,7fbe,fa81,
9352,0000,b4f1,dbf0,7fbe,45f9,
9353,6155,a2e8,92b1,7fbe,8e88,
9354,6155,a2e8,92b1,7fbe,9483,
9355,6155,a2e8,92b1,7fbe,68c1,
9356,6155,a2e8,92b1,7fbe,0fe7,
9357,6155,a2e8,92b1,7fbe,5aa7,
9358,6155,a2e8,92b1,7fbe,ed1f,
9359,6155,a2e8,92b1,7fbe,f344,
9360,6155,a2e8,92b1,7fbe,635e,
9361,6155,a2e8,92b1,7fbe,c656,
9362,6155,a2e8,92b1,7fbe,3c1d,
9363,6155,a2e8,92b1,7fbe,d090,
9364,f54d,a2e8,3dad,7fbe,af1c,
9365,0000,ddb9,92b1,7fbe,75a8,
9366,6155,a2e8,92b1,7fbe,39c9,
9367,6155,a2e8,92b1,7fbe,5479,
9368,6051,a2e8,92b1,7fbe,ec97,
9369,6155,a2e8,92b1,7fbe,7e42,
9370,6155,a2e8,92b1,7fbe,eb3d,
9371,6155,a2e8,92b1,7fbe,9141,
9372,6155,a2e8,92b1,7fbe,860f,
9373,6d01,a2e8,92b1,7fbe,abf2,
9374,6155,a2e8,92b1,7fbe,71ff,
9375,0000,a2e8,3a57,7fbe,a8e6,
9376,6155,a2e8,92b1,7fbe,2bfb,
9377,6155,a2e8,92b1,7fbe,7692,
9378,6055,a2e8,92b1,7fbe,8b92,
9379,6155,a2e8,92b1,7fbe,de7e,
9380,b7ce,a2e8,92b1,7fbe,d1bb,
9381,6155,a2e8,92b1,7fbe,a813,
9382,5155,b2e8,92b1,7fbe,72de,
9383,6155,a2e8,92b1,7fbe,20be,
9384,6155,a2e8,92b1,7fbe,caca,
9385,6155,a2e8,92b1,7fbe,d755,
9386,0000,ca80,92b1,7fbe,4cb5,
9387,6155,a2e8,92b1,7fbe,674e,
9388,6155,a2e8,92b1,7fbe,240b,
9389,6155,a2e8,92b1,7fbe,7d88,
9390,7155,a2e8,92b1,7fbe,3526,
9391,6155,a2e8,92b1,7fbe,03e3,
9392,6155,a2e8,92b1,7fbe,3d02,
9393,6155,a2e8,92b1,7fbe,5d49,
9394,615d,a2e8,92b1,7fbe,a20b,
9395,6155,a2e8,92b1,7fbe,7294,
9396,e955,a2e8,92b1,7fbe,abff,
9397,6155,a2e8,92b1,7fbe,c559,
9398,6155,a2e8,92b1,7fbe,1364,
9399,6155,a2e8,92b1,7fbe,a64e,
9400,6155,a2e8,92b1,7fbe,5eb8,
9401,6155,a2e8,92b1,7fbe,9e2c,
9402,6155,a2e8,92b1,7fbe,3f53,
9403,6157,a2e8,92b1,7fbe,9c7f,
9404,6155,a2e8,92b1,7fbe,a5ca,
9405,e155,a2e8,92b1,7fbe,d541,
9406,6145,a2e8,92b1,7fbe,5f89,
9407,e935,a2a8,92b1,7fbe,e70a,
9408,7155,a2e8,92b1,7fbe,d481,
9409,6155,a2e8,92b1,7fbe,655e,
9410,0000,f013,1a17,7fbe,c330,
9411,0000,62d6,9223,7fbe,e1cb,
9412,0000,e704,f221,7fbe,e444,
9413,6175,a2e8,92b1,7fbe,5d3d,
9414,7155,a2e8,92b1,7fbe,82b9,
9415,6145,a2e8,92b1,7fbe,377d,
9416,6155,a2e8,92b1,7fbe,5e4b,
9417,f214,a2e8,ee4c,7fbe,7cfd,
9418,6155,a2e8,92b1,7fbe,d6a5,
9419,6155,a2e8,92b1,7fbe,2456,
9420,6155,a2e8,92b1,7fbe,e310,
9421,6155,a2e8,92b1,7fbe,97e5,
9422,6155,a2e8,92b1,7fbe,546a,
9423,6155,a2e8,92b1,7fbe,996d,
9424,6155,a2e8,92b1,7fbe,27bb,
9425,6155,a2e8,92b1,7fbe,0b62,
9426,6155,a2e8,92b1,7fbe,10f7,
9427,6155,a2e8,92b1,7fbe,0611,
9428,6155,a2e8,92b1,7fbe,b7a5,
9429,6155,a2e8,92b1,7fbe,7043,
9430,6155,a2e8,92b1,7fbe,0100,
9431,6155,a2e8,92b1,7fbe,a215,
9432,6155,a2e8,92b1,7fbe,6b83,
9433,7155,a2e8,92b1,7fbe,5994,
9434,6155,a2e8,92b1,7fbe,a230,
9435,6155,a2e8,92b1,7fbe,4dea,
9436,69d5,a2e8,92b1,7fbe,d47c,
9437,6155,a2e8,92b1,7fbe,5cb9,
9438,6155,a2e8,92b1,7fbe,ecbf,
9439,6155,a2e8,92b1,7fbe,7c57,
9440,0000,a2e8,c413,7fbe,56a2,
9441,6155,a2e8,92b1,7fbe,c9ab,
9442,6155,a2e8,92b1,7fbe,0e77,
9443,232d,a2e8,92b1,7fbe,4c7a,
9444,c175,a2e8,92b1,7fbe,b634,
9445,6155,a2e8,92b1,7fbe,b3b0,
9446,6155,a2e8,92b1,7fbe,1510,
9447,6155,a2e8,92b1,7fbe,bb41,
9448,6155,a2e8,92b1,7fbe,b50e,
9449,2155,a2e8,92b1,7fbe,43f9,
9450,6155,a2e8,92b1,7fbe,64a9,
9451,6151,a2e8,92b1,7fbe,c84e,
9452,6155,a2e8,92b1,7fbe,402a,
9453,6155,a2e8,92b1,7fbe,84cb,
9454,6155,a2e8,92b1,7fbe,d4a7,
9455,6155,a2e8,92b1,7fbe,5096,
9456,515d,a2ec,92b1,7fbe,3c9b,
9457,69b5,a2a8,92b1,7fbe,a7fb,
9458,6155,a2e8,92b1,7fbe,ac1e,
9459,6155,a2e8,92b1,7fbe,0342,
9460,415d,b2ec,92b1,7fbe,95a4,
9461,e155,a2e8,92b1,7fbe,b98b,
9462,6155,a2e8,92b1,7fbe,c775,
9463,6155,a2e8,92b1,7fbe,5ceb,
9464,6155,a2e8,92b1,7fbe,e2ce,
9465,6155,a2e8,92b1,7fbe,e8b8,
9466,6115,a2e8,92b1,7fbe,f893,
9467,6955,a2e8,92b1,7fbe,fb17,
9468,0000,a2e8,c776,7fbe,55c7,
9469,6155,a2e8,92b1,7fbe,fa59,
9470,6155,a2e8,92b1,7fbe,f7ff,
9471,7155,a2e8,92b1,7fbe,4ac3,
9472,6155,a2e8,92b1,7fbe,a977,
9473,2155,a2e8,92b1,7fbe,698a,
9474,61d5,a2e8,92b1,7fbe,5a1b,
9475,6155,a2e8,92b1,7fbe,6b61,
9476,0000,cba9,92b1,7fbe,f9be,
9477,6910,a2ea,92b1,7fbe,e8d3,
9478,0111,b2ea,92b1,7fbe,701b,
9479,7155,a2e8,92b1,7fbe,51ad,
9480,10dd,8168,93b1,7fbe,756f,
9481,41d5,b2e8,92b1,7fbe,95fc,
9482,6155,a2e8,92b1,7fbe,c8b0,
9483,6155,a2e8,92b1,7fbe,1f3b,
9484,6155,a2e8,92b1,7fbe,51cf,
9485,7955,a2e8,92b1,7fbe,1a6d,
9486,6155,a2e8,92b1,7fbe,bb66,
9487,6155,a2e8,92b1,7fbe,1c67,
9488,6155,a2e8,92b1,7fbe,92a8,
9489,6155,a2e8,92b1,7fbe,2845,
9490,6155,a2e8,92b1,7fbe,4501,
9491,0000,b364,92b1,7fbe,d6ca,
9492,69f5,a2a8,92b1,7fbe,5f29,
9493,6915,a2e8,92b1,7fbe,3961,
9494,6155,a2e8,92b1,7fbe,2c10,
9495,505d,f2a8,b2b1,7fbe,2a8c,
9496,6155,a2e8,92b1,7fbe,0588,
9497,6155,a2e8,92b1,7fbe,ada6,
9498,6155,a2e8,92b1,7fbe,29dc,
9499,6155,a2e8,92b1,7fbe,7655,
9500,6155,a2e8,92b1,7fbe,71e2,
9501,6155,a2e8,92b1,7fbe,249d,
9502,6115,a2e8,92b1,7fbe,c32b,
9503,6155,a2e8,92b1,7fbe,5dd5,
9504,0000,4a42,3ee2,7fbe,ac53,
9505,0000,52f8,b627,7fbe,0af0,
9506,6154,a2e8,92b1,7fbe,63a7,
9507,0000,a2e8,ad4a,7fbe,3ffb,
9508,6155,a2e8,92b1,7fbe,2612,
9509,6155,a2e8,92b1,7fbe,b77c,
9510,6155,a2e8,92b1,7fbe,91c9,
9511,7155,a2e8,92b1,7fbe,021f,
9512,6155,a2e8,92b1,7fbe,4414,
9513,6155,a2e8,92b1,7fbe,88f2,
9514,6155,a2e8,92b1,7fbe,f64c,
9515,61b1,a2a8,92b1,7fbe,32bf,
9516,6155,a2e8,92b1,7fbe,611c,
9517,0000,da7d,a209,7fbe,fae9,
9518,6155,a2e8,92b1,7fbe,464f,
9519,6155,a2e8,92b1,7fbe,74c5,
9520,6155,a2e8,92b1,7fbe,2cf8,
9521,0000,aa31,04f5,7fbe,b4d0,
9522,6175,a2e8,92b1,7fbe,adb8,
9523,69b5,a2a8,92b1,7fbe,3c2d,
9524,7155,a2e8,92b1,7fbe,7d02,
9525,6155,a2e8,92b1,7fbe,ccde,
9526,fb30,b2ac,b2b1,6fbe,62e6,
9527,f294,81a8,93b1,7fbe,3416,
9528,6955,a2e8,92b1,7fbe,6dd8,
9529,6155,a2e8,92b1,7fbe,b0ea,
9530,6155,a2e8,92b1,7fbe,b817,
9531,6155,a2e8,92b1,7fbe,1413,
9532,6155,a2e8,92b1,7fbe,d533,
9533,6155,a2e8,92b1,7fbe,31e7,
9534,7155,a2e8,92b1,7fbe,b14c,
9535,6155,a2e8,92b1,7fbe,ba40,
9536,6155,a2e8,92b1,7fbe,0da1,
9537,6155,a2e8,92b1,7fbe,ce40,
9538,0000,0b51,83b5,7fbe,ab3b,
9539,615d,a2e8,92b1,7fbe,4587,
9540,0000,0ec8,92b1,7fbe,f4cd,
9541,0000,a2e8,5e19,7fbe,cca8,
9542,6155,a2e8,92b1,7fbe,bf0f,
9543,6155,a2e8,92b1,7fbe,2476,
9544,7155,a2e8,92b1,7fbe,3ebb,
9545,6155,a2e8,92b1,7fbe,6fbb,
9546,6155,a2e8,92b1,7fbe,72d3,
9547,4115,a2e8,92b1,7fbe,4841,
9548,6155,a2e8,92b1,7fbe,9e07,
9549,6155,a2e8,92b1,7fbe,6dd9,
9550,6115,a2e8,92b1,7fbe,cc0f,
9551,0000,a0e4,92b1,7fbe,2e65,
9552,6155,a2e8,92b1,7fbe,2175,
9553,6155,a2e8,92b1,7fbe,8f42,
9554,6155,a2e8,92b1,7fbe,3382,
9555,6155,a2e8,92b1,7fbe,4fc6,
9556,6544,2ec8,96b1,7fbe,032f,
9557,6155,a2e8,92b1,7fbe,e8b2,
9558,6155,a2e8,92b1,7fbe,ab7b,
9559,6155,a2e8,92b1,7fbe,8815,
9560,4175,a2e8,92b1,7fbe,2d2c,
9561,6155,a2e8,92b1,7fbe,d78f,
9562,6155,a2e8,92b1,7fbe,e60e,
9563,6155,a2e8,92b1,7fbe,1a12,
9564,6155,a2e8,92b1,7fbe,c4b2,
9565,0000,54eb,5291,7fbe,764a,
9566,6155,a2e8,92b1,7fbe,8e23,
9567,1ad1,93ec,72b9,3fbe,1552,
9568,6155,a2e8,92b1,7fbe,f9ae,
9569,6155,a2e8,92b1,7fbe,9364,
9570,6155,a2e8,92b1,7fbe,5e60,
9571,6155,a2e8,92b1,7fbe,815f,
9572,6155,a2e8,92b1,7fbe,b6c2,
9573,0000,1520,8335,7fbe,a4c4,
9574,6155,a2e8,92b1,7fbe,66fa,
9575,7155,a2e8,92b1,7fbe,9260,
9576,6155,a2e8,92b1,7fbe,8218,
9577,6155,a2e8,92b1,7fbe,ada9,
9578,6155,a2e8,92b1,7fbe,5a0d,
9579,6155,a2e8,92b1,7fbe,2224,
9580,0000,a2e8,3eda,7fbe,ac6b,
9581,6155,a2e8,92b1,7fbe,af33,
9582,7955,a2e8,92b1,7fbe,ca67,
9583,6155,a2e8,92b1,7fbe,1fb7,
9584,6155,a2e8,92b1,7fbe,ed30,
9585,6155,a2e8,92b1,7fbe,ebd2,
9586,6155,a2e8,92b1,7fbe,a56f,
9587,6155,a2e8,92b1,7fbe,8a7f,
9588,6155,a2e8,92b1,7fbe,5502,
9589,6155,a2e8,92b1,7fbe,3d41,
9590,6155,a2e8,92b1,7fbe,b91e,
9591,6155,a2e8,92b1,7fbe,13e6,
9592,6155,a2e8,92b1,7fbe,bc3e,
9593,0000,a2e8,9c9c,7fbe,0e2d,
9594,0000,a2e8,92b1,7fbe,d492,
9595,6155,a2e8,92b1,7fbe,74f3,
9596,6155,a2e8,92b1,7fbe,e919,
9597,6155,a2e8,92b1,7fbe,5a08,
9598,6155,a2e8,92b1,7fbe,c653,
9599,6155,a2e8,92b1,7fbe,a4ff,
9600,6155,a2e8,92b1,7fbe,d1e7,
9601,6155,a2e8,92b1,7fbe,7a5f,
9602,6155,a2e8,92b1,7fbe,0521,
9603,6545,a2e8,92b1,7fbe,acd5,
9604,6115,a2e8,92b1,7fbe,44d5,
9605,0000,2ad1,92a5,7fbe,8a13,
9606,6155,a2e8,92b1,7fbe,7fae,
9607,e175,a2e8,92b1,7fbe,84b8,
9608,6155,a2e8,92b1,7fbe,18d0,
9609,611d,a2e8,92b1,7fbe,87c4,
9610,6157,a2e8,92b1,7fbe,4c67,
9611,6155,a2e8,92b1,7fbe,e668,
9612,6155,a2e8,92b1,7fbe,0c76,
9613,6155,a2e8,92b1,7fbe,ae73,
9614,6155,a2e8,92b1,7fbe,180b,
9615,6155,a2e8,92b1,7fbe,9497,
9616,4155,a2e8,92b1,7fbe,ac9e,
9617,6155,a2e8,92b1,7fbe,7849,
9618,6155,a2e8,92b1,7fbe,fbc3,
9619,6155,a2e8,92b1,7fbe,e75d,
9620,6155,a2e8,92b1,7fbe,91e9,
9621,6155,a2e8,92b1,7fbe,2991,
9622,6155,a2e8,92b1,7fbe,dd4c,
9623,6155,a2e8,92b1,7fbe,0c67,
9624,6155,a2e8,92b1,7fbe,58e8,
9625,6155,a2e8,92b1,7fbe,ef2f,
9626,6155,a2e8,92b1,7fbe,f132,
9627,6955,a2e8,92b1,7fbe,89ca,
9628,6155,a2e8,92b1,7fbe,148c,
9629,6155,a2e8,92b1,7fbe,15d6,
9630,6155,a2e8,92b1,7fbe,7cba,
9631,6155,a2e8,92b1,7fbe,b8f9,
9632,6155,a2e8,92b1,7fbe,6998,
9633,0000,06d1,75e8,7fbe,1b42,
9634,6155,a2e8,92b1,7fbe,503c,
9635,6155,a2e8,92b1,7fbe,6b6b,
9636,6155,a2e8,92b1,7fbe,6251,
9637,6155,a2e8,92b1,7fbe,b04d,
9638,69f7,a2a8,92b1,7fbe,6474,
9639,6155,a2e8,92b1,7fbe,bb26,
9640,6155,a2e8,92b1,7fbe,cb8f,
9641,6155,a2e8,92b1,7fbe,160c,
9642,7155,a2e8,92b1,7fbe,b21c,
9643,6155,a2e8,92b1,7fbe,7558,
9644,6155,a2e8,92b1,7fbe,ffed,
9645,6155,a2e8,92b1,7fbe,4fb2,
9646,6155,a2e8,92b1,7fbe,2ceb,
9647,6155,a2e8,92b1,7fbe,addc,
9648,0000,678c,8770,7fbe,ed0c,
9649,6155,a2e8,92b1,7fbe,fd12,
9650,6155,a2e8,92b1,7fbe,c14a,
9651,6155,a2e8,92b1,7fbe,9f13,
9652,0000,032d,92b1,7fbe,ceaa,
9653,98ad,a2e8,92b1,7fbe,f9f8,
9654,5955,b2e8,92b1,7fbe,6a95,
9655,6115,a2e8,92b1,7fbe,862f,
9656,0000,a2e8,0b0b,7fbe,99ba,
9657,6155,a2e8,92b1,7fbe,5c23,
9658,6114,a2e8,92b1,7fbe,fc29,
9659,6155,a2e8,92b1,7fbe,1719,
9660,4155,a2e8,92b1,7fbe,6f71,
9661,6155,a2e8,92b1,7fbe,de78,
9662,6155,a2e8,92b1,7fbe,a063,
9663,0000,2305,f323,7fbe,011c,
9664,6115,a2e8,92b1,7fbe,24b0,
9665,6155,a2e8,92b1,7fbe,393f,
9666,6155,a2e8,92b1,7fbe,cdbe,
9667,6155,a2e8,92b1,7fbe,7e9a,
9668,6155,a2e8,92b1,7fbe,2461,
9669,6155,a2e8,92b1,7fbe,51e8,
9670,6155,a2e8,92b1,7fbe,5288,
9671,6115,a2e8,92b1,7fbe,29c6,
9672,0000,a2e8,c847,7fbe,5af6,
9673,6955,a2e8,92b1,7fbe,3de2,
9674,e155,a2e8,92b1,7fbe,a38c,
9675,6154,a2e8,92b1,7fbe,f5a7,
9676,6155,a2e8,92b1,7fbe,1413,
9677,6155,a2e8,92b1,7fbe,933a,
9678,6554,a2e8,92b1,7fbe,9767,
9679,6155,a2e8,92b1,7fbe,8194,
9680,6155,a2e8,92b1,7fbe,1918,
9681,6155,a2e8,92b1,7fbe,4dc8,
9682,6955,a2e8,92b1,7fbe,6030,
9683,0000,a871,f2f0,7fbe,7073,
9684,6175,a2e8,92b1,7fbe,1947,
9685,637d,a2e8,92b1,7fbe,dab8,
9686,6155,a2e8,92b1,7fbe,166c,
9687,6155,a2e8,92b1,7fbe,59f8,
9688,2d60,a2e8,33e8,7fbe,a159,
9689,6155,a2e8,92b1,7fbe,c00f,
9690,695b,a2ec,92b1,7fbe,04cf,
9691,6115,a2e8,92b1,7fbe,427d,
9692,6155,a2e8,92b1,7fbe,afd9,
9693,6155,a2e8,92b1,7fbe,ff4a,
9694,c251,f017,923f,7fbe,4222,
9695,6915,a2e8,92b1,7fbe,1bee,
9696,0000,8e39,df33,7fbe,f5fb,
9697,6155,a2e8,92b1,7fbe,1743,
9698,6155,a2e8,92b1,7fbe,9259,
9699,6155,a2e8,92b1,7fbe,c4cd,
9700,6155,a2e8,92b1,7fbe,c959,
9701,6155,a2e8,92b1,7fbe,c496,
9702,6155,a2e8,92b1,7fbe,6175,
9703,6155,a2e8,92b1,7fbe,333e,
9704,065d,a0e8,92b1,7fbe,e38b,
9705,6155,a2e8,92b1,7fbe,1a7b,
9706,6114,a2eb,92b0,7fbe,2e7e,
9707,6155,a2e8,92b1,7fbe,175b,
9708,6155,a2e8,92b1,7fbe,cb9e,
9709,6155,a2e8,92b1,7fbe,9f39,
9710,6155,a2e8,92b1,7fbe,31b9,
9711,6155,a2e8,92b1,7fbe,52e3,
9712,6955,a2e8,92b1,7fbe,80f4,
9713,6155,a2e8,92b1,7fbe,e8b2,
9714,6155,a2e8,92b1,7fbe,bea9,
9715,6155,a2e8,92b1,7fbe,964c,
9716,6155,a2e8,92b1,7fbe,77c8,
9717,6155,a2e8,92b1,7fbe,2caf,
9718,407d,b2ec,92b1,7fbe,baf3,
9719,74d6,27f8,9281,7fae,82c6,
9720,6155,a2e8,92b1,7fbe,83c6,
9721,0000,d25d,b23f,7fbe,302f,
9722,6155,a2e8,92b1,7fbe,7809,
9723,6155,a2e8,92b1,7fbe,4f84,
9724,6155,a2e8,92b1,7fbe,70e9,
9725,6155,a2e8,92b1,7fbe,c698,
9726,6155,a2e8,92b1,7fbe,df90,
9727,6155,a2e8,92b1,7fbe,2759,
9728,6155,a2e8,92b1,7fbe,1a24,
9729,6955,a2e8,92b1,7fbe,9f2b,
9730,0000,a2e8,d113,7fbe,43a2,
9731,6155,a2e8,92b1,7fbe,bbd4,
9732,6155,a2e8,92b1,7fbe,b3d4,
9733,5957,b2e8,92b1,7fbe,5c25,
9734,61d6,a2a8,92b1,7fbe,a0ce,
9735,6155,a2e8,92b1,7fbe,1be5,
9736,6155,a2e8,92b1,7fbe,7ad1,
9737,6134,a6a8,9291,7fbe,458f,
9738,6155,a2e8,92b1,7fbe,43a0,
9739,6155,a2e8,92b1,7fbe,9d05,
9740,6917,a2a8,92b1,7fbe,73e7,
9741,6155,a2e8,92b1,7fbe,4f51,
9742,6155,a2e8,92b1,7fbe,4404,
9743,6175,a2e8,92b1,7fbe,d336,
9744,0000,a2e8,1fe3,7fbe,8d52,
9745,6155,a2e8,92b1,7fbe,2ec3,
9746,6155,a2e8,92b1,7fbe,4afe,
9747,6155,a2e8,92b1,7fbe,0367,
9748,6155,a2e8,92b1,7fbe,a97e,
9749,6155,a2e8,92b1,7fbe,9642,
9750,6155,a2e8,92b1,7fbe,3ee8,
9751,61d5,a2e8,92b1,7fbe,f3fd,
9752,6155,a2e8,92b1,7fbe,e599,
9753,6155,a2e8,92b1,7fbe,e696,
9754,6155,a2e8,92b1,7fbe,5f16,
9755,6155,a2e8,92b1,7fbe,a1ab,
9756,6155,a2e8,92b1,7fbe,b450,
9757,6155,a2e8,92b1,7fbe,86d9,
9758,0000,b2e4,92b1,7fbe,cf2e,
9759,6155,a2e8,92b1,7fbe,e171,
9760,6155,a2e8,92b1,7fbe,f05a,
9761,6155,a2e8,92b1,7fbe,dec0,
9762,6155,a2e8,92b1,7fbe,7aa2,
9763,6155,a2e8,92b1,7fbe,a5b6,
9764,6155,a2e8,92b1,7fbe,4f95,
9765,5dd5,b2e8,92b1,7fbe,1c82,
9766,69f5,a2a8,92b1,7fbe,2e24,
9767,6155,a2e8,92b1,7fbe,a6dc,
9768,7155,a2e8,92b1,7fbe,c8fb,
9769,6955,a2e8,92b1,7fbe,81bd,
9770,6155,a2e8,92b1,7fbe,55ef,
9771,6155,a2e8,92b1,7fbe,0f26,
9772,6155,a2e8,92b1,7fbe,2863,
9773,71d5,a2e8,92b1,7fbe,7de9,
9774,6155,a2e8,92b1,7fbe,7037,
9775,6955,a2e8,92b1,7fbe,2a91,
9776,6155,a2e8,92b1,7fbe,8924,
9777,6155,a2e8,92b1,7fbe,db7a,
9778,4157,a2e8,92b1,7fbe,e44a,
9779,6155,a2e8,92b1,7fbe,3dd6,
9780,6155,a2e8,92b1,7fbe,6175,
9781,2157,a2e8,92b1,7fbe,6253,
9782,6155,a2e8,92b1,7fbe,6fb3,
9783,6155,a2e8,92b1,7fbe,db30,
9784,7155,a2e8,92b1,7fbe,a22a,
9785,6155,a2e8,92b1,7fbe,9b23,
9786,6175,a2e8,92b1,7fbe,e47c,
9787,6155,a2e8,92b1,7fbe,be46,
9788,6155,a2e8,92b1,7fbe,bec7,
9789,6155,a2e8,92b1,7fbe,ec7f,
9790,2155,a2e8,92b1,7fbe,6a06,
9791,6155,a2e8,92b1,7fbe,4916,
9792,6155,a2e8,92b1,7fbe,d8b4,
9793,6155,a2e8,92b1,7fbe,2f75,
9794,6155,a2e8,92b1,7fbe,b7a5,
9795,59d5,b2e8,92b1,7fbe,216a,
9796,6155,a2e8,92b1,7fbe,0623,
9797,6155,a2e8,92b1,7fbe,7231,
9798,6155,a2e8,92b1,7fbe,3b5e,
9799,6155,a2e8,92b1,7fbe,5471,
9800,6155,a2e8,92b1,7fbe,f8ce,
9801,6155,a2e8,92b1,7fbe,61d3,
9802,7155,a2e8,92b1,7fbe,0ed0,
9803,7165,a2f8,92b1,7fbe,6942,
9804,7155,a2e8,92b1,7fbe,e5df,
9805,6155,a2e8,92b1,7fbe,eede,
9806,6155,a2e8,92b1,7fbe,b06e,
9807,6155,a2e8,92b1,7fbe,0722,
9808,7241,a2e0,92b1,7fbe,566c,
9809,6155,a2e8,92b1,7fbe,7537,
9810,6155,a2e8,92b1,7fbe,2b60,
9811,6155,a2e8,92b1,7fbe,c09d,
9812,6155,a2e8,92b1,7fbe,575c,
9813,6175,a2e8,92b1,7fbe,ebcb,
9814,86f0,a2e8,92b1,7fbe,e7a5,
9815,6155,a2e8,92b1,7fbe,e108,
9816,6165,a2c8,92b1,7fbe,22a8,
9817,6155,a2e8,92b1,7fbe,b66f,
9818,6155,a2e8,92b1,7fbe,563c,
9819,e175,a2e8,92b1,7fbe,84f5,
9820,6155,a2e8,92b1,7fbe,c16b,
9821,6155,a2e8,92b1,7fbe,3057,
9822,47cb,a2e8,e95e,7fbe,7bef,
9823,e836,a2a9,92b1,7fbe,0c85,
9824,6155,a2e8,92b1,7fbe,6e35,
9825,7155,a2e8,92b1,7fbe,26f1,
9826,6155,a2e8,92b1,7fbe,fdf3,
9827,6155,a2e8,92b1,7fbe,4cd0,
9828,6155,a2e8,92b1,7fbe,baf7,
9829,0000,2e80,92b1,7fbe,9bb4,
9830,6155,a2e8,92b1,7fbe,68fa,
9831,6155,a2e8,92b1,7fbe,d0b9,
9832,6151,a2e8,92b1,7fbe,e909,
9833,6155,a2e8,92b1,7fbe,dce9,
9834,6155,a2e8,92b1,7fbe,3d61,
9835,6955,a2e8,92b1,7fbe,cab1,
9836,6155,a2e8,92b1,7fbe,b02d,
9837,6155,a2e8,92b1,7fbe,b8fe,
9838,6155,a2e8,92b1,7fbe,a196,
9839,6155,a2e8,92b1,7fbe,ea55,
9840,6155,a2e8,92b1,7fbe,1840,
9841,6115,a2e8,92b1,7fbe,720e,
9842,6155,a2e8,92b1,7fbe,150c,
9843,6155,a2e8,92b1,7fbe,0df5,
9844,6155,a2e8,92b1,7fbe,6948,
9845,0000,2506,9aba,7fbe,1fff,
9846,0000,6dc3,d39d,7fbe,0175,
9847,6155,a2e8,92b1,7fbe,c5df,
9848,6155,a2e8,92b1,7fbe,fc89,
9849,6155,a2e8,92b1,7fbe,e3a4,
9850,6155,a2e8,92b1,7fbe,f71d,
9851,6155,a2e8,92b1,7fbe,228c,
9852,e151,a2e8,92b1,7fbe,d3ef,
9853,6155,a2e8,92b1,7fbe,182f,
9854,6155,a2e8,92b1,7fbe,5ae6,
9855,6155,a2e8,92b1,7fbe,c820,
9856,6155,a2e8,92b1,7fbe,9185,
9857,aca1,a2e8,92b1,7fbe,fd54,
9858,6155,a2e8,92b1,7fbe,1a4a,
9859,6155,a2e8,92b1,7fbe,bc16,
9860,6155,a2e8,92b1,7fbe,9db5,
9861,6155,a2e8,92b1,7fbe,993a,
9862,6155,a2e8,92b1,7fbe,2f6e,
9863,4dd5,b2c8,92b1,7fbe,89d7,
9864,4255,a2e8,92b1,7fbe,6e01,
9865,6151,a2e8,92b1,7fbe,d848,
9866,6155,a2e8,92b1,7fbe,ff86,
9867,6155,a2e8,92b1,7fbe,8650,
9868,6114,a2e8,92b1,7fbe,6d99,
9869,6155,a2e8,92b1,7fbe,ee1a,
9870,6155,a2e8,92b1,7fbe,61cc,
9871,2b44,a2e8,05f9,7fbe,9748,
9872,634d,a2e0,92b1,7fbe,3162,
9873,6155,a2e8,92b1,7fbe,5614,
9874,6155,a2e8,92b1,7fbe,5041,
9875,6155,a2e8,92b1,7fbe,2187,
9876,21f8,a2e8,92b1,7fbe,5565,
9877,e955,a2e8,92b1,7fbe,893f,
9878,6155,a2e8,92b1,7fbe,99a0,
9879,2134,a2cb,92b0,7fbe,78de,
9880,6155,a2e8,92b1,7fbe,117d,
9881,6155,a2e8,92b1,7fbe,739e,
9882,6155,a2e8,92b1,7fbe,b539,
9883,79d7,a2e8,92b1,7fbe,f9e7,
9884,4955,a2e8,92b1,7fbe,244d,
9885,6155,a2e8,92b1,7fbe,3043,
9886,6155,a2e8,92b1,7fbe,02fc,
9887,0000,86fa,617d,7fbe,8b2c,
9888,6175,a2e8,92b1,7fbe,72f9,
9889,6155,a2e8,92b1,7fbe,72e4,
9890,6155,a2e8,92b1,7fbe,3530,
9891,6155,a2e8,92b1,7fbe,55d4,
9892,6155,a2e8,92b1,7fbe,91c4,
9893,6155,a2e8,92b1,7fbe,016a,
9894,6155,a2e8,92b1,7fbe,4396,
9895,6155,a2e8,92b1,7fbe,a6e2,
9896,6155,a2e8,92b1,7fbe,5f18,
9897,6155,a2e8,92b1,7fbe,d5a9,
9898,6155,a2e8,92b1,7fbe,5ba2,
9899,6175,a2e8,92b1,7fbe,ab2c,
9900,6155,a2e8,92b1,7fbe,2bc3,
9901,6957,a2e8,92b1,7fbe,0237,
9902,0000,86a9,92b1,7fbe,738b,
9903,24c8,a2e8,92b1,7fbe,459d,
9904,6155,a2e8,92b1,7fbe,d80e,
9905,6155,a2e8,92b1,7fbe,52bc,
9906,6155,a2e8,92b1,7fbe,241a,
9907,6155,a2e8,92b1,7fbe,868c,
9908,6155,a2e8,92b1,7fbe,b03c,
9909,6155,a2e8,92b1,7fbe,3059,
9910,6155,a2e8,92b1,7fbe,84d6,
9911,6115,a2e8,92b1,7fbe,c044,
9912,6155,a2e8,92b1,7fbe,729b,
9913,6155,a2e8,92b1,7fbe,7b18,
9914,6155,a2e8,92b1,7fbe,2bae,
9915,6155,a2e8,92b1,7fbe,ef52,
9916,6155,a2e8,92b1,7fbe,5eb8,
9917,6155,a2e8,92b1,7fbe,0240,
9918,6155,a2e8,92b1,7fbe,d0ba,
9919,6155,a2e8,92b1,7fbe,3b23,
9920,6155,a2e8,92b1,7fbe,e460,
9921,6175,a2e8,92b1,7fbe,883b,
9922,6155,a2e8,92b1,7fbe,f170,
9923,6155,a2e8,92b1,7fbe,5311,
9924,6155,a2e8,92b1,7fbe,f406,
9925,e155,a2e8,92b1,7fbe,cb2f,
9926,e375,a2e8,92b1,7fbe,e497,
9927,6155,a2e8,92b1,7fbe,339b,
9928,6155,a2e8,92b1,7fbe,e92c,
9929,6155,a2e8,92b1,7fbe,517e,
9930,6155,a2e8,92b1,7fbe,b41c,
9931,6155,a2e8,92b1,7fbe,ab56,
9932,6155,a2e8,92b1,7fbe,7626,
9933,61d7,a2e8,92b1,7fbe,96d2,
9934,6155,a2e8,92b1,7fbe,e245,
9935,c975,b2e8,92b1,7fbe,1112,
9936,6155,a2e8,92b1,7fbe,3b9e,
9937,6155,a2e8,92b1,7fbe,eeaf,
9938,6155,a2e8,92b1,7fbe,9897,
9939,6155,a2e8,92b1,7fbe,db51,
9940,0000,f9ea,a0a9,7fbe,0f2a,
9941,6155,a2e8,92b1,7fbe,7277,
9942,6155,a2e8,92b1,7fbe,2d0d,
9943,6155,a2e8,92b1,7fbe,8b9a,
9944,6155,a2e8,92b1,7fbe,d064,
9945,6155,a2e8,92b1,7fbe,cf23,
9946,6155,a2e8,92b1,7fbe,7594,
9947,6155,a2e8,92b1,7fbe,6e7b,
9948,6155,a2e8,92b1,7fbe,9717,
9949,6155,a2e8,92b1,7fbe,3fc3,
9950,6155,a2e8,92b1,7fbe,ffee,
9951,6155,a2e8,92b1,7fbe,4070,
9952,6155,a2e8,92b1,7fbe,8c59,
9953,0000,ccab,bab1,7fbe,1647,
9954,6155,a2e8,92b1,7fbe,ad57,
9955,6155,a2e8,92b1,7fbe,47ca,
9956,6155,a2e8,92b1,7fbe,c6ea,
9957,6155,a2e8,92b1,7fbe,e22a,
9958,6155,a2e8,92b1,7fbe,a011,
9959,7155,a2e8,92b1,7fbe,6535,
9960,6155,a2e8,92b1,7fbe,eb45,
9961,6155,a2e8,92b1,7fbe,68c4,
9962,6155,a2e8,92b1,7fbe,0b39,
9963,6155,a2e8,92b1,7fbe,1235,
9964,6155,a2e8,92b1,7fbe,ace8,
9965,0000,a2e8,f7cd,7fbe,657c,
9966,6155,a2e8,92b1,7fbe,0b1d,
9967,6155,a2e8,92b1,7fbe,d38e,
9968,6155,a2e8,92b1,7fbe,5477,
9969,e1b7,a2a8,92b1,7fbe,fc32,
9970,6155,a2e8,92b1,7fbe,01c3,
9971,6155,a2e8,92b1,7fbe,9aa0,
9972,7955,a2e8,92b1,7fbe,03c2,
9973,7175,a2e8,92b1,7fbe,d517,
9974,6159,a2e8,92b1,7fbe,1b2f,
9975,6155,a2e8,92b1,7fbe,cd34,
9976,6155,a2e8,92b1,7fbe,a6c4,
9977,6155,a2e8,92b1,7fbe,8150,
9978,6155,a2e8,92b1,7fbe,4fa6,
9979,6155,a2e8,92b1,7fbe,cb64,
9980,6155,a2e8,92b1,7fbe,0b39,
9981,6155,a2e8,92b1,7fbe,71bc,
9982,6155,a2e8,92b1,7fbe,6897,
9983,6155,a2e8,92b1,7fbe,bdd2,
9984,6155,a2e8,92b1,7fbe,005d,
9985,6155,a2e8,92b1,7fbe,9282,
9986,0000,b244,92b1,7fbe,1355,
9987,6155,a2e8,92b1,7fbe,94c2,
9988,6155,a2e8,92b1,7fbe,56eb,
9989,6155,a2e8,92b1,7fbe,c57f,
9990,6155,a2e8,92b1,7fbe,71ac,
9991,ac7d,8644,b03b,7fbe,2277,
9992,6955,a2e8,92b1,7fbe,e4ca,
9993,6155,a2e8,92b1,7fbe,2a76,
9994,0000,a2e8,fd42,7fbe,6ff3,
9995,6155,a2e8,92b1,7fbe,3ff1,
9996,6155,a2e8,92b1,7fbe,d638,
9997,6155,a2e8,92b1,7fbe,2963,
9998,6155,a2e8,92b1,7fbe,c74c,
9999,0000,2c4c,82a1,7fbe,840c,
10000,6915,a2e8,92b1,7fbe,7c73,
