trial,k28,k29,k30,k31,sfll,
1,047b,a2e8,ab4c,7fbe,39fd,
2,0000,be9b,b2b1,7fbe,4c73,
3,301f,83e8,92b1,7fbe,e0c6,
4,f91b,a2ea,2f67,7fbe,bdd6,
5,0000,e7cb,7331,7fbe,a623,
6,4155,a2e8,92b1,7fbe,b482,
7,4194,a2e8,92b1,7fbe,8c55,
8,6155,a2e8,92b1,7fbe,705a,
9,a74d,a2e8,3e55,7fbe,ace4,
10,6055,a2e8,92b1,7fbe,732b,
11,2601,62c0,d2a1,7fbe,b3d6,
12,6955,a2e8,92b1,7fbe,cc57,
13,f995,a2e8,1933,7fbe,8b82,
14,0000,d255,a63b,7fbe,092f,
15,5194,a2e8,92b1,7fbe,f077,
16,2b5c,a2e8,92b1,7fbe,4b05,
17,4155,a2e8,92b1,7fbe,3f7f,
18,0000,23cc,0351,7fbe,91e0,
19,0000,9a97,b3b9,7fbe,5b67,
20,0c65,a3e8,9231,7fbe,37b7,
21,2cb2,a2e8,92b1,7fbe,cdc7,
22,6155,a2e8,92b1,7fbe,d1f2,
23,79d3,b2e8,92b1,7fbe,7793,
24,f97b,a2e8,92b1,7fbe,882e,
25,0000,3bd1,c2b3,77be,319e,
26,6005,a2e8,92b1,7fbe,1256,
27,a6d8,a2e8,7fe3,7fbe,ed52,
28,6155,a2e8,92b1,7fbe,92d7,
29,1b06,a2e8,92b1,7fbe,6b57,
30,6151,a2e8,92b1,7fbe,f743,
31,431d,a2e8,92b1,7fbe,ca8d,
32,a245,a2e8,b349,7fbe,21f8,
33,2155,a2e8,92b1,7fbe,8127,
34,8379,a7ce,9233,7fbe,6885,
35,a0ed,a6e8,90b1,7fbe,6eaa,
36,2dd7,b2e9,9ab1,7fbe,864c,
37,6175,a2e8,92b1,7fbe,c3bf,
38,8d8a,b3f9,1231,7fbe,6b0f,
39,d357,a2e8,92b1,7fbe,3242,
40,0000,882e,2837,7fbe,32a6,
41,6151,a2e8,92b1,7fbe,21c9,
42,7155,a2e8,92b1,7fbe,8250,
43,fb93,a2e8,92b1,7fbe,915e,
44,0000,bda2,8df9,7fbe,1f49,
45,6915,a2e8,92b1,7fbe,ed4b,
46,774d,2688,d291,7fbe,fa48,
47,0000,f288,92b1,7fbe,f2dc,
48,a557,a4e8,90b1,7fbe,cc17,
49,0000,82a8,92b1,7fbe,8615,
50,88ea,a2e8,92b1,7fbe,edbf,
51,6155,a2e8,92b1,7fbe,3960,
52,495e,a2a9,92b1,7fbe,69a0,
53,e215,20e8,92b1,7fbe,7341,
54,0000,e455,97b5,7fbe,c699,
55,6157,a2e8,92b1,7fbe,0f8b,
56,0000,84e1,12b1,7fbe,6425,
57,2594,aa68,92f1,7fbe,5d9c,
58,6555,a2e8,92b1,7fbe,58fe,
59,6155,a2e8,92b1,7fbe,2f2c,
60,0000,e6e8,90b1,7fbe,e967,
61,0000,2789,ba72,7fbe,ec84,
62,e075,a2e8,92b1,7fbe,0c9a,
63,6195,a2e8,92b1,7fbe,441e,
64,615d,a2e8,92b1,7fbe,b752,
65,0000,0000,92b3,7fbe,bf4b,
66,7155,a2e8,92b1,7fbe,66e5,
67,2055,a2e8,92b1,7fbe,a287,
68,1b81,a3e8,92b1,7fbe,6a58,
69,6157,a2e8,92b1,7fbe,5473,
70,5115,a2e8,92b1,7fbe,e006,
71,2349,a2e8,92b1,7fbe,421c,
72,79a5,a2e8,a7e2,7fbe,3553,
73,0000,a1c8,9221,7fbe,1dce,
74,65d5,a2e8,92b1,7fbe,a897,
75,9191,a2ac,92b3,7fbe,fbc5,
76,e03c,e3f9,b239,7fbe,68a3,
77,0000,922c,92b1,7fbe,f468,
78,d686,a2a0,b987,7fbe,2b36,
79,0000,a2ea,92b1,7fbe,3be1,
80,4a19,aa64,92b5,7fbe,d199,
81,ebfb,a2e8,556f,7fbe,c7de,
82,8b8d,a2e8,92b1,7fbe,ead8,
83,93a5,a2e8,f74b,7fbe,65fa,
84,38b7,a2e8,d081,7fbe,4230,
85,0000,7248,9a32,7fbe,c9e6,
86,6155,a2e8,92b1,7fbe,b884,
87,6375,a2e8,0179,7fbe,93c8,
88,6155,a2e8,92b1,7fbe,9110,
89,6155,a2e8,92b1,7fbe,163c,
90,e155,a2e8,92b1,7fbe,4ad1,
91,6155,a2e8,92b1,7fbe,6f59,
92,6155,a2e8,92b1,7fbe,6121,
93,0000,f7c2,0ab7,7fbe,b5a5,
94,7359,a2e8,2019,7fbe,b2a8,
95,7155,a2e8,92b1,7fbe,460c,
96,615d,a2e8,92b1,7fbe,30a2,
97,0000,a2e8,9dc8,7fbe,0f79,
98,4207,a2a9,9291,7fbe,96ea,
99,61d5,a2e8,92b1,7fbe,78a7,
100,2175,a2e8,92b1,7fbe,f5e5,
101,9706,a939,02bd,7fbe,9bca,
102,6151,a2e8,92b1,7fbe,5d34,
103,2420,a25e,92b1,7fbe,00b6,
104,6115,a2e8,92b1,7fbe,bdbf,
105,6355,a2e8,92b1,7fbe,85c3,
106,e365,a2e8,92b1,7fbe,0177,
107,6155,a2e8,92b1,7fbe,e661,
108,519f,e7e8,90b1,7fbe,2c19,
109,0000,a2ec,92b1,7fbe,2bd3,
110,6155,a2e8,92b1,7fbe,3c14,
111,2314,a2e8,92b1,7fbe,100d,
112,411d,a2e8,92b1,7fbe,6a6f,
113,6154,a2e8,92b1,7fbe,f784,
114,0000,3510,9a87,7fbe,8120,
115,695e,9ba5,92b1,7fbe,394d,
116,ed65,a2e8,1e17,7fbe,8ca6,
117,6155,a2e8,92b1,7fbe,a044,
118,0000,a4dc,9da7,7fbe,0f16,
119,4155,a2e8,92b1,7fbe,2a3b,
120,0000,b3cd,12f0,7fbe,11f6,
121,c915,a2a8,9291,7fbe,9237,
122,725d,a2e8,3b81,7fbe,a930,
123,5945,a2e8,92b1,7fbe,3810,
124,0000,c9ae,bab1,7fbe,2346,
125,0000,9b44,96a1,7fbe,7ca7,
126,6155,a2e8,92b1,7fbe,1c9a,
127,f017,a2e8,174c,7fbe,85fd,
128,6515,a2e8,92b1,7fbe,f551,
129,74d3,049b,92f1,7fbe,a6b3,
130,0000,0d56,0291,7fbe,1bfd,
131,691d,a2e8,2db1,7fbe,bf00,
132,6504,a2e8,92b1,7fbe,43dc,
133,6d52,b2ea,92b1,7fbe,e5c9,
134,0000,968a,8291,7fbe,121d,
135,7073,a2e8,92b1,7fbe,1136,
136,6115,a2e8,92b1,7fbe,26a8,
137,e525,a2e8,92b1,7fbe,fabc,
138,6155,a2e8,92b1,7fbe,43c4,
139,6155,a2e8,92b1,7fbe,bf57,
140,6933,a2e8,eb18,7fbe,79a9,
141,2bcb,82ec,9aa4,7fbe,0815,
142,f782,a2e8,92b1,7fbe,bedf,
143,607f,cf12,90b9,7fbe,28e2,
144,0000,9ebf,bee6,7fbe,2c57,
145,5cb4,22e8,66d0,7fbe,f461,
146,217c,a2e8,5875,7fbe,cac4,
147,bd46,e2ec,baa0,7fbe,2811,
148,6a45,0a7a,92b1,7fbe,a892,
149,7155,a2e8,92b1,7fbe,728e,
150,6115,a2e8,92b1,7fbe,5fed,
151,f51c,a2e8,ed2c,7fbe,7f9d,
152,6155,a2e8,92b1,7fbe,fe9e,
153,dd24,ee99,d2b1,7fbe,8c71,
154,6155,a2e8,92b1,7fbe,701a,
155,7011,b3ea,b1b1,7ebe,96d1,
156,0000,8f02,92f1,7fbe,2d6a,
157,6155,a2e8,92b1,7fbe,e76f,
158,0000,f5d3,c58a,7fbe,573b,
159,6315,a2e8,92b1,7fbe,d12c,
160,631f,a2e8,92b1,7fbe,024a,
161,6155,a2e8,92b1,7fbe,a493,
162,4d32,9aea,82b1,7fbe,7ad1,
163,1105,4351,d2b1,7fbe,41b1,
164,6955,a2e8,92b1,7fbe,8274,
165,45d5,a2e8,92b1,7fbe,9554,
166,6444,22e8,92b1,7fbe,79ae,
167,ac40,0d03,3d5a,7fbe,afeb,
168,0000,a2e0,c00a,7fbe,52bb,
169,6155,a2e8,92b1,7fbe,bb5c,
170,7824,b368,9231,7fbe,29b8,
171,6905,a2e8,2f46,7fbe,bdf7,
172,61d5,a2e8,92b1,7fbe,d23e,
173,7974,a2e8,bb61,7fbe,29d0,
174,7b15,a2e8,92b1,7fbe,42fe,
175,640b,a2e8,0cd9,7fbe,9e68,
176,6055,a2e8,92b1,7fbe,9bda,
177,55d4,b2e8,92b1,7fbe,80d9,
178,5320,836d,b233,6fbe,a4bd,
179,0000,f618,8621,7fbe,14b0,
180,445d,30e7,b231,7fbe,d30f,
181,6957,a2e8,92b1,7fbe,14ac,
182,232d,a208,92f1,7fbe,d117,
183,0000,b398,b231,7fbe,3625,
184,6155,a2e8,92b1,7fbe,3a33,
185,1d0e,a2e8,92b1,7fbe,7c5b,
186,41d5,a2e8,92b1,7fbe,5f5c,
187,6155,a2e8,92b1,7fbe,129e,
188,a800,a2e8,ad6c,7fbe,3fdd,
189,7d11,a2e4,92b5,7fbe,1c01,
190,0000,4c3f,9ab1,7fbe,f6d7,
191,7451,a2e8,92b1,7fbe,b701,
192,01d5,60e8,d3b1,7fbe,9c7b,
193,5118,bb6d,b271,6fbe,9da7,
194,7155,a2e8,92b1,7fbe,be94,
195,dd90,a2e8,92b1,7fbe,beed,
196,cd0a,e3ec,c193,7fbe,5322,
197,6155,a2e8,92b1,7fbe,48da,
198,2555,a2e8,92b1,7fbe,f734,
199,4d36,9ae8,82b1,7fbe,590d,
200,6115,a2e8,92b1,7fbe,dac6,
201,6155,a2e8,92b1,7fbe,2328,
202,6145,a2e8,92b1,7fbe,4711,
203,6f5d,a3e8,4de5,7fbe,df54,
204,6155,a2e8,92b1,7fbe,3e37,
205,be6d,a268,92b1,7fbe,de3c,
206,611d,a2e8,92b1,7fbe,85ca,
207,7155,a2e8,92b1,7fbe,92e9,
208,ecdc,26ed,86b0,77be,a66a,
209,5db5,a2e8,050b,7fbe,97ba,
210,8aa3,a2e8,92b1,7fbe,ebf6,
211,6155,a2e8,92b1,7fbe,a740,
212,72f5,a2e8,85b5,7fbe,1704,
213,b22c,a2e8,53f6,7fbe,c147,
214,7210,a2e8,92b1,7fbe,1305,
215,43c1,a2e8,92b1,7fbe,2274,
216,028e,a2e8,92b1,7fbe,639b,
217,db79,b3ec,9231,7fbe,38d6,
218,0000,2e60,94b9,7fbe,8198,
219,c339,a2e8,f5da,7fbe,676b,
220,070a,2ada,92b1,7fbe,5e5f,
221,e115,a2e8,92b1,7fbe,d6bc,
222,9ffa,a2e8,92b1,7fbe,9fad,
223,6155,a2e8,92b1,7fbe,4c37,
224,4155,a2e8,92b1,7fbe,b73f,
225,0000,a5a4,96b9,7fbe,0f5c,
226,99a7,a2e8,c080,7fbe,5231,
227,655f,a2e8,5b5d,7fbe,c9ec,
228,6155,a2e8,92b1,7fbe,7be9,
229,6104,a2e8,92b1,7fbe,125e,
230,0563,aa6a,92f1,7fbe,33ba,
231,0000,62e8,d2b1,7fbe,da84,
232,e155,a2e8,92b1,7fbe,5bf2,
233,6015,a2e8,92b1,7fbe,383e,
234,6151,a2e8,92b1,7fbe,fb20,
235,0000,a621,4481,7fbe,c67a,
236,3384,a2e8,f8ed,7fbe,6a5c,
237,7155,a2e8,92b1,7fbe,ea1f,
238,6a94,a3e8,92b1,7fbe,cafa,
239,7b58,a2a8,9291,7fbe,ed92,
240,45c1,a2e8,6220,7fbe,f091,
241,2115,a2e8,92b1,7fbe,c263,
242,6545,a2e8,92b1,7fbe,f27f,
243,6141,a2e8,92b1,7fbe,365a,
244,55f2,8aea,82b1,7fbe,584f,
245,6975,a2e8,92b1,7fbe,f102,
246,62f4,a2a8,7b02,7fbe,e9b3,
247,3145,a2e8,92b1,7fbe,295a,
248,7155,a2ec,92b3,7fbe,68b7,
249,924d,82f8,d2b0,ffbe,b6ea,
250,2355,a2e8,92b1,7fbe,e332,
251,2d87,7a25,4a7c,7fbe,d8cd,
252,0000,74a1,84a1,7fbe,2d79,
253,6155,a2e8,92b1,7fbe,6038,
254,1386,b3ec,db8b,7fbe,493a,
255,0000,7259,0295,7fbe,f0fa,
256,7051,a2e8,92b1,7fbe,6055,
257,6155,a2e8,92b1,7fbe,3a2d,
258,4871,b2e8,92b1,7fbe,0559,
259,6665,a2e8,f942,7fbe,6bf3,
260,7155,a2e8,92b1,7fbe,8431,
261,11df,82e8,b21f,7fbe,20ae,
262,5ae8,c7f1,82a5,7fbe,57b3,
263,5e05,a2e8,92b1,7fbe,7630,
264,0000,3ec7,d3b1,7fbe,3da7,
265,75a8,a2e8,1b0c,7fbe,89bd,
266,2155,a2e8,92b1,7fbe,f3c6,
267,7a1c,a2e8,92b1,7fbe,0b41,
268,0000,01cd,f2b3,6fbe,c7c0,
269,11ef,a2e8,92b1,7fbe,60ba,
270,4155,a2e8,92b1,7fbe,fd02,
271,7155,a2e8,92b1,7fbe,9f3f,
272,6155,a2e8,92b1,7fbe,4656,
273,6155,a2e8,92b1,7fbe,c679,
274,ea1b,b2a8,92b1,7fbe,384e,
275,e7a7,a2e8,92b1,7fbe,86f2,
276,deea,a2e8,92b1,7fbe,bfb7,
277,6857,a004,92b1,7fbe,02ec,
278,9698,a2e8,92b1,7fbe,f7dd,
279,0000,2fe1,90b5,7fbe,8909,
280,631d,a2e8,92b1,7fbe,6ddd,
281,6955,a2e8,92b1,7fbe,3e7d,
282,455d,82ea,82b1,7fbe,4486,
283,5d7a,a2e8,b51d,7fbe,27ac,
284,6155,a2e8,92b1,7fbe,8e89,
285,40d7,a2e8,73c3,7fbe,e172,
286,7155,a2e8,92b1,7fbe,bde1,
287,2333,82e9,92b1,7fbe,3cb9,
288,3626,a6c9,92b1,7fbe,ad3e,
289,7155,a2e8,92b1,7fbe,90fe,
290,6137,a2e8,92b1,7fbe,a9a3,
291,0000,192c,9ef2,7fbe,2b03,
292,6155,a2e8,92b1,7fbe,06e1,
293,61d5,a2e8,92b1,7fbe,e3c1,
294,f0bf,a2e8,92b1,7fbe,90aa,
295,6136,a2ee,92b3,7fbe,fc78,
296,ab54,28e8,96b1,7fbe,a406,
297,7115,a2e8,92b1,7fbe,3565,
298,6145,a2e8,92b1,7fbe,061c,
299,4155,a2e8,92b1,7fbe,b8af,
300,7b57,b2e9,9ab1,7fbe,5a84,
301,4514,a2e8,0345,7fbe,91f4,
302,0000,cb0e,92b1,7fbe,c257,
303,4355,a2e8,92b1,7fbe,d6a8,
304,6155,a2e8,92b1,7fbe,790b,
305,201e,a2e8,284e,7fbe,baff,
306,6115,a2e8,92b1,7fbe,d86c,
307,31cd,a2d8,92a1,7fbe,816a,
308,0000,aae9,8e52,7fbe,1ce3,
309,bf5b,a2e8,92b1,7fbe,de0e,
310,0000,6391,323b,7fbe,c03e,
311,6155,a2e8,92b1,7fbe,2dfe,
312,3492,47d2,50b9,3fbe,b0b8,
313,0000,30f4,92f9,7fbe,928c,
314,e575,a2e8,92b1,7fbe,fb0e,
315,0000,34af,ba1b,7fbe,ee7b,
316,4147,a2e8,b8dc,7fbe,2a6d,
317,6155,a2e8,92b1,7fbe,ecab,
318,6d02,a2e8,aab7,7fbe,3806,
319,6377,a2e8,92b1,7fbe,426d,
320,6155,a2e8,92b1,7fbe,d1b2,
321,6145,a2e8,92b1,7fbe,c104,
322,615d,a2e8,92b1,7fbe,7144,
323,79d3,a368,9231,7fbe,34d9,
324,3155,a2e8,92b1,7fbe,54e6,
325,23b7,baae,da93,7fbe,8040,
326,7055,a2e8,92b1,7fbe,b329,
327,0000,a2ea,4aeb,7fbe,d85a,
328,b2c9,a2e8,637e,7fbe,f1cf,
329,615d,a2e8,92b1,7fbe,99d1,
330,1306,a2e8,9d03,7fbe,0fb2,
331,3747,a2e8,7743,7fbe,e5f2,
332,6482,6168,d3b5,7fbe,339d,
333,6915,a2e8,92b1,7fbe,30a5,
334,0000,28c0,9882,7fbe,0a33,
335,41d5,a2e8,92b1,7fbe,8f20,
336,7941,9ae8,82b1,7fbe,302b,
337,61f6,a2e8,c0fc,7fbe,524d,
338,8626,62bc,b0b9,7ebe,aa2c,
339,0000,9f42,30bd,7fbe,1abf,
340,6155,a2e8,92b1,7fbe,0244,
341,4950,c2e8,b2b1,7fbe,f216,
342,edb6,a2e8,bb77,7fbe,29c6,
343,7f5b,a2e8,841e,7fbe,16af,
344,1bd7,a2e8,30cc,7fbe,a27d,
345,3fc1,a2e8,92b1,7fbe,5e94,
346,0000,0870,76b9,3fbe,9c97,
347,0000,32e0,d2b1,7fbe,e67c,
348,7155,a2e8,92b1,7fbe,ffc9,
349,6155,a2e8,92b1,7fbe,d7c8,
350,1487,a2e8,92b1,7fbe,7592,
351,5d59,d2e8,b2b1,7fbe,5e84,
352,f666,a2e8,c8cb,7fbe,5a7a,
353,6554,a2e8,92b1,7fbe,1a48,
354,61b4,ab9c,92b1,7fbe,0974,
355,6155,a2e8,92b1,7fbe,55e2,
356,0000,8260,3312,7fbe,a1a3,
357,0000,a2e8,8696,7fbe,1427,
358,6175,a2e8,92b1,7fbe,c625,
359,53bc,a2e8,ac7b,7fbe,3eca,
360,e545,a2d8,92a1,7fbe,dd4e,
361,6114,a2e8,92b1,7fbe,954e,
362,0a7c,a2e8,92b1,7fbe,6829,
363,7194,a2ec,92b3,7fbe,3429,
364,cdd6,aad8,8aa0,77be,04b7,
365,5492,a2e8,fc57,7fbe,6ee6,
366,6335,a2e8,ba74,7fbe,28c5,
367,0000,0d9e,9231,7fbe,be32,
368,3005,80e0,93b1,7fbe,7e93,
369,0c13,2739,12d3,7fbf,e16c,
370,4c97,a2e9,92b1,7fbe,6df5,
371,e59f,bac9,9ab1,7fbe,b79e,
372,697b,0ff8,b233,7fbe,ec16,
373,c1d7,a2e8,92b1,7fbe,b082,
374,d17f,a2e8,92b1,7fbe,b02a,
375,6155,a2e8,92b1,7fbe,90e2,
376,fa14,a2e8,9cdd,7fbe,0e6c,
377,eb13,a2e8,6d3f,7fbe,ff8e,
378,036d,a2e8,982d,7fbe,0a9c,
379,6115,a2e8,92b1,7fbe,4738,
380,e119,7f82,92b9,7fbe,dd7a,
381,6155,a2e8,92b1,7fbe,e324,
382,6155,a2e8,92b1,7fbe,17bb,
383,a55c,a8c8,96b1,7fbe,1b42,
384,2115,a2e8,92b1,7fbe,20ee,
385,0000,713e,189b,7fbe,c687,
386,335b,aa2a,92f1,7fbe,b7a0,
387,6115,a2e8,92b1,7fbe,9973,
388,f155,a2e8,92b1,7fbe,adb0,
389,0000,1e38,a2bd,7fbe,fd48,
390,0000,b2af,92b3,7fbe,cf7a,
391,0000,1f52,fb07,7fbe,491a,
392,6175,a2e8,92b1,7fbe,c367,
393,0000,45e9,52b0,ffbe,80f5,
394,2815,a2e8,68af,7fbe,fa1e,
395,16e0,63e0,d2b1,7fbe,cd95,
396,4175,a2e8,92b1,7fbe,6fb9,
397,bb8a,4bc8,1299,7fbe,e871,
398,0000,0123,beb9,7fbe,51f6,
399,0000,8263,1356,7fbe,81e7,
400,e35d,b2e9,9ab1,7fbe,144a,
401,6055,a2e8,92b1,7fbe,3e5f,
402,08ef,db1c,92b1,7fbe,79f4,
403,435d,a2e8,92b1,7fbe,30cb,
404,e1f5,a2e8,92b1,7fbe,775c,
405,815d,5048,92b1,7fbe,f2a0,
406,7740,720b,12b1,7fbe,50e2,
407,2155,a2e8,92b1,7fbe,b5f1,
408,0793,ee77,92b1,7fbe,4c9f,
409,59fd,e3cc,6762,7fbe,f5d3,
410,6055,a2e8,92b1,7fbe,f3b3,
411,6115,a2e8,92b1,7fbe,4d59,
412,c1d5,e4e8,90b1,7fbe,4a6c,
413,0000,b3e1,92b9,7fba,1192,
414,a030,a2e8,1d3f,7fbe,8f8e,
415,6155,a2e8,92b1,7fbe,e5bb,
416,3479,9328,923d,7fba,e7e6,
417,0000,8946,90b9,7fbe,6cb6,
418,7b94,a2e8,56fd,7fbe,c44c,
419,6964,bae9,9ab1,7fbe,49f5,
420,7155,a2e8,92b1,7fbe,0a34,
421,9baa,a2e8,92b1,7fbe,faff,
422,7951,a2e8,92b1,7fbe,72b0,
423,6155,a2e8,92b1,7fbe,ec2c,
424,f546,a0e0,92b1,7fbe,cf4f,
425,99bf,f2a8,92b1,7fbe,be24,
426,0000,9d6f,dae1,7fbe,e5b7,
427,c324,a2e8,92b1,7fbe,a279,
428,6565,a2eb,92b0,7fbe,1dd3,
429,fd1e,a2e8,3248,7fbe,a0f9,
430,6155,a2e8,92b1,7fbe,03c6,
431,d14c,a2c8,9092,7fbe,0223,
432,0000,cac6,10b1,7fbe,ec3f,
433,0000,1a67,311d,7fbe,fe52,
434,2154,a2e8,92b1,7fbe,0d53,
435,4868,e2e9,12b1,7fbe,ff94,
436,aedf,a2e8,92b1,7fbe,cf9a,
437,6575,a2e8,92b1,7fbe,4cb7,
438,1b1d,a2a8,92b1,7fbe,3a7c,
439,1bc7,a2e8,92b1,7fbe,6e92,
440,bea3,a2e4,92b5,7fbe,57a9,
441,2934,a2e8,6159,7fbe,f3e8,
442,510c,aa48,92f1,7fbe,19e3,
443,9071,a32c,9231,7fbe,29ad,
444,6155,a2e8,92b1,7fbe,a1a9,
445,06cd,a2e8,92b1,7fbe,7798,
446,8ce1,e2ec,b2b1,7fbe,983c,
447,eb40,a2e8,6234,7fbe,f085,
448,6115,a2e8,92b1,7fbe,36aa,
449,ef6c,6ace,5a97,7fbe,c826,
450,d64c,a2e8,92b1,7fbe,b749,
451,6115,a2e8,92b1,7fbe,27df,
452,0000,621c,5245,7fbe,c0f4,
453,309c,2253,1211,7fbe,813a,
454,a097,8ae8,82f1,7fbe,39ae,
455,0000,6380,53d9,7fbe,c168,
456,0000,a5b7,90b9,7fbe,414f,
457,6854,a2e0,92b5,7fbe,250b,
458,7059,a2e8,92b1,7fbe,ca0f,
459,003d,80e8,93b1,7fbe,eda9,
460,0000,08ea,91b1,7dbe,ab65,
461,cbbb,a2e8,92b1,7fbe,aaae,
462,0000,7707,aab9,7fbe,9df7,
463,2d05,a2e8,7dda,7fbe,ef6b,
464,4181,a2e8,92b1,7fbe,20d4,
465,7355,a2e8,92b1,7fbe,4b7e,
466,0000,ab8c,9253,7ffe,5776,
467,6915,a2e8,92b1,7fbe,a665,
468,0000,9301,9e90,7fbe,ad8a,
469,6507,a2e8,92b1,7fbe,f63a,
470,7544,aae8,92b1,7fbe,92b4,
471,6055,a2e8,92b1,7fbe,2e00,
472,6115,a2e8,92b1,7fbe,4b6a,
473,fce7,7971,496c,7fbe,dbdf,
474,6155,a2e8,92b1,7fbe,7c7d,
475,f117,c2b1,92b1,7fbe,6059,
476,6147,a328,9231,7fbe,160e,
477,6115,a2e8,92b1,7fbe,5e2a,
478,0000,3513,0d60,7fbe,9fd1,
479,6155,a2e8,92b1,7fbe,9cb1,
480,6173,c0ec,92f5,7fbe,628a,
481,876d,cb4c,1293,7fbe,69e0,
482,5977,b2e8,92b1,7fbe,d025,
483,0000,cdfc,e5a1,7fbe,7710,
484,7015,a2e8,92b1,7fbe,9bbb,
485,6175,a2e8,92b1,7fbe,85db,
486,e155,a2e8,92b1,7fbe,9e31,
487,0000,a32d,9233,7fbe,996e,
488,6045,a2e8,92b1,7fbe,08c9,
489,0000,f399,c3c0,7fbe,5171,
490,6355,a2e8,92b1,7fbe,4370,
491,3075,a2e8,47da,7fbe,d56b,
492,6f4c,2ae8,96b1,7fbe,9e4b,
493,6115,a2e8,92b1,7fbe,7d3e,
494,6115,a2e8,92b1,7fbe,4791,
495,7155,a2e8,92b1,7fbe,5bfc,
496,2115,a2e8,92b1,7fbe,ddf7,
497,af30,b2e8,92b1,7fbe,b7a2,
498,6155,a2e8,92b1,7fbe,0a38,
499,5414,a2ea,3e9b,7fbe,ac2a,
500,599f,aae8,92b1,7fbe,1f0f,
501,527c,4370,92b0,7fbe,61bb,
502,d0e0,a2e8,92b1,7fbe,b137,
503,2f51,82e8,8fcf,7fbe,1d7e,
504,e175,a2e8,92b1,7fbe,25f8,
505,0000,e770,92b1,7fbe,412b,
506,6155,a2e8,92b1,7fbe,74dd,
507,a3ff,2a8b,9290,7fbe,b89e,
508,7155,a2e8,92b1,7fbe,1442,
509,029d,a168,93b1,7fbe,0062,
510,4316,a2e8,129c,7fbe,802d,
511,53c7,a2e8,3338,7fbe,a189,
512,9071,a2e8,6cf1,7fbe,fe40,
513,0000,9b23,8933,7fbe,1b82,
514,0000,6ba1,05d4,7fbe,517b,
515,0000,e6e9,92b9,7fbe,a90c,
516,0adc,92e8,82b1,7fbe,1ad9,
517,644d,dc19,92a1,7fbe,77d1,
518,6151,a2e8,92b1,7fbe,ca27,
519,6115,a2e8,92b1,7fbe,573c,
520,6155,a2e8,92b1,7fbe,107f,
521,6055,a2e8,92b1,7fbe,dc40,
522,3155,22e8,d2b1,7fbe,7de0,
523,0000,0527,82d4,7fbe,9fa7,
524,6155,a2e8,92b1,7fbe,0ecb,
525,6155,a2e8,92b1,7fbe,109e,
526,6115,a2e8,92b1,7fbe,1c4a,
527,c2d3,a2e8,013d,7fbe,938c,
528,7951,a2e8,92b1,7fbe,72b0,
529,6155,a2e8,92b1,7fbe,5dbe,
530,b993,a2e8,6a6f,7fbe,f8de,
531,2145,a2e8,92b1,7fbe,315e,
532,6155,a2e8,92b1,7fbe,1c66,
533,c574,a2e8,92b1,7fbe,e43d,
534,0000,967c,92b1,7fbe,a613,
535,40c7,a2e8,92b1,7fbe,3192,
536,0000,3c8c,1a53,7ffe,2d90,
537,6114,a2e8,92b1,7fbe,fc09,
538,6154,a2e8,92b1,7fbe,7afc,
539,0000,b0e4,8a1f,7fbe,18ae,
540,6155,a2e8,92b1,7fbe,a738,
541,0000,dbaf,b733,7fbe,16ce,
542,40af,02bb,b2b5,7fbe,c0df,
543,6155,a2e8,92b1,7fbe,21ea,
544,6117,a2e8,92b1,7fbe,188d,
545,7111,3454,040d,7fbe,96bc,
546,6119,a2e8,92b1,7fbe,75ea,
547,6957,a2e8,682d,7fbe,fa9c,
548,0000,34b0,92f1,7fbe,96f8,
549,a371,a2e8,81c3,7fbe,1372,
550,6115,a2e8,92b1,7fbe,2f79,
551,0000,2d6f,1d36,7fbe,8f87,
552,2055,a2e8,92b1,7fbe,9fdd,
553,8d22,e32c,b231,7fbe,e931,
554,0000,3e79,5891,7fbe,41d1,
555,6155,a2e8,92b1,7fbe,6079,
556,611d,a2e8,92b1,7fbe,92e0,
557,0000,3bc5,88b3,7fbe,f72f,
558,0000,a899,56c3,7fbe,44ee,
559,a299,60a8,d291,7fbe,f770,
560,a271,c3a8,d2b1,7fbe,3b81,
561,6954,a2e8,92b1,7fbe,6080,
562,6155,a2e8,92b1,7fbe,25e7,
563,cb9d,bae9,9ab1,7fbe,3309,
564,a1c5,a2e8,6b4b,7fbe,f9fa,
565,6190,a2e8,92b1,7fbe,782b,
566,3955,a2e8,92b1,7fbe,cef4,
567,4135,a2e8,92b1,7fbe,c56a,
568,5915,82e8,4511,7fbe,d7a0,
569,0000,35f7,3333,7fbe,541c,
570,6157,a2e8,92b1,7fbe,337b,
571,7114,a2e8,92b1,7fbe,56c9,
572,0000,7634,96b9,7fbe,58cc,
573,73d7,a2ac,92b3,7fbe,7141,
574,4f41,a2e8,92b1,7fbe,6e1c,
575,802f,a2e8,92b1,7fbe,e17a,
576,4154,a2e8,92b1,7fbe,cffb,
577,6155,a2e8,92b1,7fbe,4056,
578,4530,824c,93b1,7f3e,0b1a,
579,304a,a2e8,92b1,7fbe,531f,
580,0000,16b5,92b1,7fbe,5e3f,
581,3357,a2e8,92b1,7fbe,1b6a,
582,4950,edc8,00b5,7fbe,bba9,
583,9763,82e9,36c0,7fbe,a471,
584,0000,5281,5231,5fbe,81e1,
585,6955,a2e8,92b1,7fbe,ac82,
586,6917,a2e8,92b1,7fbe,2bd1,
587,7155,a2e8,92b1,7fbe,cbcf,
588,6155,a2e8,92b1,7fbe,719d,
589,7154,a2e8,92b1,7fbe,5251,
590,787c,a876,b239,7fbe,4b0e,
591,abc5,a288,9291,7fbe,c2b8,
592,7b12,a2e8,92b1,7fbe,1a47,
593,e54d,a6e8,90b1,7fbe,1cd6,
594,0000,870b,90b1,7fbe,a1e3,
595,969b,a2ea,92b1,7fbe,f70b,
596,6155,a2e8,92b1,7fbe,a26f,
597,f151,5fa9,6710,7fbe,f5f1,
598,0000,a2a8,92b1,7fbe,fb84,
599,6a5d,a2e0,e29f,7fbe,702e,
600,6155,a2e8,92b1,7fbe,06af,
601,e155,a2e8,92b1,7fbe,f4c7,
602,e784,aa68,92f1,7fbe,e6f7,
603,958a,a2e8,92b1,7fbe,f4ff,
604,0000,2908,9ea2,7fbe,93c4,
605,4314,a2e8,92b1,7fbe,e95b,
606,2147,a0d8,92a1,7fbe,ba72,
607,51f0,22e9,12b1,7fbe,cead,
608,6155,a2e8,92b1,7fbe,49a6,
609,4c14,a264,92b5,7fbe,d082,
610,e704,3c25,82f1,7fbe,be0f,
611,21d5,a2e8,92b1,7fbe,ff6b,
612,f863,a2e8,43b2,7fbe,d103,
613,61d5,a2e8,92b1,7fbe,ccd7,
614,a112,b2e6,92b5,7fbe,9670,
615,dbaa,5672,92f1,7fbe,f458,
616,8475,a5e8,90b1,7fbe,f382,
617,7115,a2e8,92b1,7fbe,bd60,
618,02c7,a2e8,14c7,7fbe,8676,
619,6155,a2e8,92b1,7fbe,9715,
620,0000,a689,9211,7ffe,fd63,
621,6555,a2e8,92b1,7fbe,2dbc,
622,7153,a2e8,92b1,7fbe,a4cb,
623,d659,a2e8,7146,7fbe,e3f7,
624,7894,a2e8,fce1,7fbe,6e50,
625,e606,a2e8,9979,7fbe,0bc8,
626,410d,a2e8,106a,7fbe,82db,
627,6155,a2e8,92b1,7fbe,c44a,
628,0000,8980,83b5,7fbe,21e6,
629,34d1,a2e8,0e71,7fbe,9cc0,
630,7151,a2e8,92b1,7fbe,d9bf,
631,e939,3147,82d0,7fbe,b72d,
632,593d,a2c8,92b1,7fbe,d95b,
633,0000,cf6c,bf35,7fbe,2d84,
634,4bc6,a2e8,1d5e,7fbe,8fef,
635,7111,a2e8,92b1,7fbe,6d38,
636,6355,a2e8,92b1,7fbe,7093,
637,0000,b26a,9ab1,7fbe,4749,
638,727c,22e8,92b1,7fbe,03f9,
639,d32d,b9de,8987,7fbe,1b36,
640,52c9,82ea,82b1,7fbe,dcca,
641,6155,a2e8,92b1,7fbe,5ecc,
642,5bf1,2aca,7653,7fbe,e4e2,
643,930f,a2e8,92b1,7fbe,f25a,
644,5155,a2e8,92b1,7fbe,c2c1,
645,6114,a2e8,92b1,7fbe,71b7,
646,0000,40c3,12b1,7fbe,e22a,
647,6915,a2e8,92b1,7fbe,8e00,
648,e6a4,a2c0,92e1,7f9e,3dd4,
649,6155,a2e8,92b1,7fbe,5aed,
650,4155,a2e8,92b1,7fbe,35a6,
651,6055,a2e8,92b1,7fbe,ddbf,
652,e351,a2e8,f125,7fbe,6394,
653,6195,a2e8,92b1,7fbe,5b3b,
654,6a6a,a2e8,e534,7fbe,7785,
655,3e7d,a2e8,92b1,7fbe,5f68,
656,6145,a2e8,92b1,7fbe,ca7a,
657,0db5,a2e8,4b37,7fbe,d986,
658,615d,a2e8,92b1,7fbe,901d,
659,0000,b26a,92b1,7fbe,15c9,
660,6555,a2e8,92b1,7fbe,6e33,
661,6155,a2e8,92b1,7fbe,5cfb,
662,6767,a2e8,ff97,7fbe,6d26,
663,f7a5,a2e8,92b1,7fbe,97b8,
664,fa07,a2e8,92b1,7fbe,bf12,
665,7155,a2e8,92b1,7fbe,0e39,
666,2955,a2e8,92b1,7fbe,5cf8,
667,dfcd,a2e8,92b1,7fbe,be98,
668,2fe4,a2e8,92b1,7fbe,ceb1,
669,2543,a2e8,1abb,7fbe,880a,
670,6c01,a2e8,102d,7fbe,829c,
671,6155,a2e8,92b1,7fbe,bb11,
672,e632,a2e8,92b1,7fbe,8767,
673,0000,467e,c6a1,7fbe,36b4,
674,6cc0,09d0,82b1,7fbe,8b38,
675,615d,a2e8,92b1,7fbe,2fe4,
676,6175,a2e8,92b1,7fbe,c857,
677,7151,a2e8,92b1,7fbe,1c7f,
678,6155,a2e8,92b1,7fbe,ce38,
679,0000,01e9,31b0,7fbe,a301,
680,49df,a2e8,6c14,7fbe,fea5,
681,7155,a2e8,92b1,7fbe,487b,
682,a269,92a2,92b1,7fbe,aaf0,
683,cd0f,f0e6,a2b1,7fbe,320e,
684,7050,a2e8,1e3a,7fbe,8c8b,
685,0000,59a2,fb03,7fbe,4f2a,
686,6115,a2e8,92b1,7fbe,83e3,
687,6155,a2e8,92b1,7fbe,367a,
688,7155,a2e8,92b1,7fbe,2cbc,
689,0000,a2a8,3628,7fbe,a499,
690,0000,74bb,dba1,7fbe,26f3,
691,7850,a2ee,92b3,7fbe,ef51,
692,0000,d687,d2e9,7fbe,b7d7,
693,567e,b2e8,92b1,7fbe,070b,
694,b9fb,ba4e,92a1,7fbe,1886,
695,6057,a2e8,92b1,7fbe,5279,
696,0000,a2e0,0d85,7fbe,9f34,
697,6555,a2e8,92b1,7fbe,fb22,
698,415d,a2e8,92b1,7fbe,22ed,
699,21c5,a2e8,92b1,7fbe,2352,
700,6255,a2e8,92b1,7fbe,da93,
701,9055,ea00,da59,7fbe,48e8,
702,6155,a2e8,92b1,7fbe,5938,
703,ef2d,a6a8,9291,7fbe,aed2,
704,6155,a2e8,92b1,7fbe,2bde,
705,278b,a2e8,4bad,7fbe,d91c,
706,0000,5b7b,b238,7fbe,b889,
707,111e,fbca,8cb0,77be,de03,
708,6157,a2e8,92b1,7fbe,7c88,
709,70b0,8268,82b1,7fbe,2058,
710,7154,aae8,92b1,7fbe,7986,
711,7500,26ea,8ab0,77be,b982,
712,6105,a228,92f1,7fbe,aff5,
713,c17d,a2e8,92b1,7fbe,a028,
714,6114,a2e8,92b1,7fbe,4d04,
715,6154,a2e8,92b1,7fbe,04f2,
716,e1f3,a2e8,cdd1,7fbe,5f60,
717,6155,a2e8,92b1,7fbe,58ab,
718,af95,a2e8,92b1,7fbe,dec4,
719,7155,a2e8,92b1,7fbe,d0b4,
720,5231,8aec,b2f1,6fbe,a4f6,
721,2155,a2e8,92b1,7fbe,6bd9,
722,e034,a2e8,92b1,7fbe,ee8b,
723,bb19,a2e8,92b1,7fbe,da0c,
724,6fb6,2aab,92b0,7fbe,1bb9,
725,0000,a268,e5de,7fbe,776f,
726,6155,a2e8,92b1,7fbe,ad8f,
727,000b,a3f8,92b9,7fbe,3110,
728,6155,a2e8,92b1,7fbe,c658,
729,0000,b448,12b5,7fbe,96b9,
730,b134,a2e8,1200,7fbe,80b1,
731,6115,a2e8,92b1,7fbe,9144,
732,0000,25bc,a3b5,7fbe,d4d8,
733,6155,a2e8,92b1,7fbe,2b38,
734,152b,a2f0,92b9,7fbe,61d9,
735,0000,acab,9cf2,7fbe,0e43,
736,a1df,f2e8,92b1,7fbe,e617,
737,8841,b2e9,92b1,7fbe,a72d,
738,0000,89db,b982,7fbe,2b33,
739,6155,a2e8,92b1,7fbe,a7bb,
740,0000,a2e8,356c,7fbe,a7dd,
741,6155,a2e8,92b1,7fbe,b4be,
742,5471,a2e8,0a11,7fbe,98a0,
743,6155,a2e8,92b1,7fbe,68e0,
744,e7af,2ee8,96b1,7fbe,009b,
745,e05e,a2e8,e373,7fbe,71c2,
746,6536,82ea,82b1,7fbe,e447,
747,8195,a2e8,a222,7fbe,3093,
748,0000,6c99,52a3,7fbe,eec4,
749,6555,a2e8,92b1,7fbe,6a28,
750,6155,a2e8,92b1,7fbe,c77a,
751,9f57,a2e8,0b3e,7fbe,998f,
752,7015,a2e8,92b1,7fbe,43e0,
753,0000,a572,9035,7fbe,501a,
754,6955,a2e8,92b1,7fbe,7127,
755,6155,a2e8,92b1,7fbe,af2f,
756,103b,35c8,93f1,7fbe,94c0,
757,6d7e,a2e8,1959,7fbe,8be8,
758,1297,a2e8,92b1,7fbe,4382,
759,e6e9,0268,f8e8,7fbe,6a59,
760,f875,a268,92b1,7fbe,cf13,
761,04d9,a2e8,1a9a,7fbe,882b,
762,ef77,a2a8,92b1,7fbe,42ca,
763,6015,a2e8,92b1,7fbe,09eb,
764,0000,6a57,12a9,7fbe,4896,
765,6155,a2e8,92b1,7fbe,e4a8,
766,6145,a2e8,92b1,7fbe,bd43,
767,7155,a2e8,92b1,7fbe,4bc2,
768,0000,0321,b272,7fbe,f82f,
769,bb1a,a2e8,92b1,7fbe,ca4f,
770,6a06,a2ec,92b1,7fbe,0316,
771,e355,a2e8,92b1,7fbe,f4b6,
772,6157,a2e8,92b1,7fbe,8da1,
773,8c6c,a2e8,165d,7fbe,84ec,
774,7238,2a2d,9295,7fbe,848b,
775,7155,a2e8,92b1,7fbe,f50f,
776,2aff,a2e8,92b1,7fbe,47aa,
777,1aac,a2e8,92b1,7fbe,3bd9,
778,6175,a2e8,92b1,7fbe,c382,
779,0000,2e70,5295,7fbe,0589,
780,0000,f83e,c867,7fbe,5ad6,
781,0000,16c1,92b1,7fbe,2e09,
782,6155,a2e8,92b1,7fbe,fb7f,
783,7351,a2e8,92b1,7fbe,73bb,
784,ce2c,22e0,d2b1,7fbe,c634,
785,e1d6,a2e8,92b1,7fbe,1374,
786,0000,ed5d,83b4,7fbe,4f37,
787,5105,a2e8,92b1,7fbe,0090,
788,43d5,a2e8,92b1,7fbe,e92e,
789,c35d,a2e8,92b1,7fbe,2e11,
790,0000,bec2,f33d,7fbe,febe,
791,0000,dcdd,b07b,7fbe,13e1,
792,c354,c8f2,f8ab,7fbe,6a1a,
793,6115,a2e8,92b1,7fbe,bd5a,
794,6955,a2e8,92b1,7fbe,6f7f,
795,0000,a1b0,9099,7fbe,4300,
796,6925,a288,9291,7fbe,6d27,
797,300c,22af,d2b3,7fbe,3205,
798,24d0,4704,93b5,7fbe,e766,
799,0000,9ee0,d291,7fbe,7c68,
800,6115,a2e8,92b1,7fbe,805f,
801,7151,a2e8,92b1,7fbe,2995,
802,0000,6757,b0f9,7fbe,ea0f,
803,e9f7,a2e8,33cd,7fbe,a17c,
804,00a4,8e4d,02f0,7fbe,1406,
805,0000,525e,9638,7fbe,f9a9,
806,0000,e8da,b2f9,7fbe,2aa2,
807,3176,a2ac,92b3,7fbe,5d80,
808,0000,a9b2,99eb,7fbe,0b5a,
809,6115,a2e8,92b1,7fbe,e740,
810,4b4f,a2ea,92b1,7fbe,18d6,
811,0000,aac8,2e8c,7fbe,bc3d,
812,e314,b2e9,9ab1,7fbe,4408,
813,0000,2789,ba72,7fbe,ec84,
814,6117,a2e8,92b1,7fbe,e187,
815,6155,a2e8,92b1,7fbe,6e09,
816,0000,a2e8,cc80,7fbe,5e31,
817,6155,a2e8,92b1,7fbe,84c8,
818,ad2c,ba89,9a91,7fbe,a10c,
819,6155,a2e8,92b1,7fbe,e348,
820,2132,be33,9231,7fbe,0ddb,
821,e872,17d2,9ab5,7fbe,ad32,
822,f107,a2e8,70ba,7fbe,e20b,
823,6965,a2e8,92b1,7fbe,20b1,
824,60d5,a2eb,92b0,7fbe,1902,
825,6155,a2e8,92b1,7fbe,f379,
826,2555,a2e8,92b1,7fbe,02f7,
827,6155,a2e8,92b1,7fbe,ca01,
828,7155,a2e8,92b1,7fbe,ab78,
829,0000,8acb,92b1,7fbe,48a4,
830,e155,a2e8,92b1,7fbe,f315,
831,75d0,9aea,82b1,7fbe,3c69,
832,0000,b2e8,03bd,7fbe,910c,
833,31d0,a2e8,a98c,7fbe,3b3d,
834,73d5,a2e8,92b1,7fbe,65d3,
835,cad1,c074,93b9,7fbe,3018,
836,6d7d,a2e8,46af,7fbe,d41e,
837,87f3,b28b,2d6f,7fbe,bfde,
838,7309,2ee8,96b1,7fbe,2887,
839,6155,a2e8,92b1,7fbe,68ed,
840,5a11,a228,92f1,7fbe,a3f5,
841,7175,a2e8,92b1,7fbe,5695,
842,7155,a2e8,92b1,7fbe,a22a,
843,eb44,a2e8,92b1,7fbe,8a11,
844,4155,a2e8,92b1,7fbe,cf5c,
845,20d5,a2e8,1ba6,7fbe,8917,
846,6155,a2e8,92b1,7fbe,b6dd,
847,a68b,aaeb,593c,7fbe,cb8d,
848,0000,ba8f,9ab2,7fbe,8d95,
849,01d1,a2e8,92b1,7fbe,4186,
850,0000,c6ea,b2a1,7fbe,2432,
851,d309,a1e0,93b1,7fbe,7c40,
852,615d,a2e8,92b1,7fbe,6d74,
853,6155,a2e8,92b1,7fbe,1ab1,
854,0000,6ab9,9295,7fbe,c81f,
855,0000,a268,bc59,7fbe,2ee8,
856,e655,a2e8,8274,7fbe,10c5,
857,7351,a2e8,92b1,7fbe,46ab,
858,4d7d,a6e8,92b1,7fbe,6466,
859,0571,d6bf,92b9,7fbe,7543,
860,7075,a2e8,ccb9,7fbe,5e08,
861,6101,b980,92b1,7fbe,1b68,
862,4937,a2a8,92b1,7fbe,6e5e,
863,7055,a2e8,92b1,7fbe,4cf6,
864,f663,a0e8,0aba,7fbe,980b,
865,a9b0,a2e8,92b1,7fbe,e8e5,
866,6650,7e69,82b1,7fbe,fc81,
867,6919,a2e8,9bb5,7fbe,0904,
868,9371,a2e8,cb75,7fbe,59c4,
869,2179,a2e8,92b1,7fbe,725f,
870,0000,026e,04ab,7fbe,0e8b,
871,f571,a0c8,92a1,7fbe,129b,
872,6155,a2e8,92b1,7fbe,137b,
873,6155,a2e8,92b1,7fbe,4525,
874,6155,a2e8,92b1,7fbe,6e67,
875,3f43,f292,9231,7fbe,417a,
876,4c29,16b6,9295,7fbe,b016,
877,0000,92a8,92b1,7fbe,3906,
878,5bc0,ed28,92f3,7fbe,4744,
879,e475,a6a8,9291,7fbe,73ac,
880,7550,a2e8,92b1,7fbe,766c,
881,1dcd,a2e8,f88e,7fbe,6a3f,
882,6155,a2e8,92b1,7fbe,8401,
883,0000,1456,8231,7fbe,8f3c,
884,20f3,a2e8,e8f0,7fbe,7a41,
885,0000,821d,04f0,7fbe,1152,
886,d37d,005d,f204,7fbe,20b5,
887,1b99,a2e8,92b1,7fbe,7acc,
888,6155,a2e8,92b1,7fbe,1574,
889,0000,0561,9281,7fbe,a3f9,
890,6155,a2e8,92b1,7fbe,99a5,
891,7155,a2e8,92b1,7fbe,ecaa,
892,6355,a2e8,92b1,7fbe,9b5e,
893,0000,3540,a2e5,7fbe,c5c6,
894,62f2,a2e8,e2cc,7fbe,707d,
895,0000,2268,8dd7,7fbe,1f66,
896,2096,a2e8,e99a,7fbe,7b2b,
897,ee75,a2e8,92b1,7fbe,cf20,
898,e1f2,cc2e,b631,7fbe,12c2,
899,0000,f7c5,9ad3,7f9e,f4c8,
900,0000,b702,075b,7fbe,95ea,
901,6355,a2e8,92b1,7fbe,c0c8,
902,7051,fa37,92b1,7fbe,58df,
903,0000,3eb9,1a91,7fbe,ef93,
904,6165,a2e8,92b1,7fbe,a867,
905,db5d,a2e8,fa66,7fbe,68d7,
906,1571,40d8,d2a1,7fbe,f368,
907,f084,a2e4,92b5,7fbe,fd2d,
908,e956,a2ac,92b3,7fbe,8636,
909,0000,9462,50a8,7fae,5571,
910,7155,a2e8,92b1,7fbe,3b43,
911,2355,a2e8,92b1,7fbe,d463,
912,0000,de15,ce40,7fbe,5cf1,
913,0000,b408,92b9,7fbe,16f4,
914,afb5,bae8,9ab1,7fbe,032b,
915,0000,53a2,98f3,7fbe,ffee,
916,6157,a2e8,92b1,7fbe,acc9,
917,a5e4,a2e8,92b1,7fbe,c4b1,
918,435d,a2e8,92b1,7fbe,9ed4,
919,6157,a2e8,92b1,7fbe,66fa,
920,0000,5049,a255,7fbe,870b,
921,439d,a2e8,92b1,7fbe,62b3,
922,5a95,90e8,93b1,7fbe,49df,
923,b594,a2eb,92b0,7fbe,1f67,
924,ed7e,a2e8,e53d,7fbe,778c,
925,6155,a2e8,92b1,7fbe,180c,
926,ffcd,a2e8,92b1,7fbe,9ef8,
927,8b2e,20c9,9a79,7fbe,08c8,
928,6155,a2e8,92b1,7fbe,274d,
929,6055,a2e8,92b1,7fbe,666b,
930,6d75,a2e8,4681,7fbe,d430,
931,82ff,a2e8,de52,7fbe,4ce3,
932,0000,342e,9e32,7fbe,03e1,
933,2145,a2e8,92b1,7fbe,9337,
934,4155,a2e8,92b1,7fbe,d80f,
935,e0b0,b268,92b1,7fbe,92e8,
936,19fa,a2e8,92b1,7fbe,78cb,
937,7554,a2e8,2efc,7fbe,bc4d,
938,0000,f088,8334,7fbc,5352,
939,4543,a2e8,ea6e,7fbe,78df,
940,7d49,a2e8,e096,7fbe,7227,
941,e9c7,a6e8,90b1,7fbe,2a58,
942,6155,a2e8,92b1,7fbe,f2af,
943,7688,fccc,12b1,7fbe,de35,
944,0000,643c,90f9,7fbe,d165,
945,6155,a2e8,92b1,7fbe,cad4,
946,691d,a2e8,b8b1,7fbe,2a00,
947,19c7,a2e8,92b1,7fbe,7896,
948,6155,a2e8,92b1,7fbe,1cd0,
949,a8f3,c9a0,b0b1,7fbe,4d48,
950,0000,aa01,82bb,7fba,1f83,
951,7051,a1e8,93b1,7fbe,42c8,
952,7957,a2e8,6376,7fbe,f1c7,
953,2955,a2e8,92b1,7fbe,6835,
954,6145,a2ad,92b3,7fbe,32a0,
955,0000,92a8,92b1,7fbe,2f6e,
956,6155,a2e8,92b1,7fbe,3cb0,
957,fd04,2ac8,92b1,7fbe,1641,
958,6555,a2e8,92b1,7fbe,cf14,
959,6145,a2e8,92b1,7fbe,4be7,
960,6155,a2e8,92b1,7fbe,7975,
961,6129,3ea9,9e91,7fbe,f55a,
962,1f6c,a2ea,92b0,7fbe,4bb9,
963,0000,f857,f238,7fbe,daa0,
964,3151,82e8,56d2,7fbe,c463,
965,0910,a2e8,1b72,7fbe,89c3,
966,6154,a2e8,92b1,7fbe,4148,
967,0000,baee,92b1,7fbe,a870,
968,4155,a2e8,92b1,7fbe,d48b,
969,7431,a2e8,92b1,7fbe,55dc,
970,649a,68b9,9891,7bbe,97ea,
971,d9ad,67e9,10b1,7fbe,3826,
972,d0dc,a2e8,92b1,7fbe,b1c9,
973,f1cc,a2e8,92b1,7fbe,9499,
974,eb34,b32e,9233,7fbe,5eb9,
975,5975,b2a8,92b1,7fbe,294c,
976,6155,a2e8,92b1,7fbe,ae14,
977,d81b,a2e8,00d5,7fbe,9264,
978,615d,a2e8,92b1,7fbe,a2f7,
979,0000,baa8,9a91,7fbe,103d,
980,6155,a2e8,92b1,7fbe,e5f1,
981,617d,a6a8,9291,7fbe,7ed0,
982,0000,3dc8,59b1,7fbe,caa9,
983,0ed5,c76e,92b1,7fbe,6586,
984,624c,a2e0,92b1,7fbe,40ef,
985,0762,a3e8,92b1,7fbe,64bb,
986,0000,5c2a,93f0,7fbe,d401,
987,30c9,a3fc,92b9,7fbe,c827,
988,0000,c3bc,90b1,7fbe,b81d,
989,9c70,bae8,9ab1,7fbe,b622,
990,e145,a2e8,92b1,7fbe,c70f,
991,e101,a2e8,11a4,7fbe,8315,
992,615d,a2e8,92b1,7fbe,354f,
993,6155,a2e8,92b1,7fbe,89ec,
994,3555,a2c8,92a1,7fbe,361e,
995,5a4b,a2ea,0268,7fbe,90d9,
996,0000,a2e8,6f94,7fbe,fd25,
997,0f29,c400,87fa,7fbe,8d3d,
998,0000,7846,0397,7fbe,e015,
999,6194,a2e8,92b1,7fbe,0f46,
1000,7295,e768,91b1,7fbe,3bdf,
1001,0000,7deb,8f9a,7fbe,1d2b,
1002,5175,a2e8,92b1,7fbe,09a3,
1003,6154,a2e8,92b1,7fbe,e8de,
1004,40a4,a20a,92f1,7fbe,8967,
1005,8483,a3e8,92b1,7fbe,f4de,
1006,c57c,a288,9291,7fbe,d5d3,
1007,aaaa,1b28,92b1,7fbe,b9e1,
1008,0000,f3fa,b291,7fbe,1156,
1009,7abc,a068,93b1,7fbe,8f26,
1010,6155,a2e8,92b1,7fbe,2e26,
1011,71dd,a368,9231,7fbe,5b05,
1012,6c3a,c3e4,66f4,7fbe,f445,
1013,fc89,a2e8,92b1,7fbe,9ddc,
1014,2155,a2e8,92b1,7fbe,c574,
1015,0000,3a60,98b3,7fbe,0ece,
1016,a32c,a2e8,facc,7fbe,687d,
1017,6111,a2e8,92b1,7fbe,1e4d,
1018,6115,a2e8,92b1,7fbe,6db7,
1019,a9c5,a288,92b1,7fbe,dafc,
1020,0000,ba30,3319,7fbe,78e9,
1021,0000,424c,7215,7fbe,e0a4,
1022,0000,5d15,0891,7fbe,05aa,
1023,abf9,d8c0,b13f,7fbe,2c32,
1024,6105,a2e8,92b1,7fbe,b458,
1025,0000,ddf7,12b1,7fbe,ff1e,
1026,6145,a2e8,92b1,7fbe,4724,
1027,f175,a2e8,92b1,7fbe,875c,
1028,6154,a2e8,92b1,7fbe,e3cd,
1029,5776,a2e8,92b1,7fbe,3623,
1030,6115,a2e8,92b1,7fbe,543c,
1031,57fc,26e8,90b1,7fbe,4a96,
1032,0000,db05,d2a1,7fbe,3bdd,
1033,9833,a2e8,57fe,7fbe,c54f,
1034,fad5,f7f3,c7aa,7fbe,551b,
1035,e155,a2e8,92b1,7fbe,a237,
1036,61c7,a2e8,92b1,7fbe,f7ff,
1037,7115,a2e8,92b1,7fbe,84eb,
1038,9c7b,a2a8,9291,7fbe,cf0d,
1039,6f05,a2e8,92b1,7fbe,4e50,
1040,6135,a2e8,92b1,7fbe,7c39,
1041,8540,a2e8,e31e,7fbe,71af,
1042,1115,a2e8,92b1,7fbe,e64f,
1043,7050,82c8,82b1,7fbe,1f07,
1044,d154,a2e8,821d,7fbe,10ac,
1045,61b5,a2e8,92b1,7fbe,7972,
1046,0000,bbda,99b5,7fbe,0432,
1047,6155,a2e8,92b1,7fbe,9162,
1048,61d5,a2e8,92b1,7fbe,0946,
1049,4155,a2e8,92b1,7fbe,0a83,
1050,0000,66e5,9ca9,7bbe,4cec,
1051,5596,a2e9,12b1,7fbe,f39b,
1052,0000,22e8,3c66,7fbe,aed7,
1053,0000,f6f0,98b9,7fbe,6dec,
1054,8e8b,b2ac,c5a2,7fbe,5713,
1055,6155,a2e8,92b1,7fbe,a509,
1056,6151,a2e8,92b1,7fbe,1d9b,
1057,6155,a2e8,92b1,7fbe,1ca7,
1058,0000,bc1c,9230,7fbe,1f16,
1059,9739,a2e8,92b1,7fbe,f26c,
1060,2480,a2e8,16c9,7fbe,8478,
1061,59f9,a2e8,92b1,7fbe,39ec,
1062,6114,a2e8,92b1,7fbe,4d04,
1063,0000,7209,dea0,7fbe,c8ca,
1064,4024,a2e8,9ee7,7fbe,0c56,
1065,26de,a2e8,92b1,7fbe,47cb,
1066,beef,a2e8,92b1,7fbe,debe,
1067,b590,a2e8,92b1,7fbe,dcc5,
1068,6155,a2e8,92b1,7fbe,f340,
1069,0000,f01c,9233,7fbe,5336,
1070,6155,a2e8,92b1,7fbe,bef3,
1071,4ba6,236c,ef02,7fbe,7db3,
1072,6155,a2e8,92b1,7fbe,6c6b,
1073,c1db,22e8,2255,7fbe,b0e4,
1074,e5fb,a2e8,f1df,7fbe,636e,
1075,4155,a2e8,92b1,7fbe,d111,
1076,61d5,a2e8,92b1,7fbe,44fd,
1077,6155,a2e8,92b1,7fbe,6c08,
1078,0000,a2e0,92b1,7fbe,2144,
1079,6155,a2e8,92b1,7fbe,dbe0,
1080,eb2c,a2e8,92b1,7fbe,8879,
1081,6155,a2e8,92b1,7fbe,f9e5,
1082,ab57,82e8,be7f,7fbe,2cce,
1083,1871,9905,8271,7fbe,0acd,
1084,0000,0731,87f4,7fbe,8791,
1085,7155,a2e8,92b1,7fbe,e550,
1086,7850,a2e8,5282,7fbe,c033,
1087,d241,a2e8,92b1,7fbe,b316,
1088,fd49,a2e8,92b1,7fbe,9c5c,
1089,6155,a2e8,92b1,7fbe,93fd,
1090,eaa4,60a9,9091,7fbe,4fec,
1091,7580,a208,92f1,7fbe,3b5c,
1092,4b85,a2e8,03ec,7fbe,915d,
1093,35c7,a2e8,5732,7fbe,c583,
1094,6155,a2e8,92b1,7fbe,5d8d,
1095,215d,2ee8,96b1,7fbe,499a,
1096,2a69,a2e8,92b1,7fbe,4b3c,
1097,a150,a2e8,0dcd,7fbe,9f7c,
1098,0000,0779,b039,7fbe,e109,
1099,0000,a1a9,9930,7fbe,0bc1,
1100,d934,a2e8,92af,7fbe,001e,
1101,0000,9e23,be7e,7fbe,2ccf,
1102,2cf5,a2e8,268d,7fbe,b43c,
1103,0000,866b,c270,7fbe,15c2,
1104,6155,a2e8,92b1,7fbe,c6c5,
1105,6155,a2e8,92b1,7fbe,0c01,
1106,6155,a2e8,92b1,7fbe,b6d4,
1107,0000,5387,e17f,7fbe,72ce,
1108,6115,a2e8,92b1,7fbe,eb69,
1109,e0e4,2592,83b5,7fbe,9476,
1110,0000,86f0,82b1,7fbe,1498,
1111,3a91,a2e8,a497,7fbe,3626,
1112,c29a,a2e8,92b1,7fbe,f3c7,
1113,0000,69ae,59f7,7fbe,cb46,
1114,6155,a2e8,92b1,7fbe,0a61,
1115,0000,b339,9231,7fbe,8992,
1116,db57,a2e8,2ac4,7fbe,b875,
1117,1097,13f7,92f0,7fbe,39bc,
1118,016d,e2e9,12b1,7fbe,12e0,
1119,4d17,a2a8,3484,7fbe,a635,
1120,2055,a2e8,92b1,7fbe,e303,
1121,4354,a2e8,65bd,7fbe,f70c,
1122,6155,a2e8,92b1,7fbe,13af,
1123,f155,a2e8,92b1,7fbe,d9a3,
1124,65c9,a2e8,3a44,7fbe,a8f5,
1125,7155,a2e8,92b1,7fbe,8943,
1126,6114,a2e8,92b1,7fbe,02f6,
1127,f119,a2e8,92b1,7fbe,9048,
1128,7955,a2e8,92b1,7fbe,26c0,
1129,41df,a2e8,92b1,7fbe,9c57,
1130,0000,e0ec,71d7,7fbe,e366,
1131,6645,e6ac,90b1,7fbe,4244,
1132,6155,a2e8,92b1,7fbe,9290,
1133,4115,a2e8,92b1,7fbe,a869,
1134,0000,20e4,5725,7fbe,c594,
1135,7155,a2e8,92b1,7fbe,8913,
1136,61d5,a2e8,37e7,7fbe,a556,
1137,f967,a2d8,92a1,7fbe,2ff6,
1138,6155,a2e8,92b1,7fbe,5a98,
1139,0000,3220,02d9,7fbe,9068,
1140,0000,a2e8,b619,7fbe,24a8,
1141,0000,8f6f,aab1,6fbe,1dc2,
1142,6055,a2e8,92b1,7fbe,86ab,
1143,7151,a2e8,92b1,7fbe,1964,
1144,261d,a2e8,92b1,7fbe,476a,
1145,0000,e2e4,b2b1,7fbe,c646,
1146,7155,a2e8,92b1,7fbe,9eef,
1147,7115,a2e8,92b1,7fbe,c9fa,
1148,b151,a2e8,211d,7fbe,b3ac,
1149,9763,82e9,36c0,7fbe,a471,
1150,465b,a2e8,92b1,7fbe,270e,
1151,e177,a2ae,92b3,7fbe,2b63,
1152,06b6,a2e8,92b1,7fbe,67e3,
1153,4155,a2e8,92b1,7fbe,4e55,
1154,2054,40b4,92b1,7fbe,e25c,
1155,6155,a2e8,92b1,7fbe,7c08,
1156,e1df,a2af,92b3,7fbe,aabf,
1157,615d,a2e8,92b1,7fbe,1b4b,
1158,6355,a2e8,92b1,7fbe,de4e,
1159,6155,a2e8,92b1,7fbe,6675,
1160,c43d,a2e8,92b1,7fbe,a568,
1161,0000,bfc6,9acd,7fbe,07bb,
1162,49d7,b2e8,92b1,7fbe,6f68,
1163,6155,a2e8,92b1,7fbe,f1cc,
1164,e954,a2cb,92b0,7fbe,4873,
1165,6535,a2e8,92b1,7fbe,b404,
1166,6155,a2e8,92b1,7fbe,b77f,
1167,a010,32c6,93b1,7fbe,932e,
1168,6881,a2a8,92b1,7fbe,9013,
1169,01cd,a2e8,92b1,7fbe,6098,
1170,6155,a2e8,92b1,7fbe,3426,
1171,0000,9750,923d,7fba,b477,
1172,6155,a2e8,92b1,7fbe,7ac6,
1173,a72c,bae8,9ab1,7fbe,5f55,
1174,0000,dbbb,82b1,7fbe,5151,
1175,0000,46b2,1a83,7fbe,722f,
1176,1059,a2e8,92b1,7fbe,710c,
1177,b6fb,a2e8,544f,7fbe,c6fe,
1178,0000,cb65,32a1,7fbe,2ab8,
1179,3479,a2e8,92b1,7fbe,551c,
1180,0000,2263,123a,7fbe,808b,
1181,92c8,a4e8,90b1,7fbe,3185,
1182,0000,7fb7,92d0,7fbe,ddbe,
1183,0000,b2ac,0772,7fbe,95c3,
1184,0000,a2e8,dda0,7fbe,4f11,
1185,6155,a2e8,92b1,7fbe,e601,
1186,9d3e,aae8,92b1,7fbe,4431,
1187,f936,1b5e,93b1,7fbe,bbbe,
1188,0000,2056,02b1,7fbe,a2bd,
1189,419d,a2e8,92b1,7fbe,f110,
1190,6055,a2e8,92b1,7fbe,faed,
1191,0000,4591,9231,7fbe,77a0,
1192,0000,92ea,82b1,7fbe,de86,
1193,0000,a2ac,92b1,7fbe,ea6b,
1194,dbbf,a2e8,2b0c,7fbe,b9bd,
1195,7155,a2e8,92b1,7fbe,2253,
1196,6151,a2e8,92b1,7fbe,9fc4,
1197,6155,a2e8,92b1,7fbe,a155,
1198,b131,a2e8,12f2,7fbe,8043,
1199,0000,2fd3,c1b5,7fbe,423d,
1200,6955,a2e8,92b1,7fbe,4ed7,
1201,0000,cb07,fb5e,7fbe,69ef,
1202,7f12,a2e8,8417,7fbe,16a6,
1203,0000,2975,192c,7fbe,8b9d,
1204,0000,41b4,f5ed,7fbe,655c,
1205,6175,a2e8,92b1,7fbe,1899,
1206,9171,82e8,f4df,7fbe,666e,
1207,621d,a2e8,92b1,7fbe,252f,
1208,4e5d,f69d,9a53,7ffe,bed4,
1209,6b80,7ace,82f3,7fbe,e041,
1210,0000,ae05,1c90,7fbe,dc8f,
1211,6157,a2e8,92b1,7fbe,14de,
1212,6055,a2e8,92b1,7fbe,a874,
1213,0955,c2ec,b2b1,7fbe,999b,
1214,5093,a2e8,8904,7fbe,1bb5,
1215,0000,0fa2,98bc,7fbe,7350,
1216,4515,a2e8,92b1,7fbe,597c,
1217,2bf5,a2e8,87b0,7fbe,1501,
1218,6175,a368,9231,7fbe,0955,
1219,6891,a2e8,92b1,7fbe,08c4,
1220,6155,a2e8,92b1,7fbe,2d67,
1221,6d65,22f9,12b1,7fbe,0ee0,
1222,8e84,8ac9,ec57,7fbe,7ee6,
1223,6e67,a3e8,92b1,7fbe,53be,
1224,e9f6,a2e8,92b1,7fbe,88a3,
1225,6175,a2e8,92b1,7fbe,a09e,
1226,d476,b2a8,92b1,7fbe,b799,
1227,6644,a2e8,92b1,7fbe,1711,
1228,6355,a2e8,92b1,7fbe,502c,
1229,0000,baa8,92b1,7fbe,824f,
1230,6155,a2e8,92b1,7fbe,705a,
1231,7151,a2e8,92b1,7fbe,b9ca,
1232,6115,a2e8,92b1,7fbe,322f,
1233,14d9,a2e8,9d96,7fbe,0f27,
1234,0000,82e8,2265,7fbe,b0d4,
1235,0000,14a3,82b1,7fbe,8e4b,
1236,7157,a2e8,92b1,7fbe,6dd9,
1237,899e,22f9,12b1,7fbe,4b1d,
1238,19db,f3f0,b2b9,7fbe,24ea,
1239,215d,a2e8,92b1,7fbe,ca82,
1240,0000,6d4e,b2f1,7fbe,a722,
1241,6115,a2e8,92b1,7fbe,6051,
1242,6154,a2e8,92b1,7fbe,8470,
1243,c582,9363,82b1,7fbe,018b,
1244,6e65,a2e8,fff5,7fbe,6d44,
1245,7555,a2e8,92b1,7fbe,6f6d,
1246,6155,a2e8,92b1,7fbe,4795,
1247,6157,a2e8,92b1,7fbe,f571,
1248,ffeb,a2e8,92b1,7fbe,9ebe,
1249,6071,a2e8,92b1,7fbe,ae8f,
1250,6015,a2e8,92b1,7fbe,9b7a,
1251,6155,a2e8,92b1,7fbe,6132,
1252,7154,a2e8,92b1,7fbe,c0a4,
1253,6155,a2e8,92b1,7fbe,97e5,
1254,7111,a2e8,92b1,7fbe,27ee,
1255,6557,a2e8,92b1,7fbe,d6ff,
1256,3145,a2e8,92b1,7fbe,df65,
1257,6154,a2e8,92b1,7fbe,c7df,
1258,6155,a2e8,92b1,7fbe,e42e,
1259,e954,a2e9,7d89,7fbe,ef38,
1260,6155,a2e8,92b1,7fbe,c53a,
1261,ed65,a2e8,78d5,7fbe,ea64,
1262,899a,c1e0,95b1,7dbe,770c,
1263,6155,a2e8,92b1,7fbe,a1c2,
1264,6155,a2e8,92b1,7fbe,e625,
1265,4c70,b9e8,92b1,7fbe,8659,
1266,6155,a2e8,92b1,7fbe,ea50,
1267,d902,22e8,f096,7fbe,6227,
1268,7519,a2e8,1f57,7fbe,8de6,
1269,0000,b624,97f0,7fbe,330e,
1270,6315,a2e8,92b1,7fbe,ea0c,
1271,69c6,a2e8,d77f,7fbe,45ce,
1272,f0db,247b,92b1,7fbe,8693,
1273,6155,a2e8,92b1,7fbe,2579,
1274,0000,a2ec,c195,6fbe,7326,
1275,bb80,2ee8,96b1,7fbe,ca51,
1276,1651,2903,b2b1,7fbe,fbeb,
1277,3271,a2e8,92b1,7fbe,5324,
1278,6973,a2e8,0ad3,7fbe,9862,
1279,6155,a2e8,92b1,7fbe,23ff,
1280,6955,a2e8,e76c,7fbe,75dd,
1281,6175,a2e8,92b1,7fbe,c367,
1282,6155,a2e8,92b1,7fbe,7163,
1283,0000,b2b0,d2a3,7fbe,d0be,
1284,b96f,a2e8,92b1,7fbe,ccba,
1285,6155,a2e8,92b1,7fbe,7e31,
1286,64c6,2ee0,96b1,7fbe,c303,
1287,7155,a2e8,92b1,7fbe,c259,
1288,e315,a2e8,92b1,7fbe,a4b2,
1289,6557,a2e8,92b1,7fbe,e24f,
1290,41d5,a2e8,92b1,7fbe,83ba,
1291,63cd,a4e8,90b1,7fbe,9706,
1292,6145,a2e8,92b1,7fbe,1105,
1293,ed51,7d07,92b1,7fbe,dfef,
1294,8804,a2e8,92b1,7fbe,e951,
1295,0000,579a,9600,7fbe,ea30,
1296,6155,a2e8,92b1,7fbe,585c,
1297,c296,a2e8,439a,7fbe,d12b,
1298,7151,a2e8,92b1,7fbe,97ae,
1299,e355,a2e8,92b1,7fbe,857f,
1300,bde6,bc83,8cda,7fbe,1e6b,
1301,0000,2b79,3899,7fbe,e589,
1302,03c6,a2e8,5277,7fbe,c0c6,
1303,6155,a2e8,92b1,7fbe,01d2,
1304,6175,a2e8,92b1,7fbe,943b,
1305,6175,a2e8,92b1,7fbe,7dc8,
1306,feff,a2e8,92b1,7fbe,9fea,
1307,7155,a2e8,92b1,7fbe,fe3c,
1308,0000,52d1,16c0,7fbe,3ce8,
1309,1911,02e5,aa31,6fbe,cb68,
1310,6155,a2e8,92b1,7fbe,d7c4,
1311,e155,a2e8,92b1,7fbe,4a0b,
1312,3083,a2e8,548c,7fbe,c63d,
1313,1a38,c94d,b279,7fbe,5a75,
1314,e7df,b2f9,92b1,7fbe,7433,
1315,0000,89f9,b9a0,7fbe,2b11,
1316,6155,a2e8,92b1,7fbe,fa78,
1317,a836,a6a9,9291,7fbe,7cc8,
1318,08a5,b228,92b1,7fbe,71d3,
1319,435f,a2e8,c23a,7fbe,508b,
1320,0000,8aac,aa33,6fbe,1080,
1321,c66e,19af,b2b1,7fbe,fb43,
1322,e664,e3e8,92b1,7fbe,6b8f,
1323,6155,a2e8,92b1,7fbe,7f67,
1324,49d6,a2e8,abd5,7fbe,3964,
1325,d9ab,aae8,92b1,7fbe,a03d,
1326,0000,3db9,d2b1,7fbe,7f59,
1327,1bf5,b159,a100,7fbe,33b1,
1328,20cd,a7e8,90b1,7fbe,fb1c,
1329,611d,a2e8,92b1,7fbe,a54f,
1330,6d99,a2e8,e468,7fbe,76d9,
1331,7155,a2e8,92b1,7fbe,e3ff,
1332,f666,a2e8,c8cb,7fbe,5a7a,
1333,0000,2fcb,92b1,7fbe,c7fd,
1334,ee53,ae7a,92b1,7fbe,0c92,
1335,0000,82c0,054c,7fbe,97fd,
1336,e74d,e5f9,10b1,7fbe,4239,
1337,c132,14ac,92b5,7fbe,b64c,
1338,00f5,a2e8,6403,7fbe,f6b2,
1339,0000,4e62,87a7,7fbe,77e5,
1340,7055,a2e8,92b1,7fbe,37ed,
1341,7115,a2e8,92b1,7fbe,91ce,
1342,e851,a2e8,a99c,7fbe,3b2d,
1343,0000,67cb,9720,7fbe,cd01,
1344,1d41,a2e8,92b1,7fbe,2c04,
1345,6155,a2e8,92b1,7fbe,f5fd,
1346,3b05,a2e8,92b1,7fbe,5a50,
1347,c072,e2e8,92b1,7fbe,4127,
1348,6115,a2e8,92b1,7fbe,75bc,
1349,0000,b598,b2a1,7fbe,5554,
1350,6155,a2e8,92b1,7fbe,8323,
1351,0000,9a65,c6f0,7fbe,4825,
1352,91be,a4e8,90b1,7fbe,e2da,
1353,6707,bae9,9ab1,7fbe,34c2,
1354,0000,94c8,a491,7fbe,3620,
1355,6175,a2e8,92b1,7fbe,6d3c,
1356,1f46,a2e8,92b1,7fbe,3e13,
1357,0000,a2e8,b364,7fbe,21d5,
1358,132d,a2e8,6335,7fbe,f184,
1359,70b0,8268,82b1,7fbe,2058,
1360,7155,a2e8,92b1,7fbe,8f5e,
1361,6155,a2e8,92b1,7fbe,a955,
1362,6315,20c8,92a1,7fbe,22bb,
1363,41b2,e2fd,1089,7fae,17f7,
1364,ad7b,a0e8,70a5,7fbe,e214,
1365,59b6,aae8,be35,7fbe,2c84,
1366,5bd5,b2e8,92b1,7fbe,bbfe,
1367,dbde,a2e8,2356,7fbe,b1e7,
1368,0000,590b,96b3,7fbe,f7e5,
1369,6115,a2e8,92b1,7fbe,efde,
1370,0000,a7cd,bb35,7fbe,66a8,
1371,6115,a2e8,92b1,7fbe,1133,
1372,61d5,a2e8,92b1,7fbe,960d,
1373,63c2,a3fc,92b9,7fbe,cb2f,
1374,2624,35be,05e7,7fbe,9756,
1375,0000,dd19,dab1,7fbe,aff1,
1376,3626,a6c9,92b1,7fbe,ad3e,
1377,7155,a2e8,92b1,7fbe,4ecb,
1378,6115,a2e8,92b1,7fbe,96ed,
1379,acc1,e2ec,b2b1,7fbe,f186,
1380,5856,62e0,78e4,7fbe,aa55,
1381,4950,a3a8,9231,7fbe,a929,
1382,6545,a2e8,92b1,7fbe,170e,
1383,0000,c37a,f323,7fbe,6192,
1384,0000,b068,8031,7fbe,1280,
1385,0000,89e6,b9bf,7fbe,2b0e,
1386,2000,22e0,d2b1,7fbe,1e18,
1387,0000,1adb,32b3,6fbe,5bef,
1388,a509,5664,92f2,7fbe,fc6b,
1389,6155,a2e8,92b1,7fbe,7f41,
1390,0000,8aea,92c0,7f9e,fe70,
1391,5027,51ee,9a93,7fbe,e742,
1392,c89f,dd9f,b231,7fbe,3eb7,
1393,4d23,a2e8,92b1,7fbe,3c36,
1394,6155,a2e8,92b1,7fbe,119d,
1395,7504,a2e8,92b1,7fbe,9341,
1396,7155,a2e8,92b1,7fbe,fb6f,
1397,6155,a2e8,92b1,7fbe,6804,
1398,4545,a2e8,92b1,7fbe,8ffe,
1399,6555,a2e8,92b1,7fbe,7d40,
1400,6151,a2e8,92b1,7fbe,1678,
1401,f53c,b3e8,9231,7fbe,9b7e,
1402,695d,a2e8,92b1,7fbe,4eae,
1403,c9d7,c54a,92b1,7fbe,67a2,
1404,0000,53c2,95b3,7fbe,2c28,
1405,25d5,b368,9231,7fbe,b38d,
1406,0000,82c3,b3b9,7fbe,4b33,
1407,6143,a2e4,92b5,7fbe,ea95,
1408,0000,20e2,99db,7fbe,0b6a,
1409,82b0,e40d,9674,7fbe,04c5,
1410,2337,bec9,9eb1,7fbe,fcca,
1411,494b,a688,9291,7fbe,3876,
1412,dadc,a03b,d3b1,7fbe,e1d3,
1413,6155,a2e8,92b1,7fbe,3812,
1414,0000,c6ea,b2a1,7fbe,2432,
1415,72d7,30a8,92b1,7fbe,094d,
1416,6155,a2e8,92b1,7fbe,ad55,
1417,6111,a2e8,92b1,7fbe,40e3,
1418,8d9f,a2e8,92b1,7fbe,6cca,
1419,7155,a2e8,92b1,7fbe,2300,
1420,6504,a2e8,b994,7fbe,2b25,
1421,562a,a2e8,92b1,7fbe,377f,
1422,51d9,40e8,d3b1,7fbe,7585,
1423,f530,2268,92b1,7fbe,761e,
1424,209f,eae8,b6b1,7fbe,d194,
1425,2055,a2e0,92b1,7fbe,164e,
1426,b740,62e9,12b1,7fbe,8766,
1427,0000,7d6f,81b3,7f3e,cb41,
1428,6116,a2e8,92b1,7fbe,75b3,
1429,250e,a2e8,fe6d,7fbe,6cdc,
1430,5db2,b0a9,92b1,7fbe,0495,
1431,2155,a2e8,92b1,7fbe,94ff,
1432,e15d,a2e8,92b1,7fbe,6f19,
1433,0000,e725,9291,7fbe,458d,
1434,635d,a2e8,92b1,7fbe,a74d,
1435,add8,26e8,92b1,7fbe,060b,
1436,6255,a2e8,92b1,7fbe,bb99,
1437,315d,a2e8,92b1,7fbe,2ea6,
1438,6155,a2e8,92b1,7fbe,a617,
1439,0000,0021,3078,7fbe,a2c9,
1440,0000,a3a9,3057,7fbe,a2e6,
1441,6134,a2e8,7b3e,7fbe,e98f,
1442,2314,a2e8,92b1,7fbe,100d,
1443,eccc,a2ac,92b3,7fbe,0199,
1444,086d,81e8,93b1,7fbe,2ca8,
1445,6155,a2e8,92b1,7fbe,75e6,
1446,a302,a2c8,92b1,7fbe,422f,
1447,2105,a2e8,79b2,7fbe,eb03,
1448,0000,626b,54b1,7fbe,8ca2,
1449,6155,a2e8,92b1,7fbe,b7d3,
1450,0000,abe8,dac6,7fbe,4877,
1451,0000,4c07,7c5e,7fbe,eeef,
1452,7c01,8dde,93b1,7fbe,0d36,
1453,29e7,a6e8,90b1,7fbe,eb8e,
1454,4b7c,a2e8,819e,7fbe,132f,
1455,7155,a2e8,92b1,7fbe,aef6,
1456,6151,a2e8,92b1,7fbe,2cb5,
1457,e155,a2e8,92b1,7fbe,2fb0,
1458,2155,a2e8,92b1,7fbe,1e10,
1459,0000,0bc1,1aa1,7bbe,84da,
1460,c56c,8068,93b1,7fbe,94eb,
1461,4f48,60c8,d2a1,7fbe,9e64,
1462,6114,a2e8,92b1,7fbe,8810,
1463,6055,a2e8,92b1,7fbe,ced2,
1464,7575,a2e8,92b1,7fbe,7bef,
1465,6155,a2e8,92b1,7fbe,4c60,
1466,6955,a2e8,92b1,7fbe,9349,
1467,6155,a2e8,92b1,7fbe,438c,
1468,6355,a2e8,92b1,7fbe,c36b,
1469,2135,a2e8,92b1,7fbe,ca87,
1470,1100,a2f9,12b1,7fbe,30dc,
1471,7155,a2e8,92b1,7fbe,2628,
1472,6154,a2e8,92b1,7fbe,eb5c,
1473,ce7b,a2e8,fe17,7fbe,6ca6,
1474,6957,a2e8,92b1,7fbe,980e,
1475,0000,47d3,96b1,7fbe,ed3b,
1476,11c3,62e8,fd1b,7fbe,2faa,
1477,6135,a2e8,92b1,7fbe,7353,
1478,eb75,a2e8,7d07,7fbe,efb6,
1479,489f,a268,92b1,7fbe,afd1,
1480,fe47,82e8,b2b1,7fbe,2b92,
1481,6957,a2e8,92b1,7fbe,67c2,
1482,6555,a2e8,92b1,7fbe,811b,
1483,1350,a2e9,dab8,7fbe,4809,
1484,61d5,a2e8,b72c,7fbe,259d,
1485,6555,a2e8,92b1,7fbe,0db5,
1486,0000,a4f5,52b4,5fbe,9f1f,
1487,6115,a2e8,92b1,7fbe,78f8,
1488,0000,6be1,5d82,7fbe,339e,
1489,0000,af95,12a0,7fbe,074e,
1490,3dd3,a26a,aac5,7fbe,3874,
1491,600c,e2a9,12b1,7fbe,edc1,
1492,7f22,22c8,92f1,7f9e,0b62,
1493,5536,a2e8,7c7b,7fbe,eeca,
1494,7155,a2e8,92b1,7fbe,af75,
1495,0000,5ebd,6ee4,7fbe,fc55,
1496,6115,a2e8,92b1,7fbe,dde7,
1497,6155,a2e8,92b1,7fbe,423c,
1498,6055,a2e8,92b1,7fbe,1146,
1499,0000,3085,83b5,7fbe,a9c5,
1500,0000,67df,fea1,7fbe,151f,
1501,f2a4,e300,1a81,7fbe,5999,
1502,117e,e2e8,92b1,7fbe,5458,
1503,7411,84ac,92b1,7fbe,2644,
1504,4353,b2e8,92b1,7fbe,3180,
1505,a269,92a2,92b1,7fbe,aaf0,
1506,7175,a2e8,92b1,7fbe,fdcd,
1507,7155,a2e8,92b1,7fbe,4a78,
1508,81af,a2e9,92b1,7fbe,7cb9,
1509,6154,a2e8,92b1,7fbe,9a44,
1510,6155,a2e8,92b1,7fbe,cfd5,
1511,fbac,a2e8,1949,7fbe,8bf8,
1512,db4a,b3ec,22ac,7fbe,b01d,
1513,6155,a2e8,92b1,7fbe,0905,
1514,6175,a2e8,92b1,7fbe,4387,
1515,0000,42e0,e283,7fbe,7032,
1516,77b0,e4e8,90b1,7fbe,ea94,
1517,0000,14b1,92a1,7fbe,3479,
1518,5155,a2e9,12b1,7fbe,76a0,
1519,2178,a2e8,92b1,7fbe,442d,
1520,0355,82e8,92b1,7fbe,2318,
1521,e978,b2ad,92b1,7fbe,d121,
1522,7761,a2e8,62a4,7fbe,f015,
1523,0000,b26c,0afc,7fbe,984d,
1524,415d,a2e8,92b1,7fbe,a735,
1525,f155,a2e8,92b1,7fbe,23f4,
1526,b1a7,a2e8,6217,7fbe,f0a6,
1527,0000,ff8d,92b1,7fbe,5d65,
1528,6441,7188,9aa1,7fbe,c340,
1529,aac6,62e8,d2b1,7fbe,afef,
1530,847b,a2e8,92b1,7fbe,a50e,
1531,6145,a2e8,92b1,7fbe,4357,
1532,435d,a2e8,92b1,7fbe,aa58,
1533,c115,3c76,b231,7fbe,ef1a,
1534,6155,a2e8,92b1,7fbe,6d57,
1535,3384,a2e8,f8ed,7fbe,6a5c,
1536,6155,a2e8,92b1,7fbe,621c,
1537,7051,a2e8,92b1,7fbe,1fa8,
1538,415d,a2e8,92b1,7fbe,7649,
1539,f6dd,baaa,3c7c,7fbe,aecd,
1540,5db3,a6e8,90b1,7fbe,1d66,
1541,2847,a2a8,92b1,7fbe,26be,
1542,5492,a1e0,93b5,7fbe,435e,
1543,0000,00a1,9ab1,7fbe,ba49,
1544,0000,59e2,92b1,7fbe,a0ed,
1545,0000,f5fd,92b1,7fbe,461c,
1546,6b30,60c7,9ab5,7fbe,da26,
1547,6155,a2e8,92b1,7fbe,c50c,
1548,6115,a2e8,92b1,7fbe,ab68,
1549,65c5,a2e8,92b1,7fbe,135b,
1550,21f5,a2e8,92b1,7fbe,2bb8,
1551,4915,a2e8,92b1,7fbe,60c2,
1552,2ae2,a2c8,faef,7fbe,685e,
1553,7051,a2e8,92b1,7fbe,db58,
1554,0000,a2e9,9292,7fbf,2ba0,
1555,6011,a328,9231,7fbe,b6cb,
1556,6014,a2e8,92b1,7fbe,2960,
1557,8cc1,ef31,b231,7fbe,1c5d,
1558,0000,ee50,db89,7fbe,fad4,
1559,0000,0b75,d7a4,ffbe,c3b6,
1560,6155,a2e8,92b1,7fbe,57e7,
1561,0000,a2e8,947b,7fbe,06ca,
1562,3155,a2e8,92b1,7fbe,5b2f,
1563,4894,a2e8,9d5a,7fbe,0feb,
1564,89d5,39c0,92b1,7fbe,9b28,
1565,6157,a2e8,92b1,7fbe,d596,
1566,4355,e2f9,12b1,7fbe,eaa4,
1567,e2e1,a2e8,92b1,7fbe,83b4,
1568,dbaa,5672,92f1,7fbe,f458,
1569,790c,a2e8,f9c5,7fbe,6b74,
1570,6155,a2e8,92b1,7fbe,38f5,
1571,6155,a2e8,92b1,7fbe,f737,
1572,2182,a2e8,3fde,7fbe,ad6f,
1573,26d7,a2a8,9291,7fbe,4686,
1574,cc38,e22f,b2bb,7fba,87d8,
1575,6155,a2e8,92b1,7fbe,310f,
1576,0000,6ab9,9295,7fbe,c81f,
1577,591f,cd10,b3b1,7fbe,0cfc,
1578,7932,aaaa,92b1,7fbe,13c0,
1579,6157,a2e8,92b1,7fbe,2990,
1580,6174,a2e8,cde9,7fbe,5f58,
1581,3587,a2e4,92b5,7fbe,4415,
1582,c6d2,a268,92b1,7fbe,964b,
1583,13eb,bae8,549c,7fbe,c62d,
1584,6155,a2e8,92b1,7fbe,fcce,
1585,00b6,22eb,92b0,7fbe,2a6b,
1586,abb8,92a7,92b5,7fbe,4612,
1587,64af,aac8,92b1,7fbe,1df8,
1588,9017,a3b8,92b9,7fbe,de5b,
1589,0000,41e0,d3b1,7fbe,d39d,
1590,7151,a2e8,92b1,7fbe,1950,
1591,0000,9eea,82a5,7fbe,1ca8,
1592,c819,bbcc,90b1,7fbe,1f24,
1593,6115,a2e8,92b1,7fbe,e1ea,
1594,a58f,d59d,e5c4,7fbe,7775,
1595,b811,ca6e,d6a3,7fbe,6088,
1596,0000,f2d9,8af9,7fbe,70a5,
1597,0000,0aaf,38c6,7fbe,aa67,
1598,ef75,a2e8,501d,7fbe,c2ac,
1599,1ca1,0143,d385,7fbe,2543,
1600,0000,a2d8,92b1,7fbe,af20,
1601,fc2b,a2c8,db97,7fbe,4926,
1602,7155,a2e8,92b1,7fbe,056e,
1603,0000,6b3b,02b1,7fbe,e152,
1604,39f5,82a8,92b1,7fbe,af67,
1605,7151,a2e8,92b1,7fbe,056a,
1606,6155,a2e8,92b1,7fbe,09d9,
1607,6d14,a2e8,92b1,7fbe,155d,
1608,6555,a2e8,92b1,7fbe,2122,
1609,20d5,a2e8,92b1,7fbe,c17e,
1610,6155,a2e8,92b1,7fbe,544e,
1611,0000,0ac8,82d4,7fbe,1065,
1612,0080,3960,83b5,5fbe,08a4,
1613,6355,a2e8,92b1,7fbe,19ee,
1614,0dcb,c084,a211,7fbe,1328,
1615,e0d5,a2e8,7f5c,7fbe,eded,
1616,7894,a2e8,fce1,7fbe,6e50,
1617,6155,a2e8,92b1,7fbe,6501,
1618,605d,a2e8,10fc,7fbe,824d,
1619,02d7,5b85,92b1,7fbe,f96d,
1620,467d,a2e8,92b1,7fbe,2728,
1621,635d,a2e8,92b1,7fbe,029b,
1622,0000,75ad,12a0,ffbe,01a0,
1623,4155,a2e8,92b1,7fbe,1e49,
1624,6115,a2e8,92b1,7fbe,2d1f,
1625,e10e,a2e8,92b1,7fbe,811a,
1626,6155,a2e8,92b1,7fbe,afdf,
1627,63ae,3958,92f1,7fbe,9370,
1628,0000,a48a,9cd3,7fbe,0e62,
1629,3140,2ae8,96b1,7fbe,ca4a,
1630,0000,aaec,92b1,7fbe,434e,
1631,6955,a2e8,92b1,7fbe,1fd7,
1632,3141,a060,93b5,7fbe,d705,
1633,555c,9a3a,aa63,7fbe,38d2,
1634,6155,a2e8,92b1,7fbe,58a0,
1635,213d,a2e8,d0dd,7fbe,426c,
1636,9ff1,a2ec,92b1,7fbe,6e4a,
1637,c61b,a2e8,92b1,7fbe,a74e,
1638,6555,a2e8,92b1,7fbe,81e2,
1639,e715,b2e9,9ab1,7fbe,45f9,
1640,0000,3d6e,5290,7fbe,17ed,
1641,6155,a2e8,92b1,7fbe,97ed,
1642,71a7,b2c8,9a91,7fbe,ea5c,
1643,bb6c,ba89,9a91,7fbe,f74d,
1644,7977,9a2a,82f1,7fbe,50ac,
1645,96bb,a2e9,ff7c,7fbe,6dcd,
1646,73d6,5084,9291,7fbe,f62c,
1647,0000,f828,e0da,6fbe,1a91,
1648,4115,a2e8,92b1,7fbe,0472,
1649,6154,a2e8,92b1,7fbe,2280,
1650,6957,a2e8,92b1,7fbe,6900,
1651,6155,a2e8,92b1,7fbe,635e,
1652,2075,a2e8,92b1,7fbe,f6b8,
1653,519c,b2a9,92b1,7fbe,b271,
1654,7105,ba17,d7a0,7fbe,b7f5,
1655,e335,a2e8,0545,7fbe,97f4,
1656,3059,22e8,d2b1,7fbe,5383,
1657,0000,bb60,d033,7fbe,fc86,
1658,0000,374a,90e9,7fbe,fb0a,
1659,2972,a2e8,92b1,7fbe,4827,
1660,6155,a2e8,92b1,7fbe,e600,
1661,4115,199c,92b1,7fbe,bb74,
1662,7115,a2e8,92b1,7fbe,dc64,
1663,65e4,a2e8,2411,7fbe,b6a0,
1664,7141,a2e8,92b1,7fbe,2a61,
1665,7977,a2e8,149f,7fbe,862e,
1666,6997,a2e8,92b1,7fbe,a460,
1667,446a,329c,83b5,7fbe,b27e,
1668,0000,de15,ce40,7fbe,5cf1,
1669,f5d7,a2e8,6db0,7fbe,ff01,
1670,6155,a2e8,92b1,7fbe,4dc7,
1671,7652,a2e8,89f9,7fbe,1b48,
1672,0000,c36c,6bde,7fbe,f96f,
1673,f001,e4e8,90b1,7fbe,64dc,
1674,90dc,a2e8,92b1,7fbe,f58a,
1675,41de,d2e8,b2b1,7fbe,d31d,
1676,6015,a2e8,92b1,7fbe,28c6,
1677,6155,a2e8,92b1,7fbe,1092,
1678,6a06,a2ec,92b1,7fbe,0316,
1679,61d7,a2e8,92b1,7fbe,0e61,
1680,6b75,a2e8,92b1,7fbe,ec9e,
1681,6155,a2e8,92b1,7fbe,739a,
1682,7114,a2e8,92b1,7fbe,4cef,
1683,0000,1521,9694,7fbe,b98a,
1684,3851,a16a,93b1,7fbe,03f5,
1685,0000,0021,3078,7fbe,a2c9,
1686,227d,a2e8,92b1,7fbe,4328,
1687,e155,a2e8,92b1,7fbe,b3e1,
1688,6155,a2e8,92b1,7fbe,64e7,
1689,f911,a2e8,6890,7fbe,fa21,
1690,6155,a2e8,92b1,7fbe,67c6,
1691,7dd7,aae8,92b1,7fbe,25fd,
1692,7155,a2e8,92b1,7fbe,d7c0,
1693,1c33,cfe9,96b8,7fbe,6413,
1694,6a5f,aa28,92f1,7fbe,dbd7,
1695,7155,a2e8,92b1,7fbe,40eb,
1696,b515,70e4,40bd,7fbe,d20c,
1697,615c,a2e8,92b1,7fbe,7409,
1698,afbf,9960,b2b9,7fbe,7b90,
1699,6575,a2e8,92b1,7fbe,4aad,
1700,0000,aba4,c2b2,7fbf,3c83,
1701,8399,2aea,96b0,7fbe,c285,
1702,7115,a2e8,92b1,7fbe,de2b,
1703,0000,882e,2837,7fbe,32a6,
1704,0000,e99a,a09d,7fbe,8e2e,
1705,2155,a2e8,92b1,7fbe,9828,
1706,6155,a2e8,92b1,7fbe,fa30,
1707,7111,a2e8,92b1,7fbe,6d38,
1708,bc15,723c,9aab,7fbe,80f8,
1709,bcdc,a260,92b5,7fbe,f72d,
1710,0000,701b,4042,7fbe,d2f3,
1711,7057,a2e8,92b1,7fbe,0aed,
1712,767f,a2e8,3068,7fbe,a2d9,
1713,7155,a2e8,92b1,7fbe,7ecc,
1714,d465,a0e0,d7d3,7fbe,4562,
1715,0000,e655,d785,7fbe,a8d3,
1716,f155,a2e8,92b1,7fbe,c85f,
1717,03c6,a2e8,92b1,7fbe,6293,
1718,0000,8013,9ef0,7fbe,3238,
1719,6151,a2e8,92b1,7fbe,5524,
1720,2124,a2a8,9291,7fbe,dd44,
1721,6115,a2e8,92b1,7fbe,02d8,
1722,6567,a2e8,d57e,7fbe,47cf,
1723,0000,0e0a,8cb7,7fbe,482c,
1724,299f,e257,9231,7fbe,413f,
1725,6145,a2e8,92b1,7fbe,6cef,
1726,0000,5b55,b6b0,7fbe,23f3,
1727,9c89,a2e8,92b1,7fbe,fddc,
1728,0000,874a,5889,7fbe,77cb,
1729,221a,f4b8,c2e1,7fbe,eed2,
1730,6545,a2e8,92b1,7fbe,f3ff,
1731,e5b3,a2e8,327e,7fbe,a0cf,
1732,6115,a2a8,92b1,7fbe,1f06,
1733,0000,2d9c,1dc5,7fbe,8f74,
1734,7071,a2e8,92b1,7fbe,1ac4,
1735,6155,a2e8,92b1,7fbe,4437,
1736,78c7,a6e0,92b1,7fbe,1803,
1737,2161,a2e8,1c4e,7fbe,8eff,
1738,6155,a2e8,92b1,7fbe,a802,
1739,6155,a2e8,92b1,7fbe,cf8e,
1740,0000,e0e8,cf75,7fbe,5dc4,
1741,7375,a2e8,3ba8,7fbe,a919,
1742,ef19,a2e8,b7c4,7fbe,2575,
1743,e482,a2e8,92b1,7fbe,87d7,
1744,6155,a2e8,92b1,7fbe,c775,
1745,615d,a2e8,92b1,7fbe,9edc,
1746,77c8,22e0,e064,7fbe,72d5,
1747,8ae9,973e,12b1,7fbe,35c7,
1748,c1a6,a2e8,92b1,7fbe,b0ff,
1749,4175,a2e8,92b1,7fbe,80f1,
1750,0000,6ce3,9ea7,7fbe,5ef6,
1751,b965,aae8,0c53,7fbe,9ee2,
1752,6135,a2e8,92b1,7fbe,019d,
1753,0000,6d7d,53e1,7fbe,4f24,
1754,0000,22e8,24a5,7fbe,b614,
1755,7812,22e8,d2b1,7fbe,d33e,
1756,7155,a2e8,92b1,7fbe,00ca,
1757,f4fd,28c8,db46,7fbe,49f7,
1758,61d5,a2e8,92b1,7fbe,1a3f,
1759,7155,a2e8,92b1,7fbe,82bb,
1760,414d,a2e8,0335,7fbe,9184,
1761,0000,860e,9617,7fbe,04a6,
1762,6955,a2e8,92b1,7fbe,d3f6,
1763,c65d,a2e8,92b1,7fbe,786e,
1764,5951,c2e8,b2b1,7fbe,63b4,
1765,2304,b2c9,9ab1,7fbe,492b,
1766,0000,3eec,98a1,7fbe,4a14,
1767,79dd,a2e8,97a6,7fbe,0517,
1768,0000,1897,8e95,7fbe,0411,
1769,a187,a2e8,e683,7fbe,7432,
1770,0000,f6f0,98b9,7fbe,6dec,
1771,2af4,a2e8,500c,7fbe,c2bd,
1772,6955,a2e8,92b1,7fbe,0b13,
1773,004d,42e0,d2b1,7fbe,0fe8,
1774,49d7,a2e8,edf9,7fbe,7f48,
1775,7c71,fe53,ce0a,7fbe,5cbb,
1776,69d5,a2e8,0208,7fbe,90b9,
1777,0571,d6bf,92b9,7fbe,7543,
1778,0000,8bc6,9a31,7ffe,5ccd,
1779,f794,a2e8,92b1,7fbe,9680,
1780,6555,a2e8,92b1,7fbe,d343,
1781,16b7,22e8,92b1,7fbe,36f3,
1782,6155,a2e8,92b1,7fbe,8614,
1783,6155,a2e8,92b1,7fbe,5ba1,
1784,4ceb,f2e8,b2b1,7fbe,dd5e,
1785,7051,a2e8,92b1,7fbe,24f1,
1786,73d3,a2e8,f4cd,7fbe,667c,
1787,6155,a2e8,92b1,7fbe,7b76,
1788,f319,a2e8,9db7,7fbe,0f06,
1789,7cd0,a2e8,4444,7fbe,d6f5,
1790,ca17,c4d0,9a91,7fbe,7239,
1791,f0bc,a2ec,3646,7fbe,a4f7,
1792,2e34,0dc6,92b1,7fbe,af2e,
1793,39eb,a2e8,23e9,7fbe,b158,
1794,50ef,a2e8,92b1,7fbe,31ba,
1795,6055,a2e8,92b1,7fbe,6616,
1796,615d,a2e8,92b1,7fbe,4537,
1797,6194,a2e8,92b1,7fbe,1294,
1798,0000,0f43,323d,7fbe,7d36,
1799,41c9,a2e8,c73a,7fbe,558b,
1800,8331,a2e8,f42f,7fbe,669e,
1801,4054,a2e8,92b1,7fbe,20ec,
1802,0000,a2e8,6b2b,7fbe,f99a,
1803,6155,a2e8,92b1,7fbe,84c8,
1804,d059,e2e8,92b1,7fbe,a678,
1805,6155,a2e8,92b1,7fbe,427d,
1806,63d1,82ea,82b1,7fbe,8c62,
1807,0015,a2e8,bd74,7fbe,2fc5,
1808,0000,a0dc,1891,7fbe,9965,
1809,0859,a2e8,aa42,7fbe,38f3,
1810,7151,a2e8,92b1,7fbe,3727,
1811,6155,a2e8,92b1,7fbe,0c77,
1812,7351,a2e8,92b1,7fbe,fcd1,
1813,0000,eef1,b239,7fbe,3c0d,
1814,32d5,a6e8,90b1,7fbe,4d0f,
1815,6055,a2e8,92b1,7fbe,8421,
1816,ed36,0908,3951,7fbe,abe0,
1817,6554,a2e8,92b1,7fbe,fdee,
1818,0000,bee3,b2b1,7fbe,5c0f,
1819,3a45,a6a8,9291,7fbe,e138,
1820,39c7,a2e8,92b1,7fbe,5892,
1821,39fa,a2e8,92b1,7fbe,58bf,
1822,0000,6365,7325,7fbe,d23c,
1823,6155,a2e8,92b1,7fbe,de67,
1824,6175,a2e8,92b1,7fbe,5333,
1825,ad57,a2e8,92b1,7fbe,d402,
1826,2855,a2e8,92b1,7fbe,ffce,
1827,6cd3,fd35,92b1,7fbe,5fdd,
1828,0c3e,8368,8180,7fbe,1331,
1829,521a,11e1,9fb1,7fbe,cc0e,
1830,105e,a228,92f1,7fbe,79fe,
1831,6157,a2e8,92b1,7fbe,f1ed,
1832,e4f4,a2e8,0cdb,7fbe,9e6a,
1833,7195,a2e8,92b1,7fbe,c8ad,
1834,0000,1dbd,2de4,7fbe,bf55,
1835,8035,0c8a,92b1,7fbe,ae62,
1836,848b,aaea,92b1,7fbe,f5da,
1837,6155,a2e8,92b1,7fbe,790c,
1838,7cb6,a2e8,8632,7fbe,1483,
1839,9525,b2c8,92b1,7fbe,6b40,
1840,ab5d,a2e8,b59b,7fbe,272a,
1841,0000,a2e9,3e93,7fbe,ac22,
1842,7115,a2e8,92b1,7fbe,a2f9,
1843,cbc1,d2e4,72b9,3fbe,05c5,
1844,6135,a2e8,92b1,7fbe,0e4c,
1845,25d4,a2c8,92b1,7fbe,2ac3,
1846,915d,22e0,d2b1,7fbe,289d,
1847,d541,460f,12b1,7fbe,e5e6,
1848,a565,a2e8,0b1e,7fbe,99af,
1849,6155,a2e8,92b1,7fbe,ab4d,
1850,6151,a2e8,92b1,7fbe,a864,
1851,0000,f5d4,b2b1,7fbe,3738,
1852,3155,a2e8,92b1,7fbe,7f50,
1853,6155,a2e8,92b1,7fbe,7fb9,
1854,0000,2f0a,1f53,7fbe,8de2,
1855,7070,a2e8,92b1,7fbe,f3fa,
1856,5a08,a2e8,92b1,7fbe,798f,
1857,6115,a2e8,92b1,7fbe,6269,
1858,6157,a2e8,92b1,7fbe,b44c,
1859,0000,b0f8,92b1,7fbe,981c,
1860,9df9,a2e8,92b1,7fbe,fdac,
1861,09d6,82e8,a66f,7fbe,34de,
1862,61d5,a2e8,92b1,7fbe,e985,
1863,275e,617c,9ab7,7fbe,d31b,
1864,e197,a2e8,92b1,7fbe,268c,
1865,0000,0f09,43b1,5fbe,d520,
1866,0000,c9fc,f9a5,7fbe,6b14,
1867,0000,785c,9ab2,7fbe,c2b3,
1868,6145,a2e8,92b1,7fbe,23b2,
1869,67bf,a268,be92,7fbe,2c23,
1870,6155,a2e8,92b1,7fbe,8625,
1871,0000,bbc8,92b1,7fbe,d8ad,
1872,9ade,a2e8,92b1,7fbe,fb8b,
1873,37db,a2e8,92b1,7fbe,568e,
1874,6155,a2e8,92b1,7fbe,504f,
1875,f348,a2e8,2e53,7fbe,bce2,
1876,337d,02e0,d2b1,7fbe,e8e9,
1877,4195,a2e8,92b1,7fbe,2b0f,
1878,61d5,a2e8,92b1,7fbe,c3c7,
1879,77a3,a2e8,92b1,7fbe,16fe,
1880,5330,a2e8,8207,7fbe,10b6,
1881,6115,a2e8,92b1,7fbe,b290,
1882,3a00,a0e8,cf68,7fbe,5dd9,
1883,6155,a2e8,92b1,7fbe,4af9,
1884,0000,7f28,5a81,7fbe,0d98,
1885,7d5d,bae9,9ab1,7fbe,a69f,
1886,69c0,92e8,82b1,7fbe,6b0c,
1887,7155,a2e8,a8c7,7fbe,3a76,
1888,0000,73e1,92b1,7fbe,a655,
1889,92a5,0534,97b1,7fbe,0fdc,
1890,5bab,a2e8,a7a5,7fbe,3514,
1891,7be8,e2cb,b2b0,7fbe,7b93,
1892,6611,a2e8,6791,7fbe,f520,
1893,6145,a2e8,92b1,7fbe,5f16,
1894,6154,a2e8,92b1,7fbe,f5db,
1895,d182,e0e1,93a1,7fb6,3314,
1896,4491,a268,92f1,7fbe,cca9,
1897,928b,eac8,92b1,7fbe,1ba5,
1898,296d,b29d,12b1,7fbe,5064,
1899,e155,a2e8,92b1,7fbe,a08d,
1900,beef,a2e8,92b1,7fbe,debe,
1901,0000,8520,18bb,7fbe,32d5,
1902,9354,e2a1,b2b1,7fbe,2049,
1903,6015,a2e8,92b1,7fbe,7062,
1904,0000,3f5a,d2b9,7fbe,5c2a,
1905,0000,188c,b2b9,7fbe,ca78,
1906,c175,a2ac,92b3,7fbe,ad96,
1907,b173,a2e8,92b1,7fbe,c027,
1908,0000,b21a,8243,7fbe,10f2,
1909,75d0,9aea,82b1,7fbe,3c69,
1910,61f7,b2a9,92b1,7fbe,efae,
1911,6355,a2e8,92b1,7fbe,1f68,
1912,61d7,a2e8,92b1,7fbe,d68f,
1913,6105,a2e8,92b1,7fbe,939d,
1914,7155,a2e8,92b1,7fbe,5351,
1915,811d,a3f0,92b9,7fbe,6d1c,
1916,f7ef,e157,92b1,7fbe,43bf,
1917,ef66,b3e8,9231,7fbe,e14d,
1918,a28d,a2e8,92b1,7fbe,c398,
1919,ab77,a2e8,ae70,7fbe,3cc1,
1920,5058,37fe,92b1,7fbe,9516,
1921,e9b5,a2e8,1f0d,7fbe,8dbc,
1922,e545,a2e8,92b1,7fbe,02ff,
1923,0000,4bf6,b2b3,6fbe,6232,
1924,e3ee,d79c,e7c5,7fbe,7574,
1925,f155,a2e8,92b1,7fbe,d67f,
1926,aa2e,a2eb,92b0,7fbe,6c17,
1927,2fae,a2e8,92b1,7fbe,4efb,
1928,0000,b408,92b9,7fbe,16f4,
1929,7105,a2e8,84e3,7fbe,1652,
1930,0092,202f,93b1,7fbe,8047,
1931,0000,4ad2,7a8b,7fbe,e83a,
1932,2155,a2e8,92b1,7fbe,6bd1,
1933,03f5,a2e8,b6d4,7fbe,2465,
1934,7115,a2e8,92b1,7fbe,ff67,
1935,0a93,a3ea,cfef,7fbe,5d5e,
1936,d53e,a36c,9231,7fbe,6523,
1937,aa13,82ea,b6ca,7fbe,347b,
1938,7a93,cafb,a0b9,7fbe,0e85,
1939,e057,a2e8,5694,7fbe,c425,
1940,7155,a2e8,92b1,7fbe,5bfc,
1941,6155,a2e8,92b1,7fbe,d1ce,
1942,6155,a2e8,92b1,7fbe,b919,
1943,b574,2aca,92b2,7fbf,0d42,
1944,0000,a2e1,10b1,7fbe,5489,
1945,2055,a2e8,92b1,7fbe,b8f6,
1946,0000,fc9a,9b95,7fbe,68b6,
1947,6155,a2e8,92b1,7fbe,ace5,
1948,8b3c,92ea,82b1,7fbe,fb4d,
1949,794d,a2e8,92b1,7fbe,5918,
1950,414d,a2e8,92b1,7fbe,2fab,
1951,83f3,a2e8,992d,7fbe,0b9c,
1952,6155,a2e8,92b1,7fbe,9e3d,
1953,0000,74d1,32a1,7fbe,966d,
1954,7155,a2e8,92b1,7fbe,8f5e,
1955,2355,a2e8,9e3d,7fbe,0c8c,
1956,2458,82e8,17d4,7fbe,8565,
1957,ba45,a2e8,88df,7fbe,1a6e,
1958,a8b4,a2e8,6099,7fbe,f228,
1959,e734,a3e8,2baa,7fbe,b91b,
1960,6115,a2e8,92b1,7fbe,dea0,
1961,6145,a2e8,92b1,7fbe,9198,
1962,642d,a2e8,92b1,7fbe,a85e,
1963,cfa4,1582,25db,7fbe,b76a,
1964,283b,8160,93b5,7fbe,cf7e,
1965,0000,96dc,3039,7fbe,023d,
1966,0000,a2e8,90c3,7fbe,0272,
1967,1648,a2e8,e9e4,7fbe,7b55,
1968,0000,94af,9630,7fbe,bb64,
1969,7151,a2e8,92b1,7fbe,f794,
1970,4155,a2e8,92b1,7fbe,b610,
1971,505c,3ee2,9231,7fbe,9d0a,
1972,6155,a2e8,92b1,7fbe,2e9b,
1973,1a6d,c3ec,b2b1,7fbe,257e,
1974,0000,427f,9323,7fbe,f3e0,
1975,d19f,e2e8,92b1,7fbe,f6b3,
1976,8f56,a2e8,92b1,7fbe,ee43,
1977,2240,a2e8,92b1,7fbe,63b5,
1978,8a53,e3e8,b2b1,7fbe,c714,
1979,4054,a2e8,c992,7fbe,5b23,
1980,6155,a2e8,92b1,7fbe,60a8,
1981,0e4f,e2e8,12b2,7fbf,850d,
1982,6155,a2e8,92b1,7fbe,f93b,
1983,5b28,23e9,12b1,7fbe,894f,
1984,7155,a2e8,92b1,7fbe,591a,
1985,6155,a2e8,92b1,7fbe,d17f,
1986,d197,86e8,91b1,7fbe,6941,
1987,b92a,a2e8,92b1,7fbe,d87f,
1988,615d,a2e8,92b1,7fbe,34ad,
1989,7dd7,aae8,92b1,7fbe,25fd,
1990,0000,ea9b,3991,7fbe,f771,
1991,7145,a2e8,92b1,7fbe,abd9,
1992,0704,a2e8,2412,7fbe,b6a3,
1993,6945,a2e8,92b1,7fbe,c60f,
1994,2155,a2e8,92b1,7fbe,2bd8,
1995,1840,16ef,2696,7fbe,b427,
1996,3051,a2e8,42d3,7fbe,d062,
1997,0000,7a12,ae35,7fbe,0e59,
1998,6155,a2e8,92b1,7fbe,6be0,
1999,6155,a2e8,92b1,7fbe,042b,
2000,10ed,0121,3178,7fbe,a3c9,
2001,2359,a2e8,4a6f,7fbe,d8de,
2002,6b55,a2e8,92b1,7fbe,930b,
2003,0000,b23d,b33d,7fbe,734f,
2004,0000,b068,8031,7fbe,1280,
2005,6155,a2e8,92b1,7fbe,f7e2,
2006,0000,0146,92f0,7fbe,ab2d,
2007,715f,a2e8,f9ae,7fbe,6b1f,
2008,6155,a2e8,92b1,7fbe,a904,
2009,215d,a2e8,92b1,7fbe,770f,
2010,6155,a2e8,92b1,7fbe,3361,
2011,0000,3c29,0c70,7fbe,9ec1,
2012,0000,a2c8,b2de,7fbe,206f,
2013,8155,a2e8,92b1,7fbe,cc2a,
2014,0000,6be0,94b1,7fbe,530b,
2015,6151,a2e8,92b1,7fbe,e575,
2016,31ef,a2e8,a271,7fbe,30c0,
2017,0000,9102,90b9,7fbe,76fa,
2018,6145,a2e8,92b1,7fbe,8a70,
2019,0000,4057,700e,7fbe,e2bf,
2020,6155,a2e8,92b1,7fbe,a802,
2021,0000,7759,4500,7fbe,d7b1,
2022,6155,a2e8,92b1,7fbe,a55f,
2023,fce7,7971,496c,7fbe,dbdf,
2024,c19d,a2e8,f756,7fbe,65e7,
2025,0000,7471,91f1,7fbe,d2b9,
2026,2490,a2e8,35e3,7fbe,a752,
2027,0000,d71a,e743,7fbe,75f2,
2028,59f6,a2e8,92b1,7fbe,0d45,
2029,0000,f49f,82b1,7fbe,7e77,
2030,99a7,a2e8,c080,7fbe,5231,
2031,fd05,1841,92b1,7fbe,baa9,
2032,d37d,005d,f204,7fbe,20b5,
2033,b1ca,ce6b,82f1,7fbe,4c41,
2034,7157,a2e8,92b1,7fbe,974f,
2035,b5d7,a2e8,5e39,7fbe,cc88,
2036,41c5,9dd2,82b1,7fbe,1738,
2037,00d1,a2f8,92b9,7fbe,c3d1,
2038,ccdc,abcc,df04,7fbe,4db5,
2039,0000,0ae6,82e5,7fbe,88a2,
2040,6115,a2e8,92b1,7fbe,0147,
2041,52f1,eb17,1491,7fbe,c19e,
2042,6155,a2e8,92b1,7fbe,9251,
2043,b013,a2e8,ce69,7fbe,5cd8,
2044,4255,a2e8,92b1,7fbe,d61a,
2045,0000,60f2,50ab,7fbe,c21a,
2046,cf5d,22e9,12b1,7fbe,df83,
2047,231f,a2e8,e9a9,7fbe,7b18,
2048,c151,a2e8,92b1,7fbe,a00c,
2049,7955,a2e8,92b1,7fbe,c381,
2050,6154,a2e8,92b1,7fbe,832f,
2051,0000,5450,92b1,7fbe,adb4,
2052,7d16,82ea,82b1,7fbe,7255,
2053,2b3b,a2e8,8a4c,7fbe,18fd,
2054,7155,a2e8,92b1,7fbe,0cfa,
2055,6155,a2e8,92b1,7fbe,ff75,
2056,0000,c56c,18d3,7fbe,3832,
2057,8293,a2e8,92b1,7fbe,ebc6,
2058,0000,0599,1691,7fbe,ab21,
2059,93bd,89b5,3019,7fbe,3e44,
2060,6155,a2e8,92b1,7fbe,3aa4,
2061,6955,a2e8,92b1,7fbe,52fe,
2062,0000,b774,82b3,7fbe,259a,
2063,0000,dc5b,91f0,7fbe,5a51,
2064,e533,9228,a273,7fbe,30c2,
2065,6155,a2e8,92b1,7fbe,50bf,
2066,4399,a2e8,e9b6,7fbe,7b07,
2067,4959,a2e8,92b1,7fbe,2a0c,
2068,ecd6,bae8,8ab0,77be,e21b,
2069,0000,a2e8,6959,7fbe,fbe8,
2070,e055,a2e8,96ee,7fbe,045f,
2071,01e5,a2e8,1aec,7fbe,885d,
2072,3745,a2e8,19db,7fbe,8b6a,
2073,6154,a2e8,92b1,7fbe,09e8,
2074,6155,a2e8,92b1,7fbe,b5e2,
2075,dd41,b2aa,9239,7fba,4d36,
2076,6155,a2e8,92b1,7fbe,b72b,
2077,6665,a2e8,f942,7fbe,6bf3,
2078,6155,a2e8,92b1,7fbe,b998,
2079,0537,a2e8,92b1,7fbe,6462,
2080,6955,a2e8,92b1,7fbe,bc8c,
2081,0000,826c,a08a,7fbe,323b,
2082,6155,a2e8,92b1,7fbe,582c,
2083,0000,0000,92b1,7fbe,d063,
2084,0000,ae09,92b7,7fbe,0c6f,
2085,599d,a2e8,ea94,7fbe,7825,
2086,3f43,f292,9231,7fbe,417a,
2087,6155,a2e8,92b1,7fbe,d9fd,
2088,6114,a2e8,92b1,7fbe,0e83,
2089,7235,a2e8,92b1,7fbe,1360,
2090,0000,4608,92d0,7fbe,e643,
2091,0000,7827,f391,7fbe,788f,
2092,3de2,34e8,04b1,7fbe,9600,
2093,0000,5659,da93,7fbe,4cb5,
2094,7359,c3e8,b2b1,7fbe,1818,
2095,7817,a9ea,9ab1,7bbe,9f6f,
2096,7155,a2e8,92b1,7fbe,0e39,
2097,d780,a2e8,92b1,7fbe,76d5,
2098,8b67,a2e8,92b1,7fbe,fa32,
2099,605c,82e8,82b1,7fbe,ff9a,
2100,7154,a2e8,92b1,7fbe,8706,
2101,6954,a2e8,92b1,7fbe,6893,
2102,0000,05cd,3594,7fbe,a725,
2103,057a,a2e8,92b1,7fbe,742b,
2104,d4bd,a2e8,92b1,7fbe,b5e8,
2105,7155,a2e8,92b1,7fbe,1b6b,
2106,6955,a2e8,92b1,7fbe,22d6,
2107,e91c,b2e8,9211,7ffe,64e4,
2108,d878,f3ec,e094,7fbe,7225,
2109,6155,a2e8,92b1,7fbe,0efa,
2110,0000,1f4e,2f17,7fbe,bda6,
2111,e34f,a2e8,fce4,7fbe,6e55,
2112,b1d1,36eb,b2b1,6fbe,d78c,
2113,3315,a6ca,96b0,7fbe,09e2,
2114,2155,2c98,9681,7fbe,505b,
2115,7914,a2e8,92b1,7fbe,29e9,
2116,5115,a2e8,92b1,7fbe,3fe4,
2117,6115,a2e8,92b1,7fbe,58be,
2118,2555,a2e8,7aca,7fbe,e87b,
2119,999c,a2e8,92b1,7fbe,f8e9,
2120,0135,caa1,9231,7fbe,7909,
2121,0000,9c62,93b3,7fbe,1c0c,
2122,6155,a2e8,92b1,7fbe,9474,
2123,2155,a2e8,92b1,7fbe,cda5,
2124,0000,fb2f,8250,7fbe,6405,
2125,6135,a2e8,92b1,7fbe,4041,
2126,8a0a,a0e8,09b2,7fbe,9b03,
2127,d971,b32f,9233,7fbe,6292,
2128,b071,c2e8,b2b1,7fbe,b4bb,
2129,0000,132f,bb1f,7fbe,8317,
2130,6151,a2e8,92b1,7fbe,15f4,
2131,c5f8,a2e8,92b1,7fbe,a48d,
2132,6115,a2e8,92b1,7fbe,eaa7,
2133,047e,a688,9291,7fbe,e6a0,
2134,1545,e5ca,90b0,7fbe,2747,
2135,6951,a2e8,92b1,7fbe,efb4,
2136,6175,a2e8,9b05,7fbe,09b4,
2137,0000,aae8,41c4,7fbe,d375,
2138,666d,a2ca,f333,7fbe,6182,
2139,6055,a2e8,92b1,7fbe,796c,
2140,f109,c4d3,9291,7fbe,627b,
2141,7156,a2e8,92b1,7fbe,4e5d,
2142,6629,22f9,12b1,7fbe,913c,
2143,a24c,17c7,9aa1,7fbe,271f,
2144,911b,a2a6,92b3,7fbe,b058,
2145,6055,a2e8,92b1,7fbe,7223,
2146,6115,a2e8,92b1,7fbe,566e,
2147,0000,c8e0,c276,7fbe,50c7,
2148,4a19,aa64,92b5,7fbe,d199,
2149,0000,a320,9171,7fbe,03c0,
2150,6154,a2e8,92b1,7fbe,2a2d,
2151,7151,a2e8,92b1,7fbe,4342,
2152,6975,a2e8,92b1,7fbe,e857,
2153,6071,e4aa,92b1,7fbe,4642,
2154,1659,a2e8,bea5,7fbe,2c14,
2155,f123,6433,92f1,7fbe,c61b,
2156,6702,22e0,d2b0,ffbe,dd14,
2157,0000,caa8,f132,7fbe,6383,
2158,6314,a2e8,0591,7fbe,9720,
2159,6055,a2e8,92b1,7fbe,6ba9,
2160,7111,a2e8,92b1,7fbe,6306,
2161,0000,a756,a737,7fbe,5e74,
2162,6155,a2e8,92b1,7fbe,59fa,
2163,6111,a2e8,92b1,7fbe,446d,
2164,6155,a2e8,92b1,7fbe,5f32,
2165,6155,a2e8,92b1,7fbe,62fb,
2166,e645,e2e8,92b1,7fbe,b2f3,
2167,c455,a2e8,92b1,7fbe,e9eb,
2168,6155,a2e8,92b1,7fbe,d589,
2169,7145,62e8,d2b1,7fbe,a035,
2170,e155,a2e8,92b1,7fbe,05b6,
2171,6155,a2e8,92b1,7fbe,f493,
2172,61d5,a2e8,92b1,7fbe,e985,
2173,495d,c2ec,b2b1,7fbe,62b9,
2174,6155,a2e8,92b1,7fbe,88c3,
2175,6195,a2e8,92b1,7fbe,b423,
2176,6055,a2e8,92b1,7fbe,65ce,
2177,7953,8aab,82b1,7fbe,cf00,
2178,7fbe,a2b8,9a71,7ffe,363a,
2179,6155,a2e8,92b1,7fbe,a677,
2180,6155,a2e8,92b1,7fbe,e70d,
2181,edc5,da5b,92b1,7fbe,78b3,
2182,d528,a368,9231,7fbe,75ec,
2183,0000,7c67,a660,7fbe,2738,
2184,0000,76fd,83f5,7fbe,f6d3,
2185,7d59,739b,92b1,7fbe,d173,
2186,34ce,e2ac,b2b3,7fbe,72f4,
2187,b241,a2e8,92b1,7fbe,d314,
2188,6155,a2e8,92b1,7fbe,b4b7,
2189,0000,3c56,91b1,7fbe,b8be,
2190,6c54,a2e8,92b1,7fbe,0d01,
2191,71d5,a2e8,92b1,7fbe,e943,
2192,6155,a2e8,92b1,7fbe,900f,
2193,6157,a2e8,92b1,7fbe,c12d,
2194,9349,9266,82b5,7fbe,e6c9,
2195,6155,a2e8,92b1,7fbe,78cc,
2196,1035,a2e8,92b1,7fbe,5160,
2197,7955,a2e8,92b1,7fbe,c9d2,
2198,220b,a2e8,3ef1,7fbe,ac40,
2199,6155,a2e8,92b1,7fbe,7ffa,
2200,0000,eda1,80b1,77be,7823,
2201,da47,b2e8,92b1,7fbe,cb52,
2202,49db,a2e8,d57c,7fbe,47cd,
2203,1830,826c,92b3,7fbe,fb4e,
2204,6ed6,22e8,d2b1,7fbe,d6db,
2205,7d94,a2e8,26ee,7fbe,b45f,
2206,6155,a2e8,92b1,7fbe,8949,
2207,b512,f8c2,92b0,7fbe,5a29,
2208,6115,a2e8,92b1,7fbe,5294,
2209,6915,a2e8,92b1,7fbe,aca6,
2210,0000,e2a0,92b1,7fbe,1e5a,
2211,0000,a2ec,7f86,7fbe,ed37,
2212,6151,a2e8,92b1,7fbe,6137,
2213,6155,a2e8,92b1,7fbe,2bc7,
2214,512b,a2eb,92b0,7fbe,142d,
2215,7151,a2e8,92b1,7fbe,f4d7,
2216,3490,a2e8,fd0e,7fbe,6fbf,
2217,0464,c1e8,d5b1,7dbe,5260,
2218,6151,82e8,92b1,7fbe,a6af,
2219,bc38,e368,b233,7fbe,df6d,
2220,17f5,b2a9,5fbb,7fbe,cd0a,
2221,6115,a2e8,92b1,7fbe,c9fe,
2222,940a,a2e8,92b1,7fbe,f15e,
2223,c115,3c76,b231,7fbe,ef1a,
2224,6155,a2e8,92b1,7fbe,3681,
2225,0000,d183,0853,7fbe,5ead,
2226,6a5d,2ce8,96b1,7fbe,ffe5,
2227,6115,a2e8,92b1,7fbe,f2d2,
2228,e155,a2e8,92b1,7fbe,5f97,
2229,134d,a2e8,d540,7fbe,47f1,
2230,0000,232e,fa31,6fbe,32d8,
2231,61d7,a2e8,92b1,7fbe,d0da,
2232,0000,b3ec,9231,7fbe,4514,
2233,6155,a2e8,92b1,7fbe,c0ae,
2234,fd58,a2e8,92b1,7fbe,bc0d,
2235,0000,3807,b2b9,7fbe,cafb,
2236,6115,a2e8,92b1,7fbe,cc6e,
2237,cb0e,f4ab,9231,7fbe,57c3,
2238,e627,a2e8,92b1,7fbe,8772,
2239,7355,a2e8,92b1,7fbe,e31e,
2240,5058,a2e8,92b1,7fbe,b008,
2241,7155,a2e8,92b1,7fbe,4406,
2242,187f,a268,92b1,7fbe,706e,
2243,6155,a3f0,92b9,7fbe,2350,
2244,0000,25cf,3883,7fbe,4175,
2245,191e,eac8,9292,7fbf,fd2f,
2246,2af4,a2e8,500c,7fbe,c2bd,
2247,6155,a2e8,92b1,7fbe,e3bd,
2248,2155,a2e8,92b1,7fbe,45d2,
2249,915f,a2e8,86e3,7fbe,1452,
2250,6145,a2e8,92b1,7fbe,8710,
2251,0000,3cf1,8a3b,7fbe,bf03,
2252,635d,a2e8,92b1,7fbe,fa31,
2253,0000,fd2e,d2b1,7fbe,dfc6,
2254,0000,5e29,93b1,7fbe,dec1,
2255,b255,a2e8,a78e,7fbe,353f,
2256,61c7,a2e8,92b1,7fbe,8091,
2257,6175,a2e8,92b1,7fbe,c036,
2258,6914,a2e8,92b1,7fbe,13d9,
2259,6051,a2e8,92b1,7fbe,abe9,
2260,7154,a2e8,92b1,7fbe,f508,
2261,cc98,a2e8,92b1,7fbe,bdc9,
2262,6b53,a3e8,92b1,7fbe,4301,
2263,4155,a2e8,92b1,7fbe,548a,
2264,0464,c1e8,d5b1,7dbe,5260,
2265,6857,a004,92b1,7fbe,02ec,
2266,0b1b,a2e8,92b1,7fbe,6a4e,
2267,d3b1,b2e8,92b1,7fbe,84e6,
2268,e110,a2e9,aab1,6fbe,9ce6,
2269,6c6b,59d8,d2a1,7fbe,3900,
2270,e260,a2e8,92b1,7fbe,0335,
2271,382d,4c74,96b1,7fbe,e69c,
2272,0190,abb4,92b5,7fbe,0950,
2273,4658,a685,a2b1,6fbe,1469,
2274,200b,bea8,9a91,7fbe,77a1,
2275,6155,a2e8,92b1,7fbe,31c0,
2276,adc1,c9ce,d3b1,5fbe,9bc1,
2277,68d8,099d,82b1,7fbe,8b77,
2278,6115,a2e8,92b1,7fbe,f0e1,
2279,4155,a2e8,92b1,7fbe,2d3b,
2280,0000,a2e8,9744,7fbe,05f5,
2281,d863,a2d8,92a1,7fbe,3d26,
2282,eb91,a2e8,92b1,7fbe,8ac4,
2283,6157,a2e8,92b1,7fbe,5d86,
2284,b638,a2e8,92b1,7fbe,d76d,
2285,6155,a2e8,92b1,7fbe,85b4,
2286,d0f9,a0e8,93b1,7fbe,7f29,
2287,6945,a2e8,92b1,7fbe,71b4,
2288,068f,a2e8,92b1,7fbe,67da,
2289,6055,a2e8,92b1,7fbe,6a47,
2290,6157,a2e8,92b1,7fbe,0c3b,
2291,0000,364c,8b52,77be,c8c9,
2292,8523,a2e8,92b1,7fbe,6476,
2293,6bff,a2a8,af1f,7fbe,3dae,
2294,c502,c2e8,b2b1,7fbe,9752,
2295,0000,e733,f7e2,7fbe,6553,
2296,0000,e9fd,b0bd,7fbe,0e0b,
2297,7155,a2e8,92b1,7fbe,3ff4,
2298,a555,a2cb,92b0,7fbe,3dc3,
2299,2045,a2e8,92b1,7fbe,4c84,
2300,0000,e24c,b2f1,7fbe,645c,
2301,32cb,a2a8,92b1,7fbe,b50a,
2302,0000,51cb,b2b9,7fbe,b13b,
2303,4153,a2f0,92b9,7fbe,6ac6,
2304,0000,ebc8,242e,7fbe,b69f,
2305,6059,a2e8,92b1,7fbe,7fb3,
2306,6b75,a2e8,92b1,7fbe,0ce2,
2307,c0de,a268,92b1,7fbe,9a8f,
2308,7904,5464,82b9,7fbe,c69c,
2309,86d1,a2e8,92b1,7fbe,e784,
2310,6155,a2e8,92b1,7fbe,0c1c,
2311,6155,a2e8,92b1,7fbe,4184,
2312,61d5,a2e8,92b1,7fbe,a2b3,
2313,0000,11a0,d5b1,7dbe,75e0,
2314,0df1,b2e8,e7a5,7fbe,7514,
2315,8561,e062,90b1,7ebe,147f,
2316,819e,a2e8,12a0,ffbe,dbed,
2317,4155,a2e8,92b1,7fbe,d48b,
2318,0000,d137,50b9,7fbe,d5c6,
2319,0000,9219,92b1,7fbe,6674,
2320,f3b5,a2e8,d142,7fbe,43f3,
2321,0000,e788,9291,7fbe,a52d,
2322,7155,a2e8,92b1,7fbe,912d,
2323,0037,b2e9,9ab1,7fbe,bef0,
2324,edd1,a2e8,1f48,7fbe,8df9,
2325,6175,a2e8,92b1,7fbe,0884,
2326,7051,a2e8,92b1,7fbe,db58,
2327,7079,e308,d351,7fbe,41e0,
2328,0000,336b,90b9,7fbe,9593,
2329,b43e,a2ec,92b3,7fbe,d72a,
2330,2935,a2e8,92b1,7fbe,c15d,
2331,0000,8674,d3b5,7fbe,c690,
2332,abb9,a2e8,92b1,7fbe,d2cc,
2333,6155,a2e8,92b1,7fbe,dce0,
2334,a851,e6e8,90b1,7fbe,645d,
2335,3151,a2e8,92b1,7fbe,8a7d,
2336,0000,99f9,9db7,7fbe,4951,
2337,0000,4999,d4a8,7fbe,a04b,
2338,6155,a2e8,92b1,7fbe,87fa,
2339,6175,a2e8,92b1,7fbe,2c4f,
2340,2155,a2e8,92b1,7fbe,aedb,
2341,6545,6714,92b1,7fbe,c5fc,
2342,6175,a2e8,92b1,7fbe,cbf7,
2343,8a5d,02ec,32b1,3fbe,17a2,
2344,0000,a424,f2b3,7fbe,c6c8,
2345,48b4,a3f0,92b9,7fbe,9ed7,
2346,0000,d537,a46e,7fbe,36df,
2347,b148,a2e8,92b1,7fbe,9a05,
2348,e581,9228,82f1,7fbe,9d81,
2349,0000,cc60,8571,7dbe,b7e8,
2350,7155,a2e8,92b1,7fbe,8ea9,
2351,5248,2440,92b5,7fbe,8620,
2352,a620,a2a9,92b1,7fbe,37f2,
2353,611d,a2e8,92b1,7fbe,465b,
2354,e1b3,4b56,96b1,7fbe,65be,
2355,6155,a2e8,92b1,7fbe,098d,
2356,50e5,2ae8,2aa6,7fbe,bc17,
2357,6154,a2e8,92b1,7fbe,514b,
2358,6155,a2e8,92b1,7fbe,2ef5,
2359,0000,2369,8eb1,7fbe,a180,
2360,ae07,a2e8,92b1,7fbe,9e12,
2361,6155,a2e8,92b1,7fbe,6d65,
2362,76de,a2e8,92b1,7fbe,178b,
2363,7155,a2e8,92b1,7fbe,b60c,
2364,6195,a2e8,92b1,7fbe,34f4,
2365,0602,23d3,96b0,7fbe,8938,
2366,9973,a2e8,92b1,7fbe,e826,
2367,fd32,a2e8,92b1,7fbe,9c67,
2368,6145,a2e8,92b1,7fbe,44dc,
2369,0000,56aa,56f3,7fbe,d442,
2370,6ffe,a3e8,42dc,7fbe,d06d,
2371,0000,f7d4,c78d,7fbe,553c,
2372,2b27,ba69,9af1,7fbe,cdbb,
2373,6151,a2e8,92b1,7fbe,c969,
2374,6155,a2e8,92b1,7fbe,5da7,
2375,ebf6,c2e8,b2b1,7fbe,288b,
2376,0394,e6e8,90b1,7fbe,cbea,
2377,6114,a2e8,92b1,7fbe,b1dc,
2378,0000,1edc,1099,7fbe,7d45,
2379,4917,a2e8,92b1,7fbe,d6d1,
2380,c55d,a2e8,e8d9,7fbe,7a68,
2381,c1fb,a2e8,75b4,7fbe,e705,
2382,e155,a2e8,92b1,7fbe,5d76,
2383,405d,a2e8,92b1,7fbe,3aff,
2384,0000,b38d,6640,7fbe,66fb,
2385,a353,224a,92b0,7fbe,e49d,
2386,0000,c033,90a1,7fbe,a6fb,
2387,78d3,a2e8,17f0,7fbe,8541,
2388,2dde,a2e8,96c8,7fbe,0479,
2389,71d5,a2e8,92b1,7fbe,ca7e,
2390,6555,a2e8,92b1,7fbe,e553,
2391,6155,a2e8,92b1,7fbe,12d5,
2392,0000,bad3,6802,7fbe,fab3,
2393,af54,a2e8,d7ab,7fbe,451a,
2394,6115,a2e8,92b1,7fbe,573d,
2395,6115,a2e8,92b1,7fbe,b1de,
2396,6155,a2e8,92b1,7fbe,e410,
2397,6545,a2e8,92b1,7fbe,d4ea,
2398,d54c,8964,97b5,7fbe,d14d,
2399,2355,a2e8,92b1,7fbe,d463,
2400,a955,a2e8,92b1,7fbe,01eb,
2401,3d16,a2e8,e4b0,7fbe,7601,
2402,4ddc,a2a8,f242,7fbe,60f3,
2403,0000,a2e8,427d,7fbe,d0cc,
2404,674f,a2e8,02c3,7fbe,9072,
2405,0000,a495,b791,7fbe,4839,
2406,3587,a2e8,e4e4,7fbe,7655,
2407,6155,a2e8,92b1,7fbe,817e,
2408,85c5,a2e8,92b1,7fbe,e490,
2409,9545,a2e9,92b1,7fbe,b836,
2410,6115,a2e8,92b1,7fbe,2ba2,
2411,7155,a2e8,92b1,7fbe,d202,
2412,4145,a2e8,92b1,7fbe,66e0,
2413,6115,a2e8,92b1,7fbe,b2fb,
2414,7155,a2e8,92b1,7fbe,d42a,
2415,47cb,a2e8,92b1,7fbe,861e,
2416,0000,5fb7,d2a1,7fbe,3d7f,
2417,0720,72c8,12b3,7fbf,6525,
2418,e01a,a2f0,93a9,7fb6,aff4,
2419,4355,e2f9,12b1,7fbe,eaa4,
2420,71d5,a2e8,92b1,7fbe,3566,
2421,6155,a2e8,92b1,7fbe,032a,
2422,42cd,a2e8,3364,7fbe,a1d5,
2423,4545,a2e8,92b1,7fbe,8ffe,
2424,6155,a2e8,92b1,7fbe,bfff,
2425,2210,aa41,d2a1,7fbe,8891,
2426,3c50,a2e8,92b1,7fbe,5d04,
2427,0000,2a5a,3903,7fbe,aab2,
2428,63d7,a2e8,92b1,7fbe,0ce7,
2429,0000,4a78,d2b1,7fbe,4898,
2430,6055,a2e8,92b1,7fbe,bdb4,
2431,6904,8ae8,82b1,7fbe,1a2c,
2432,ce98,a2a8,b694,7fbe,2425,
2433,5155,a2e8,92b1,7fbe,a9a2,
2434,6155,a2e8,92b1,7fbe,faf7,
2435,6135,a2e8,92b1,7fbe,47ca,
2436,fec5,a8ea,92b0,7fbe,736c,
2437,244c,a2e8,92b1,7fbe,5519,
2438,6105,a2e8,92b1,7fbe,e047,
2439,6155,a2e8,92b1,7fbe,a0e1,
2440,0000,0b08,9236,7fbc,03e5,
2441,0000,0094,30cd,7fbe,a27c,
2442,71f5,a2e8,92b1,7fbe,9a93,
2443,6115,a2e8,92b1,7fbe,d915,
2444,6115,a2e8,92b1,7fbe,b42b,
2445,515d,a6e8,90b1,7fbe,4145,
2446,e33a,20e7,1011,7fbe,c72e,
2447,6157,a2e8,92b1,7fbe,9c80,
2448,6155,a2e8,92b1,7fbe,a3eb,
2449,0667,a268,92b1,7fbe,d692,
2450,0000,f4c2,b2b5,7fbe,3e24,
2451,9820,a2e8,92b1,7fbe,f975,
2452,6465,a2e8,9411,7fbe,06a0,
2453,7555,a2e8,92b1,7fbe,d118,
2454,7351,ea1d,92b1,7fbe,48f5,
2455,4919,a2e0,92b5,7fbe,6c4b,
2456,6155,a2e8,92b1,7fbe,64b6,
2457,625d,a2e8,92b1,7fbe,1f1c,
2458,f155,a2e8,92b1,7fbe,c8c7,
2459,7154,aae8,92b1,7fbe,7986,
2460,d7d5,a2e8,92b1,7fbe,a680,
2461,0000,dbe5,92b1,7fbe,3929,
2462,6155,a2e8,92b1,7fbe,2f01,
2463,0000,00d8,38c0,7fbe,aa71,
2464,6155,a2e8,92b1,7fbe,eb62,
2465,e801,e93f,8271,7fbe,7291,
2466,6125,a2e8,8a85,7fbe,1834,
2467,5d15,3718,1a13,7ffe,db9e,
2468,6155,a2e8,92b1,7fbe,6033,
2469,2155,a2e8,92b1,7fbe,73af,
2470,6155,a2e8,92b1,7fbe,f467,
2471,0afe,e2e8,92b1,7fbe,ef03,
2472,6d7d,a2e8,92b1,7fbe,0c28,
2473,7155,a2e8,92b1,7fbe,956e,
2474,7997,a2e8,92b1,7fbe,b235,
2475,6155,a2e8,92b1,7fbe,6f18,
2476,0000,cb73,d2e1,7fbe,a12b,
2477,752c,aae9,3ca0,7fbe,ae11,
2478,0000,34a1,04f8,7fbe,9649,
2479,6055,a2e8,92b1,7fbe,402b,
2480,6115,a2e8,92b1,7fbe,bab8,
2481,6367,a264,92b5,7fbe,82a2,
2482,0000,e37c,9139,7ebe,917d,
2483,0000,22c8,92b1,7fbe,891b,
2484,7511,a2e8,b914,7fbe,2ba5,
2485,64d4,a2e8,ef13,7fbe,7da2,
2486,cd7a,a2e8,92b1,7fbe,ad2f,
2487,6155,a2e8,92b1,7fbe,f05e,
2488,6155,a2e8,92b1,7fbe,cb71,
2489,61d7,a2e8,92b1,7fbe,d0da,
2490,b843,a2e8,92b1,7fbe,c916,
2491,35c3,a2a9,92b1,7fbe,94e9,
2492,50ee,a268,92b1,7fbe,10ba,
2493,747b,a2e8,92b1,7fbe,542e,
2494,13eb,bae8,549c,7fbe,c62d,
2495,6115,a2e8,92b1,7fbe,c341,
2496,0000,fd5a,9331,7fbe,7cf2,
2497,6154,a2e8,92b1,7fbe,9fb8,
2498,164d,a2e8,2448,7fbe,b6f9,
2499,6115,a2e8,92b1,7fbe,6d78,
2500,0000,d3bc,92b1,7fbe,95b7,
2501,c3b7,d2ec,b2b1,7fbe,71a1,
2502,e155,a2e8,92b1,7fbe,0ea4,
2503,6155,a2e8,92b1,7fbe,dbc5,
2504,0955,b2e8,92b1,7fbe,f161,
2505,e35d,22f9,12b1,7fbe,4c53,
2506,6055,a2e8,92b1,7fbe,eaa9,
2507,7145,a2e8,92b1,7fbe,c75f,
2508,d295,a2e8,09a2,7fbe,9b13,
2509,6955,a2e8,92b1,7fbe,9cec,
2510,7159,a2e8,92b1,7fbe,357c,
2511,2914,a368,9231,7fbe,d3fe,
2512,6555,a2e8,92b1,7fbe,3347,
2513,0000,1749,2610,7fbe,b4a1,
2514,a145,a0d8,92a1,7fbe,508f,
2515,bf9b,a2e8,92b1,7fbe,db6f,
2516,6155,a2e8,92b1,7fbe,bcce,
2517,e755,a2e8,0594,7fbe,9725,
2518,78c3,a2e8,341f,7fbe,a6ae,
2519,0586,faa9,1a91,7fbe,5d0b,
2520,0000,188c,b2b9,7fbe,ca78,
2521,f553,a2be,92bb,7fbe,65b1,
2522,7057,a2e8,92b1,7fbe,e33c,
2523,26d7,a2e8,92b1,7fbe,4782,
2524,7157,28da,96a0,7fbe,e07a,
2525,41b8,936a,8231,7fbe,1bb2,
2526,6945,a2e8,92b1,7fbe,2fb5,
2527,4b36,a2e8,2990,7fbe,bb21,
2528,1251,a068,93b1,7fbe,9a06,
2529,6555,a2e8,92b1,7fbe,3f8f,
2530,2155,a2e8,92b1,7fbe,890b,
2531,0000,5994,69cd,7fbe,fb7c,
2532,2989,a2e8,92b1,7fbe,499c,
2533,6e4a,a2e8,92b1,7fbe,0b5e,
2534,0d04,3bfd,9a91,7fae,2ef1,
2535,0000,6ad1,92e1,7fbe,c2bb,
2536,6955,a2e8,92b1,7fbe,43d8,
2537,4b16,a278,92b1,7fbe,b496,
2538,0000,e468,90b1,7fbe,bc4a,
2539,71d1,a2e8,92b1,7fbe,2bca,
2540,7155,a2e8,92b1,7fbe,be3a,
2541,0000,d160,7375,5fbe,70d3,
2542,70b7,a2e8,242a,7fbe,b69b,
2543,0000,a2fa,90b1,7fbe,65af,
2544,7d45,6d94,9291,7fbe,cb3c,
2545,7071,a2e8,92d2,7fbe,0063,
2546,e0df,22e9,12b1,7fbe,53ab,
2547,91d1,a2e8,92b1,7fbe,3d38,
2548,84d9,80e0,92b1,7fbe,058a,
2549,e75c,a2e8,36ba,7fbe,a40b,
2550,6155,a2e8,92b1,7fbe,77c4,
2551,f485,6056,500f,7fbe,c2be,
2552,61d5,a2e8,92b1,7fbe,0687,
2553,6115,a2e8,92b1,7fbe,6359,
2554,6155,a2e8,92b1,7fbe,2f5b,
2555,6555,a2e8,92b1,7fbe,7a5d,
2556,5342,a2e8,92b1,7fbe,f357,
2557,3959,82e8,92b1,7fbe,5b15,
2558,31c7,a2e8,92b1,7fbe,b8bc,
2559,0000,22ec,92f5,7fbc,6053,
2560,59db,e2ec,b2b1,7fbe,d960,
2561,4394,c642,90b1,7fbe,62aa,
2562,ca09,a2e8,92b1,7fbe,af78,
2563,e1d5,a2e8,92b1,7fbe,cc25,
2564,2155,a2e8,92b1,7fbe,79a1,
2565,6155,a2e8,92b1,7fbe,ce38,
2566,635d,a2e8,92b1,7fbe,3c2a,
2567,93f1,f008,92b1,7fbe,52e0,
2568,8954,92e8,82b1,7fbe,f5fb,
2569,0000,0000,92b1,7fbe,00ae,
2570,0000,f0ec,f223,7fbe,e1e7,
2571,0b14,22fb,12b3,7fbf,ec86,
2572,6194,a228,92f1,7fbe,b890,
2573,e085,8a6b,d1b3,7fbe,ce0d,
2574,41d5,a2e8,92b1,7fbe,a22b,
2575,6151,a2e8,92b1,7fbe,6b2f,
2576,6104,22e8,92b1,7fbe,da6c,
2577,2155,a2e8,92b1,7fbe,491f,
2578,4015,a2e8,92b1,7fbe,a53c,
2579,0000,fcf9,cca0,7fbe,5e11,
2580,0000,c233,92b1,7fbe,29ed,
2581,619b,a2e8,1d20,7fbe,8f91,
2582,509d,a168,93b1,7fbe,8cab,
2583,6055,a2e8,92b1,7fbe,e120,
2584,6155,a2e8,92b1,7fbe,f487,
2585,6544,a2e8,92b1,7fbe,e57a,
2586,0000,7018,18b3,7fbe,ce36,
2587,408a,a2e8,1fd6,7fbe,8d67,
2588,415d,a2e8,92b1,7fbe,1b18,
2589,0000,b23d,cb85,7fbe,d582,
2590,6155,a2e8,92b1,7fbe,239e,
2591,0000,a2e8,0c8e,7fbe,9e3f,
2592,b719,a2e2,c087,7fbe,5236,
2593,b565,9f0f,0291,7fbe,1d94,
2594,0000,c301,91b1,7fbe,26e9,
2595,6155,a2e8,92b1,7fbe,aedd,
2596,6155,a2e8,92b1,7fbe,12c8,
2597,6155,a2e8,92b1,7fbe,a0b8,
2598,6055,a2e8,92b1,7fbe,481a,
2599,2338,a2e8,92b1,7fbe,0349,
2600,215c,22e8,d2b1,7fbe,bb95,
2601,6117,a2e8,92b1,7fbe,c758,
2602,0000,a2e8,483f,7fbe,da8e,
2603,eb3b,a2e8,5dde,7fbe,cf6f,
2604,a145,a2e8,92b1,7fbe,b641,
2605,6155,a2e8,92b1,7fbe,2f94,
2606,2844,a2e4,92b5,7fbe,89f5,
2607,0000,2489,82e0,77be,1f3f,
2608,d5b7,a2e8,92b1,7fbe,b4e2,
2609,6145,a2e8,92b1,7fbe,5dcf,
2610,e055,a2e8,92b1,7fbe,a889,
2611,6175,a2e8,92b1,7fbe,4f0f,
2612,0000,a37d,aa33,6fbe,781f,
2613,6155,a2e8,92b1,7fbe,be0b,
2614,f757,a2e8,92b1,7fbe,9602,
2615,0000,7c6b,4c32,7fbe,de83,
2616,0000,6298,92b9,7fbe,4752,
2617,baff,a2e8,92b1,7fbe,dbaa,
2618,f1d2,a2e8,b19c,7fbe,232d,
2619,6145,a2e8,92b1,7fbe,e54e,
2620,ac34,b2e8,92b6,7fbc,4dc6,
2621,37a0,33c6,92b1,7fbe,912e,
2622,7558,a2e8,f1ca,7fbe,637b,
2623,0000,d86a,b130,7ebe,d710,
2624,46f7,a2e8,92b1,7fbe,27a2,
2625,8b81,a2e8,92b1,7fbe,ead4,
2626,6111,a2e8,92b1,7fbe,47b5,
2627,2640,2ce8,96b1,7fbe,0397,
2628,c688,a2e0,92b1,7fbe,afc1,
2629,0000,a2ea,cd9c,7fbe,5f2c,
2630,6155,a2e8,92b1,7fbe,bbc6,
2631,4da0,a5f8,cf84,7fbe,5f3d,
2632,5441,4615,82b1,7fbe,d4fd,
2633,0000,ab69,82b9,7fbe,2897,
2634,30cf,b2ab,92b1,7fbe,7b9c,
2635,e35d,22f9,12b1,7fbe,4c53,
2636,6155,a2e8,92b1,7fbe,438c,
2637,6115,a2e8,92b1,7fbe,abcd,
2638,2115,a2e8,92b1,7fbe,271b,
2639,f9a2,a2e8,8c9f,7fbe,1e2e,
2640,6155,a2e8,92b1,7fbe,9091,
2641,6155,a2e8,92b1,7fbe,21fc,
2642,3155,a2e8,92b1,7fbe,58f3,
2643,0000,5aac,f2f1,3fbe,6f8e,
2644,eea6,a2e8,92b1,7fbe,8ff3,
2645,210a,01e0,6ed6,7fbe,bc67,
2646,7194,a2e8,92b1,7fbe,8698,
2647,715b,a2e0,92b5,7fbe,ec28,
2648,e155,a2e8,92b1,7fbe,e962,
2649,6155,a2e8,92b1,7fbe,280e,
2650,511c,a264,92b5,7fbe,7a14,
2651,5f31,b2e8,c47c,7fbe,56cd,
2652,6914,a2e8,92b1,7fbe,8950,
2653,6500,aaab,92f1,7fbe,541e,
2654,8764,a2e8,4493,7fbe,d622,
2655,00c1,a2e8,92b1,7fbe,6555,
2656,6155,a2e8,92b1,7fbe,7a87,
2657,6155,a2e8,92b1,7fbe,277f,
2658,3111,82e8,f2b1,5fbe,0c73,
2659,0000,dfbd,8bb5,7fbe,57d9,
2660,c131,a0c8,92a1,7fbe,84f2,
2661,0000,a2e8,29ef,7fbe,bb5e,
2662,61c9,a2e8,d466,7fbe,46d7,
2663,b1dd,82ec,b2b1,7fbe,bbe8,
2664,6945,a2e8,92b1,7fbe,2fb5,
2665,c933,8a60,82f5,7fbe,6507,
2666,9081,8de4,12b1,7fbe,af1d,
2667,7a18,a2e8,92b1,7fbe,0b0d,
2668,0000,e094,90f3,7fbe,4db8,
2669,6151,a2e8,92b1,7fbe,6bb7,
2670,0000,a0ee,cff2,7fbe,5d43,
2671,6875,a2e8,92b1,7fbe,07a3,
2672,6155,a2e8,92b1,7fbe,9236,
2673,0000,8520,18bb,7fbe,32d5,
2674,6155,a2e8,92b1,7fbe,cc1d,
2675,6117,a2e8,92b1,7fbe,4bd1,
2676,6ddc,c479,f420,7fbe,6691,
2677,0000,e578,1474,7fbe,9808,
2678,3566,a2e8,ca1c,7fbe,58ad,
2679,1ca1,0143,d385,7fbe,2543,
2680,4155,a2e8,92b1,7fbe,293d,
2681,bba0,a2e8,92b1,7fbe,daf5,
2682,635d,a2e8,92b1,7fbe,b533,
2683,da41,a2a0,92b1,7fbe,6913,
2684,6155,a2e8,92b1,7fbe,8ba6,
2685,d4bd,a2e8,92b1,7fbe,b5e8,
2686,6159,a2e8,92b1,7fbe,8d72,
2687,6155,a2e8,92b1,7fbe,1306,
2688,4d0d,a2ec,adc2,7fbe,3f73,
2689,a69c,c490,80a5,7fbe,0044,
2690,6154,a2e8,92b1,7fbe,2824,
2691,0331,abe8,73de,7fbe,e16f,
2692,7169,a2e8,4c30,7fbe,de81,
2693,b56f,a2e8,92b1,7fbe,d43a,
2694,71dd,a3f8,92b9,7fbe,909a,
2695,6105,a2e8,92b1,7fbe,9dd4,
2696,3289,a2e8,92b1,7fbe,4354,
2697,6155,a2e8,92b1,7fbe,a64c,
2698,7335,d31f,92b1,7fbe,71f7,
2699,e355,a2e8,92b1,7fbe,6224,
2700,7645,c2e8,b2b1,7fbe,f1d0,
2701,f091,a1e8,93b1,7fbe,d9fe,
2702,560c,a2e8,92b1,7fbe,3759,
2703,f955,a2a8,9291,7fbe,940e,
2704,e05d,7704,16b1,7fbe,5ded,
2705,1387,a2e8,6c4e,7fbe,feff,
2706,6155,a2e8,92b1,7fbe,abfd,
2707,0000,5f3d,13f0,7fbe,7f32,
2708,a508,614c,5115,7fbe,c3a4,
2709,6155,a2e8,92b1,7fbe,3e92,
2710,6155,a2e8,92b1,7fbe,18b1,
2711,1018,d36c,b231,7fbe,d7cf,
2712,e1d1,a2e8,ce70,7fbe,5cc1,
2713,6105,a2e8,92b1,7fbe,a1a0,
2714,7957,a2e8,92b1,7fbe,a0d0,
2715,7154,a2e8,92b1,7fbe,697e,
2716,68dd,a2e8,92b1,7fbe,0dcc,
2717,7773,cb62,92b3,7fbe,698e,
2718,4c15,a2e8,92b1,7fbe,2d00,
2719,6115,a2e8,92b1,7fbe,74e0,
2720,0000,2e67,96a9,7fbe,47a7,
2721,6155,a2e8,92b1,7fbe,1081,
2722,6157,a2f0,92b9,7fbe,32bc,
2723,6155,a2e8,92b1,7fbe,15f5,
2724,6155,a2e8,92b1,7fbe,740a,
2725,14a6,a2e8,92b1,7fbe,75f3,
2726,51dd,b786,92b1,7fbe,156e,
2727,7515,a2e8,92b1,7fbe,9200,
2728,0000,06c0,b2b1,7fbe,f42c,
2729,6155,a2e8,92b1,7fbe,aa4d,
2730,0000,3b9c,92b1,7fbe,c122,
2731,02b5,a2f9,12b1,7fbe,c1a8,
2732,6955,a2e8,92b1,7fbe,9481,
2733,435c,3339,1a91,7fbe,8980,
2734,5d72,a2e8,92b1,7fbe,1837,
2735,0846,3a5a,f2b0,7fbe,189c,
2736,8ee5,a2e8,92b1,7fbe,edb0,
2737,c9ac,a2e8,dbc4,7fbe,4975,
2738,dbc3,c397,93f1,7fbe,6bff,
2739,7300,a0a8,d3b1,5fbe,30d4,
2740,6d16,a2e8,e598,7fbe,7729,
2741,615d,a2e8,92b1,7fbe,9353,
2742,489f,a268,92b1,7fbe,afd1,
2743,274d,a2e8,92b1,7fbe,b8fe,
2744,0000,a22a,cfbd,7fbe,5d0c,
2745,a146,65e8,90b1,7fbe,a947,
2746,695d,a2e8,494e,7fbe,dbff,
2747,f1d2,62e0,d2b1,7fbe,c097,
2748,6354,a2e8,92b1,7fbe,97b4,
2749,db15,a2e8,fe55,7fbe,6ce4,
2750,7955,a2e8,92b1,7fbe,92ca,
2751,0000,a3aa,92b1,7fbe,1ef1,
2752,0000,aa8a,92b1,7fbe,a6fa,
2753,c3fd,a2e8,92b1,7fbe,b754,
2754,d25f,a3e8,ff5a,7fbe,6deb,
2755,69d7,a2e8,92b1,7fbe,e028,
2756,7870,a2f9,12b1,7fbe,20ea,
2757,e8fe,a2e8,6dd2,7fbe,ff63,
2758,60d5,a2e8,92b1,7fbe,eef7,
2759,5155,a2e8,92b1,7fbe,9f58,
2760,61d6,6aea,92b1,7fbe,c802,
2761,2155,a2e8,92b1,7fbe,907a,
2762,0165,a2e8,92b1,7fbe,dfb9,
2763,0000,ae4b,92b1,7fbe,4d6c,
2764,50d5,a2e8,f029,7fbe,6298,
2765,6955,a2e8,92b1,7fbe,9cec,
2766,4354,92ea,82b1,7fbe,cf1d,
2767,cd73,22aa,92b1,7fbe,fe90,
2768,6157,a2e8,92b1,7fbe,da8d,
2769,6015,a2e8,92b1,7fbe,7e4a,
2770,0000,4c16,20b1,7fbe,b8ef,
2771,6055,a2e8,92b1,7fbe,ced2,
2772,c31e,96b1,a6e8,7fbe,3459,
2773,6465,a2e8,9b36,7fbe,0987,
2774,6255,a2e8,92b1,7fbe,acf9,
2775,79a3,a2e8,ae7e,7fbe,3ccf,
2776,69d9,a2ec,92b1,7fbe,c6ff,
2777,0000,e3e8,cb0e,7fbe,59bf,
2778,0000,dfaa,32a1,7fbe,bf73,
2779,6115,a2e8,92b1,7fbe,dc33,
2780,41d5,a2e8,92b1,7fbe,3506,
2781,f18c,b2a9,9ab1,7fbe,f9b4,
2782,0000,2b3c,cfa3,7fbe,d963,
2783,6155,a2e8,92b1,7fbe,9e75,
2784,695a,b3e8,9231,7fbe,43a3,
2785,af6b,e1e8,3a01,7fbe,a8b0,
2786,252a,9e8c,82f5,7fbe,0ce8,
2787,6115,a2e8,92b1,7fbe,5379,
2788,74ff,9ac8,90b1,7fbe,3e20,
2789,2b6c,7e9b,1a93,7fbf,a33d,
2790,493e,a2e8,618f,7fbe,f33e,
2791,6115,a2e8,92b1,7fbe,108a,
2792,69d5,a2e8,92b1,7fbe,660a,
2793,6155,a2e8,92b1,7fbe,8507,
2794,29bc,82e8,92b1,7fbe,29ac,
2795,0000,8ae7,ba92,7fbf,d0fc,
2796,5bab,a2e8,a7a5,7fbe,3514,
2797,6155,a2e8,92b1,7fbe,bdca,
2798,61d5,a2e8,92b1,7fbe,3a67,
2799,3155,a2e8,92b1,7fbe,2b75,
2800,0000,2d0a,88f9,7fbe,f179,
2801,6155,a2e8,92b1,7fbe,1bff,
2802,e057,a2e8,fbdf,7fbe,696e,
2803,0000,559b,72b9,7fbe,166a,
2804,a2e8,a2e8,92b1,7fbe,e2ad,
2805,4155,a2e8,92b1,7fbe,aa42,
2806,81d3,a2e8,a66c,7fbe,34dd,
2807,a154,a2e9,12b1,7fbe,e676,
2808,c213,b2e8,88b0,7fbe,1a01,
2809,517e,a6a9,9291,7fbe,7522,
2810,68f3,a2e8,5d37,7fbe,cf86,
2811,0000,c630,e629,7fbe,7498,
2812,6115,a2e8,92b1,7fbe,4025,
2813,6fbe,bad6,93f9,7fbe,13a6,
2814,7151,a3e8,92b1,7fbe,cb84,
2815,089e,6e8d,82b1,7fbe,e467,
2816,6915,a2e8,92b1,7fbe,93a5,
2817,0746,a2e8,92b1,7fbe,6e13,
2818,273e,34d7,9231,7fbe,b73b,
2819,6165,a2e8,92b1,7fbe,034e,
2820,6b17,b2e9,9ab1,7fbe,226d,
2821,4155,a2e8,92b1,7fbe,b73f,
2822,ca04,aaff,b6b1,7fbe,c013,
2823,6115,a2e8,92b1,7fbe,21fe,
2824,2e50,b22d,f82b,7fbe,6a9a,
2825,6155,a2e8,92b1,7fbe,d3cc,
2826,0000,a2e8,ea86,7fbe,7837,
2827,0000,dd03,af5a,7fbe,3deb,
2828,08b6,22e0,d2b1,7fbe,a10b,
2829,0000,a2e9,0cac,7fbe,9e1d,
2830,4b5d,e2ec,b2b1,7fbe,8a0a,
2831,29ed,1018,9a13,7fbe,a3b1,
2832,6155,a2e8,92b1,7fbe,ad25,
2833,0000,1b2e,0e87,7fbe,46d0,
2834,0000,b6af,d2a1,7fbe,9677,
2835,0000,8e4d,2291,7fbe,d8e0,
2836,ca0c,4208,b231,7fbe,ac1e,
2837,1bf5,b159,a100,7fbe,33b1,
2838,0000,25cc,90b1,7fbe,7e6f,
2839,732d,a517,b211,7fbe,7233,
2840,6055,a2e8,92b1,7fbe,5d40,
2841,4b4f,a2ea,92b1,7fbe,18d6,
2842,5254,a2ca,92b0,7fbe,07c4,
2843,6114,a2e8,92b1,7fbe,2137,
2844,0000,ff23,cb1b,7fbe,598a,
2845,5159,a2e8,d5e7,7fbe,4756,
2846,0000,a2e8,4be5,7fbe,d954,
2847,7fc0,a2e8,92b1,7fbe,5e95,
2848,8051,f262,b2b7,7fbe,7a45,
2849,0000,224e,1217,7fbe,80a6,
2850,0000,f6d5,e37f,7fbe,c74d,
2851,0000,08e1,b8b8,7fbe,2a09,
2852,be74,a2e8,5bc9,7fbe,c978,
2853,e586,a3f0,93a9,7fbe,0118,
2854,631d,a2e8,92b1,7fbe,909d,
2855,d10f,a2e8,da78,7fbe,48c9,
2856,6cd7,aee8,96b1,7fbe,21f0,
2857,4c9a,8a6a,82b1,7fbe,62e2,
2858,7958,a2e8,92b1,7fbe,43ba,
2859,8b0d,a2e8,4017,7fbe,d2a6,
2860,6115,a2e8,92b1,7fbe,5c2e,
2861,0000,77d6,1091,7fbe,155f,
2862,6147,a2ee,92b3,7fbe,f050,
2863,0000,0000,92b0,7fbe,5aaa,
2864,7fc3,a2ca,8895,7fbe,1a24,
2865,0000,13f8,23a1,7fbe,b110,
2866,6145,a2e8,92b1,7fbe,e8c9,
2867,6115,a2e8,92b1,7fbe,73da,
2868,b28a,e3a2,92b0,7fbe,4968,
2869,0000,b1d3,f36b,7fbe,d9dc,
2870,771c,a2e8,1e19,7fbe,8ca8,
2871,0000,413a,90b3,7fbe,a5d7,
2872,0000,26b0,9c91,7bbe,b4b1,
2873,7155,a2e8,92b1,7fbe,cf10,
2874,4555,a2e8,92b1,7fbe,2050,
2875,6155,a2e8,92b1,7fbe,dac3,
2876,e1d5,a2e8,92b1,7fbe,c286,
2877,0000,4077,9ab3,7fbe,f29b,
2878,0000,8f05,d6a0,7fbe,87fe,
2879,cca9,a2e8,92b1,7fbe,addc,
2880,dc33,a7f9,11b1,7fbe,4e20,
2881,6955,a2e8,92b1,7fbe,6fe3,
2882,9dc1,a2e8,92b1,7fbe,fd94,
2883,0000,1b87,bb9f,7fbe,292e,
2884,e3d5,a2e8,1688,7fbe,8439,
2885,0000,7ece,a6ec,7fbe,b1d3,
2886,6555,a2e8,92b1,7fbe,9a43,
2887,ee7f,b2e8,9ab1,7fbe,9187,
2888,437a,a2e8,6975,7fbe,fbc4,
2889,1506,a2e8,6fc8,7fbe,fd79,
2890,0000,269c,b2b9,7fbe,d464,
2891,58b1,a2e8,9469,7fbe,06d8,
2892,0000,df4d,ae10,7fbe,3ca1,
2893,a3f2,13f0,9bb1,7fbe,ab9b,
2894,79b4,a2ed,92b3,7fbe,3907,
2895,ee17,a2ec,d124,7fbe,4395,
2896,6114,a2e8,92b1,7fbe,1891,
2897,550f,a2e8,92b1,7fbe,b45a,
2898,61d5,a2e8,92b1,7fbe,561b,
2899,6155,a2e8,92b1,7fbe,cb18,
2900,0000,baae,9ab3,7fbe,a7e1,
2901,0000,ae6f,d271,7fbe,9def,
2902,f153,a2e8,92b1,7fbe,737b,
2903,0000,2f98,1091,7fbe,8b31,
2904,6055,a2e8,92b1,7fbe,3b82,
2905,dc86,a2e8,92b1,7fbe,0cf9,
2906,0000,8882,0ab4,7fbe,9805,
2907,97ed,a2e8,92b1,7fbe,e6b8,
2908,d46d,a2e8,92b1,7fbe,b579,
2909,0000,a7d3,978a,7fbe,053b,
2910,064d,62f9,12b1,7fbe,1fee,
2911,4155,a2e8,92b1,7fbe,60f0,
2912,6155,a2e8,92b1,7fbe,4ca1,
2913,0000,ea00,10b1,7fbe,cef9,
2914,ed39,a2e8,92b1,7fbe,8c6d,
2915,71e7,a2e8,92b1,7fbe,1ab2,
2916,b0fa,a2e8,92b1,7fbe,d1ab,
2917,ae9e,a7b9,92b1,7fbe,f6ac,
2918,0000,3123,8671,7f9e,e465,
2919,ad05,a2e8,587d,7fbe,cacc,
2920,0000,a2e8,8190,7fbe,1321,
2921,9c4c,a2e8,6aa5,7fbe,f814,
2922,7455,a2e8,92b1,7fbe,0ec2,
2923,4eb0,a2e8,92b1,7fbe,2fe5,
2924,be1c,e3e8,c620,7fbe,5491,
2925,6115,a2e8,92b1,7fbe,6717,
2926,0000,9d8d,9391,7fbe,1905,
2927,b135,aa68,92f1,7fbe,2b58,
2928,4155,a2e8,92b1,7fbe,af0a,
2929,0000,30f4,92f9,7fbe,928c,
2930,ae71,b266,9ab5,7fbe,9cb2,
2931,6155,a2e8,92b1,7fbe,3712,
2932,e30d,a2e8,7876,7fbe,eac7,
2933,202c,22e8,c7f0,7fbe,5541,
2934,6115,a2e8,92b1,7fbe,9bd4,
2935,01e7,a3a8,7bef,7fbe,e95e,
2936,6155,a2e8,92b1,7fbe,c701,
2937,6857,a2e0,92b5,7fbe,35a1,
2938,6356,bae8,9ab1,7fbe,5f01,
2939,4d54,a2e8,db84,7fbe,4935,
2940,0000,a2e8,c05b,7fbe,52ea,
2941,615d,a2e8,92b1,7fbe,d19f,
2942,5d04,a2e8,dd6a,7fbe,4fdb,
2943,0000,57c0,303c,7fbe,f09e,
2944,0000,2e16,5a81,7fbe,d28f,
2945,0000,87bc,80b1,7fbe,9243,
2946,0000,c37a,f323,7fbe,6192,
2947,6e45,22d8,92a1,7fbe,e3e6,
2948,5f66,a2e8,92b1,7fbe,3e33,
2949,e155,a2e8,92b1,7fbe,e262,
2950,6c7e,a2e8,92b1,7fbe,0b2b,
2951,7151,a2e8,92b1,7fbe,a197,
2952,41d5,a2e8,92b1,7fbe,20b4,
2953,374b,a2e8,d721,7fbe,4590,
2954,186a,b5dc,93b5,7fbe,1538,
2955,265c,a2e8,92b1,7fbe,4709,
2956,6b15,a2e8,5f35,7fbe,cd84,
2957,6175,a2e8,92b1,7fbe,d272,
2958,59bb,4260,7239,7fbe,e088,
2959,0000,a85b,9802,7fbe,0ab3,
2960,205c,a2e8,abeb,7fbe,395a,
2961,615f,a2e8,92b1,7fbe,6b2a,
2962,7b6f,8dd9,b2b1,7fbe,4f35,
2963,0000,2926,193f,7fbe,8b8e,
2964,642d,56c8,d371,7fbe,76e8,
2965,d7fe,a2e8,92b1,7fbe,b6ab,
2966,6155,a2e8,92b1,7fbe,5ee1,
2967,0000,1821,90b0,7fbe,fecb,
2968,7151,a2e8,92b1,7fbe,1964,
2969,6155,a2e8,92b1,7fbe,2e17,
2970,7785,1ba0,b223,7fbe,fafc,
2971,6115,a2e8,92b1,7fbe,6987,
2972,f490,a2e8,1eed,7fbe,8c5c,
2973,6155,a2e8,92b1,7fbe,73e2,
2974,0d54,a2ca,92b0,7fbe,a1da,
2975,7155,a2e8,92b1,7fbe,6e64,
2976,6155,a2e8,92b1,7fbe,35a0,
2977,6194,a2e8,92b1,7fbe,9c63,
2978,6157,a2e8,92b1,7fbe,f370,
2979,6521,a2e8,7bc5,7fbe,e974,
2980,0000,902a,92b2,7fbe,3287,
2981,1149,a2e8,9193,7fbe,0322,
2982,6155,a2e8,92b1,7fbe,185c,
2983,66bd,2bf9,12b3,7fbf,4634,
2984,693c,a2e8,0d66,7fbe,9fd7,
2985,a765,a2e8,92b1,7fbe,c630,
2986,d232,a2e8,92b1,7fbe,a367,
2987,0000,8a0f,92b1,7fbe,c0b7,
2988,19cd,a2e8,7e59,7fbe,ece8,
2989,6536,82ea,82b1,7fbe,e447,
2990,8727,a2e8,57e1,7fbe,c550,
2991,440a,5350,6309,7fbe,f1b8,
2992,eac2,a2e8,92b1,7fbe,ab97,
2993,2055,a2e8,92b1,7fbe,0341,
2994,6115,a2e8,92b1,7fbe,9873,
2995,2640,2ce8,96b1,7fbe,0397,
2996,7153,a2e8,92b1,7fbe,296d,
2997,0000,ecb8,9601,7ffe,d1f1,
2998,6155,a2e8,92b1,7fbe,8748,
2999,8ea8,b2e8,92b1,7fbe,d7fd,
3000,d155,a2e8,92b1,7fbe,1f89,
3001,61d7,a2e8,92b1,7fbe,faa9,
3002,6155,a2e8,92b1,7fbe,ceba,
3003,6115,a2e8,92b1,7fbe,123d,
3004,0000,ccd1,fc88,7fbe,6e39,
3005,6155,a2e8,92b1,7fbe,8895,
3006,604d,aee8,96b1,7fbe,0509,
3007,0000,a2e8,1f84,7fbe,8d35,
3008,45a2,e768,92f0,7fbe,c541,
3009,20d9,03f9,92b0,ffbe,df89,
3010,6955,a2e8,92b1,7fbe,9a3f,
3011,9145,a2e8,815e,7fbe,13ef,
3012,7051,a2e8,92b1,7fbe,a9eb,
3013,82d1,ab31,3295,7fbe,8d10,
3014,0000,a2a8,3628,7fbe,a499,
3015,3175,a2e8,9faa,7fbe,0d1b,
3016,0000,8eb0,bee9,7fbe,2c58,
3017,3df6,b77e,8727,7fbe,1596,
3018,6155,a2e8,92b1,7fbe,3424,
3019,6165,a2e8,92b1,7fbe,dbd9,
3020,6564,8aea,82b1,7fbe,5e23,
3021,49f5,a2a8,92b1,7fbe,d05a,
3022,f601,a2e8,92b1,7fbe,9754,
3023,6955,a2e8,92b1,7fbe,df46,
3024,ff79,69db,13b1,7fbe,c932,
3025,ba26,a2e8,92b1,7fbe,db5b,
3026,10d7,a2e8,d8f7,7fbe,4a46,
3027,6055,a2e8,92b1,7fbe,d9c8,
3028,2145,22c8,92b1,7fbe,85c0,
3029,62a5,a2e8,7174,7fbe,e3c5,
3030,6157,a2e8,92b1,7fbe,76a5,
3031,fe28,a2e8,92b1,7fbe,9f7d,
3032,0000,e5be,9221,7fbe,56e6,
3033,6155,a2e8,92b1,7fbe,e8d5,
3034,2155,a2e8,92b1,7fbe,8db1,
3035,6145,a2e8,92b1,7fbe,930d,
3036,b9f5,a0d8,92a1,7fbe,523d,
3037,4155,a2e8,92b1,7fbe,c141,
3038,cf59,a2e8,0f4d,7fbe,9dfc,
3039,0000,a2e9,bfee,7fbe,2d5f,
3040,4135,a2e8,92b1,7fbe,6fa4,
3041,63d6,a2e8,92b1,7fbe,1283,
3042,f15d,15a0,92b1,7fbe,b748,
3043,7b31,a2e8,ef36,7fbe,7d87,
3044,b6de,a3e8,92b1,7fbe,f58b,
3045,7115,a2e8,92b1,7fbe,bd6f,
3046,7355,a2e8,92b1,7fbe,12ac,
3047,0000,1863,a35b,7fbe,31ea,
3048,e155,a2e8,92b1,7fbe,ced3,
3049,3210,a2e8,ab84,7fbe,3935,
3050,0000,5ae0,c2b1,7fbe,351e,
3051,7fda,a7e8,90b1,7fbe,f667,
3052,aafe,6dcb,5d92,7fbe,cf23,
3053,7743,a2e8,4d09,7fbe,dfb8,
3054,4171,aee8,96b1,7fbe,0858,
3055,0000,cfca,ff93,7fbe,6d22,
3056,5324,11da,92b1,7fbe,b332,
3057,0000,a3fc,92b9,7fbe,35f1,
3058,60c5,d707,92b1,7fbe,75ef,
3059,0000,a5e8,90b1,7fbe,9450,
3060,0000,23ec,92b1,7fbe,bc8d,
3061,bfe1,c9c5,92f2,7fbe,6be9,
3062,5155,a2e8,92b1,7fbe,fa20,
3063,7111,a2e8,92b1,7fbe,e2ee,
3064,ed38,a2e8,656f,7fbe,f7de,
3065,0000,ae04,bb3b,7fbe,6efb,
3066,6155,a2e8,92b1,7fbe,e6bd,
3067,20f3,82e8,0623,7fbe,9492,
3068,eb15,a2e8,6567,7fbe,f7d6,
3069,13c8,8f5e,16b1,7fbe,e1a7,
3070,405d,e6e8,90b1,7fbe,5006,
3071,43b6,a2e8,92b1,7fbe,22e3,
3072,6115,a2e8,92b1,7fbe,0fc1,
3073,6115,a2e8,92b1,7fbe,2533,
3074,7157,a2e8,92b1,7fbe,26d4,
3075,6155,a2e8,92b1,7fbe,f0d7,
3076,7956,aa68,92f1,7fbe,a23c,
3077,6155,a2e8,92b1,7fbe,0443,
3078,a464,c7dc,92b0,ffbe,906e,
3079,6155,a2e8,92b1,7fbe,f7e0,
3080,0000,11a5,b22a,ffbe,62dd,
3081,0000,4e22,b2b1,7fbe,8cc6,
3082,262e,e8f5,92f1,7fbe,429d,
3083,55d1,8670,92b1,7fbe,ed64,
3084,f985,a2e8,e8bf,7fbe,7a0e,
3085,c888,a2e8,92b1,7fbe,295d,
3086,5878,a2e8,c287,7fbe,5036,
3087,6155,a2e8,92b1,7fbe,9757,
3088,b3fb,a2e8,92b1,7fbe,d6ae,
3089,2145,a2e8,92b1,7fbe,cd94,
3090,089f,a2e8,92b1,7fbe,6b8a,
3091,6157,a2e8,92b1,7fbe,bc3b,
3092,4f65,d0f6,e0af,7fbe,721e,
3093,f963,a2e8,c77d,7fbe,55cc,
3094,1afd,a2e8,fddb,7fbe,6f6a,
3095,28f7,aee8,96b1,7fbe,579e,
3096,6155,a2e8,92b1,7fbe,5a6b,
3097,20c2,a2e8,3805,7fbe,aab4,
3098,decf,a2e8,92b1,7fbe,bf9a,
3099,0000,95f9,9221,7fbe,36b1,
3100,0000,a3e8,07a6,7fbe,9517,
3101,6155,a2e8,92b1,7fbe,ecea,
3102,a355,a2e8,92b1,7fbe,e953,
3103,30d7,a2e8,1a93,7fbe,8822,
3104,6155,a2e8,92b1,7fbe,7e95,
3105,2094,7bf1,4ba8,7fbe,d919,
3106,5155,a2e8,92b1,7fbe,a1b6,
3107,0e56,08c2,92b0,7fbe,22f5,
3108,71d7,a2e8,92b1,7fbe,968c,
3109,4855,a2eb,92b1,7fbe,5240,
3110,f145,a2e8,92b1,7fbe,a37a,
3111,6155,a2e8,92b1,7fbe,48d8,
3112,0000,1d0f,92b1,7fbe,775b,
3113,8f06,a2e8,92b1,7fbe,eed3,
3114,61d5,a2e8,92b1,7fbe,a5df,
3115,7155,a2e8,92b1,7fbe,bbdc,
3116,4992,a2e8,62cb,7fbe,f07a,
3117,056c,9d70,9291,7fbe,3ef8,
3118,3e35,a229,4405,7fbe,d6b4,
3119,71d7,a2e8,92b1,7fbe,9ce5,
3120,f150,a0d8,92a1,7fbe,c090,
3121,0000,55c9,96f0,7fbe,7fe3,
3122,0000,c200,b359,7fbe,21e8,
3123,b7ad,a2c8,92b1,7fbe,52bc,
3124,0000,d712,b291,7fbe,25be,
3125,f959,d85e,92b1,7fbe,7ab6,
3126,5c5d,a2e8,92b1,7fbe,3d0a,
3127,61d5,a2e8,92b1,7fbe,0459,
3128,0000,a2e8,85be,7fbe,170f,
3129,0000,d27f,e37d,7fbe,2847,
3130,6115,a2e8,92b1,7fbe,db1d,
3131,7117,aae8,92b1,7fbe,7a34,
3132,b105,a2e8,6595,7fbe,f724,
3133,6155,a2e8,92b1,7fbe,8e91,
3134,2f95,a2e8,7047,7fbe,e2f6,
3135,8f12,a2e8,92b1,7fbe,ee47,
3136,f12a,526b,96a1,7fbe,fca3,
3137,0000,7b2d,9a11,7ffe,c6c0,
3138,6114,a2e8,92b1,7fbe,6d0f,
3139,0000,aefb,92b1,7fbe,787e,
3140,6955,a2e8,92b1,7fbe,7196,
3141,e175,a2e8,92b1,7fbe,6855,
3142,cc0c,be2f,8ef3,77be,faa2,
3143,6155,a2e8,92b1,7fbe,f6f5,
3144,6105,a2e8,92b1,7fbe,123e,
3145,6155,a2e8,92b1,7fbe,9083,
3146,10c5,2ce8,94b1,7fbe,8f4f,
3147,a355,a2e8,f653,7fbe,64e2,
3148,2346,e4e8,90b1,7fbe,7359,
3149,b155,a2e8,5576,7fbe,c7c7,
3150,a44e,aaeb,92b0,7fbe,5cde,
3151,6155,a2e8,92b1,7fbe,2feb,
3152,6350,2f7c,82b1,7fbe,bd94,
3153,7645,c2e8,b2b1,7fbe,f1d0,
3154,aec8,a2e8,92b1,7fbe,cf9d,
3155,6152,a2e8,92b1,7fbe,be45,
3156,938b,60ff,93b1,7fbe,c117,
3157,6955,a2e8,92b1,7fbe,0787,
3158,6155,a2e8,92b1,7fbe,4d54,
3159,504d,abc8,92b1,7fbe,bd72,
3160,0000,a2e8,3919,7fbe,aba8,
3161,e155,a2e8,92b1,7fbe,dd8b,
3162,b9f5,a2e8,da5a,7fbe,48eb,
3163,5492,626c,d2b5,7fbe,eed4,
3164,f21a,a2d8,92a1,7fbe,1f7e,
3165,4107,2135,12b1,7fbe,03cc,
3166,8192,4918,96b1,7fbe,e3f0,
3167,0000,a616,964f,7fbe,04fe,
3168,635d,62e9,12b1,7fbe,5f7e,
3169,0000,9438,a461,7fbe,36d0,
3170,0000,a2a9,92b1,7fbe,c57e,
3171,2947,c967,92b0,7fbe,6b8d,
3172,6c54,a259,9271,7ffe,61fb,
3173,0000,d639,92f1,7fbe,7c31,
3174,62f0,a2e8,b06e,7fbe,22df,
3175,42f9,a2e8,6e41,7fbe,fcf0,
3176,6155,a2e8,92b1,7fbe,9cfc,
3177,2547,a2e8,92b1,7fbe,161e,
3178,6115,a2e8,92b1,7fbe,3f5b,
3179,7115,a2e8,92b1,7fbe,0628,
3180,7514,a2e8,92b1,7fbe,b085,
3181,0000,a088,92a1,7fbe,e6ff,
3182,d578,a2e8,43e6,7fbe,d157,
3183,d2f7,a2e8,db52,7fbe,49e3,
3184,6155,a2e8,92b1,7fbe,edab,
3185,7b5d,a2e8,6c91,7fbe,fe20,
3186,6d0f,a2e8,7f96,7fbe,ed27,
3187,c169,a2e8,92b1,7fbe,a07c,
3188,3763,a0c8,aaf3,7fbe,3842,
3189,b2af,8260,92b1,7fbe,55ef,
3190,6151,a2e8,92b1,7fbe,e968,
3191,6515,2541,92b1,7fbe,87a9,
3192,f9b7,a2a8,92b1,7fbe,d544,
3193,c1a5,a2e8,92b1,7fbe,a0b0,
3194,e137,b268,92b1,7fbe,5b43,
3195,5d14,aaca,92b0,7fbe,aad9,
3196,0000,202e,9298,7fbe,03b0,
3197,6155,a2e8,92b1,7fbe,2a19,
3198,4b5f,feff,92b1,7fbe,5c17,
3199,6155,a2e8,92b1,7fbe,178f,
3200,2564,a2e8,92b1,7fbe,4471,
3201,ef6f,b410,8449,7fbe,16f8,
3202,0000,e178,92b9,7fbe,7bfb,
3203,fa76,a4a8,90b1,7fbe,1822,
3204,f315,6e9e,d0a9,7fbe,0846,
3205,ae38,a2e8,251f,7fbe,b7ae,
3206,0000,a4c0,9220,7fbe,0732,
3207,7151,a2e8,92b1,7fbe,8061,
3208,d985,aaca,ea17,7fbe,78a6,
3209,0000,a2aa,576d,7fbe,c5dc,
3210,f4a8,a2e8,92b1,7fbe,95bd,
3211,0000,a6a8,1290,ffbe,16e4,
3212,e135,a2e8,92b1,7fbe,d119,
3213,2935,aa08,92f1,7fbe,588f,
3214,f257,a2e8,c466,7fbe,56d7,
3215,6155,a2e8,92b1,7fbe,0c01,
3216,a72c,a2e8,9da8,7fbe,0f19,
3217,c1a4,3743,92a1,7fbe,959b,
3218,6262,a2e8,41de,7fbe,d36f,
3219,7a4b,a2e8,92b1,7fbe,1b1e,
3220,7155,a2e8,92b1,7fbe,8250,
3221,fdac,a2e8,92b1,7fbe,8cb5,
3222,6b75,a2e8,92b1,7fbe,4df5,
3223,2370,a2e8,92b1,7fbe,4265,
3224,e375,a2f8,92b1,7fbe,8173,
3225,70ce,a2e8,aba2,7fbe,3913,
3226,0000,a2ab,961a,7fbe,04ab,
3227,0000,bb5d,b6b1,7fbe,51b5,
3228,adc9,a3e8,92b1,7fbe,c7dc,
3229,0000,3f76,96b1,7fbe,959e,
3230,0000,a3e4,92b3,7fbe,1ef2,
3231,3155,a2e8,92b1,7fbe,75fb,
3232,0000,b2e8,82c7,7fbe,1076,
3233,6155,a2e8,92b1,7fbe,ae3c,
3234,f46f,a2e8,2859,7fbe,bae8,
3235,6114,a2e8,92b1,7fbe,7224,
3236,61f3,b2a8,92b1,7fbe,91c3,
3237,6305,a2e8,92b1,7fbe,0a14,
3238,6055,a2e8,92b1,7fbe,859e,
3239,61d5,a2e8,92b1,7fbe,ba74,
3240,7d59,739b,92b1,7fbe,d173,
3241,0000,bdb9,8de0,7fbe,1f51,
3242,6155,a2e8,92b1,7fbe,b742,
3243,6b77,a2e8,2f75,7fbe,bdc4,
3244,5b78,a2e9,12b1,7fbe,1345,
3245,6157,a2e8,92b1,7fbe,63b1,
3246,6454,a2e8,92b1,7fbe,9d01,
3247,0000,50b3,06a3,7fbe,ca44,
3248,6565,a2e8,92b1,7fbe,8a4f,
3249,0000,f0bc,caf1,7fbe,eadd,
3250,7911,a2e8,764a,7fbe,e4fb,
3251,6351,a2e8,3177,7fbe,a3c6,
3252,ab1b,2ae2,8ab1,77be,c2c9,
3253,3045,a2e8,92b1,7fbe,66e8,
3254,0000,446a,9331,7fbe,f582,
3255,f15f,a2e8,8db8,7fbe,1f09,
3256,4155,a2e8,92b1,7fbe,2947,
3257,a31c,e2e8,8656,7fbe,14e7,
3258,0000,4da0,1498,7fbe,663a,
3259,6155,a2e8,92b1,7fbe,f36b,
3260,bcb2,a2ea,5fbc,7fbe,cd0d,
3261,7145,a2e8,92b1,7fbe,0cfd,
3262,707e,b2e8,92b1,7fbe,3129,
3263,ec45,e4f0,90b9,7fbe,3641,
3264,d17e,e2a8,92b1,7fbe,d23f,
3265,e194,0260,d2b1,7fbe,4311,
3266,8619,a8f0,96b1,7fbe,0018,
3267,f377,b368,9231,7fbe,957c,
3268,110e,a2e8,ddab,7fbe,4f1a,
3269,0000,a2e8,f2d8,7fbe,6069,
3270,6d77,a2e8,92b1,7fbe,40ea,
3271,0000,0890,82a1,7fbe,9a5a,
3272,ebd3,a2e8,92b1,7fbe,8ac6,
3273,6175,a2e8,92b1,7fbe,feae,
3274,2015,a268,92b1,7fbe,671b,
3275,0000,63d4,528d,7fbe,c0bc,
3276,e155,a2e8,92b1,7fbe,5d76,
3277,0000,e266,e2b1,5fbe,7fda,
3278,411c,a2e8,863a,7fbe,148b,
3279,6314,a2e8,92b1,7fbe,adf2,
3280,2853,a2e8,92b1,7fbe,4906,
3281,ed29,a2e8,3354,7fbe,a1e5,
3282,3846,a2e0,fd91,7fbe,6f20,
3283,2f3e,82e8,82b1,7fbe,7e72,
3284,7175,a2e8,92b1,7fbe,8d03,
3285,3155,a2e8,92b1,7fbe,f9a7,
3286,0000,12aa,db91,7fbe,630a,
3287,f4c1,a2e8,92b1,7fbe,95d4,
3288,0000,aa4a,9331,7f3e,efb5,
3289,6151,a2e8,92b1,7fbe,03b7,
3290,fb15,bae9,9ab1,7fbe,9b2f,
3291,6155,a2e8,92b1,7fbe,ed7c,
3292,0000,a2e8,b685,7fbe,2434,
3293,0000,d8ba,5a93,7fbe,76b7,
3294,5b73,a2e8,92b1,7fbe,3a26,
3295,6055,a2e8,f1c6,7fbe,6377,
3296,0000,a2e8,1ac7,7fbe,8876,
3297,5058,a2e8,92b1,7fbe,b008,
3298,4155,a2e8,92b1,7fbe,ad18,
3299,6315,a2e8,92b1,7fbe,5b8d,
3300,6157,a2e8,92b1,7fbe,b9f4,
3301,7155,a2e8,92b1,7fbe,962e,
3302,2115,22e0,d2b1,7fbe,eb8b,
3303,73b6,a2e8,06ff,7fbe,944e,
3304,0000,60f6,3690,7fbe,1e69,
3305,b1e4,a2e8,92b1,7fbe,e0b1,
3306,73d1,a2e8,697d,7fbe,fbcc,
3307,6155,a2e8,92b1,7fbe,7917,
3308,6115,a2e8,92b1,7fbe,144c,
3309,0000,e9c9,a658,7fbe,909c,
3310,d37d,22f9,12b1,7fbe,85a1,
3311,e3f7,a2e8,1a08,7fbe,88b9,
3312,2773,ae0a,92d1,7fbe,9f40,
3313,6345,a2e8,92b1,7fbe,8b56,
3314,5d72,a2e8,92b1,7fbe,2c27,
3315,0000,d194,92b1,7fbe,b636,
3316,6155,a2e8,92b1,7fbe,997f,
3317,f145,a2e8,92b1,7fbe,a37a,
3318,d9dd,a3f8,92b9,7fbe,26ba,
3319,2027,a3e8,9231,7fbe,e1f0,
3320,3762,a2e0,077f,7fbe,95ce,
3321,7151,a2e8,92b1,7fbe,2fcd,
3322,6565,a2e8,92b1,7fbe,0380,
3323,0000,9672,b258,7fbe,0d2b,
3324,6157,a2e8,92b1,7fbe,8549,
3325,7155,a2e8,92b1,7fbe,a410,
3326,58d0,b26a,92b1,7fbe,ae1c,
3327,0000,a91b,994a,7fbe,0bfb,
3328,6145,a2e8,92b1,7fbe,4d51,
3329,6151,a2e8,92b1,7fbe,6b13,
3330,e657,a2e8,bfe9,7fbe,2d58,
3331,ce2c,22e0,d2b1,7fbe,c634,
3332,6155,a2e8,92b1,7fbe,f804,
3333,6115,a2e8,92b1,7fbe,7159,
3334,2f44,9ae8,82b1,7fbe,f496,
3335,e155,a2ca,92b0,7fbe,c698,
3336,6174,a2e8,92b1,7fbe,0552,
3337,25d5,a2e8,0bd3,7fbe,9962,
3338,a130,b2ef,92b3,7fbe,9336,
3339,0000,6feb,5f92,7fbe,cd23,
3340,2616,a2e8,7a32,7fbe,e883,
3341,a335,c3ec,b2b1,7fbe,38ba,
3342,7261,a2e8,92b1,7fbe,1334,
3343,6134,a2e8,92b1,7fbe,e23d,
3344,3e35,a229,4405,7fbe,d6b4,
3345,0000,a2e8,d8d2,7fbe,4a63,
3346,2564,a2e8,72bb,7fbe,e00a,
3347,69d7,a2e8,7547,7fbe,e7f6,
3348,0000,6849,83f1,7fbe,c029,
3349,6155,a2e8,92b1,7fbe,4425,
3350,6505,a2e8,92b1,7fbe,03d5,
3351,6155,a2e8,92b1,7fbe,4023,
3352,6115,a2e8,92b1,7fbe,b9d4,
3353,0000,b6a5,92b1,7fbe,6452,
3354,7115,a2e8,92b1,7fbe,4585,
3355,6115,a2e8,92b1,7fbe,cbda,
3356,0000,2f23,70b9,7fbe,b8d2,
3357,6155,a2e8,92b1,7fbe,24e6,
3358,0000,2acc,92b1,7fbe,963e,
3359,2b4f,a2e8,e5e6,7fbe,7757,
3360,51f7,a2e8,90f9,7fbe,0248,
3361,6055,a2e8,92b1,7fbe,552a,
3362,6155,a2e8,92b1,7fbe,7506,
3363,6155,a2e8,92b1,7fbe,cad4,
3364,0000,f79d,92b1,7fbe,289f,
3365,2144,a2e8,92b1,7fbe,a5e4,
3366,00a1,8a4c,82f5,7fbc,a24f,
3367,6955,a2e8,92b1,7fbe,ef94,
3368,c259,a168,93b1,7fbe,84d2,
3369,7115,a269,92b1,7fbe,7f42,
3370,6135,a2e8,92b1,7fbe,7be8,
3371,4589,a2a8,db93,7fbe,4922,
3372,7155,a2e8,92b1,7fbe,905e,
3373,0000,e2e8,92b1,7fbe,6bf5,
3374,e155,a2e8,92b1,7fbe,1b19,
3375,30a8,a2e8,92b1,7fbe,51fd,
3376,7175,a2e8,92b1,7fbe,46c8,
3377,0000,efb6,aea3,77be,e1f8,
3378,6155,a2e8,92b1,7fbe,08b2,
3379,7716,bae9,9ab1,7fbe,9c79,
3380,7155,a2e8,92b1,7fbe,b8f4,
3381,6155,a2e8,92b1,7fbe,a4d6,
3382,7175,a2e8,92b1,7fbe,bcc7,
3383,69fc,a6d8,92b1,7fbe,0e24,
3384,f5f6,a2e8,92b1,7fbe,94a3,
3385,6155,a2e8,92b1,7fbe,7327,
3386,515d,a2e8,92b1,7fbe,e8d2,
3387,7715,bc5d,92b1,7fbe,1eb5,
3388,7155,a2e8,92b1,7fbe,00cd,
3389,6155,a2e8,92b1,7fbe,9958,
3390,6155,a2e8,92b1,7fbe,020e,
3391,61f0,4299,5291,7fbe,062b,
3392,6155,a2e8,92b1,7fbe,babd,
3393,6061,a260,92b5,7fbe,ca9d,
3394,0000,60f8,3858,7fbe,1058,
3395,4176,22e8,3437,7fbe,a686,
3396,2e00,a444,82b5,7fbe,26a6,
3397,0000,6c3c,d2f0,7fbe,0657,
3398,613e,4bf8,96b1,7fbe,6510,
3399,0000,e288,9291,7fbe,afe1,
3400,740c,44e3,93b1,7fbe,c503,
3401,487e,095d,d3b1,7fbe,68bd,
3402,6155,a2e8,92b1,7fbe,495e,
3403,0000,858e,d0f1,7fbe,0b47,
3404,6111,a2e8,92b1,7fbe,1077,
3405,0000,788d,90b1,7fbe,374a,
3406,c9e1,a2e8,92b1,7fbe,a8b4,
3407,0000,4d6b,d5a0,7fbe,02a8,
3408,5063,acc8,96a1,7fbe,0b36,
3409,41dd,a2e8,92b1,7fbe,7ee8,
3410,4115,a2e8,92b1,7fbe,8745,
3411,0000,87b3,5337,7fbe,a6c2,
3412,0000,aa68,92f1,7fbe,fc47,
3413,0000,3023,93f3,7fbe,884e,
3414,1355,a2e8,001f,7fbe,92ae,
3415,615d,a2e8,92b1,7fbe,8012,
3416,4915,a2ae,92b3,7fbe,34c0,
3417,833d,6334,536d,7fbe,c1dc,
3418,29d4,a2e8,9319,7fbe,01a8,
3419,1001,a2e8,b667,7fbe,24d6,
3420,0000,716c,5195,7fbe,1656,
3421,e154,a2e8,92b1,7fbe,55f5,
3422,4114,a2e8,92b1,7fbe,1343,
3423,f595,8732,92b1,7fbe,25da,
3424,0000,cac0,b276,77be,1540,
3425,3375,a2e9,92b1,7fbe,9360,
3426,7575,a2e8,92b1,7fbe,ece0,
3427,969d,a2e8,92b1,7fbe,b7ca,
3428,0000,7519,daf2,7fbe,5757,
3429,e635,a2e8,92b1,7fbe,8760,
3430,6155,a2e8,92b1,7fbe,6998,
3431,7955,a2e8,92b1,7fbe,6c23,
3432,899a,c1e0,95b1,7dbe,770c,
3433,41c5,a2e8,92b1,7fbe,8283,
3434,e1d1,a2e8,ce70,7fbe,5cc1,
3435,57de,a2e8,92b1,7fbe,368b,
3436,2b44,b2ab,92b3,7fbe,3298,
3437,61d5,a2e8,92b1,7fbe,ec96,
3438,83c3,b268,92f1,7fbe,5ba6,
3439,6175,a2e8,92b1,7fbe,0f4e,
3440,6151,a2e8,92b1,7fbe,27ba,
3441,0000,2a84,5adc,7fbe,c86d,
3442,d60e,a2c8,92b1,7fbe,973b,
3443,7043,a2e9,5370,7fbe,c1c1,
3444,c071,7555,92b1,7fbe,d7bd,
3445,0000,7673,e621,7fbe,9d2d,
3446,7110,a2e8,92b1,7fbe,2e22,
3447,6155,a2e8,92b1,7fbe,da5e,
3448,6115,a2e8,92b1,7fbe,a03f,
3449,75c1,a0c8,92a1,7fbe,0e21,
3450,6115,a2e8,92b1,7fbe,c2dc,
3451,27a0,3f47,c3f5,7fbe,4647,
3452,2000,66f3,10a9,7fb6,1bfe,
3453,b4c1,a2e8,92b1,7fbe,c596,
3454,6155,a2e8,92b1,7fbe,d8da,
3455,6155,a2e8,92b1,7fbe,0c22,
3456,6439,def9,9a31,7ffe,9035,
3457,0000,eaeb,0a66,7fbe,98d7,
3458,2a10,a2e8,b799,7fbe,2528,
3459,6917,3838,92b1,7fbe,9ad0,
3460,a001,6008,96a1,7fbe,48d0,
3461,983d,04e7,9a93,7fbe,be0a,
3462,2154,a268,92f1,7fbe,fa11,
3463,9bf8,a2e8,92b1,7fbe,fa0d,
3464,a6ea,a2e9,92b1,7fbe,e797,
3465,fce5,a2e8,92b1,7fbe,9db0,
3466,0000,8860,a833,7fbe,e4cc,
3467,6155,a2e8,92b1,7fbe,083c,
3468,6154,a2e8,92b1,7fbe,17f1,
3469,655d,a2e8,b313,7fbe,21a2,
3470,7114,a2e8,92b1,7fbe,d3dd,
3471,495f,a2e8,55b2,7fbe,c703,
3472,265c,a2e8,9977,7fbe,0bc6,
3473,6155,a2e8,92b1,7fbe,d903,
3474,0000,a2e8,1722,7fbe,8593,
3475,19ca,aac8,96b1,7fbe,055c,
3476,0000,58a1,1893,7fbe,e4de,
3477,615d,a2e8,92b1,7fbe,821c,
3478,711d,a2e8,92b1,7fbe,b980,
3479,bd75,a2e8,92b1,7fbe,dc20,
3480,4355,a2e8,92b1,7fbe,1200,
3481,6154,a2e8,92b1,7fbe,84ca,
3482,a151,a2e8,92b1,7fbe,2653,
3483,0000,1355,b2b9,7fbe,f9ad,
3484,666d,a2e8,a67a,7fbe,34cb,
3485,70f9,a2e8,92b1,7fbe,01ac,
3486,7113,a2e8,89c1,7fbe,1b70,
3487,6155,a2e8,92b1,7fbe,6c57,
3488,41db,a2e8,b926,7fbe,2b97,
3489,61d5,a2e8,92b1,7fbe,5a46,
3490,3144,a2e8,92b1,7fbe,5051,
3491,9e9a,a2e8,92b1,7fbe,f7cf,
3492,aa5d,a2e8,92b1,7fbe,c904,
3493,795f,a2e8,92b1,7fbe,2da1,
3494,08d1,80e0,93a1,7fb6,63b2,
3495,6155,a2e8,92b1,7fbe,0467,
3496,1783,a2e8,92b1,7fbe,7696,
3497,6bf7,bae9,9ab1,7fbe,a18c,
3498,5d8a,a2e8,92b1,7fbe,3ed7,
3499,6155,a2e8,92b1,7fbe,425c,
3500,0000,a4ce,94b7,7fbe,4faa,
3501,635d,a2e8,92b1,7fbe,5269,
3502,437d,a2e8,af79,7fbe,3dc8,
3503,b198,a2e8,92b1,7fbe,d0cd,
3504,4159,a3e1,12b9,7fbe,c9f3,
3505,6145,a2e8,92b1,7fbe,be75,
3506,77d7,18ea,92b0,7fbe,ba01,
3507,3997,e2ec,b2b1,7fbe,45ac,
3508,0000,3f28,0f71,7fbe,9dc0,
3509,6155,a2e8,92b1,7fbe,a123,
3510,0000,7bcf,82b1,7fbe,f925,
3511,4c56,d2ec,b2b1,7fbe,128a,
3512,0000,f619,82b1,7fbe,64f3,
3513,0000,a2e8,ec6c,7fbe,7edd,
3514,6155,a2e8,92b1,7fbe,3b9c,
3515,6975,a1e8,93b1,7fbe,7e52,
3516,837d,a2e8,92b1,7fbe,02cd,
3517,f054,a2e8,ee97,7fbe,7c26,
3518,6155,a2e8,92b1,7fbe,162b,
3519,d28f,60d4,d2a1,7fbe,cc7c,
3520,315d,a2e8,92b1,7fbe,b911,
3521,4155,a2e8,92b1,7fbe,8c51,
3522,0000,c46f,b031,7fbe,6287,
3523,0000,f3e8,b2b1,7fbe,ec27,
3524,0000,b3ad,1332,7fbe,8183,
3525,0000,13bd,1290,7fbe,b536,
3526,61d5,a2e8,92b1,7fbe,46eb,
3527,0000,8060,795f,7fbe,ebee,
3528,7417,a268,92f1,7fbe,dfb3,
3529,0000,67f0,57a9,7fbe,c518,
3530,8140,7da6,92a1,7fbe,df6e,
3531,f31d,a688,9291,7fbe,db17,
3532,81cc,a2e8,92b1,7fbe,e09b,
3533,4a56,82ea,82b1,7fbe,e283,
3534,5954,a2e8,e798,7fbe,7529,
3535,0000,f570,c529,7fbe,5798,
3536,05a9,a268,2ec6,7fbe,bc77,
3537,35f2,a2e8,92b1,7fbe,54a7,
3538,c582,9363,82b1,7fbe,018b,
3539,6955,a2e8,92b1,7fbe,6ca8,
3540,cf54,a2e8,ee04,7fbe,7cb5,
3541,304f,18e2,80b9,7fbe,cf30,
3542,65c5,a2e8,92b1,7fbe,2c0f,
3543,0000,8ce8,97b1,7fbe,d51f,
3544,6155,a2e8,92b1,7fbe,fc89,
3545,6355,a2e8,92b1,7fbe,6365,
3546,6957,a2e8,92b1,7fbe,208f,
3547,0000,a2e8,9c39,7fbe,0e88,
3548,0000,1f31,d2b5,7fbe,5d51,
3549,4479,a2e8,92b1,7fbe,252c,
3550,7051,a2e8,92b1,7fbe,8584,
3551,6151,a2e8,31e0,7fbe,a351,
3552,0000,fe15,98c8,7fae,041b,
3553,7155,a2e8,92b1,7fbe,e3b7,
3554,0000,fff9,1095,7fbe,5bec,
3555,5d4e,a2e8,ad51,7fbe,3fe0,
3556,c27f,22e8,92b1,7fbe,cf78,
3557,0000,0c1e,3d47,7fbe,aff6,
3558,b450,a2e8,92b1,7fbe,5405,
3559,6915,a2e8,92b1,7fbe,38bb,
3560,6155,a2e8,92b1,7fbe,27b3,
3561,a7ef,a2e8,8c83,7fbe,1e32,
3562,aaed,a2e8,92b1,7fbe,cbb8,
3563,2807,a1d9,9180,7fbe,0331,
3564,6154,a2e8,92b1,7fbe,eb5c,
3565,c6ac,a2e8,a884,7fbe,3a35,
3566,0000,0f63,3f3a,7fbe,ad8b,
3567,0000,d2f8,b2b1,7fbe,e50e,
3568,0000,f2a0,d85e,7fbe,4aef,
3569,6155,a2e8,92b1,7fbe,50d0,
3570,ff53,a2e8,92b1,7fbe,8e06,
3571,615d,a2e8,92b1,7fbe,29d2,
3572,d5b1,c8cc,92b3,7fbe,7a60,
3573,8979,d3d5,9033,7fbe,34b9,
3574,0000,b268,db26,7fbe,4997,
3575,0000,9f3a,c7e6,7fbe,d016,
3576,6105,a2e8,92b1,7fbe,59d5,
3577,0000,d73d,5734,7fbe,11d0,
3578,6114,a2e8,92b1,7fbe,27c0,
3579,6115,a2e8,92b1,7fbe,0593,
3580,6155,a2e8,92b1,7fbe,c14c,
3581,0000,fb4f,9a99,7fbe,49ff,
3582,6145,a2e8,92b1,7fbe,1cf8,
3583,7ba7,e2a8,92b1,7fbe,f3df,
3584,0000,a857,15b4,7fbe,a3a0,
3585,4853,a6e8,90b1,7fbe,9ab4,
3586,4a6b,8323,9231,7fbe,8344,
3587,dee4,a2e8,92b1,7fbe,bfb1,
3588,b84d,df98,efc1,7fbe,7d70,
3589,7ce3,a2e8,92b1,7fbe,1df6,
3590,6115,a2e8,92b1,7fbe,eea1,
3591,6155,a2e8,92b1,7fbe,16a8,
3592,6115,a2e8,92b1,7fbe,dbd0,
3593,7e01,f754,c70d,7fbe,55bc,
3594,6117,a2e8,92b1,7fbe,9d12,
3595,0000,aaaa,92b1,7fbe,caab,
3596,0000,a2c0,92b1,7fbe,0a79,
3597,0000,e3fb,92b1,7fbe,b7ea,
3598,eb3d,a2e8,ea75,7fbe,78c4,
3599,6155,a2e8,92b1,7fbe,dcef,
3600,0000,a62c,92b0,7fbe,04c6,
3601,2541,42e8,d2b1,7fbe,876d,
3602,e253,cc44,92b1,7fbe,6eac,
3603,6155,a2e8,92b1,7fbe,19d1,
3604,2a7e,a2e8,92b1,7fbe,4b2b,
3605,5115,a2e8,92b1,7fbe,710f,
3606,a155,a2e8,92b1,7fbe,2549,
3607,ffd9,5404,1291,7fbe,f6ad,
3608,6115,a2e8,92b1,7fbe,5c25,
3609,6155,a2e8,92b1,7fbe,b6c5,
3610,0000,baca,92b1,7fbe,60f2,
3611,71d5,a2e8,92b1,7fbe,4a9a,
3612,e035,48ac,92b1,7fbe,ea44,
3613,a130,b2ef,92b3,7fbe,9336,
3614,c81d,c0a0,b1b1,7ebe,a9f7,
3615,6f53,a2e8,92b1,7fbe,0e06,
3616,493e,a2e8,e312,7fbe,71a3,
3617,4d14,a2e8,92b1,7fbe,2c41,
3618,e355,a2e8,92b1,7fbe,754b,
3619,48bd,bae8,9ab1,7fbe,ec4d,
3620,b75d,a2e8,549f,7fbe,c62e,
3621,c83f,a2e8,92b1,7fbe,a96a,
3622,cab4,f2e9,b2b1,7fbe,4aca,
3623,0000,c93f,82a1,7fbe,4be5,
3624,4155,a2e8,92b1,7fbe,9784,
3625,70c5,a2e8,40d6,7fbe,d267,
3626,0000,93ff,1a91,7fbe,ed76,
3627,0000,105e,92b1,7fbe,b2b6,
3628,0913,42f4,9291,7fbe,e05c,
3629,6155,a2e8,92b1,7fbe,fc1e,
3630,e055,a2e8,92b1,7fbe,b4ac,
3631,5337,82ee,b2b1,6fbe,3c9b,
3632,5043,a2e8,1b3f,7fbe,898e,
3633,6055,a2e8,92b1,7fbe,3821,
3634,a94c,a2e9,92b1,7fbe,c87a,
3635,686f,ac4a,9c13,7fbe,0ea2,
3636,694f,a2e8,92b1,7fbe,67eb,
3637,615d,a2e8,92b1,7fbe,615d,
3638,0000,f9ea,b139,7fbe,2d12,
3639,6155,a2e8,92b1,7fbe,3c64,
3640,6155,a2e8,92b1,7fbe,5286,
3641,6855,a2e8,92b1,7fbe,319c,
3642,4709,c345,a3f3,7f3e,1573,
3643,6d75,a688,9291,7fbe,6728,
3644,506e,a2e8,92b1,7fbe,393b,
3645,7116,a2e8,222e,7fbe,b09f,
3646,ee18,bae8,9ab1,7fbe,18dd,
3647,0000,9b52,82a1,7fbe,d3f8,
3648,e157,a2e8,92b1,7fbe,1b4f,
3649,673f,a2e8,92b1,7fbe,076a,
3650,6155,a2e8,92b1,7fbe,0ab1,
3651,0000,698b,d3f0,7fbe,0f54,
3652,2b33,a2e8,92b1,7fbe,5a66,
3653,7554,a2e8,92b1,7fbe,208e,
3654,30db,a2e4,92b5,7fbe,6955,
3655,0000,abfa,94b8,7fbe,f488,
3656,e6e8,a2e8,92b1,7fbe,97bb,
3657,6155,a2e8,92b1,7fbe,905d,
3658,c625,a268,92f1,7fbe,0ba2,
3659,7171,a2e8,92b1,7fbe,b879,
3660,6155,a2e8,92b1,7fbe,b094,
3661,d155,aaea,96b0,7fbe,f25f,
3662,6115,a2e8,92b1,7fbe,6a29,
3663,0000,8b40,b3f1,7fbe,432a,
3664,085f,a3f0,92b9,7fbe,78b8,
3665,0000,50ca,d2a1,7fbe,b20a,
3666,f3d0,a2e8,d9ab,7fbe,4b1a,
3667,c1d5,a2e8,92b1,7fbe,606f,
3668,c154,a2e8,92b1,7fbe,b187,
3669,b3d7,9226,82f5,7fbe,a28e,
3670,82bb,bfb5,d2b3,7fbe,9d59,
3671,a155,a2e8,92b1,7fbe,e25a,
3672,8b64,a2e8,1344,7fbe,81f5,
3673,cbff,a248,da80,7fbe,4831,
3674,7155,a2e8,92b1,7fbe,3651,
3675,0000,2c78,b3f8,7fbe,edc2,
3676,0000,92c8,ce13,7fbe,5ca2,
3677,7478,a2e8,9a5d,7fbe,08ec,
3678,348c,f679,12b1,7fbe,5e73,
3679,7955,a2e8,92b1,7fbe,8425,
3680,0000,41b4,69ed,7fbe,f35c,
3681,0000,32ec,92b1,7fbe,f772,
3682,2e59,6f73,92b5,7fbe,cd97,
3683,0000,a2c8,de94,7fbe,4c25,
3684,eb1b,a2e4,92b5,7fbe,1e83,
3685,49f7,a2e8,92b1,7fbe,ef05,
3686,8194,a2e8,a009,7fbe,32b8,
3687,4115,a2e8,92b1,7fbe,5fe1,
3688,2b41,a2e8,37a1,7fbe,a510,
3689,c35f,a2e8,9e79,7fbe,0cc8,
3690,0ec1,0f4f,92a1,7fbe,ad87,
3691,6850,a2e8,0367,7fbe,91d6,
3692,0000,a2c8,e462,7fbe,76d3,
3693,372b,a2e0,5e9c,7fbe,cc2d,
3694,0000,ae2d,9e74,7fbe,0cc5,
3695,2274,a2e8,4bd6,7fbe,d967,
3696,7055,a2ee,92b3,7fbe,6568,
3697,6175,a2e8,92b1,7fbe,2e91,
3698,0000,467a,b227,7fbe,853a,
3699,0000,82c8,82b1,7fbe,08f5,
3700,6755,a2e8,92b1,7fbe,cdca,
3701,4319,5db3,b2b1,7fbe,9f5b,
3702,6175,a2e8,92b1,7fbe,45f4,
3703,6155,a2e8,92b1,7fbe,ff5a,
3704,615d,a2e8,92b1,7fbe,eeff,
3705,c80a,a2e8,92b1,7fbe,a15f,
3706,fd24,a2e8,9c3d,7fbe,0e8c,
3707,2370,a2e8,92b1,7fbe,4265,
3708,7249,a2e8,4e05,7fbe,dcb4,
3709,6115,a2e8,92b1,7fbe,d74e,
3710,6155,a2e8,92b1,7fbe,5dbd,
3711,b435,8168,93b1,7fbe,c561,
3712,0000,b800,92f1,7fbe,1268,
3713,0000,bdf9,8da0,7fbe,1f11,
3714,6155,a2e8,92b1,7fbe,fa9b,
3715,0000,89ab,aa77,7fbe,62a8,
3716,6133,a2e8,1934,7fbe,8b85,
3717,0000,b2ef,02b1,3fbe,7aaf,
3718,6915,a2e8,92b1,7fbe,92c3,
3719,6155,a2e8,92b1,7fbe,0fd4,
3720,ef75,feb8,9231,7ffe,cf92,
3721,511d,a2e8,92b1,7fbe,4d05,
3722,5141,a2e8,7c6a,7fbe,eedb,
3723,0000,12e8,b2b1,7fbe,de8a,
3724,9fa7,a2e9,e7d5,7fbe,7564,
3725,6155,a2e8,92b1,7fbe,67b4,
3726,611d,a2ec,92b1,7fbe,ca29,
3727,6155,a2e8,92b1,7fbe,7f65,
3728,614d,a2a8,9291,7fbe,5066,
3729,bf94,a2e8,4950,7fbe,dbe1,
3730,361b,a0ec,aefb,7fbe,3c4a,
3731,715d,a2e8,92b1,7fbe,119f,
3732,f059,e6e8,90b1,7fbe,a35d,
3733,8964,35b1,15e8,7fbe,8759,
3734,6155,a2e8,92b1,7fbe,7995,
3735,0000,bf27,f379,7fbe,b79b,
3736,0000,0050,96b0,7fbe,aabb,
3737,0000,4954,9ab2,7fbe,fbf8,
3738,a855,a2e8,92b1,7fbe,3664,
3739,6115,a2e8,92b1,7fbe,b2fb,
3740,07de,22da,12b0,7fbe,f900,
3741,0000,4174,92f1,7fbe,eb3c,
3742,4be6,a2e8,320a,7fbe,a0bb,
3743,2155,a2e8,92b1,7fbe,e023,
3744,2df2,a2e8,92b1,7fbe,5ca7,
3745,71b5,a6e9,10b1,7fbe,c2c5,
3746,4935,a2e8,92b1,7fbe,ad9e,
3747,6155,a2e8,92b1,7fbe,e8d5,
3748,0000,6f9b,b233,7fbe,9cb7,
3749,09fd,1b65,92b1,7fbe,b98d,
3750,8961,b3e6,1239,3fbe,d208,
3751,2154,a2e8,92b1,7fbe,ef60,
3752,61d5,a2e8,92b1,7fbe,a974,
3753,0000,dbbb,82b1,7fbe,5151,
3754,b895,a2e8,0792,7fbe,9523,
3755,519e,c17a,f123,7fbe,6392,
3756,71cb,40c0,bb43,7fbe,29f2,
3757,0552,a2e8,92b1,7fbe,7407,
3758,0000,71a4,b258,7fbe,b33a,
3759,12b4,a2e8,92b1,7fbe,73e5,
3760,918d,a2e8,84dd,7fbe,166c,
3761,b796,22e8,4a98,7fbe,d829,
3762,27e5,a28b,92b0,7fbe,58bd,
3763,61c5,a2e8,92b1,7fbe,264a,
3764,617d,a2e8,92b1,7fbe,0939,
3765,0000,a2e8,1069,7fbe,82d8,
3766,eb15,a2e8,d8ac,7fbe,4a1d,
3767,0000,1466,243f,7fbe,b68e,
3768,0000,5440,c221,7fbe,471a,
3769,e712,ff25,cf7c,7fbe,5dcd,
3770,6155,a2e8,92b1,7fbe,945d,
3771,6913,8a26,82f5,7fbe,7644,
3772,6154,a2e8,92b1,7fbe,722b,
3773,0000,5ac8,92b1,7fbe,35a4,
3774,0000,6572,97b1,7fbe,e89a,
3775,3157,a2e8,92b1,7fbe,5130,
3776,6155,a2e8,92b1,7fbe,ef6a,
3777,0000,16ff,e23d,7fbe,4483,
3778,7516,a2e0,92b1,7fbe,651b,
3779,6155,a2e8,92b1,7fbe,c829,
3780,6155,a2e8,92b1,7fbe,17d7,
3781,6b5f,a2e8,92b1,7fbe,6028,
3782,6155,a2e8,92b1,7fbe,da2f,
3783,274d,a2e8,92b1,7fbe,b8fe,
3784,0000,cbce,83f5,7fbe,5b6c,
3785,48d9,b2ac,92b3,7fbe,4bb3,
3786,e6fd,a2e8,70e2,7fbe,e253,
3787,61d5,a2e8,92b1,7fbe,960f,
3788,61d5,a2e8,92b1,7fbe,5a63,
3789,635d,a2e8,92b1,7fbe,5107,
3790,6510,a2e8,f1dc,7fbe,636d,
3791,0000,aef3,9331,7fbe,1e9b,
3792,7898,a26e,92b1,7fbe,0729,
3793,49bb,a2ea,73c8,7fbe,e179,
3794,5363,a2e8,92b1,7fbe,923e,
3795,615d,a2e8,92b1,7fbe,d59f,
3796,1dc4,a2e8,a2b5,7fbe,3004,
3797,6115,a2e8,92b1,7fbe,e585,
3798,0000,8039,32b1,3fbe,759a,
3799,0000,e852,d80b,7fbe,4aba,
3800,2659,aa28,ce59,7fbe,5ca8,
3801,7183,aa4a,92f1,7fbe,e77c,
3802,72d7,30a8,92b1,7fbe,094d,
3803,0000,137f,10a1,7fbe,b5a6,
3804,2df5,4ff8,92a1,7fbe,ef30,
3805,fa7b,a2e8,20f3,7fbe,b242,
3806,61c1,a2e0,92a5,7fb6,f0d8,
3807,0000,b0ed,a231,7fbe,53c7,
3808,d159,a3b8,a231,6fbe,3cd6,
3809,6155,a2e8,92b1,7fbe,2dd3,
3810,f1cc,a2e8,92b1,7fbe,9499,
3811,6155,a2e8,92b1,7fbe,277f,
3812,229c,a2e8,92b1,7fbe,43cb,
3813,0000,6953,d90a,7fbe,0bbb,
3814,a21b,a2e8,9e9c,7fbe,0c2d,
3815,6155,a2e8,92b1,7fbe,0486,
3816,02cc,8e84,d2b0,7fbe,ac46,
3817,6117,a2e8,92b1,7fbe,56b3,
3818,dcd3,10bc,92f1,7fbe,bad4,
3819,ba44,a2e8,0c78,7fbe,9ec9,
3820,e702,a2e8,7860,7fbe,ead1,
3821,7155,a2e8,92b1,7fbe,15d4,
3822,6157,a2e8,92b1,7fbe,8762,
3823,dee1,a058,92a1,7fbe,fa86,
3824,e0f7,a2e8,92b1,7fbe,d42e,
3825,6b15,a2e8,92b1,7fbe,b670,
3826,fc89,a2e8,92b1,7fbe,9ddc,
3827,bd66,9ce7,93b3,7fbe,3c0b,
3828,0000,ec51,91bd,7fbe,6927,
3829,0000,9062,49ad,7fbe,cf0a,
3830,6750,aac8,92b1,7fbe,8be2,
3831,ff35,a2e8,f3d2,7fbe,6163,
3832,0155,a2e8,92b1,7fbe,4155,
3833,2155,a2e8,92b1,7fbe,d793,
3834,1a52,e274,9239,7fbe,2bb1,
3835,b83c,a2e8,91fd,7fbe,034c,
3836,61d5,a2e8,b5c1,7fbe,2770,
3837,0000,32d0,92a1,7fbe,0629,
3838,4545,a2e8,92b1,7fbe,8ffe,
3839,edd5,a2e8,9276,7fbe,00c7,
3840,353a,a2e8,40bc,7fbe,d20d,
3841,6155,a2e8,92b1,7fbe,d547,
3842,a555,a2cb,92b0,7fbe,3dc3,
3843,6155,a2e8,92b1,7fbe,15c6,
3844,615d,a2e8,92b1,7fbe,e99a,
3845,c7a3,a2e8,92b1,7fbe,aefe,
3846,60bc,a2e8,99ad,7fbe,0b1c,
3847,7355,a2e8,92b1,7fbe,4aec,
3848,e6b2,a2e8,92b1,7fbe,87e7,
3849,0000,bbe3,dabe,7fbe,480f,
3850,6155,a2e8,92b1,7fbe,4872,
3851,6355,a2e8,4ed3,7fbe,dc62,
3852,65d7,3d49,92b1,7fbe,9fa1,
3853,6155,a2e8,92b1,7fbe,d9fd,
3854,ef35,a2e8,92b1,7fbe,8e60,
3855,6115,a2e8,92b1,7fbe,9325,
3856,01d5,8268,713b,7fbe,e38a,
3857,747a,a2e8,92b1,7fbe,0d6f,
3858,0000,8d1c,82f4,7fbe,0f5b,
3859,0000,a2e8,88d0,7fbe,1a61,
3860,7155,a2e8,92b1,7fbe,81d6,
3861,0000,a2e8,bf3b,7fbe,2d8a,
3862,6155,a2e8,92b1,7fbe,889a,
3863,6915,a2e8,92b1,7fbe,82ea,
3864,d1d5,a2aa,92b1,7fbe,12b6,
3865,6155,a2e8,92b1,7fbe,67ae,
3866,7f73,a2e8,7caf,7fbe,ee1e,
3867,40d2,a2e8,af2c,7fbe,3d9d,
3868,6155,a2e8,92b1,7fbe,b0cd,
3869,6551,a2e8,92b1,7fbe,024f,
3870,009c,a2e8,6307,7fbe,f1b6,
3871,5740,2cc9,1cc6,7fbe,8e7d,
3872,6155,a2e8,92b1,7fbe,3697,
3873,0000,5322,d335,7fbe,3340,
3874,624d,62e9,12b1,7fbe,6423,
3875,0000,2b80,61c5,7fbe,0535,
3876,5955,a2e8,92b1,7fbe,19fb,
3877,6504,8208,82f1,7fbe,80c5,
3878,0000,ea4e,9a16,7fbe,28a7,
3879,655d,a2e8,92b1,7fbe,4d4f,
3880,0000,cb02,fb5b,7fbe,69ea,
3881,3351,82e8,ce33,7fbe,5c82,
3882,6155,a2e8,92b1,7fbe,716f,
3883,0000,fc34,cc6d,7fbe,5edc,
3884,6115,a2e8,92b1,7fbe,bd5a,
3885,ee97,a2e8,92b1,7fbe,8fca,
3886,0000,b06d,9290,7fbe,12e7,
3887,0000,6f00,5f59,7fbe,cde8,
3888,0000,a2e8,ffb5,7fbe,6d04,
3889,0000,a2e8,22bb,7fbe,b00a,
3890,6115,a2e8,92b1,7fbe,b1de,
3891,7d55,b2eb,9ab0,7fbe,b49f,
3892,2105,a2e8,92b1,7fbe,5ab4,
3893,3059,a2e8,b361,7fbe,21d0,
3894,2494,a2e8,92b1,7fbe,55c1,
3895,6155,a2e8,92b1,7fbe,a1a9,
3896,6115,a2e8,92b1,7fbe,e5c6,
3897,e051,a2e8,64be,7fbe,f60f,
3898,1d65,a2f8,92b1,7fbe,5a14,
3899,e704,22ca,841e,7fbe,16ae,
3900,b4c1,a2e8,1857,7fbe,8ae6,
3901,d4d2,a2e8,d7f4,7fbe,4545,
3902,6155,a2e8,92b1,7fbe,f21a,
3903,2155,a2e8,92b1,7fbe,ba12,
3904,7dc0,a2e8,67f7,7fbe,f546,
3905,6175,22f9,12b1,7fbe,a17a,
3906,0108,22d8,92a1,7fbe,98e6,
3907,edff,4470,92b1,7fbe,e698,
3908,25e7,a2a8,92b1,7fbe,9f69,
3909,2115,a2e8,92b1,7fbe,f2eb,
3910,0000,28aa,18f3,7fbe,8a42,
3911,f937,a2e8,1f71,7fbe,8dc0,
3912,6194,a2e8,92b1,7fbe,4b08,
3913,3774,82e8,82b1,7fbe,2d24,
3914,e156,a2ae,92b3,7fbe,7a82,
3915,e13f,a2e8,3476,7fbe,a6c7,
3916,6155,a2e8,92b1,7fbe,5940,
3917,4814,a2e8,6be2,7fbe,f953,
3918,067a,a2e8,92b1,7fbe,472f,
3919,0000,8859,82d1,7fbe,369f,
3920,0000,f79d,92b1,7fbe,289f,
3921,3d1d,a2e8,4da3,7fbe,df12,
3922,df99,8168,93b1,7fbe,5bee,
3923,2545,a2e8,92b1,7fbe,f150,
3924,6155,a2e8,c440,7fbe,56f1,
3925,99b6,a2e8,af32,7fbe,3d83,
3926,0000,16c1,00a1,7fb6,f6cb,
3927,4d7d,a0e8,92b1,7fbe,27f6,
3928,6155,a2e8,92b1,7fbe,571d,
3929,61d5,a2e8,92b1,7fbe,782a,
3930,7978,a2e8,fdf4,7fbe,6f45,
3931,e9b4,a2a9,92b1,7fbe,1b01,
3932,55a7,a2e8,92b1,7fbe,24f6,
3933,7e34,a2e8,92b1,7fbe,1f61,
3934,2265,a2e8,133a,7fbe,818b,
3935,4c15,a2e8,f320,7fbe,6191,
3936,b141,93f0,b2b9,7fbe,b4f3,
3937,f175,a2e8,92b1,7fbe,6e59,
3938,7d65,aac8,4f76,7fbe,ddc7,
3939,6154,a2e8,92b1,7fbe,470f,
3940,f3d0,a2e8,d9ab,7fbe,4b1a,
3941,6555,a2e8,92b1,7fbe,2b6e,
3942,111e,fbca,8cb0,77be,de03,
3943,1b07,a2e8,93d3,7fbe,0162,
3944,a5df,a2e8,5a2f,7fbe,c89e,
3945,0000,b5f2,85eb,7fbe,175a,
3946,0000,0bed,d2b1,5fbe,3a85,
3947,6155,a2e8,92b1,7fbe,4ced,
3948,7f12,4fc3,7fda,7fbe,ed6b,
3949,471e,a2e8,92b1,7fbe,364f,
3950,0000,0000,9ab1,7fbe,39ac,
3951,9029,a2e8,92b1,7fbe,f17c,
3952,3ca4,a2e8,92b1,7fbe,5df1,
3953,7db5,517a,02b1,7fbe,c391,
3954,2305,a2e8,92b1,7fbe,c898,
3955,6957,a2e8,92b1,7fbe,c526,
3956,7155,a2e8,92b1,7fbe,42f6,
3957,0000,3950,43e4,7fbe,2920,
3958,6155,a2e8,92b1,7fbe,4f60,
3959,6114,a2e8,92b1,7fbe,d010,
3960,5db1,a2e8,6e21,7fbe,fc90,
3961,e155,a2e8,92b1,7fbe,daec,
3962,e834,a0ef,93b3,7fbe,1f36,
3963,7115,a2e8,92b1,7fbe,4740,
3964,2057,a2ee,92b3,7fbe,45f6,
3965,986b,eeb6,ceaf,7fbe,5c1e,
3966,6545,a2e8,92b1,7fbe,a765,
3967,2115,a2e8,92b1,7fbe,271b,
3968,0000,baa8,92b1,7fbe,a1ca,
3969,0000,d40b,9a97,7fbe,272d,
3970,7155,a2e8,92b1,7fbe,ed47,
3971,7555,a2e8,92b1,7fbe,fe47,
3972,6155,a2e8,92b1,7fbe,4e7c,
3973,0000,4445,98b1,7bbe,fbb9,
3974,16a1,a2e8,92b1,7fbe,77f4,
3975,0000,2a72,d2b1,7fbe,db45,
3976,c56f,bae9,9ab1,7fbe,dc22,
3977,6155,a2e8,92b1,7fbe,2c39,
3978,615d,a2e8,92b1,7fbe,09db,
3979,7755,a2e8,92b1,7fbe,1a17,
3980,6155,a2e8,92b1,7fbe,ecef,
3981,6155,a2e8,92b1,7fbe,57f7,
3982,59df,ad41,92b1,7fbe,0fa9,
3983,4a37,a2e8,92b1,7fbe,3b62,
3984,6155,a2e8,92b1,7fbe,e459,
3985,6115,a2e8,92b1,7fbe,dc48,
3986,0000,65dc,9ab3,7fbe,d772,
3987,2ed3,a2e8,92b1,7fbe,de2a,
3988,6155,a2e8,92b1,7fbe,5fec,
3989,6595,a2e8,92b1,7fbe,e7ad,
3990,6b80,7ace,82f3,7fbe,e041,
3991,0000,53b7,8bf5,7fbe,d3b3,
3992,6135,a2e8,92b1,7fbe,800b,
3993,a886,a2e8,92b1,7fbe,cdd3,
3994,6155,a2e8,92b1,7fbe,4cf2,
3995,6155,a2e8,92b1,7fbe,e5c1,
3996,0000,2bda,9ab5,7fbe,91b9,
3997,0000,d93e,f1a5,7fbe,6314,
3998,6155,a2e8,92b1,7fbe,1cd9,
3999,0000,80d7,1610,7dbe,9fec,
4000,0000,e167,5091,7fbe,01e6,
4001,e315,a2e8,92b1,7fbe,4d13,
4002,7145,a2e8,92b1,7fbe,c1d3,
4003,6155,a2e8,92b1,7fbe,f0e6,
4004,6155,a2e8,92b1,7fbe,84fc,
4005,6545,a2e8,92b1,7fbe,9a32,
4006,6315,a2e8,92b1,7fbe,62cb,
4007,0000,a2e0,d83e,7fbe,4a8f,
4008,7451,a2e8,92b1,7fbe,0704,
4009,dad7,ce01,92b1,7fbe,6ce9,
4010,6555,a2e8,92b1,7fbe,22d4,
4011,0000,7d6f,81b3,7f3e,cb41,
4012,0000,2993,9299,7fbe,8b0f,
4013,6155,a2e8,92b1,7fbe,6b3d,
4014,9835,82e8,2f27,7fbe,bd96,
4015,a535,a2e8,92b1,7fbe,d468,
4016,0000,a91c,9e91,7fbe,9f95,
4017,eb91,a2e8,92b1,7fbe,8ac4,
4018,a0b5,c927,d2b1,7fbe,ebc7,
4019,6e11,a2e8,e3f9,7fbe,7148,
4020,8d29,0aca,d2b0,7fbe,05af,
4021,1096,a248,92f1,7fbe,21c2,
4022,7155,a2e8,92b1,7fbe,edcd,
4023,0000,6813,82b9,7fbe,fae9,
4024,79c9,a2e8,01e3,7fbe,9352,
4025,7e37,a2e8,92b1,7fbe,1f62,
4026,0000,2c2b,1c37,7fbe,8e84,
4027,61d5,a2e8,92b1,7fbe,5b78,
4028,4155,a2e8,92b1,7fbe,2947,
4029,e155,a2e8,92b1,7fbe,85c4,
4030,0000,6999,98a5,7fbe,7f4b,
4031,fdba,a2e8,92b1,7fbe,9caf,
4032,201a,227e,13b1,7f3e,3d42,
4033,7c16,a2e8,92b1,7fbe,1d41,
4034,a6c9,a2e8,92b1,7fbe,d79c,
4035,3f4f,b2e8,92b1,7fbe,6a5a,
4036,6135,a2e8,92b1,7fbe,769e,
4037,0000,a2c8,f7b4,7fbe,6505,
4038,0000,a2c8,da22,7fbe,4893,
4039,0000,a790,32a9,7fbe,655d,
4040,941c,1acd,8ae1,7fbe,02c5,
4041,0000,3234,8a0e,7fbe,18bf,
4042,d01e,a2e8,92b1,7fbe,b15b,
4043,0000,a0cc,b2b1,7fbe,522c,
4044,6f57,a2e8,92b1,7fbe,a0ab,
4045,6155,a2e8,92b1,7fbe,f40b,
4046,75a9,aa48,92f1,7fbe,4273,
4047,bb22,38a5,1899,7fbe,4ce6,
4048,6115,a2e8,92b1,7fbe,805f,
4049,6115,a2e8,92b1,7fbe,d21f,
4050,6944,a2e8,92b1,7fbe,731f,
4051,3de7,a2e8,92b1,7fbe,44b2,
4052,e33d,b2e9,9ab1,7fbe,666a,
4053,6155,a2e8,92b1,7fbe,4294,
4054,e154,a2e8,92b1,7fbe,e2d5,
4055,2b47,567a,92b1,7fbe,f492,
4056,6154,a2e8,92b1,7fbe,95f8,
4057,6115,a2e8,92b1,7fbe,b4d2,
4058,6175,a2e8,92b1,7fbe,5b57,
4059,1ca6,b2e8,0f64,7fbe,9dd5,
4060,41d1,a2e8,92b1,7fbe,8e97,
4061,0000,b754,870d,7fbe,15bc,
4062,6155,a2e8,92b1,7fbe,b71f,
4063,71cd,a2e8,cc2d,7fbe,5e9c,
4064,6155,a2e8,92b1,7fbe,c2df,
4065,0000,2ec8,96b1,7fbe,779c,
4066,01f8,a2e8,92b1,7fbe,608d,
4067,e71e,a289,9291,7fbe,9a56,
4068,6155,a2e8,92b1,7fbe,fa90,
4069,6115,a2e8,92b1,7fbe,20b9,
4070,3bf6,a2e8,72d4,7fbe,e065,
4071,0000,aae8,a347,7fbe,31f6,
4072,50d3,a0e0,93b5,7fbe,4853,
4073,6055,a2e8,92b1,7fbe,a9bb,
4074,0000,2639,8474,7fbe,f41b,
4075,75d7,a2e8,92b1,7fbe,83af,
4076,6555,a2e8,92b1,7fbe,1ce0,
4077,0000,002a,d2b1,7fbe,22c2,
4078,5254,a2ca,92b0,7fbe,07c4,
4079,d195,a2e8,9166,7fbe,03d7,
4080,4940,8688,92b1,7fbe,40d4,
4081,715d,a2e8,92b1,7fbe,731e,
4082,1c99,a2e8,92b1,7fbe,7dcc,
4083,0000,a2e8,1e1f,7fbe,8cae,
4084,6055,a2e8,92b1,7fbe,6e12,
4085,6155,a2e8,92b1,7fbe,2912,
4086,7155,a2e8,92b1,7fbe,fcd7,
4087,0000,96d4,92b1,7fbe,8964,
4088,3336,a2e8,92b1,7fbe,5263,
4089,a115,a2e8,92b1,7fbe,4a18,
4090,6155,a2e8,92b1,7fbe,ef91,
4091,44a5,a2e8,92b1,7fbe,35f0,
4092,0000,024e,3217,7fbe,a0a6,
4093,7155,a2e8,92b1,7fbe,53d3,
4094,0000,9d8d,9391,7fbe,1905,
4095,0000,38cc,86f0,77be,e6eb,
4096,4115,a2e8,92b1,7fbe,df0b,
4097,b727,26e0,96d1,7f9e,9666,
4098,6175,a2e8,92b1,7fbe,98e0,
4099,85b0,2288,d01f,7fbe,42ae,
4100,0000,3e27,14f8,7fbe,1424,
4101,2748,a2e8,ee29,7fbe,7c98,
4102,6105,a2e8,92b1,7fbe,09fb,
4103,7355,a2e8,92b1,7fbe,5dc5,
4104,47fb,a2e8,170f,7fbe,85be,
4105,e96f,a2ec,92b3,7fbe,7189,
4106,7551,a2e8,92b1,7fbe,5897,
4107,6513,a2e8,caa1,7fbe,5810,
4108,d155,a2e8,4879,7fbe,dac8,
4109,6155,a2e8,92b1,7fbe,5e0a,
4110,6ffe,a3e8,42dc,7fbe,d06d,
4111,cd47,f961,c3b5,5fbe,1222,
4112,9412,a2cb,92b0,7fbe,9157,
4113,0000,a22a,aabb,7fbe,380a,
4114,4362,66d0,d0a1,7fbe,4ca3,
4115,f147,a2e8,9dde,7fbe,0f6f,
4116,0000,4ccc,92b1,7fbe,ee24,
4117,0155,a2e8,92b1,7fbe,4155,
4118,7351,a2e8,92b1,7fbe,377e,
4119,7575,a2e8,92b1,7fbe,1f76,
4120,0000,90aa,9315,7fbe,09ae,
4121,0000,74c3,459a,7fbe,d72b,
4122,e4bd,aae8,8f08,7fbe,1db9,
4123,0000,0841,9233,7fbe,abad,
4124,7155,a288,9291,7fbe,0323,
4125,2a7f,8800,12b1,7fbe,6af9,
4126,0000,a2e8,7741,7fbe,e5f0,
4127,61d5,a2e8,92b1,7fbe,96c6,
4128,7494,a2e8,92b1,7fbe,11c1,
4129,61d5,a2e8,92b1,7fbe,9d52,
4130,bbde,2ae8,96b1,7fbe,0b87,
4131,67d8,a2e8,92b1,7fbe,0789,
4132,409f,a2e8,b670,7fbe,24c1,
4133,6155,a2e8,92b1,7fbe,5fb7,
4134,4914,a2e8,92b1,7fbe,7911,
4135,0457,b2e8,92b1,7fbe,5500,
4136,6638,a2e8,d2e6,7fbe,4057,
4137,0000,b59d,57a1,7fbe,5844,
4138,405d,a2e8,92b1,7fbe,11c4,
4139,80d6,a3e8,db19,7fbe,49a8,
4140,7850,a2ee,92b3,7fbe,ef51,
4141,13d1,a6e8,90b1,7fbe,d714,
4142,f115,a2e8,92b1,7fbe,2b04,
4143,6155,a2e8,92b1,7fbe,da35,
4144,695f,a2e8,92b1,7fbe,8fc9,
4145,6155,a2e8,92b1,7fbe,3b76,
4146,0000,daa4,eafd,7fbe,784c,
4147,0000,a2f8,92b1,7fbe,32e9,
4148,0000,48e1,b299,7fbe,8b59,
4149,6155,a2e8,92b1,7fbe,f4d0,
4150,0000,f982,fe2b,7fbe,a117,
4151,e056,80fa,92b1,7fbe,2212,
4152,0000,1782,57b4,7fbe,5ac3,
4153,0000,a2e8,08b0,7fbe,9a01,
4154,3003,a2e8,92b1,7fbe,326f,
4155,7155,a2e8,92b1,7fbe,c595,
4156,e076,a2e8,f98e,7fbe,6b3f,
4157,4059,81e8,93b1,7fbe,8af8,
4158,5167,b2e8,92b1,7fbe,165f,
4159,fd20,a2e8,92b1,7fbe,2c55,
4160,0000,bb89,90b1,7fbe,7691,
4161,db75,b2a8,9ab1,7fbe,bc49,
4162,7155,a2e8,92b1,7fbe,ae23,
4163,e297,6a60,5a39,7fbe,c888,
4164,6155,a2e8,92b1,7fbe,1907,
4165,ba75,22f9,12b1,7fbe,1e50,
4166,6115,a2e8,92b1,7fbe,57aa,
4167,4478,6c57,92f9,7fbe,c62f,
4168,297d,a2e8,92b1,7fbe,1394,
4169,0000,82ea,92b1,7fbe,6c3f,
4170,6314,b2e8,9ab1,7fbe,7554,
4171,6151,a2e8,92b1,7fbe,be20,
4172,0000,f3e8,b2b1,7fbe,ec27,
4173,6917,a2e8,92b1,7fbe,b106,
4174,7155,a2e8,92b1,7fbe,192d,
4175,7a3d,aba8,92b1,7fbe,483d,
4176,7155,a2e8,92b1,7fbe,43d9,
4177,2155,a2e8,92b1,7fbe,a63f,
4178,c463,e0e8,b2b1,7fbe,402f,
4179,cf68,26a9,1291,7fbe,355f,
4180,6155,a2e8,92b1,7fbe,a4b4,
4181,0000,380a,92b3,7fbf,15e5,
4182,2115,a2e8,92b1,7fbe,420c,
4183,0000,ea3c,5e80,7fbe,558e,
4184,5191,a2f8,92b9,7fbe,38f1,
4185,69ab,a2e8,92b1,7fbe,08be,
4186,e8c9,a2e8,b2ff,7fbe,204e,
4187,6155,a2e8,92b1,7fbe,c679,
4188,b780,e0e8,8456,7fbe,16e7,
4189,1ef5,a2a8,92b1,7fbe,f584,
4190,6155,a2e8,92b1,7fbe,f229,
4191,0000,a3f6,83a5,7fbe,1110,
4192,6155,a2e8,92b1,7fbe,3d87,
4193,0000,e176,a2b1,7fbe,039e,
4194,6155,a2e8,92b1,7fbe,d6d7,
4195,3185,e6e8,90b1,7fbe,8525,
4196,0011,a2e8,cba5,7fbe,5914,
4197,6555,a2e8,92b1,7fbe,63d4,
4198,6155,a2e8,92b1,7fbe,2d6b,
4199,4555,a2e8,92b1,7fbe,2050,
4200,60e0,a2e8,92b1,7fbe,0165,
4201,0000,924a,82f1,7fbe,798c,
4202,7151,a2e8,92b1,7fbe,a636,
4203,7183,aa4a,92f1,7fbe,e77c,
4204,e15d,a2e8,92b1,7fbe,7a22,
4205,ea1c,a3ec,ab7e,7fbe,39cf,
4206,4298,8168,93b1,7fbe,6537,
4207,2054,40b4,92b1,7fbe,e25c,
4208,4149,a2ec,512c,7fbe,c39d,
4209,50b3,a2a8,9ab1,7fbe,00dc,
4210,670a,b2e9,9ab1,7fbe,91fd,
4211,2155,a2e8,92b1,7fbe,0c3d,
4212,73bf,a2e8,92b1,7fbe,02ea,
4213,8004,2ae8,96b1,7fbe,224a,
4214,6569,a2e8,92b1,7fbe,cadd,
4215,1a44,a2e8,92b1,7fbe,eb31,
4216,ed36,a2ec,92b3,7fbe,1db1,
4217,14d4,82e8,82b1,7fbe,e3d6,
4218,52b7,a2e8,92b1,7fbe,33e2,
4219,0000,80e0,92b1,7fbe,90f6,
4220,6155,a2e8,92b1,7fbe,ffa9,
4221,6155,a2e8,92b1,7fbe,21e4,
4222,c1d5,a2a8,92b1,7fbe,906c,
4223,7955,a2e8,92b1,7fbe,c88d,
4224,6155,a2e8,92b1,7fbe,28fe,
4225,7050,22ca,92b0,7fbe,2efe,
4226,4490,b3cc,10b3,7fbe,d424,
4227,9c66,a2e8,92b1,7fbe,fd3b,
4228,3309,22e0,d2b1,7fbe,27dd,
4229,0000,74dc,92b1,7fbe,3606,
4230,6155,a2e8,92b1,7fbe,82fe,
4231,01eb,a2e8,92b1,7fbe,74be,
4232,6155,a2e8,92b1,7fbe,8006,
4233,6155,a2e8,92b1,7fbe,8071,
4234,6155,a2e8,92b1,7fbe,4743,
4235,7550,a2e8,e142,7fbe,73f3,
4236,6155,a2e8,92b1,7fbe,51c1,
4237,6e7b,a2e8,92b1,7fbe,8f2e,
4238,657f,a2c8,4532,7fbe,d783,
4239,2946,22ca,92b0,7fbe,377a,
4240,6515,a2e8,92b1,7fbe,7d63,
4241,6541,a2e8,dbf2,7fbe,4943,
4242,61d7,a2e8,92b1,7fbe,3986,
4243,d97e,a2e8,506b,7fbe,c2da,
4244,6181,a2c0,92b1,7fbe,d874,
4245,f5da,b3e8,9231,7fbe,118c,
4246,1ee1,a2e8,92b1,7fbe,7f94,
4247,875d,a2e8,dad3,7fbe,4862,
4248,4955,a2e8,92b1,7fbe,eeeb,
4249,6151,a2e8,92b1,7fbe,c834,
4250,6155,a2e8,92b1,7fbe,82d2,
4251,dc5d,a2a8,7f1c,7fbe,edad,
4252,6154,a2e8,92b1,7fbe,0d2f,
4253,2655,e5f9,10b1,7fbe,15a4,
4254,6155,a2e8,92b1,7fbe,acb3,
4255,378a,111f,92a1,7fbe,31c7,
4256,c325,a288,9291,7fbe,0743,
4257,3631,a2e8,92b1,7fbe,5764,
4258,74c1,a2c8,92a1,7fbe,35ee,
4259,0000,b34b,019d,7fbe,2494,
4260,7331,a2e8,41a1,7fbe,d310,
4261,1407,a2e8,92b1,7fbe,6756,
4262,3355,22e8,d2b1,7fbe,f938,
4263,6151,a2e8,92b1,7fbe,2f1d,
4264,6955,a2e8,92b1,7fbe,f539,
4265,0000,5c28,b03b,7fbe,e91f,
4266,76d7,a2f8,92b9,7fbe,f653,
4267,0000,e4eb,90f1,7fbe,0283,
4268,6155,a2e8,92b1,7fbe,d1d3,
4269,2145,a2e8,92b1,7fbe,cd94,
4270,f051,a2e8,70b0,7fbe,e201,
4271,0000,92ea,82b1,7fbe,de86,
4272,99ba,a368,9231,7fbe,ecc4,
4273,0000,4c14,7c4d,7fbe,eefc,
4274,e151,a2e8,92b1,7fbe,56b1,
4275,be36,ee99,dec0,7fbe,4c71,
4276,2c19,b245,c3d5,7fbe,b2e1,
4277,3124,b2ad,9ab3,7fbe,cce9,
4278,6115,a2e8,92b1,7fbe,dd4b,
4279,d1fc,a2e8,6ac7,7fbe,f876,
4280,0000,bc1c,9230,7fbe,1f16,
4281,7155,a2e8,92b1,7fbe,916e,
4282,dda6,2159,1100,7fbe,83b1,
4283,61c5,a2e8,92b1,7fbe,85a0,
4284,2b9d,a0e8,92b1,7fbe,745c,
4285,6d76,a2e8,e4f3,7fbe,7642,
4286,2370,a2e8,92b1,7fbe,4265,
4287,4472,926a,82b1,7fbe,ea2f,
4288,0000,70df,9672,7fbe,c130,
4289,0000,f987,1033,7fbe,5c78,
4290,daad,b22e,92f1,7fbe,cc2c,
4291,450d,a2e8,3ee3,7fbe,ac52,
4292,6155,a2e8,92b1,7fbe,2205,
4293,5c51,a2e8,92b1,7fbe,eed7,
4294,6114,a2e8,92b1,7fbe,3f21,
4295,7154,a2e8,92b1,7fbe,a297,
4296,8ee9,a2e8,92b1,7fbe,efac,
4297,6155,a2e8,92b1,7fbe,da74,
4298,7214,333a,7019,7fbe,829b,
4299,75b5,baea,a05e,7fbe,32ef,
4300,4497,b0e8,92b1,7fbe,06c6,
4301,00cd,81e8,93b1,7fbe,abe3,
4302,5aaf,a2e8,92b1,7fbe,38fe,
4303,f553,e3e0,92b1,7fbe,b6bb,
4304,7115,a2e8,92b1,7fbe,5b39,
4305,0000,7b2d,9a11,7ffe,c6c0,
4306,f533,a2e8,e3c3,7fbe,7172,
4307,6347,a2e8,ca17,7fbe,58a6,
4308,7155,a2e8,92b1,7fbe,0b81,
4309,3e28,82e0,92b1,7fbe,3e62,
4310,21b7,93aa,8271,7fbe,7d68,
4311,43b5,aaaf,9ab3,7fbe,47b2,
4312,6b7c,a2e8,77cc,7fbe,e57d,
4313,6354,a2e8,92b1,7fbe,fb73,
4314,2155,a2e8,92b1,7fbe,cbad,
4315,8c3b,a2e8,92b1,7fbe,ed6e,
4316,0000,d137,50b9,7fbe,d5c6,
4317,6b94,a2e8,53bf,7fbe,c10e,
4318,6055,a2e8,92b1,7fbe,a79d,
4319,841e,a2e8,be9c,7fbe,2c2d,
4320,9e9a,a2e8,92b1,7fbe,f7cf,
4321,0000,e4bc,aae1,7fbe,3a10,
4322,6155,a2e8,92b1,7fbe,78db,
4323,0000,30cc,d2a1,7fbe,c26f,
4324,6155,a2e8,92b1,7fbe,cd88,
4325,6117,a2e8,92b1,7fbe,1267,
4326,6114,a2e8,92b1,7fbe,8c9e,
4327,0000,d293,a621,7fbe,b9c9,
4328,6155,a2e8,92b1,7fbe,2a73,
4329,6145,a2e8,92b1,7fbe,2285,
4330,7d16,bee9,9ab1,7fbe,c1fd,
4331,0000,a2e8,1e37,7fbe,8c86,
4332,0000,b2c7,32b1,7fbe,c02e,
4333,6155,a2e8,92b1,7fbe,e7ba,
4334,6155,a2e8,92b1,7fbe,2cdf,
4335,0000,348e,90b0,7fbe,1264,
4336,2115,a2e8,92b1,7fbe,d3ef,
4337,41c7,fa49,d211,7fbe,48a0,
4338,8e6a,e3ec,b73e,7fbe,258f,
4339,ec4a,aac1,92c1,7f9e,c81d,
4340,6151,a2e8,92b1,7fbe,e575,
4341,0000,aee8,96b1,7fbe,bf74,
4342,7249,a2e0,92b1,7fbe,11af,
4343,732c,a2e8,92b1,7fbe,b279,
4344,0000,5247,621e,7fbe,f0af,
4345,7955,a2e8,051b,7fbe,97aa,
4346,0000,a1e0,93b5,7fbe,bf56,
4347,61b4,a2e8,92b1,7fbe,ddea,
4348,e155,a2e8,92b1,7fbe,303d,
4349,635f,a2e8,0705,7fbe,95b4,
4350,7105,a2d8,92a1,7fbe,e83f,
4351,b1a7,a2e8,6217,7fbe,f0a6,
4352,5155,a2e8,92b1,7fbe,9f58,
4353,2045,a2e8,92b1,7fbe,90c7,
4354,3845,a2e8,3531,7fbe,a780,
4355,467c,82e8,92b1,7fbe,e94d,
4356,4bbd,a2e9,81aa,7fbe,131b,
4357,0000,a2e8,897a,7fbe,1bcb,
4358,6154,a2e8,92b1,7fbe,3807,
4359,40a3,903c,92a1,7fbe,30f4,
4360,0977,c7d2,92b1,7fbe,653a,
4361,6155,a2e8,92b1,7fbe,0c54,
4362,f155,a2e8,92b1,7fbe,5277,
4363,6155,a2e8,92b1,7fbe,d3cc,
4364,6151,a2e8,92b1,7fbe,f7a3,
4365,a175,a2e8,92b1,7fbe,92fc,
4366,e4d4,80e9,13b1,7fbe,de4d,
4367,214c,7dbe,92b1,7fbe,df56,
4368,2155,a2e8,92b1,7fbe,e40a,
4369,7115,a2e8,92b1,7fbe,70aa,
4370,3543,a2e8,aa34,7fbe,3885,
4371,0000,a3f8,90b1,7fbe,3144,
4372,33ae,a2e8,92b1,7fbe,42fb,
4373,6155,a2e8,92b1,7fbe,5fcc,
4374,0000,a2e8,8b59,7fbe,19e8,
4375,6175,a2e8,92b1,7fbe,a32b,
4376,41d5,a2e8,92b1,7fbe,39a2,
4377,6155,a2e8,92b1,7fbe,0f49,
4378,e1d6,a2e8,ee48,7fbe,7cf9,
4379,61d6,80e8,93b1,7fbe,fdd0,
4380,6955,a2e8,92b1,7fbe,c85e,
4381,7832,a2a8,9291,7fbe,0748,
4382,71b0,a2e8,358e,7fbe,a73f,
4383,50d1,a2e8,92b1,7fbe,b02f,
4384,f98e,a0e2,fa95,7fbe,6824,
4385,2545,a2e8,92b1,7fbe,fe3d,
4386,0000,8098,30bb,7fbf,e749,
4387,6155,a2e8,92b1,7fbe,43c4,
4388,8a19,a2e8,e32d,7fbe,719c,
4389,e215,20e8,92b1,7fbe,7341,
4390,6155,a2e8,92b1,7fbe,a0d7,
4391,6155,a2e8,92b1,7fbe,b99f,
4392,0000,42f5,9bb8,7fbe,f1e6,
4393,fa59,a2a9,1ad0,7fbe,8861,
4394,2d10,a2e8,92b1,7fbe,4c47,
4395,6155,a2e8,92b1,7fbe,110b,
4396,7141,a0d0,92a1,7fbe,ebd1,
4397,3a5d,46f4,92b3,7fbe,e418,
4398,acec,aa68,92f1,7fbe,cefd,
4399,0000,1b99,9261,7fbe,a2df,
4400,6155,a2e8,92b1,7fbe,56f9,
4401,e157,a2e8,92b1,7fbe,dd12,
4402,6d55,a688,9291,7fbe,9faa,
4403,6155,a2e8,92b1,7fbe,9236,
4404,6155,a2e8,92b1,7fbe,e0e1,
4405,a9b8,a2e8,92b1,7fbe,c8fd,
4406,77d8,a2e8,92b1,7fbe,160d,
4407,afad,9427,a47e,7fbe,36cf,
4408,6837,a2e8,fed3,7fbe,6c62,
4409,7758,a266,92b5,7fbe,2415,
4410,84f7,cae4,30b1,3fbe,d7f0,
4411,60d3,8166,93b5,7fbe,33b3,
4412,e2ba,a2e8,0136,7fbe,9387,
4413,45cc,a2e8,4d4a,7fbe,dffb,
4414,7155,a2e8,92b1,7fbe,a8a1,
4415,d277,e4f0,90b9,7fbe,b348,
4416,6155,a2e8,92b1,7fbe,df13,
4417,0000,41e9,d231,7fbe,0281,
4418,0000,8039,b3b1,7fbe,cb61,
4419,fc35,57ad,b2b1,7fbe,b541,
4420,6155,a2e8,92b1,7fbe,9ff0,
4421,f1e3,6bd8,9691,7fae,db77,
4422,6115,a2e8,92b1,7fbe,12c0,
4423,4797,62e0,d2b1,7fbe,49eb,
4424,6175,a2e8,92b1,7fbe,2fdc,
4425,61d5,a2e8,92b1,7fbe,5472,
4426,1919,a2ec,92b3,7fbe,4bc1,
4427,c373,a2e8,da74,7fbe,48c5,
4428,e1d5,a2e8,92b1,7fbe,6ad0,
4429,7251,a2e8,92b1,7fbe,4359,
4430,27c1,a2e8,88b5,7fbe,1a04,
4431,0000,5d6d,01b5,7fbe,01a5,
4432,615d,a2e8,92b1,7fbe,f3cb,
4433,e155,a2e8,92b1,7fbe,4584,
4434,2869,a2e8,92b1,7fbe,76f4,
4435,0000,6afe,72f1,7fbe,4887,
4436,0000,ba4a,9af1,7fbe,b22e,
4437,c2ef,a2e8,92b1,7fbe,a3ba,
4438,c128,8e04,86b1,7fbe,84cc,
4439,0000,8af9,f2bd,5fbe,b118,
4440,6155,a2e8,92b1,7fbe,5e68,
4441,6117,a2e8,92b1,7fbe,a527,
4442,e33d,b3e8,9231,7fbe,9562,
4443,0000,4dac,9232,7fbe,ee22,
4444,7151,a2e8,92b1,7fbe,6219,
4445,983f,d2e8,b2b1,7fbe,b291,
4446,6155,a2e8,92b1,7fbe,6469,
4447,0000,96c2,a69b,7fbe,342a,
4448,2e26,ea4e,1291,7fbe,48f7,
4449,6155,a2e8,92b1,7fbe,3165,
4450,6155,a2e8,92b1,7fbe,f9e3,
4451,43b5,a6a8,9291,7fbe,414c,
4452,b35e,a2e8,816e,7fbe,13df,
4453,6155,a2e8,92b1,7fbe,0c80,
4454,6955,a2e8,92b1,7fbe,7ba9,
4455,0000,82e8,b948,7fbe,2bf9,
4456,6151,a2e8,92b1,7fbe,229f,
4457,6155,a2e8,92b1,7fbe,972e,
4458,3246,e8ba,d8e3,7fbe,4a52,
4459,6dba,22ea,feca,7fbe,6c7b,
4460,e0cf,e5e8,90b1,7fbe,891f,
4461,ec94,a28c,92b2,7fbe,8786,
4462,f1a1,4b08,d681,7fbe,6780,
4463,6154,a2e8,92b1,7fbe,4034,
4464,41d5,a2e8,92b1,7fbe,2899,
4465,958c,a76d,2293,6fbe,05d4,
4466,0b20,2ae8,77bb,7fbe,e50a,
4467,6155,a2e8,92b1,7fbe,185c,
4468,0000,84a7,91b9,7fbe,20d7,
4469,25f2,d097,92a9,7fbe,724f,
4470,7827,b368,9231,7fbe,74df,
4471,0829,a248,754f,7fbe,e7fe,
4472,6d56,aa68,96b1,7fbe,202f,
4473,615d,a2e8,92b1,7fbe,7ec4,
4474,779b,8020,af6b,7fbe,3dda,
4475,5161,40d0,d2a1,7fbe,4ce5,
4476,5f54,c85a,f803,7fbe,6ab2,
4477,2d04,a2e8,f85c,7fbe,6aed,
4478,5ac7,82e8,82b1,7fbe,a3bc,
4479,6557,24d3,92b1,7fbe,863b,
4480,6155,a2e8,92b1,7fbe,e66d,
4481,6115,a2e8,92b1,7fbe,3f88,
4482,6155,a2e8,92b1,7fbe,ab38,
4483,61d5,a2e8,92b1,7fbe,d365,
4484,0000,5627,9a31,7fbe,fd4f,
4485,1084,a2e8,788a,7fbe,ea3b,
4486,e1d5,a2e8,92b1,7fbe,0f93,
4487,dfbd,2d8c,1dd5,7fbe,8f64,
4488,664d,a2c8,ab3e,7fbe,398f,
4489,2a51,2ba8,a631,6fbe,4334,
4490,6151,a2e8,92b1,7fbe,0ed3,
4491,6155,a2e8,92b1,7fbe,bd34,
4492,7934,1084,20dd,7fbe,b26c,
4493,6dd7,e1ea,92b1,7fbe,4302,
4494,7155,a2e8,92b1,7fbe,2639,
4495,6155,a2e8,92b1,7fbe,31a6,
4496,1d38,a2e8,92b1,7fbe,7c24,
4497,6155,a2e8,92b1,7fbe,9351,
4498,0000,adcb,8eb0,77be,ac8b,
4499,0000,0c1e,3d47,7fbe,aff6,
4500,6551,a2e8,92b1,7fbe,ee61,
4501,2155,a2e8,92b1,7fbe,6ec2,
4502,6155,a2e8,92b1,7fbe,8fa8,
4503,7ed4,a2e8,92b1,7fbe,620a,
4504,49df,a2e8,2443,7fbe,b6f2,
4505,6157,a2e8,92b1,7fbe,7a1c,
4506,1660,81ae,ba33,7fbe,72c7,
4507,6315,a2e8,92b1,7fbe,a87f,
4508,6595,aa68,92f1,7fbe,3d04,
4509,6155,a2e8,92b1,7fbe,b27b,
4510,6957,a2e8,92b1,7fbe,080a,
4511,6155,a2e8,92b1,7fbe,ea1d,
4512,4f26,3430,92b1,7fbe,96d8,
4513,6355,a2e8,92b1,7fbe,cec4,
4514,429c,a2e8,b3c4,7fbe,2175,
4515,655d,a2e8,92b1,7fbe,f4f6,
4516,144e,02dc,d1b1,7fbe,643c,
4517,4877,a2a8,92b1,7fbe,f48d,
4518,0000,b2ac,92b1,7fbe,1624,
4519,6909,b3a8,9231,7fbe,45e4,
4520,6241,a2e8,b831,7fbe,2a80,
4521,7951,a2e8,92b1,7fbe,ec89,
4522,0000,ac80,96b3,7fbe,026c,
4523,3d67,c59b,f5c2,7fbe,6773,
4524,0000,947a,13b3,7fbe,3597,
4525,6155,a2e8,92b1,7fbe,e06e,
4526,4447,82e8,92b1,7fbe,9b5c,
4527,b607,a2e8,92b1,7fbe,c752,
4528,7b55,a2e8,92b1,7fbe,d378,
4529,4155,a2e8,92b1,7fbe,9638,
4530,6155,a2e8,92b1,7fbe,19d0,
4531,070a,2ada,92b1,7fbe,5e5f,
4532,0000,e5a8,90b1,7fbe,2155,
4533,6155,a2e8,92b1,7fbe,2ff9,
4534,0000,6977,592e,7fbe,cb9f,
4535,0000,b2e8,92b1,7fbe,26d7,
4536,b107,a2e9,1293,7fbf,6d28,
4537,6555,a2e8,92b1,7fbe,0b20,
4538,6155,a2e8,92b1,7fbe,9929,
4539,3161,96bf,96b9,7fbe,b843,
4540,7b41,6ed5,9ab1,7fbe,dc3d,
4541,6155,a2e8,92b1,7fbe,a0a7,
4542,0000,f7a6,b2f1,7fbe,3dce,
4543,c77d,b2a8,9a11,7ffe,7dd6,
4544,6376,a2f0,92b9,7fbe,9eee,
4545,6155,a2e8,92b1,7fbe,4aa6,
4546,7375,a2e8,92b1,7fbe,301e,
4547,2195,9ae8,92b1,7fbe,2b8b,
4548,0000,7cf2,9a72,7fbe,77de,
4549,6155,a2e8,92b1,7fbe,7217,
4550,6155,a2e8,92b1,7fbe,cff1,
4551,7154,a2e8,92b1,7fbe,f508,
4552,2145,a2e8,92b1,7fbe,0491,
4553,2155,a2e8,92b1,7fbe,2f23,
4554,fe40,a2e8,3e63,7fbe,acd2,
4555,4055,a2e8,92b1,7fbe,031e,
4556,a0e2,a2e8,92b1,7fbe,c1b7,
4557,c4f6,a2e8,92b1,7fbe,a583,
4558,6355,a2e8,92b1,7fbe,0daf,
4559,6155,a2e8,92b1,7fbe,a911,
4560,7135,a2e8,92b1,7fbe,4695,
4561,67d5,a2e8,92b1,7fbe,8ef4,
4562,61d5,a2e8,92b1,7fbe,46eb,
4563,7551,4604,92b1,7fbe,e4ec,
4564,6155,a2e8,92b1,7fbe,7c7d,
4565,4155,a2e8,92b1,7fbe,ce76,
4566,6155,a2e8,92b1,7fbe,e523,
4567,0000,08ea,91b1,7dbe,ab65,
4568,2384,a2e8,e75c,7fbe,75ed,
4569,3545,a2e8,92b1,7fbe,855a,
4570,2545,a2e8,7f3e,7fbe,ed8f,
4571,0000,9c8f,82f1,7fbe,06e7,
4572,3000,a2e8,a707,7fbe,35b6,
4573,6157,a2e8,92b1,7fbe,2e55,
4574,6ec0,a2e8,92b1,7fbe,1795,
4575,6155,a2e8,92b1,7fbe,9573,
4576,6131,a2e8,0b45,7fbe,99f4,
4577,6155,a2e8,92b1,7fbe,8e6c,
4578,7935,a2e8,92b1,7fbe,78a3,
4579,61ed,3acc,92b1,7fbe,9824,
4580,f091,a1e8,93b1,7fbe,d9fe,
4581,6571,a2e8,99cd,7fbe,0b7c,
4582,291e,aae8,92b1,7fbe,404a,
4583,6555,a2e8,92b1,7fbe,b6a5,
4584,812d,a2e8,92b1,7fbe,f03c,
4585,0000,d7e8,86a0,7fbe,c533,
4586,e6af,bac4,9a91,7fbe,084d,
4587,13c1,a2e8,92b1,7fbe,72d4,
4588,b25b,a2e0,86c2,7fbe,1473,
4589,0000,b6e6,92b5,7fbe,e8a9,
4590,0000,d769,82f0,7fbe,5d23,
4591,7155,a2e8,92b1,7fbe,306f,
4592,0000,56bf,9091,7fbe,b037,
4593,735d,a2e8,92b1,7fbe,6355,
4594,7115,a2e8,92b1,7fbe,d845,
4595,4f51,22ea,c2b1,7fbe,f426,
4596,c9b7,a2e8,9fb5,7fbe,0d04,
4597,0000,305d,a47c,7fbe,2903,
4598,7155,a2e8,92b1,7fbe,121f,
4599,2155,a2e8,92b1,7fbe,fe0a,
4600,2074,a2e8,92b1,7fbe,4101,
4601,7f9d,a2e8,92b1,7fbe,1ec8,
4602,d5e1,2ac8,82b0,77be,a225,
4603,0000,a2e8,e4d7,7fbe,7666,
4604,0000,a2e8,ed18,7fbe,7fa9,
4605,99d4,692d,d174,7fbe,43c5,
4606,6115,a2e8,92b1,7fbe,93fc,
4607,0000,a2e8,77ac,7fbe,e51d,
4608,7355,3aef,0ab6,7fbe,9807,
4609,cb3e,a2e8,92b1,7fbe,ab6b,
4610,7f45,a0e0,55b4,7fbe,c705,
4611,a7c8,a2e8,92b1,7fbe,c69d,
4612,0000,5354,ba32,7fbe,b9fd,
4613,6175,a2e8,92b1,7fbe,683a,
4614,615d,a2e8,92b1,7fbe,4578,
4615,e8c6,a2e8,92b1,7fbe,8993,
4616,4957,b2e8,92b1,7fbe,6692,
4617,0000,3642,97b7,7fbe,1fa7,
4618,f355,a2e8,9551,7fbe,07e0,
4619,6117,a2e8,92b1,7fbe,cf4e,
4620,6155,a2e8,92b1,7fbe,fe73,
4621,05d6,3702,b2b1,7fbe,d5ea,
4622,0000,3ed6,00ed,7fbe,7a93,
4623,741f,a2e8,92b1,7fbe,314a,
4624,6d6e,1384,92b1,7fbe,b16c,
4625,cc07,a4f9,90b9,7fbe,0800,
4626,6153,a2e8,92b1,7fbe,92bf,
4627,6355,a2e8,92b1,7fbe,e0c5,
4628,0000,8b0a,92bb,7fbe,28b6,
4629,0000,ddb4,9293,7fbe,7b58,
4630,2a9f,ad6e,f6b1,5fbe,7cfa,
4631,6155,a2e8,92b1,7fbe,2c01,
4632,6555,a2e8,92b1,7fbe,b371,
4633,cd7e,a2e8,560d,7fbe,c4bc,
4634,6175,a2e8,92b1,7fbe,04e7,
4635,0000,c911,d2b1,7fbe,c9f1,
4636,603c,a2e8,5e2c,7fbe,cc9d,
4637,6155,a2e8,92b1,7fbe,3fba,
4638,6392,46d1,92f0,7fbe,ecf9,
4639,7155,a2e8,92b1,7fbe,4ec2,
4640,0f49,d19f,b2b1,7fbe,3377,
4641,6e49,1783,929d,7fbe,b417,
4642,6155,a2e8,92b1,7fbe,f658,
4643,c0e5,a2e8,92b1,7fbe,21b0,
4644,2fa3,a2e8,92b1,7fbe,6ef6,
4645,a9c5,a288,92b1,7fbe,dafc,
4646,6155,a2e8,92b1,7fbe,e5a7,
4647,2395,a2e8,92b1,7fbe,42c0,
4648,836d,45b2,b0b9,7fbe,d24a,
4649,e31d,a2e8,92b1,7fbe,a979,
4650,6514,a2e8,92b1,7fbe,a165,
4651,6bfd,a2ac,92b3,7fbe,1bea,
4652,51df,a2e8,0918,7fbe,9ba9,
4653,6155,a2e8,92b1,7fbe,14dd,
4654,673c,a2ae,92b3,7fbe,845a,
4655,6155,a2e8,92b1,7fbe,e458,
4656,6b15,a2e8,5f35,7fbe,cd84,
4657,6114,a2e8,92b1,7fbe,ae09,
4658,0000,2b65,80f0,7fbe,a7ac,
4659,7555,a2e8,92b1,7fbe,af87,
4660,4b36,b2e8,92b1,7fbe,b605,
4661,0000,26ac,92b1,7fbe,6ad5,
4662,7155,a2e8,92b1,7fbe,fd87,
4663,d404,2564,d2b1,7fbe,078c,
4664,639f,bae9,9ab1,7fbe,cedc,
4665,3886,afeb,96b0,7fbe,8d01,
4666,3065,a2e8,92b1,7fbe,3983,
4667,0000,cda6,30d9,7fbe,298f,
4668,07b7,aae8,96b1,7fbe,6868,
4669,6b95,aa4b,92f0,7fbe,a0ca,
4670,8304,4736,776f,7fbe,e5de,
4671,c1d5,b2e8,92b1,7fbe,7fc5,
4672,6155,a2e8,92b1,7fbe,c2d9,
4673,0857,92e8,92b1,7fbe,fa03,
4674,0000,1398,b221,7fbe,994a,
4675,0000,5d3d,b2b1,7fbe,9ed1,
4676,ea21,a4e8,92b1,7fbe,fbbd,
4677,6155,a2e8,92b1,7fbe,fac1,
4678,0000,338d,92b1,7fbe,0ffe,
4679,8400,2958,d1e1,7dbe,f111,
4680,6115,a2e8,92b1,7fbe,eecf,
4681,7171,a2e8,92b1,7fbe,2c0b,
4682,0fe5,20e8,d2b1,7fbe,143b,
4683,6115,a2e8,92b1,7fbe,9e80,
4684,eac2,a2e8,92b1,7fbe,899f,
4685,0000,9ce5,86b1,7fbe,8ec9,
4686,db5f,a2e8,a1ed,7fbe,335c,
4687,6155,a2e8,92b1,7fbe,9959,
4688,671e,a2e8,ca45,7fbe,58f4,
4689,0000,ae2d,9e74,7fbe,0cc5,
4690,e7cb,a3e8,92b1,7fbe,a41e,
4691,41f1,a2e8,4201,7fbe,d0b0,
4692,6501,a2e8,92b1,7fbe,d0e4,
4693,a001,a2ea,ab4b,7fbe,39fa,
4694,d3c4,18cd,92a1,7fbe,b815,
4695,f145,a2e8,210b,7fbe,b3ba,
4696,43c4,23e8,92b1,7fbe,2283,
4697,a351,1972,292b,7fbe,bb9a,
4698,507a,a6ec,90b3,7fbe,b9a7,
4699,6155,a2e8,92b1,7fbe,eafa,
4700,0000,a6ea,92b1,7fbe,3cc9,
4701,6155,a2e8,92b1,7fbe,c781,
4702,71d5,a2e8,92b1,7fbe,b480,
4703,bfe5,aaf8,92b1,7fbe,602d,
4704,0000,25b2,80f2,7fbe,299d,
4705,3041,a2e0,92b1,7fbe,c759,
4706,fd0e,22e8,92b1,7fbe,087b,
4707,baf7,a2e8,7e7f,7fbe,ecce,
4708,084e,2a8b,372e,7fbe,a59f,
4709,2068,a2e8,92b1,7fbe,413d,
4710,6135,a2e8,92b1,7fbe,ae17,
4711,6115,a2e8,92b1,7fbe,86e0,
4712,6a15,b2e8,9ab1,7fbe,1e28,
4713,2414,762f,4676,7fbe,d4c7,
4714,7055,a2e8,62ac,7fbe,f01d,
4715,ce5b,a2e8,1158,7fbe,83e9,
4716,6155,a2e8,92b1,7fbe,1add,
4717,e1d4,9262,82b5,7fbe,2919,
4718,bc18,827a,92b1,7fbe,74f2,
4719,6155,a2e8,92b1,7fbe,0c0e,
4720,e155,a2e8,92b1,7fbe,123f,
4721,e200,3b96,82f4,7fbe,b1f1,
4722,0000,2ccd,1c94,7fbe,8e25,
4723,c19f,a2e8,1544,7fbe,87f5,
4724,6155,a2e8,92b1,7fbe,c4ec,
4725,de2d,b2ec,92b1,7fbe,a578,
4726,e581,1a57,3019,7fbe,bde6,
4727,6155,a2e8,92b1,7fbe,ea5f,
4728,a949,da91,1291,7fbe,7838,
4729,6142,a2c8,92a1,7fbe,6253,
4730,3155,a2e8,92b1,7fbe,1967,
4731,14d3,3558,0501,7fbe,97b0,
4732,718d,a2e8,3f5a,7fbe,adeb,
4733,0e30,a2e8,92b1,7fbe,6f65,
4734,615d,a2e8,92b1,7fbe,893d,
4735,104b,6187,92b8,7fbe,c255,
4736,6955,a2e8,92b1,7fbe,b4b9,
4737,e155,a2e8,92b1,7fbe,1860,
4738,61d1,a2e8,92b1,7fbe,66f2,
4739,0000,052a,f2b1,7fbe,66ca,
4740,0000,a2e0,92b1,7fbe,edba,
4741,6051,a2e8,92b1,7fbe,a90b,
4742,4155,a2e8,92b1,7fbe,191c,
4743,0000,6f28,8e27,7fbe,5682,
4744,f354,a2e8,92b1,7fbe,9209,
4745,2157,a2e8,92b1,7fbe,5297,
4746,0000,cca9,d231,7fbe,ff4d,
4747,6314,a2e8,92b1,7fbe,6944,
4748,2141,a2e8,92b1,7fbe,cadf,
4749,611d,a2e8,92b1,7fbe,6cc6,
4750,4194,a2e8,358b,7fbe,a73a,
4751,76c3,f735,96a9,7fbe,58ed,
4752,0000,e9fd,b0bd,7fbe,0e0b,
4753,6115,a2e8,92b1,7fbe,df9f,
4754,54d6,a2e8,7190,7fbe,e321,
4755,6155,a2e8,92b1,7fbe,06bf,
4756,6454,a2e8,92b1,7fbe,0069,
4757,7155,a2e8,92b1,7fbe,8c5e,
4758,40d1,a2e8,92b1,7fbe,31e0,
4759,0000,aa36,aa6d,7fbe,28dc,
4760,f21c,a688,9291,7fbe,fb21,
4761,ffb0,a2e8,92b1,7fbe,9ea5,
4762,4155,a2e8,92b1,7fbe,1e23,
4763,1951,a2e8,92b1,7fbe,08b0,
4764,6155,a2e8,92b1,7fbe,88a4,
4765,7fc3,a2ca,8895,7fbe,1a24,
4766,6114,a2e8,92b1,7fbe,b56c,
4767,a968,a2e8,92b1,7fbe,c83d,
4768,6155,a2e8,92b1,7fbe,6520,
4769,f151,a2e8,92b1,7fbe,9813,
4770,0000,a2e8,5c88,7fbe,ce39,
4771,0000,6d7f,b2b9,7fbe,ce8f,
4772,6515,a2e8,92b1,7fbe,e7f0,
4773,6155,a2e8,92b1,7fbe,64ec,
4774,ae96,a2e8,92b1,7fbe,df82,
4775,396c,a2e8,ec49,7fbe,7ef8,
4776,6115,a2e8,92b1,7fbe,396d,
4777,41d5,a2e8,92b1,7fbe,5c18,
4778,2190,a2e8,cfe8,7fbe,5d59,
4779,8f20,a2e8,92b1,7fbe,ae75,
4780,0000,2077,92b0,7fbe,02bc,
4781,6155,a2e8,92b1,7fbe,44b7,
4782,c165,62a0,d291,7fbe,3743,
4783,d191,a2e8,2ebe,7fbe,bc0f,
4784,6151,a2e8,92b1,7fbe,5319,
4785,4524,b248,9331,7f3e,3d51,
4786,4155,92ea,82b1,7fbe,7438,
4787,6155,a2e8,92b1,7fbe,31e1,
4788,6155,a2e8,92b1,7fbe,f9be,
4789,f086,a2e8,92b1,7fbe,915b,
4790,cc36,a2e8,92b1,7fbe,a543,
4791,0000,ba8e,5abf,7fbe,c80e,
4792,a57d,a0e8,92b1,7fbe,d7b6,
4793,6115,a2e8,92b1,7fbe,4d59,
4794,6155,a2e8,92b1,7fbe,7cf8,
4795,0000,7da1,92b3,7fbe,df4d,
4796,a1c4,22a8,92b1,7fbe,363e,
4797,7154,a2ec,92b3,7fbe,929d,
4798,3254,b22e,8d5e,7fbe,1fef,
4799,6155,a2e8,92b1,7fbe,8071,
4800,24c0,a1e8,93b1,7fbe,2861,
4801,6155,a2e8,92b1,7fbe,c035,
4802,6115,a2e8,92b1,7fbe,b4d2,
4803,6115,a2e8,92b1,7fbe,2635,
4804,590c,a2e8,92b1,7fbe,3a19,
4805,2145,a2e8,92b1,7fbe,7de5,
4806,ca28,2ae9,16b1,7fbe,ea2c,
4807,6479,20a2,92f0,7f9e,8646,
4808,6155,a2e8,92b1,7fbe,4f8f,
4809,7a53,a2a8,92b1,7fbe,c822,
4810,0000,a2e9,9486,7fbe,0637,
4811,2155,a2e8,92b1,7fbe,217c,
4812,6f45,4024,9aa1,7fbe,f0f4,
4813,6b7c,a2e8,77cc,7fbe,e57d,
4814,0000,7945,a2f1,7fbe,b32d,
4815,30cc,b2a9,9271,7ffe,e53b,
4816,0000,4144,9291,7fbe,e3ed,
4817,eb4b,a2e8,92b1,7fbe,2a1a,
4818,0000,01cb,30b1,7fbe,4532,
4819,d08c,a2e8,92b1,7fbe,b199,
4820,48fd,a2e8,0930,7fbe,9b81,
4821,7155,a2e8,92b1,7fbe,e860,
4822,0d15,a2e8,50ea,7fbe,c25b,
4823,0000,270c,aa76,7fbe,ecad,
4824,c014,a2e8,7fa3,7fbe,ed12,
4825,5305,a2e8,2eb2,7fbe,bc03,
4826,0000,b6dc,92b1,7fbe,4701,
4827,6115,a2e8,92b1,7fbe,a6d1,
4828,6154,a2e8,92b1,7fbe,40b0,
4829,b355,5ba9,9131,7ebe,9901,
4830,104c,a160,93b1,7fbe,b92a,
4831,e345,a2e8,92b1,7fbe,962d,
4832,71f1,9a2a,82f1,7fbe,2716,
4833,03f5,a2e8,b6d4,7fbe,2465,
4834,0000,a82e,97f0,7fbe,a744,
4835,61d5,a2e8,92b1,7fbe,9617,
4836,6155,a2e8,92b1,7fbe,abbe,
4837,ba36,d7c0,9a33,7fbe,642c,
4838,0afe,e2e8,92b1,7fbe,ef03,
4839,205d,a2a8,9291,7fbe,eba9,
4840,0000,3fc5,90b9,7fbe,da3d,
4841,7554,a2e8,92b1,7fbe,4ae6,
4842,4237,a0e4,118f,7fbe,833e,
4843,6155,a2e8,92b1,7fbe,3a64,
4844,6155,a2e8,92b1,7fbe,3fc7,
4845,cb44,22e0,92b1,7fbe,a442,
4846,63d7,a2e8,92b1,7fbe,ab15,
4847,2685,e2e8,b318,7fbe,21a9,
4848,6fbd,6c20,92b1,7fbe,cec8,
4849,0000,825b,1232,7fbf,413b,
4850,2155,a2e8,92b1,7fbe,9972,
4851,0000,f041,9af1,7fbe,4a69,
4852,6155,a2e8,92b1,7fbe,c4e1,
4853,71c5,b3e8,9231,7fbe,2eae,
4854,6115,a2e8,92b1,7fbe,a9f2,
4855,6155,a2e8,92b1,7fbe,63c6,
4856,0000,a2ea,13f1,7fbe,8140,
4857,5f5f,2698,12b2,7fbf,1700,
4858,7155,a2e8,92b1,7fbe,716b,
4859,615d,a2e8,92b1,7fbe,7477,
4860,0000,dae8,92a1,7fbe,7820,
4861,6155,a2e8,92b1,7fbe,ab7a,
4862,5141,a2e8,7c6a,7fbe,eedb,
4863,6155,a2e8,92b1,7fbe,23c0,
4864,e104,a2e8,92b1,7fbe,d3f3,
4865,329b,7971,1e91,7fbe,05c9,
4866,e57b,a2e8,92b1,7fbe,852e,
4867,611d,a2e8,92b1,7fbe,2319,
4868,6155,a2e8,92b1,7fbe,7b60,
4869,6155,a2e8,92b1,7fbe,5e52,
4870,ace9,b368,9231,7fbe,0084,
4871,6555,a2e8,92b1,7fbe,fb6e,
4872,a915,a2e8,7263,7fbe,e0d2,
4873,fb86,a2e8,f406,7fbe,66b7,
4874,7041,81e8,93b1,7fbe,370f,
4875,c26d,c585,12b1,7fbe,676c,
4876,5815,c0e8,b3b1,7fbe,87aa,
4877,0000,c62b,f672,7fbe,64c3,
4878,0055,a2e8,92b1,7fbe,ab32,
4879,a9e8,aa8f,8ab3,77be,0bad,
4880,5127,a2d8,92a1,7fbe,9871,
4881,0000,a2e8,ec6c,7fbe,7edd,
4882,6955,a2e8,92b1,7fbe,d0d5,
4883,6955,a2e8,92b1,7fbe,dc59,
4884,6115,a2e8,92b1,7fbe,ffec,
4885,6165,a2e8,92b1,7fbe,4770,
4886,6131,a2e8,92b1,7fbe,bddb,
4887,6155,a2e8,92b1,7fbe,f5a8,
4888,750b,aa6a,92f1,7fbe,3145,
4889,6355,a2e8,92b1,7fbe,468e,
4890,2895,a3e8,9231,7fbe,c202,
4891,7d57,a2ad,92b3,7fbe,5b60,
4892,6115,a2e8,92b1,7fbe,3a49,
4893,ed16,a264,92b5,7fbe,8806,
4894,0000,b32e,a231,6fbe,b1dd,
4895,2155,a2e8,92b1,7fbe,83c7,
4896,7155,a2e8,92b1,7fbe,4436,
4897,6155,a2e8,92b1,7fbe,f9f7,
4898,048c,a2e8,c2f3,7fbe,5042,
4899,6155,a2e8,92b1,7fbe,9842,
4900,7714,a2e8,92b1,7fbe,ac76,
4901,7a3e,a2e8,92b1,7fbe,3ba3,
4902,7bfd,d703,92b1,7fbe,75eb,
4903,6d7d,a2e8,92b1,7fbe,270d,
4904,6115,a2e8,92b1,7fbe,9a7e,
4905,6155,a2e8,92b1,7fbe,50b7,
4906,6155,a2e8,92b1,7fbe,ddd6,
4907,0000,19dd,385b,7fbe,2f2d,
4908,b2c9,a2e8,637e,7fbe,f1cf,
4909,7155,a2e8,92b1,7fbe,d9b3,
4910,7375,a2e8,92b1,7fbe,0719,
4911,4b2e,d68e,b2b9,7fbe,147a,
4912,0000,592d,c976,7fbe,5bc7,
4913,6155,a2e8,92b1,7fbe,cd86,
4914,6115,a2e8,92b1,7fbe,88ee,
4915,b178,a2ea,92b1,7fbe,9d19,
4916,6d7d,a2e8,92b1,7fbe,270d,
4917,6155,a2e8,92b1,7fbe,a2fa,
4918,0000,6ff2,a37a,5fbe,6caf,
4919,b180,a0e8,92b1,7fbe,5747,
4920,6195,a2e8,92b1,7fbe,3bda,
4921,7015,a2e8,92b1,7fbe,41de,
4922,3f61,e6e8,90b1,7fbe,5f92,
4923,7155,a2e8,92b1,7fbe,c965,
4924,e175,a2e8,92b1,7fbe,33a0,
4925,0000,5ec8,9ab1,7fbe,ec20,
4926,61d5,a2e8,92b1,7fbe,87ff,
4927,61d1,a2a8,92b1,7fbe,8a6e,
4928,9314,a2ef,92b3,7fbe,f9b5,
4929,e97d,a2e8,92b1,7fbe,eeb3,
4930,69d7,a2e8,92b1,7fbe,e028,
4931,2614,a2e8,83e5,7fbe,1154,
4932,2411,a2e8,448d,7fbe,d63c,
4933,8b2e,20c9,9a79,7fbe,08c8,
4934,6159,a2e8,0817,7fbe,9aa6,
4935,0000,ace7,55d8,7dbe,98f8,
4936,7155,a2e8,92b1,7fbe,36dc,
4937,f155,a2e8,92b1,7fbe,e97d,
4938,e115,a2e8,92b1,7fbe,30b6,
4939,0000,c37d,98b1,7fbe,7fd4,
4940,6055,a2e8,92b1,7fbe,b1d1,
4941,e579,a2e8,b046,7fbe,22f7,
4942,9384,e268,0df9,7fbe,9f48,
4943,0000,b2a0,2902,7fbe,bbb3,
4944,0000,4001,90f1,7fbe,a669,
4945,4155,a2e8,92b1,7fbe,ce60,
4946,0000,a3ec,bbc0,7fbe,2971,
4947,f175,a2e8,92b1,7fbe,c6af,
4948,f375,a2e8,9c43,7fbe,0ef2,
4949,a4ee,df03,92b3,7fbe,7def,
4950,f5d7,2ee8,96b1,7fbe,6b6b,
4951,91d7,a2e8,92b1,7fbe,f082,
4952,0000,43e3,1681,7fbe,2f52,
4953,16e8,a2e8,92b1,7fbe,77bd,
4954,6414,a2e8,92b1,7fbe,2934,
4955,67ce,a2e8,92b1,7fbe,069b,
4956,71d7,a2e8,92b1,7fbe,a219,
4957,0000,2201,9b97,7fbe,8105,
4958,0000,4149,da93,7fbe,79ef,
4959,0000,3cf3,362c,7fbe,a49d,
4960,61d5,a2e8,92b1,7fbe,fce0,
4961,7145,a2e8,92b1,7fbe,0cfd,
4962,3555,a2e8,92b1,7fbe,bd0d,
4963,2155,a2ac,92b3,7fbe,cebe,
4964,6155,a2e8,92b1,7fbe,3cf6,
4965,0000,bff1,da03,7fbe,982c,
4966,05a9,a2ea,8bb5,7fbe,1904,
4967,8380,22c1,d2b1,7fbe,70a7,
4968,95c8,62e0,d2b1,7fbe,b8fd,
4969,6585,a2e8,92b1,7fbe,207d,
4970,58bb,6080,2f3b,7fbe,9d8a,
4971,61d5,a2e8,92b1,7fbe,0bf9,
4972,6861,11be,92b1,7fbe,b356,
4973,7f5a,a264,1be3,7fbe,8956,
4974,0000,fc09,ba99,7fbe,2bb0,
4975,d4db,a2e8,92b1,7fbe,b58e,
4976,6115,a2e8,92b1,7fbe,e43f,
4977,7114,a2e8,92b1,7fbe,99fb,
4978,6915,a2e8,92b1,7fbe,edb6,
4979,7d14,a2e8,92b1,7fbe,18ef,
4980,6057,a2e8,92b1,7fbe,e19d,
4981,e38f,a2e8,92b1,7fbe,8ad2,
4982,e977,a2e8,92b1,7fbe,42f0,
4983,f155,a2e8,92b1,7fbe,7946,
4984,c9df,a2a8,92b1,7fbe,ddde,
4985,0000,a2e8,dbfe,7fbe,494f,
4986,615d,a2e8,92b1,7fbe,5c95,
4987,0000,4b0b,94b1,7fbe,65f3,
4988,6157,a2e8,92b1,7fbe,4fb2,
4989,6596,a2e8,5315,7fbe,c1a4,
4990,7100,a2e8,fa17,7fbe,68a6,
4991,2155,a2e8,92b1,7fbe,3545,
4992,7155,a2e8,92b1,7fbe,8837,
4993,b463,9154,9291,7fbe,33fc,
4994,b8e4,a2e8,92b1,7fbe,d9f1,
4995,c9b2,a2ec,92b1,7fbe,90f9,
4996,6155,a2e8,92b1,7fbe,046d,
4997,0c6b,ff5d,5091,7fbe,99dc,
4998,6955,a2e8,92b1,7fbe,ee86,
4999,0000,c90e,b2b1,7fbe,2bea,
5000,6111,a2e8,92b1,7fbe,98f2,
5001,e155,a2e8,92b1,7fbe,45c9,
5002,6145,a0c8,92a1,7fbe,1c2a,
5003,615d,a2e8,92b1,7fbe,950f,
5004,0000,6bcc,496f,7fbe,dbde,
5005,0000,f2f5,14c9,7f9e,db3c,
5006,794f,a2e8,378a,7fbe,a53b,
5007,0000,22e8,92b1,7fbe,7971,
5008,6551,a2e8,92b1,7fbe,6775,
5009,6155,a2e8,92b1,7fbe,c63a,
5010,3acf,3385,b2b1,7fbe,f169,
5011,6975,a2e8,92b1,7fbe,8c11,
5012,0000,83cd,b3b4,7fbe,2105,
5013,f955,a2e8,92b1,7fbe,061d,
5014,6155,a2e8,92b1,7fbe,d90b,
5015,5027,51ee,9a93,7fbe,e742,
5016,0000,72bb,91b1,7fbe,9653,
5017,d9cf,a368,9231,7fbe,f09c,
5018,6155,a2e8,92b1,7fbe,9b3b,
5019,fcb8,a2e8,92b1,7fbe,9ced,
5020,6115,a2e8,92b1,7fbe,3a61,
5021,150c,a2e8,92b1,7fbe,245d,
5022,3179,aae8,96b1,7fbe,5fbc,
5023,f853,22f9,12b1,7fbe,23ed,
5024,191d,a2f8,92b9,7fbe,ee08,
5025,0000,049b,30d8,7fbe,e19e,
5026,f95c,a2e8,918e,7fbe,033f,
5027,7157,a2e8,92b1,7fbe,091f,
5028,0000,3837,24a9,7fbe,36d2,
5029,f1e2,ef15,df4c,7fbe,4dfd,
5030,7155,a2e8,92b1,7fbe,2038,
5031,4151,a2e8,92b1,7fbe,9a53,
5032,6115,a2e8,92b1,7fbe,e3ee,
5033,6af3,a2e8,92b1,7fbe,1ba6,
5034,615d,a2e8,92b1,7fbe,605a,
5035,2155,a2e8,92b1,7fbe,aedb,
5036,ba41,04b5,92bd,7fbe,c6cb,
5037,aba1,22e8,3855,7fbe,aae4,
5038,0142,5210,6a49,7fbe,fcf8,
5039,f9f5,a2a8,92b1,7fbe,f2d4,
5040,6355,a2e8,92b1,7fbe,50e5,
5041,0000,d20a,97b1,7fbe,fee2,
5042,6955,a2e8,92b1,7fbe,dc2a,
5043,0000,26bb,90b1,7fbe,8053,
5044,7155,a2e8,92b1,7fbe,cdc6,
5045,61c7,aa68,92f1,7fbe,6af4,
5046,0000,9ae0,8591,7fbe,1720,
5047,6155,a2e8,92b1,7fbe,8a95,
5048,0000,4c16,20b1,7fbe,b8ef,
5049,d1f4,a5e8,90b1,7fbe,846a,
5050,283d,a3e8,d8df,7fbe,4a6e,
5051,735d,a2e8,92b1,7fbe,d5e3,
5052,6365,a2e8,15f5,7fbe,8744,
5053,6850,a2e8,0367,7fbe,91d6,
5054,6516,a2e8,92b1,7fbe,2b72,
5055,e230,dcce,9ab3,7fbe,6e20,
5056,40a3,903c,92a1,7fbe,30f4,
5057,0000,baa7,0ee0,7fbe,8ab7,
5058,6115,a2e8,92b1,7fbe,d797,
5059,63d7,a2e8,92b1,7fbe,0ce7,
5060,8c3b,a2e8,92b1,7fbe,ed6e,
5061,4f2c,a005,b2b1,7fbe,42ed,
5062,a792,a2e8,3fdd,7fbe,ad6c,
5063,6155,a2e8,92b1,7fbe,4e5b,
5064,6145,a2e8,92b1,7fbe,c58c,
5065,119c,a2e8,b7ee,7fbe,255f,
5066,6155,a2e8,92b1,7fbe,edeb,
5067,a971,b42c,8475,7fbe,16c4,
5068,0000,62dc,b2a1,7fbe,1217,
5069,9931,45d0,02b1,7fbe,c739,
5070,5178,6ae8,5ee5,7fbe,cc54,
5071,0000,6723,d1a1,7fbe,a16b,
5072,0000,1231,9eb2,7fbe,acfc,
5073,6055,a2e8,92b1,7fbe,12ce,
5074,0000,8eac,16a0,ffbe,82ca,
5075,6155,a2e8,92b1,7fbe,a97b,
5076,0000,b3ec,4817,7fbe,daa6,
5077,6555,a2e8,92b1,7fbe,9015,
5078,6114,a2e8,92b1,7fbe,2634,
5079,cc66,a2e8,92b1,7fbe,ad31,
5080,6195,a2e8,92b1,7fbe,13a7,
5081,af23,a2e8,7cc5,7fbe,ee74,
5082,b1d1,36eb,b2b1,6fbe,d78c,
5083,6955,a2e8,92b1,7fbe,574d,
5084,6404,a2e8,92b1,7fbe,9c09,
5085,6051,a2e8,92b1,7fbe,65e0,
5086,bbb0,8368,92b1,7fbe,b827,
5087,0000,b29e,588b,7fbe,cf79,
5088,6155,a2e8,92b1,7fbe,bde0,
5089,e1bd,a2e8,4cfb,7fbe,de4a,
5090,6155,a2e8,92b1,7fbe,923d,
5091,e37d,a688,9291,7fbe,3ee8,
5092,61d5,a2e8,92b1,7fbe,d552,
5093,0a3b,e6e8,90b1,7fbe,d8fc,
5094,315d,22b9,5291,7fbe,fd93,
5095,6155,a2e8,92b1,7fbe,2dfa,
5096,0000,eacd,55c8,7fbe,b3a2,
5097,0000,26e2,96b1,7fbe,2925,
5098,8398,a2e8,92b1,7fbe,e2cd,
5099,12e5,a2e8,92b1,7fbe,73b2,
5100,6155,a2e8,92b1,7fbe,32a1,
5101,be43,6f95,87b0,7fbe,45bd,
5102,c6e0,22c8,92a1,7fbe,c18d,
5103,6175,a2e8,92b1,7fbe,88bf,
5104,6d41,a2e8,11f8,7fbe,8349,
5105,7114,a2e8,92b1,7fbe,2d40,
5106,c77b,a2e8,92b1,7fbe,a21e,
5107,7151,a2e8,92b1,7fbe,0307,
5108,0000,c93c,f8e5,7fbe,6ad4,
5109,f914,a2e8,92b1,7fbe,d36a,
5110,c56c,8068,93b1,7fbe,94eb,
5111,2155,a2e8,92b1,7fbe,d793,
5112,41fb,e3f4,b2b9,7fbe,1111,
5113,6d55,a2c8,92b1,7fbe,0dbc,
5114,7375,a2e8,92b1,7fbe,6aba,
5115,2155,a2e8,92b1,7fbe,9f53,
5116,0000,e0e0,0d80,7fbe,9f31,
5117,0000,e68b,94b9,7fbe,ca73,
5118,0000,461f,7646,7fbe,e4f7,
5119,6154,a2e8,92b1,7fbe,939c,
5120,7514,a2e8,92b1,7fbe,7234,
5121,6155,a2e8,92b1,7fbe,ae3f,
5122,6154,a2e8,92b1,7fbe,24f5,
5123,6155,a2e8,92b1,7fbe,9423,
5124,212f,a2ae,92b3,7fbe,3c06,
5125,f9ed,a2e8,92b1,7fbe,88b8,
5126,50f5,a2e8,fd80,7fbe,6f31,
5127,0000,fb67,b131,7fbe,6e4f,
5128,0000,77ba,d3f0,7fbe,3d32,
5129,24d1,0217,96a1,7fbe,2acf,
5130,0000,32e0,b6b9,7fbe,dc10,
5131,7991,48e8,7839,7fbe,ea8c,
5132,7055,a2e8,92b1,7fbe,a102,
5133,6155,a2e8,92b1,7fbe,673b,
5134,b429,a2e8,92b1,7fbe,857c,
5135,0000,4e22,b2b1,7fbe,8cc6,
5136,0000,0c12,9393,7fbe,cd3c,
5137,6115,a2e8,92b1,7fbe,0bf6,
5138,3445,a2e8,0b94,7fbe,9925,
5139,b563,8264,92b5,7fbe,1284,
5140,3440,a328,9231,7fbe,bb54,
5141,6005,7900,4959,7fbe,dbe8,
5142,0000,0a06,d0a3,7fbe,ee82,
5143,655d,aaea,92b1,7fbe,bc83,
5144,6d7d,b289,9a91,7fbe,89ed,
5145,601c,a2e8,04fd,7fbe,964c,
5146,2b82,45f2,d6b1,7fbe,6f1a,
5147,7159,a2e8,92b1,7fbe,986b,
5148,6115,a2e8,92b1,7fbe,88e5,
5149,601c,a2e8,04fd,7fbe,964c,
5150,0000,a2a9,92b1,7fbe,8186,
5151,602b,23cc,a8dc,7fbe,3a6d,
5152,215d,a2e8,92b1,7fbe,121a,
5153,0000,b927,c97a,7fbe,5bcb,
5154,3db2,a2e8,92b1,7fbe,dee7,
5155,e5de,a2e8,92b1,7fbe,c40b,
5156,e06d,a2e8,92b1,7fbe,8138,
5157,2fb5,50bb,12d1,7fbe,72c2,
5158,6955,a2e8,92b1,7fbe,0fbd,
5159,683d,a2e8,adb8,7fbe,3f09,
5160,3045,a2e8,92b1,7fbe,5e51,
5161,0000,ce23,123b,7fbe,7cdc,
5162,f9c3,aae8,cb31,7fbe,5980,
5163,6155,a2e8,92b1,7fbe,4b03,
5164,6155,a2e8,92b1,7fbe,313e,
5165,6154,a2e8,92b1,7fbe,94f7,
5166,63e6,a2e8,c4be,7fbe,560f,
5167,6155,a2e8,92b1,7fbe,dcf3,
5168,7811,a2e8,92b1,7fbe,9671,
5169,6956,a2e8,7491,7fbe,e620,
5170,758d,a2e8,e27c,7fbe,70cd,
5171,7155,a2e8,92b1,7fbe,1fea,
5172,0d30,2e9c,b6a3,6fbe,e414,
5173,6155,a2e8,92b1,7fbe,91e9,
5174,5005,926a,82b1,7fbe,bacf,
5175,7185,a268,92f1,7fbe,587f,
5176,0000,706d,4034,7fbe,d285,
5177,0000,7649,4690,7fbe,d461,
5178,7155,a2e8,92b1,7fbe,8996,
5179,0000,9b9e,abc7,7fbe,3976,
5180,7a18,a2e8,92b1,7fbe,0b0d,
5181,4055,22e8,d2b1,7fbe,e395,
5182,6444,22e8,92b1,7fbe,79ae,
5183,0000,12ec,2232,7fbe,b083,
5184,0000,69ae,59f7,7fbe,cb46,
5185,6157,a2e8,92b1,7fbe,fb6d,
5186,0000,5fb7,d2a1,7fbe,3d7f,
5187,6955,a2e8,92b1,7fbe,a823,
5188,5fe4,a2e8,92b1,7fbe,3eb1,
5189,0155,a2e8,92b1,7fbe,f874,
5190,b7fe,b0ea,9ab0,7fbe,a6dc,
5191,c7d8,9aea,82b1,7fbe,d8ea,
5192,f434,eb80,9391,7fbe,6f28,
5193,6155,a2e8,92b1,7fbe,a191,
5194,4496,a2ea,92b1,7fbe,205a,
5195,505c,3ee2,9231,7fbe,9d0a,
5196,7175,a2e8,92b1,7fbe,5777,
5197,0000,baf9,53a5,7fbe,9a28,
5198,6115,a2e8,92b1,7fbe,8547,
5199,07e6,a2e8,423e,7fbe,d08f,
5200,45d1,a3f8,92b9,7fbe,268e,
5201,0000,ed27,c3f5,7fbe,ec0d,
5202,74bb,a2ec,92b1,7fbe,31a4,
5203,6145,a2e8,92b1,7fbe,859f,
5204,71f5,a2e8,92b1,7fbe,0267,
5205,8406,d459,9231,7fbe,67b1,
5206,5735,a1e8,93b1,7fbe,d7b2,
5207,3b83,3339,12d1,7fbe,1d10,
5208,1e79,a0e8,92b1,7fbe,ce8c,
5209,7a24,a2e8,badb,7fbe,286a,
5210,7131,a2e8,037b,7fbe,91ca,
5211,7151,a2e8,92b1,7fbe,956c,
5212,0000,d6f8,92b1,7fbe,8a1a,
5213,0000,98fb,82f4,7fbe,1afb,
5214,fb58,a2e8,8840,7fbe,1af1,
5215,0000,d0f7,82f7,7fbe,4a75,
5216,6193,9a62,82b5,7fbe,18e4,
5217,4593,bae8,92b1,7fbe,7967,
5218,7917,a2e8,16e1,7fbe,8450,
5219,6155,a2e8,92b1,7fbe,6de8,
5220,3967,b040,b0b9,7fbe,55b8,
5221,c171,a2e8,92b1,7fbe,8024,
5222,63d6,a2e8,92b1,7fbe,1283,
5223,79d5,a2e8,6b07,7fbe,f9b6,
5224,2af4,bba9,8bf0,7fbe,1941,
5225,6155,a2e8,92b1,7fbe,fc76,
5226,ac93,a2e9,267b,7fbe,b4ca,
5227,cb9e,9ae8,b2b3,6fbe,6c07,
5228,6045,a2e8,92b1,7fbe,e08f,
5229,0000,1369,d2b3,7fbe,11c5,
5230,0000,cb4f,96a1,7fbe,6187,
5231,735d,a2e8,b9b9,7fbe,2b08,
5232,6115,a2e8,92b1,7fbe,0707,
5233,fcb8,a2e8,92b1,7fbe,9ced,
5234,f7e1,b2ce,8ab3,77be,50e6,
5235,6155,a2e8,92b1,7fbe,a4bf,
5236,634d,a2e8,92b1,7fbe,8bb1,
5237,793b,b2e8,04f5,7fbe,9644,
5238,6155,a2e8,92b1,7fbe,060e,
5239,6055,a2e8,92b1,7fbe,8119,
5240,5bd0,f161,92b7,7fbe,5384,
5241,6515,a2e8,92b1,7fbe,8201,
5242,217b,e2e8,b2b1,7fbe,a7cb,
5243,0000,4142,83b7,7fbe,d0a7,
5244,6c05,a2e8,d018,7fbe,42a9,
5245,2554,a2e8,3e1b,7fbe,acaa,
5246,0000,bc1e,9391,7fbe,5816,
5247,6b7d,a2e8,0b85,7fbe,9934,
5248,2050,a2e8,6615,7fbe,f4a4,
5249,0000,2e27,82bd,7fbe,ad59,
5250,21dd,a2ec,92b1,7fbe,0fd6,
5251,0000,aa64,92b5,7fbe,9a7d,
5252,1069,2eea,96b0,7fbe,c346,
5253,63d5,a2e8,92b1,7fbe,e78d,
5254,58f5,a064,93b5,7fbe,e694,
5255,3ce5,8fa6,d0b1,7fbe,ea4e,
5256,6155,a2e8,92b1,7fbe,b2bb,
5257,6e54,bae8,9ab1,7fbe,8592,
5258,0000,9dce,adb7,7fbe,3f06,
5259,61d5,a2e8,92b1,7fbe,1977,
5260,e176,a2a8,92b1,7fbe,9d0c,
5261,c0dd,a2e8,92b1,7fbe,8188,
5262,6155,a2e8,92b1,7fbe,dbdc,
5263,02cd,a2e8,92b1,7fbe,4194,
5264,0000,4a17,7a8e,7fbe,e87f,
5265,603c,a2e8,5e2c,7fbe,cc9d,
5266,161a,a2ea,92b1,7fbe,675c,
5267,5479,a688,9291,7fbe,a927,
5268,7155,a2e8,92b1,7fbe,53d3,
5269,d8b7,b2e8,92b1,7fbe,999d,
5270,6155,a2e8,92b1,7fbe,0dee,
5271,0000,b6b9,92b1,7fbe,2b86,
5272,0000,0f82,1899,7fbe,f81a,
5273,5165,a2e8,92b1,7fbe,840d,
5274,0000,a689,9211,7ffe,fd63,
5275,c5ec,a2e8,614d,7fbe,f3fc,
5276,0000,1331,8397,7fbe,b217,
5277,c728,a2a8,92b1,7fbe,67cf,
5278,0000,f654,d3b7,7fbe,b77a,
5279,f6f0,a2e8,92b1,7fbe,17a1,
5280,6155,a2e8,92b1,7fbe,ce86,
5281,6155,a2e8,92b1,7fbe,e720,
5282,6155,a2e8,92b1,7fbe,3e26,
5283,6175,a2e8,92b1,7fbe,6117,
5284,0000,9629,a670,7fbe,34c1,
5285,6ad9,596b,9ab3,7fbe,eb86,
5286,424b,a2e8,3b53,7fbe,a9e2,
5287,7155,a2e8,92b1,7fbe,625a,
5288,6155,a2e8,92b1,7fbe,6424,
5289,6155,a2e8,92b1,7fbe,4fe7,
5290,0000,5f7d,9233,7fbe,fc10,
5291,58b1,a2e8,9469,7fbe,06d8,
5292,6155,a2e8,92b1,7fbe,d6ea,
5293,b7a8,a2e8,92b1,7fbe,d4f5,
5294,41bd,f3ec,b231,7fbe,5525,
5295,aa29,5ea2,c7e0,7fbe,10b8,
5296,7155,a2e8,92b1,7fbe,a14d,
5297,6545,a2e8,92b1,7fbe,145c,
5298,eb57,b2e8,9ab1,7fbe,8ff2,
5299,61d5,a2e8,92b1,7fbe,7078,
5300,516d,a2e8,7594,7fbe,e725,
5301,0000,aee7,b3a5,7fbe,6fb1,
5302,6155,a2e8,92b1,7fbe,e08a,
5303,2114,a2e8,92b1,7fbe,ef71,
5304,6155,a2e8,92b1,7fbe,4b54,
5305,2305,a2e8,e73f,7fbe,758e,
5306,ec82,a2e8,92b1,7fbe,85f7,
5307,f322,b4a9,96a0,7fbe,1c72,
5308,0000,b50c,d7a5,7fbe,7f58,
5309,1cc0,a2e8,376a,7fbe,a5db,
5310,639f,f3ef,b235,7fbe,108b,
5311,2f27,82e8,92b1,7fbe,0e7e,
5312,6115,a2e8,92b1,7fbe,25df,
5313,0000,02e0,d2b1,7fbe,5c8e,
5314,6155,a2e8,92b1,7fbe,bb03,
5315,6355,a2e8,92b1,7fbe,d41d,
5316,9f52,92ea,82b1,7fbe,2ab7,
5317,6055,a2e8,92b1,7fbe,3f9c,
5318,e155,a2e8,92b1,7fbe,5317,
5319,60d5,a2e8,92b1,7fbe,b0a2,
5320,0000,03b6,d3a1,7fbe,207e,
5321,e115,a2e8,92b1,7fbe,ccb3,
5322,7111,3454,040d,7fbe,96bc,
5323,0000,d5cc,bca9,7fbe,9a04,
5324,6155,a2e8,92b1,7fbe,477f,
5325,0000,2569,f039,3fbe,57fc,
5326,3545,a2e8,92b1,7fbe,20a9,
5327,b3ff,a2e8,2fe6,7fbe,bd57,
5328,0000,a368,6612,7fbe,f4a3,
5329,ad17,aae8,96b1,7fbe,5d44,
5330,e454,a2e8,92b1,7fbe,d8ba,
5331,655d,a2e8,92b1,7fbe,f4f6,
5332,6155,a2e8,92b1,7fbe,c34b,
5333,ea77,be2b,9ab1,7fbe,479e,
5334,9200,a2a8,f107,7fbe,63b6,
5335,1dc0,a2e8,5bcc,7fbe,c97d,
5336,6555,a2e8,92b1,7fbe,e90e,
5337,1304,a2e8,92b1,7fbe,f251,
5338,4478,a72c,b233,6fbe,9b6c,
5339,6939,a2e8,3b6f,7fbe,a9de,
5340,3496,c4d3,92b1,7fbe,663b,
5341,12f0,b2ef,92b3,7fbe,828c,
5342,7507,a228,92f1,7fbe,5056,
5343,6155,a2e8,92b1,7fbe,901e,
5344,6b6d,a2e8,9793,7fbe,0522,
5345,6115,a2e8,92b1,7fbe,67b3,
5346,431c,a2e8,c461,7fbe,56d0,
5347,0000,a2e8,d2c3,7fbe,4072,
5348,0000,32f8,92b1,7fbe,f7c1,
5349,0000,a2e8,57d4,7fbe,c565,
5350,6703,3d34,82f1,7fbe,bf1e,
5351,ad06,a2e8,92b1,7fbe,cc13,
5352,6155,a2e8,92b1,7fbe,fe38,
5353,0000,78e6,8194,77be,a020,
5354,6155,a2e8,92b1,7fbe,a786,
5355,5119,a2e8,f4f7,7fbe,6646,
5356,ec5e,a2e8,16c2,7fbe,8473,
5357,7155,a2e8,92b1,7fbe,f84e,
5358,6155,a2e8,92b1,7fbe,e407,
5359,e35d,a3f0,92b9,7fbe,8121,
5360,6155,a2e8,92b1,7fbe,b7aa,
5361,ee36,a2e8,299c,7fbe,bb2d,
5362,6145,a2e8,92b1,7fbe,aff3,
5363,6155,a2e8,92b1,7fbe,07cb,
5364,4155,a2e8,92b1,7fbe,7312,
5365,56c9,a2e8,92b1,7fbe,379e,
5366,6155,a2e8,92b1,7fbe,fd40,
5367,4049,a2e0,92b1,7fbe,0c46,
5368,515d,a2e8,92b1,7fbe,8f0b,
5369,44d2,a2e8,92b1,7fbe,25c7,
5370,6175,a2e8,92b1,7fbe,ef66,
5371,0ffa,86e9,92b1,7fbe,4f67,
5372,4114,a2e8,92b1,7fbe,918e,
5373,6155,a2e8,92b1,7fbe,b618,
5374,dfd6,a2e8,f02d,7fbe,629c,
5375,408d,969c,a6c5,7fbe,3474,
5376,6955,a2e8,92b1,7fbe,c1e2,
5377,be36,ee99,dec0,7fbe,4c71,
5378,6157,a2e8,92b1,7fbe,da14,
5379,0000,ed85,92b1,7fbe,aa99,
5380,d0c8,a2e8,92b1,7fbe,b19d,
5381,6055,a2e8,92b1,7fbe,2992,
5382,6174,b2e8,9ab1,7fbe,490c,
5383,6155,a2e8,92b1,7fbe,71b2,
5384,32cf,a2e8,92b1,7fbe,519a,
5385,6145,a2e8,92b1,7fbe,72bb,
5386,7351,a2e8,92b1,7fbe,35a9,
5387,0000,a2d8,c836,7fbe,5a97,
5388,0000,5488,64d1,7fbe,f660,
5389,6355,a2e8,92b1,7fbe,f802,
5390,7551,a2e8,92b1,7fbe,4faf,
5391,3075,a2e8,47da,7fbe,d56b,
5392,0000,aae8,1413,7fbe,86a2,
5393,41f0,a2e8,92b1,7fbe,28a5,
5394,f7cb,ff00,cf59,7fbe,5de8,
5395,0000,415f,9231,7fbe,f2f3,
5396,0000,b2ac,92b1,7fbe,9447,
5397,0000,b2e8,92b1,7fbe,c6f0,
5398,c7aa,a2e8,92b1,7fbe,a7ff,
5399,0000,02c8,1f79,7fbe,8dc8,
5400,0000,cdc8,1ed4,7fbe,d3fa,
5401,6155,a2e8,92b1,7fbe,078d,
5402,0000,317d,ba3a,7fbe,c2e2,
5403,f827,a2e8,92b1,7fbe,1972,
5404,7d13,b2ec,92b1,7fbe,73e6,
5405,795d,a2e8,92b1,7fbe,2501,
5406,7155,a2e8,92b1,7fbe,7d2e,
5407,6151,a2e8,92b1,7fbe,2ef4,
5408,6116,22ca,92b0,7fbe,c804,
5409,0000,542c,7623,7fbe,bf7d,
5410,6155,a2e8,92b1,7fbe,c237,
5411,2055,a2e8,92b1,7fbe,df3d,
5412,cf40,a2e8,92b1,7fbe,ae55,
5413,865f,e4e8,90b1,7fbe,2b3c,
5414,fd38,a2ee,92b3,7fbe,d71b,
5415,a074,22e8,92b1,7fbe,6c72,
5416,f4fd,28c8,db46,7fbe,49f7,
5417,0933,b1e9,d0b1,3fbe,f7e8,
5418,0000,a628,92b1,7fbe,0382,
5419,0557,a2e8,7c51,7fbe,eee0,
5420,6954,a2e8,92b1,7fbe,3bfb,
5421,0000,3e50,92b1,7fbe,9cb8,
5422,22ca,3086,9aa1,7fbe,8856,
5423,6115,a2e8,92b1,7fbe,0147,
5424,7359,b3e8,92b1,7fbe,1179,
5425,6555,a2e8,92b1,7fbe,9015,
5426,6955,a2e8,92b1,7fbe,29c4,
5427,0000,e2e8,d846,7fbe,4af7,
5428,0000,969b,a6c2,7fbe,3473,
5429,615d,a2e8,92b1,7fbe,afab,
5430,6155,a2e8,92b1,7fbe,d19a,
5431,e3d1,a2e8,92b1,7fbe,8284,
5432,0000,4362,83b5,7fbe,e386,
5433,11d5,81e8,93b1,7fbe,10d5,
5434,0000,f3c1,12b1,7fbe,9e69,
5435,6115,a2e8,92b1,7fbe,dbe3,
5436,275e,617c,9ab7,7fbe,d31b,
5437,0000,0bc1,1aa1,7bbe,84da,
5438,0000,24a3,f621,7fbe,4b6b,
5439,0000,0f91,a2f5,7fbe,e595,
5440,7451,a2e8,92b1,7fbe,b1bf,
5441,0000,0d7b,8af1,7fbe,9751,
5442,b1f9,a2e8,ef68,7fbe,7dd9,
5443,6145,a2e9,12b1,7fbe,a07e,
5444,50ee,a2e8,92b1,7fbe,71ab,
5445,6115,a2e8,92b1,7fbe,62f5,
5446,6154,a2e8,92b1,7fbe,7452,
5447,9910,a3e4,b2b5,7fbe,4e74,
5448,6155,a2e8,92b1,7fbe,d4db,
5449,0000,dd98,1011,7fbe,28a1,
5450,9549,a2e8,efd6,7fbe,7d67,
5451,f043,e2e8,90c0,7fbe,0271,
5452,0000,75b9,d3a1,7fbe,5671,
5453,6154,a2e8,742f,7fbe,e69e,
5454,6375,22e9,58e7,7fbe,ca56,
5455,046b,ed0d,9bb1,7fbe,5de5,
5456,6155,a2e8,92b1,7fbe,870d,
5457,0000,ba1c,12d0,7fbe,1816,
5458,0000,47f4,92b1,7fbe,8794,
5459,4155,a2e8,92b1,7fbe,0e66,
5460,634d,a2e8,92b1,7fbe,8bb1,
5461,1745,a2e8,5700,7fbe,c5b1,
5462,6034,a2e8,8b77,7fbe,19c6,
5463,e6b4,a2e8,39e8,7fbe,ab59,
5464,f195,a2e8,92b1,7fbe,7e46,
5465,2914,2ee8,96b1,7fbe,2392,
5466,6155,a2e8,92b1,7fbe,17bb,
5467,dc7d,a2e8,92b1,7fbe,ad28,
5468,6b1f,f2e8,92b1,7fbe,bdc0,
5469,e055,aacb,8ab0,77be,1303,
5470,ce69,a3e0,92b1,7fbe,0fc0,
5471,3405,a2e8,aec3,7fbe,3c72,
5472,1251,a2e8,ad88,7fbe,3f39,
5473,4a82,b368,9231,7fbe,b3bf,
5474,0000,5dc8,92b3,7fbe,ff26,
5475,7155,a2e8,92b1,7fbe,280f,
5476,31bb,c44f,92b1,7fbe,6ea7,
5477,2320,b1c9,8620,77be,f1d9,
5478,e9cc,a2c8,e49a,7fbe,762b,
5479,8f4a,a2e8,92b1,7fbe,fe1f,
5480,6155,a2e8,92b1,7fbe,76eb,
5481,38d0,a2e8,ffca,7fbe,6d7b,
5482,e155,a2e8,92b1,7fbe,3c17,
5483,6414,2ae8,96b1,7fbe,96a9,
5484,6111,a2e8,92b1,7fbe,f773,
5485,5f9a,2ee8,96b1,7fbe,b306,
5486,6155,a2e8,92b1,7fbe,5ed8,
5487,2235,a6e8,90b1,7fbe,4c8a,
5488,6115,a2e8,92b1,7fbe,467b,
5489,f44e,a2e8,92b1,7fbe,951b,
5490,dce5,a2e8,1d9d,7fbe,8f2c,
5491,5598,a2e8,2811,7fbe,baa0,
5492,6155,a2e8,92b1,7fbe,242a,
5493,4797,62e0,d2b1,7fbe,49eb,
5494,354d,92ee,82b1,7fbe,72a6,
5495,6555,a2e8,92b1,7fbe,2409,
5496,458d,a2e8,91a0,7fbe,0311,
5497,6d3d,a2e8,81da,7fbe,136b,
5498,6197,a2e8,92b1,7fbe,7bd4,
5499,0000,27e9,10b1,7fbe,819b,
5500,7500,26ea,8ab0,77be,b982,
5501,6355,a2e8,92b1,7fbe,58d9,
5502,7d24,aa68,92f1,7fbe,90a2,
5503,6155,a2e8,92b1,7fbe,9a17,
5504,6155,a2e8,92b1,7fbe,bcf1,
5505,6955,a2e8,92b1,7fbe,ba96,
5506,d728,a2e8,92b1,7fbe,b47d,
5507,6154,a2e8,92b1,7fbe,722b,
5508,0000,55c9,96f0,7fbe,7fe3,
5509,0000,24e1,d2e1,7fbe,c471,
5510,71d5,a2e8,92b1,7fbe,d644,
5511,83f3,a2e8,992d,7fbe,0b9c,
5512,e615,a2e8,150c,7fbe,87bd,
5513,0000,aa88,b0e4,7fbe,2255,
5514,6155,a2e8,92b1,7fbe,86f0,
5515,7157,a2e8,92b1,7fbe,4ec6,
5516,adb7,415c,7105,7fbe,e3b4,
5517,3d64,a2e8,0254,7fbe,90e5,
5518,23cc,2a1e,9a13,7ffe,d99f,
5519,e565,a2e8,92b1,7fbe,b7d4,
5520,b54f,b2e4,20a8,7fbe,b219,
5521,0000,50bd,10ba,7fbe,f712,
5522,6147,a2e8,92b1,7fbe,c3c4,
5523,0199,4268,d2b1,7fbe,a34c,
5524,6c4c,a2e8,f721,7fbe,6590,
5525,0000,01cf,c3f4,7fbe,71e7,
5526,0000,aa85,9adc,7fbe,086d,
5527,7e55,a2e8,92b1,7fbe,1f00,
5528,6955,a2e8,92b1,7fbe,1682,
5529,37db,a2e8,92b1,7fbe,568e,
5530,0b94,a2e8,953e,7fbe,078f,
5531,4155,a2e8,92b1,7fbe,5047,
5532,0000,d546,9505,7fbe,17bc,
5533,63d4,a6e8,90b1,7fbe,4170,
5534,b4df,a3e8,2029,7fbe,b298,
5535,2015,a2e8,92b1,7fbe,c028,
5536,a49f,aaea,96b0,7fbe,fcde,
5537,6045,a2e9,12b1,7fbe,f1c0,
5538,14fc,a2e8,92b1,7fbe,f3a9,
5539,3587,a2e8,e4e4,7fbe,7655,
5540,e975,8d93,bdca,7fbe,2f7b,
5541,f93f,a2e8,92b1,7fbe,b8ea,
5542,e730,b3cd,93f1,7f3e,c865,
5543,6155,a2e8,92b1,7fbe,52b7,
5544,4355,a2e8,92b1,7fbe,d9ad,
5545,4156,a2e8,5169,7fbe,c3d8,
5546,6155,a2e8,92b1,7fbe,4b7c,
5547,6065,a2e8,6d57,7fbe,ffe6,
5548,6155,a2e8,92b1,7fbe,bcd1,
5549,6155,a2e8,92b1,7fbe,fc4d,
5550,0000,a2e8,39fa,7fbe,ab4b,
5551,3a2a,81e0,93b1,7fbe,e955,
5552,96e4,1d38,92b1,7fbe,bfd0,
5553,9af5,db05,92b1,7fbe,79ed,
5554,0000,ef7d,8af1,7fbe,7557,
5555,6155,a2e8,92b1,7fbe,57e7,
5556,7175,a2e8,92b1,7fbe,be5d,
5557,6857,a0e8,b3c0,7fbe,2171,
5558,2015,a2e8,92b1,7fbe,2bc5,
5559,b3fb,a2e8,92b1,7fbe,d6ae,
5560,6175,a2e8,92b1,7fbe,af57,
5561,f155,a2e8,92b1,7fbe,d9a3,
5562,0000,cac2,14a0,7fbe,6231,
5563,12f0,b2ef,92b3,7fbe,828c,
5564,c873,a2e8,92b1,7fbe,f926,
5565,91d1,aae8,08b8,7fbe,9a09,
5566,e996,28e8,96b1,7fbe,e58a,
5567,5155,a2e8,92b1,7fbe,49d9,
5568,8f88,a2ea,92b1,7fbe,fedd,
5569,4119,24f9,10b1,7fbe,bce4,
5570,7155,a2e8,92b1,7fbe,61f0,
5571,01e8,a6fa,a2b3,6fbe,ba59,
5572,61b3,a2e8,92b1,7fbe,10e2,
5573,af37,a2e8,92b1,7fbe,cc62,
5574,6155,a2e8,92b1,7fbe,6d73,
5575,6175,a2e8,92b1,7fbe,8e12,
5576,0000,3937,14d8,7fbe,432c,
5577,fff7,9c47,92b1,7fbe,3eaf,
5578,6155,a2e8,92b1,7fbe,b2bd,
5579,0bf0,a2e8,92b1,7fbe,6aa5,
5580,6155,a2e8,92b1,7fbe,4c9c,
5581,4a5c,a2e8,1e85,7fbe,8c34,
5582,32d5,a6e8,90b1,7fbe,4d0f,
5583,2538,a2e8,cb06,7fbe,59b7,
5584,7115,a2e8,92b1,7fbe,388f,
5585,0000,88ab,d8f2,7fbe,6a43,
5586,93fe,b695,86cc,7fbe,147d,
5587,0000,dcaf,baa1,7fbe,3d62,
5588,0000,0399,32c7,7fbe,a076,
5589,615d,a2e8,92b1,7fbe,453f,
5590,ab1b,2ae2,8ab1,77be,c2c9,
5591,f272,aa08,92f1,7fbe,7891,
5592,0000,cac0,b276,77be,1540,
5593,2859,9d2a,6d7b,7fbe,bfca,
5594,ee18,bae8,9ab1,7fbe,18dd,
5595,f131,a2e8,666e,7fbe,f4df,
5596,3176,a2ac,92b3,7fbe,5d80,
5597,6345,a2e8,92b1,7fbe,d0b2,
5598,fb01,a688,9291,7fbe,898f,
5599,5008,a2e8,6819,7fbe,faa8,
5600,5c13,a2e8,0440,7fbe,96f1,
5601,4443,a534,d56d,7fbe,67dc,
5602,437d,a2e8,92b1,7fbe,888c,
5603,6115,a2e8,92b1,7fbe,b457,
5604,eef3,a2e8,92b1,7fbe,8fa6,
5605,0000,a2e8,bc56,7fbe,2ee7,
5606,0000,0714,374d,7fbe,a5fc,
5607,f115,a2e8,0401,7fbe,96b0,
5608,32fd,a2e8,7e88,7fbe,ec39,
5609,0000,d387,8ab1,7fbe,496f,
5610,7cf7,a2e8,92b1,7fbe,0da6,
5611,6155,a2e8,92b1,7fbe,c621,
5612,a515,02f1,52b1,7fbe,64a9,
5613,795f,b2e8,92b1,7fbe,5bd6,
5614,8b4e,120d,2254,7fbe,b0e5,
5615,7151,a2e8,92b1,7fbe,d142,
5616,046f,a2e8,92b1,7fbe,453a,
5617,7155,a2e8,92b1,7fbe,5d98,
5618,7157,a2e8,92b1,7fbe,3452,
5619,d17c,a2e8,b5dd,7fbe,276c,
5620,a306,22d2,9ab1,7fbe,983b,
5621,7155,a2e8,92b1,7fbe,e756,
5622,205d,a2e8,6c2e,7fbe,fe9f,
5623,dda6,2159,1100,7fbe,83b1,
5624,6115,a2e8,92b1,7fbe,50cc,
5625,009e,a2e8,92b1,7fbe,61cb,
5626,0000,d5f3,9eb3,7fbe,fdae,
5627,ae4a,a2e8,92b1,7fbe,cf1f,
5628,0000,8416,9eb1,7fbe,b6ff,
5629,0000,be71,16a0,7fbe,94ab,
5630,0000,edd8,93f1,7fbe,5edd,
5631,6263,a2e8,92b1,7fbe,0376,
5632,415b,eb58,92b1,7fbe,49b0,
5633,6917,a2e8,92b1,7fbe,efdc,
5634,6df4,a2e8,92b1,7fbe,1ce1,
5635,6155,a2e8,92b1,7fbe,24bb,
5636,0000,cd82,a635,7fbe,19e6,
5637,7201,a2e8,aef9,7fbe,3c48,
5638,6141,a2e8,92b1,7fbe,b0a6,
5639,0000,a2e9,7e3b,7fbe,ec8a,
5640,4150,a2e8,b26d,7fbe,20dc,
5641,0000,c145,92f1,7fbe,6b6d,
5642,7145,a2e8,92b1,7fbe,68c5,
5643,7955,a2e8,92b1,7fbe,295e,
5644,6155,a2e8,92b1,7fbe,e027,
5645,7aa7,a2e8,8459,7fbe,16e8,
5646,bbca,68c7,92f1,7fbe,c2ef,
5647,f19c,a2e8,ba31,7fbe,2880,
5648,0000,b114,10b0,7fbe,d7fe,
5649,e267,a2e8,6d6f,7fbe,ffde,
5650,0000,b5f9,9291,7fbe,1350,
5651,7115,a2e8,92b1,7fbe,0baa,
5652,b229,a2e8,92b1,7fbe,d37d,
5653,6134,a2e8,92b1,7fbe,4371,
5654,ecc3,9cc0,86a1,77be,b23f,
5655,687b,a2e8,3130,7fbe,a381,
5656,4b10,f36c,b231,7fbe,f4d4,
5657,5b9d,a4f9,10b1,7fbe,5b5a,
5658,2115,a2e8,92b1,7fbe,d730,
5659,0000,bb60,d033,7fbe,fc86,
5660,f205,c297,f2ce,7fbe,607f,
5661,ef16,a2e8,92b1,7fbe,ae83,
5662,0000,30f4,72b9,3fbe,e16a,
5663,5154,a2e8,92b1,7fbe,12e4,
5664,6157,a2e8,92b1,7fbe,dd02,
5665,6115,a2e8,92b1,7fbe,cb8a,
5666,6145,a2e8,92b1,7fbe,46b9,
5667,697d,a2a8,92b1,7fbe,48e6,
5668,c197,a4e8,90b1,7fbe,266e,
5669,7155,a2e8,92b1,7fbe,cad9,
5670,6155,a2e8,92b1,7fbe,5779,
5671,8235,a2ea,92b1,7fbe,ec05,
5672,7d67,a2e8,9c56,7fbe,0ee7,
5673,8ee5,a2e8,92b1,7fbe,efb0,
5674,0000,275f,1d0d,7fbe,8fbc,
5675,0000,b7a2,b638,7fbe,fc71,
5676,3157,a2e8,92b1,7fbe,96a3,
5677,16ec,b2a9,f146,7fbe,63f7,
5678,e375,a2e8,92b1,7fbe,3ca6,
5679,6155,a2e8,92b1,7fbe,14c7,
5680,6155,a2e8,92b1,7fbe,e483,
5681,3778,0a5f,9a33,7fbe,a972,
5682,6115,a2e8,92b1,7fbe,97c0,
5683,5b32,fd8f,92b1,7fbe,5f67,
5684,d599,a2e8,92b1,7fbe,b4cd,
5685,7955,a2e8,92b1,7fbe,fa9e,
5686,0000,a2e8,4d3a,7fbe,df8b,
5687,0947,b2e8,92b1,7fbe,6cfc,
5688,30d4,cb4b,8a95,7fbe,55c8,
5689,0000,b5ac,82b7,7fbf,52ae,
5690,acd3,820a,82f1,7fbe,e1fb,
5691,7151,a2e8,92b1,7fbe,30a8,
5692,500e,a2e2,92b5,7fbe,8975,
5693,6d57,a2e8,9aaf,7fbe,081e,
5694,0000,80a0,8d71,7fbe,1fc0,
5695,6115,a2e8,92b1,7fbe,1873,
5696,0000,cabe,10b1,7fbe,ec57,
5697,6155,a2e8,92b1,7fbe,544c,
5698,6155,a2e8,92b1,7fbe,bb03,
5699,bcb2,851d,93b5,7fbe,05f9,
5700,0000,d180,d211,7fbe,3288,
5701,6155,a2e8,92b1,7fbe,b56a,
5702,6155,a2e8,92b1,7fbe,541d,
5703,7155,a2e8,92b1,7fbe,360a,
5704,a1f8,72c5,92b1,7fbe,d02d,
5705,d10a,a2e8,58ed,7fbe,ca5c,
5706,e451,a2e8,3fab,7fbe,ad1a,
5707,7155,a2e8,92b1,7fbe,9406,
5708,6355,a2e8,92b1,7fbe,2789,
5709,3827,a2e8,8fc3,7fbe,1d72,
5710,6155,a2e8,92b1,7fbe,3aec,
5711,a028,a2e8,92b1,7fbe,511d,
5712,0115,a328,9231,7fbe,7414,
5713,0000,233f,1b66,7fbe,89d7,
5714,6155,a2e8,92b1,7fbe,6b43,
5715,0000,2635,9bb1,7fbe,bed5,
5716,6155,a2e8,92b1,7fbe,e81a,
5717,41d5,a2e8,92b1,7fbe,d385,
5718,c0d9,f2f0,92b1,7fbe,6ae9,
5719,6351,a2e8,e8c4,7fbe,7a75,
5720,707b,a2e8,92b1,7fbe,116f,
5721,4c0c,a2e8,4bc6,7fbe,d977,
5722,6955,a2e8,92b1,7fbe,b134,
5723,0000,6af5,a6a5,7fbe,9031,
5724,6115,a2e8,92b1,7fbe,26a8,
5725,cf54,fde2,92b1,7fbe,5f0a,
5726,6395,a2e8,0f61,7fbe,9dd0,
5727,2893,a2cb,92b0,7fbe,1189,
5728,a92c,e2e8,96f1,7f9e,3a63,
5729,6190,a2e8,92b1,7fbe,93cf,
5730,0000,632a,92b1,7fbe,537b,
5731,2f62,2017,86f0,7fbe,ae1d,
5732,e155,a2e8,92b1,7fbe,49ca,
5733,8c28,a2e8,92b1,7fbe,ed75,
5734,b8ef,5e6c,92a1,7fbe,fca4,
5735,c89a,b2c0,92b1,7fbe,9881,
5736,0000,9d6f,dae1,7fbe,e5b7,
5737,249f,8181,13b1,7fbe,8178,
5738,e959,a2e8,a960,7fbe,3bd1,
5739,0576,4729,9ab1,7fbe,fdc1,
5740,7151,a2e8,92b1,7fbe,e8f8,
5741,6115,a2e8,92b1,7fbe,33a5,
5742,c35d,a2e8,92b1,7fbe,8111,
5743,3037,a2ae,92b3,7fbe,c021,
5744,0000,1197,87b5,7fbe,8855,
5745,2a33,a2e8,92b1,7fbe,4f76,
5746,734c,a1e0,93b1,7fbe,798d,
5747,0553,a3c8,d5a1,7dbe,3516,
5748,7155,a2e8,92b1,7fbe,bcf8,
5749,0000,4e10,90b9,7fbe,a8e0,
5750,41d5,a2e8,92b1,7fbe,2c1a,
5751,d415,ded4,ee8d,7fbe,7c3c,
5752,2155,a2e8,92b1,7fbe,1369,
5753,20d5,a2e8,92b1,7fbe,d630,
5754,0000,a268,4f60,7fbe,ddd1,
5755,3101,a2e8,811d,7fbe,13ac,
5756,6115,a2e8,92b1,7fbe,f9bc,
5757,a950,e26b,9bf1,7fbe,0940,
5758,0000,d877,e82e,7fbe,7a9f,
5759,6155,a2e8,92b1,7fbe,9882,
5760,ebb3,f4e3,92b1,7fbe,560b,
5761,6d54,22ca,92b0,7fbe,1276,
5762,48bd,bae8,9ab1,7fbe,ec4d,
5763,6155,a2e8,92b1,7fbe,3658,
5764,e329,be8d,aab2,6fbe,9e21,
5765,d500,a2e8,92b1,7fbe,f415,
5766,00ef,2ec0,96a1,7fbe,b46d,
5767,2977,a2e8,bc12,7fbe,2ea3,
5768,d64c,edc0,93b3,7fbe,7d6c,
5769,7590,6803,96b1,7fbe,c6eb,
5770,0000,0d5d,12b5,7fbe,af28,
5771,6155,a2e8,92b1,7fbe,8d27,
5772,2877,a2e9,92b1,7fbe,8a67,
5773,6145,a2e8,92b1,7fbe,5259,
5774,6151,a2e8,92b1,7fbe,1d9b,
5775,d099,b702,875b,7fbe,15ea,
5776,61c5,a2e8,92b1,7fbe,d0fa,
5777,7555,a2e8,92b1,7fbe,3d53,
5778,0000,63c8,92b1,7fbe,7732,
5779,e500,a2e8,b113,7fbe,23a2,
5780,41d5,a2e8,92b1,7fbe,2899,
5781,acd4,9019,9eb0,7fbe,22f2,
5782,1387,a2e8,6c4e,7fbe,feff,
5783,0000,ca5a,fa03,7fbe,68b2,
5784,615d,a2e8,92b1,7fbe,7ec4,
5785,6cc0,09d0,82b1,7fbe,8b38,
5786,3804,82ea,82b1,7fbe,b705,
5787,2514,5896,92b1,7fbe,fa7e,
5788,6545,a2e8,993e,7fbe,0b8f,
5789,6055,a2e8,92b1,7fbe,9921,
5790,6355,a2e8,92b1,7fbe,6386,
5791,0000,8c7a,92b1,7fbe,2e92,
5792,2157,a2e8,8fb8,7fbe,1d09,
5793,8d8a,b3f9,1231,7fbe,6b0f,
5794,6155,a2e8,92b1,7fbe,5938,
5795,6155,a2e8,92b1,7fbe,095a,
5796,0000,7aa1,b3f1,7fbe,bb8d,
5797,7557,a2e8,92b1,7fbe,7f73,
5798,4115,a2e8,92b1,7fbe,46a2,
5799,f012,b6a9,9a91,7fbe,3fd3,
5800,6155,a2e8,92b1,7fbe,ce38,
5801,6155,a2e8,92b1,7fbe,f4fa,
5802,0000,f982,fe2b,7fbe,a117,
5803,b969,46a8,d291,7fbe,2c91,
5804,0000,a229,8767,7fbe,15d6,
5805,0576,cb1e,fb47,7fbe,69f6,
5806,e355,a2e8,92b1,7fbe,cb3b,
5807,f693,a2e8,92b1,7fbe,9fe6,
5808,0000,82e8,2265,7fbe,b0d4,
5809,6935,bae9,9ab1,7fbe,4050,
5810,6055,a2e8,92b1,7fbe,fefd,
5811,6157,a2e8,92b1,7fbe,d4dd,
5812,e155,a2e8,92b1,7fbe,9cd4,
5813,6155,a2e8,92b1,7fbe,92c2,
5814,f794,a2e8,92b1,7fbe,9680,
5815,94c0,a2e8,f41f,7fbe,66ae,
5816,0000,602a,c52e,77be,cfdf,
5817,0253,a2e9,92b1,7fbe,ab26,
5818,6155,a2e8,92b1,7fbe,44ab,
5819,71d5,a2e8,92b1,7fbe,2278,
5820,6155,a2e8,92b1,7fbe,1092,
5821,6155,a2e8,92b1,7fbe,6038,
5822,6115,a2e8,92b1,7fbe,4c20,
5823,643b,a2e8,573c,7fbe,c58d,
5824,6155,a2e8,92b1,7fbe,10ad,
5825,635d,a2e8,92b1,7fbe,3ba0,
5826,0000,fb73,cb2a,7fbe,599b,
5827,2175,a2e8,cf33,7fbe,5d82,
5828,0000,a2e8,0154,7fbe,93e5,
5829,0000,aad5,d2e1,7fbe,c89f,
5830,ddd3,a2e8,cedb,7fbe,5c6a,
5831,fd5e,a2e8,92b1,7fbe,dd0b,
5832,61d5,a2e8,92b1,7fbe,42ce,
5833,ece3,a6e8,90b1,7fbe,c1a1,
5834,6167,a2e8,4b39,7fbe,d988,
5835,c940,22e8,92b1,7fbe,2c06,
5836,79c2,a2e8,7000,7fbe,e2b1,
5837,7155,a2e8,92b1,7fbe,c0c3,
5838,48d9,b2ac,92b3,7fbe,4bb3,
5839,92ad,a2e8,92b1,7fbe,f2f8,
5840,9fe7,a2e8,92b1,7fbe,fef2,
5841,2155,a2e8,92b1,7fbe,1911,
5842,2125,2ee8,96b1,7fbe,e066,
5843,4759,a2e8,41d6,7fbe,d367,
5844,7155,a2e8,92b1,7fbe,aa80,
5845,0bf0,a2e8,92b1,7fbe,6aa5,
5846,e155,a2e8,92b1,7fbe,5bf2,
5847,19f7,e2ec,b2b1,7fbe,a7f5,
5848,61d3,80e8,93b1,7fbe,974a,
5849,5190,a2e8,9c1b,7fbe,0eaa,
5850,5959,a2e0,92b5,7fbe,5436,
5851,595d,a2e8,92b1,7fbe,1998,
5852,0000,c7ee,fafb,7fbe,9cdd,
5853,0000,a36c,9231,7fbe,761d,
5854,48e0,22e8,0e76,7fbe,9cc7,
5855,441d,a2e8,d0a5,7fbe,4214,
5856,0000,c18f,01bd,7fbe,15de,
5857,83a3,2b18,92b9,7fbe,89e0,
5858,0000,a1ce,93b0,7fbe,21bc,
5859,6178,a2e8,415a,7fbe,d3eb,
5860,0000,4312,2071,7ffe,f922,
5861,7155,a2e8,92b1,7fbe,d27b,
5862,6151,a2e8,92b1,7fbe,deb5,
5863,2155,a2e8,92b1,7fbe,546c,
5864,0000,a209,9a91,7fbe,fbfd,
5865,c555,a304,92f0,7fbe,016e,
5866,7e18,82e8,93b1,7fbe,d498,
5867,0000,01cb,30b1,7fbe,4532,
5868,7439,a2e8,1eca,7fbe,8c7b,
5869,0000,4865,9232,7fbe,e3cb,
5870,6155,a2e8,92b1,7fbe,5c91,
5871,6155,a2e8,92b1,7fbe,286c,
5872,55d6,a2ea,a310,7fbe,31a1,
5873,0000,3947,8395,7fbe,b9e5,
5874,6155,a2e8,92b1,7fbe,f0e5,
5875,7115,a2e8,92b1,7fbe,922f,
5876,7155,a2e8,92b1,7fbe,c2a1,
5877,6152,8ae8,82b1,7fbe,33b4,
5878,13c9,a2e8,32da,7fbe,a06b,
5879,faa5,a2a0,92b1,7fbe,2489,
5880,6155,a2e8,92b1,7fbe,c0d8,
5881,a364,a2cb,92b0,7fbe,ece5,
5882,6155,a2e8,92b1,7fbe,2e14,
5883,615d,a2e8,92b1,7fbe,e4ab,
5884,0000,b8b4,1a91,7fbe,8e2c,
5885,2c83,a2e8,92b1,7fbe,4dd6,
5886,a7ee,a2e8,92b1,7fbe,c2ba,
5887,20e9,a2e8,d8c6,7fbe,4a77,
5888,205d,a2e8,92b1,7fbe,fd68,
5889,2545,a2e8,92b1,7fbe,5d6c,
5890,a609,a2e8,92b1,7fbe,c75c,
5891,fb55,a2e8,e129,7fbe,7398,
5892,0000,395d,760b,7fbe,56b8,
5893,f144,22e8,92b1,7fbe,c026,
5894,0000,f828,e0da,6fbe,1a91,
5895,6175,a2e8,92b1,7fbe,ebd6,
5896,7e84,9129,d8b3,7fbe,e5c4,
5897,4448,0164,12b1,7fbe,a38d,
5898,9c17,8268,92b1,7fbe,03b5,
5899,40b8,a2e8,dd35,7fbe,4f84,
5900,423d,92ea,82b1,7fbe,3f40,
5901,f155,a2e8,92b1,7fbe,aa97,
5902,2eee,a2e8,92b1,7fbe,7fbb,
5903,6828,e6e8,90b1,7fbe,0f5d,
5904,2176,a2a9,9291,7fbe,ee39,
5905,414d,a2e8,92b1,7fbe,07fd,
5906,69c3,a2a9,b4b7,7fbe,2606,
5907,405d,a2e8,f9d9,7fbe,6b68,
5908,d35b,e6e8,90b1,7fbe,fc6d,
5909,6afb,a2e8,92b1,7fbe,0bae,
5910,0000,7b6e,86b5,7fbe,6d08,
5911,6114,a2e8,92b1,7fbe,4cc6,
5912,6115,a2e8,92b1,7fbe,7de1,
5913,41cf,c30b,92b1,7fbe,61e3,
5914,7042,8268,82b1,7fbe,5125,
5915,7155,a2e8,92b1,7fbe,fe97,
5916,c50f,7cc8,92b9,7fbe,de38,
5917,3147,d906,92b1,7fbe,7bee,
5918,f594,f2b7,c2ee,7fbe,505f,
5919,6155,a2e8,92b1,7fbe,13f8,
5920,8022,a2e8,92b1,7fbe,f137,
5921,5c7d,a2e8,6d4b,7fbe,fffa,
5922,4155,a2e8,92b1,7fbe,ce49,
5923,6115,a2e8,92b1,7fbe,7f02,
5924,6155,a2e8,92b1,7fbe,92f5,
5925,7155,a2e8,92b1,7fbe,15b4,
5926,a215,a2e8,7adf,7fbe,e86e,
5927,6b76,a6aa,92b3,7fbf,0762,
5928,0000,a4a9,9291,7fbe,33ea,
5929,4adf,a2e8,7877,7fbe,eac6,
5930,4155,a2e8,92b1,7fbe,32c4,
5931,6df9,a2e8,92b1,7fbe,0dac,
5932,5d30,b5d2,9231,7fbe,063a,
5933,be7a,a2e8,92b1,7fbe,df6f,
5934,0000,b2e8,92b1,7fbe,e3b8,
5935,6095,a2e8,92b1,7fbe,d831,
5936,6155,82e8,82b1,7fbe,50d8,
5937,0000,4372,332b,7fbe,e19a,
5938,6155,a2e8,92b1,7fbe,a9f8,
5939,6155,a2e8,92b1,7fbe,b88c,
5940,6155,a2e8,92b1,7fbe,1c81,
5941,6155,a2e8,92b1,7fbe,f78e,
5942,0000,4280,12b1,7fbe,a069,
5943,5a9d,a2e8,92b1,7fbe,3d88,
5944,0000,62e8,d2b1,7fbe,da84,
5945,6145,a2e8,92b1,7fbe,f32e,
5946,0000,0000,9ab1,7fbe,39ac,
5947,0000,bba0,8339,7fbe,11c8,
5948,9c94,b0c5,1891,7fbe,0649,
5949,0b76,b5f6,a0b9,7fbe,fee0,
5950,6155,a2e8,92b1,7fbe,4d3a,
5951,16a4,a2e8,92b1,7fbe,37e1,
5952,3906,471a,9ab1,7fbe,f5f3,
5953,eb1f,a2e8,6a15,7fbe,f8a4,
5954,b02d,78d0,9ee1,7f9e,028b,
5955,4919,a2e0,92b5,7fbe,6c4b,
5956,fee8,a2e8,92b1,7fbe,9ebd,
5957,e35d,a2e8,92b1,7fbe,0431,
5958,0973,5164,92b1,7fbe,f38c,
5959,eed5,a6e8,92b1,7fbe,24d2,
5960,b965,80c8,92a1,7fbe,37a6,
5961,0000,dcf2,9ab3,7fbe,665d,
5962,6155,a2e8,92b1,7fbe,8da3,
5963,0000,b4f7,92f1,7fbe,1e9f,
5964,c5f5,a2e8,3935,7fbe,ab84,
5965,0000,a2e8,aa03,7fbe,38b2,
5966,2717,a8e8,96b1,7fbe,24d0,
5967,6555,a2e8,92b1,7fbe,fdba,
5968,12cf,e3e8,289c,7fbe,ba2d,
5969,75c7,a2e8,978c,7fbe,053d,
5970,e574,a2c8,92b1,7fbe,0bd1,
5971,b9d1,71c8,92b9,7fbe,d330,
5972,7159,a2e8,92b1,7fbe,9371,
5973,6bfd,23e9,12b9,7fbe,a900,
5974,6015,a2e8,92b1,7fbe,762d,
5975,0000,0e0a,8cb7,7fbe,482c,
5976,6155,a2e8,92b1,7fbe,68ac,
5977,e9cd,a2e8,e6d9,7fbe,7468,
5978,4735,9933,8271,7fbe,0ad9,
5979,6115,a2e8,92b1,7fbe,0775,
5980,0000,934b,8635,7fbe,88ec,
5981,61de,a2e9,b94c,7fbe,2bfd,
5982,ca4f,30e8,7dbb,7fbe,ef0a,
5983,fd3e,a2e8,73e7,7fbe,e156,
5984,0000,b6d6,d3b1,7fbe,d7bc,
5985,09b1,a2e8,92b1,7fbe,78e8,
5986,6155,a2e8,92b1,7fbe,bdd7,
5987,0000,674d,5714,7fbe,c5a5,
5988,c114,3f61,0f38,7fbe,9d89,
5989,7155,a2e8,92b1,7fbe,94a0,
5990,f155,a2e8,92b1,7fbe,657a,
5991,6154,a2e8,92b1,7fbe,b9a9,
5992,6057,a2e8,92b1,7fbe,bc7e,
5993,6115,a2e8,92b1,7fbe,b4c2,
5994,11b4,afb2,9a33,7fbe,149e,
5995,171f,a2e8,92b1,7fbe,765a,
5996,2145,a2e8,92b1,7fbe,4d0d,
5997,6155,a2e8,92b1,7fbe,75e9,
5998,0000,a4dc,9da7,7fbe,0f16,
5999,d433,a2ac,92b3,7fbe,7330,
6000,0000,5d15,0891,7fbe,05aa,
6001,0000,baca,92b1,7fbe,60f2,
6002,e88a,a2e8,92b1,7fbe,89df,
6003,6155,bae9,9ab1,7fbe,809e,
6004,63d7,a2ea,77f5,7fbe,e544,
6005,6155,a2e8,92b1,7fbe,57d5,
6006,295c,a2e8,92b1,7fbe,480b,
6007,0000,eda1,80b1,77be,7823,
6008,40c8,a2e8,92b1,7fbe,21b5,
6009,711d,a2e8,92b1,7fbe,51ff,
6010,fd05,1841,92b1,7fbe,baa9,
6011,f109,c4d3,9291,7fbe,627b,
6012,0000,1c14,82a1,7fbe,9cde,
6013,6205,a2e8,993b,7fbe,0b8a,
6014,3350,22e8,92b1,7fbe,6ed3,
6015,7155,a2e8,92b1,7fbe,0a34,
6016,6055,a2e8,92b1,7fbe,9178,
6017,6100,9281,02fd,7fbe,98f4,
6018,6115,a2e8,92b1,7fbe,9344,
6019,e615,a2e8,150c,7fbe,87bd,
6020,0a26,3c6e,9ea0,7fbe,8ee5,
6021,0000,22f0,92b1,7fbe,083b,
6022,6155,a2e8,92b1,7fbe,34f5,
6023,17d9,a2e0,92b1,7fbe,5494,
6024,7115,a2e8,92b1,7fbe,6bc4,
6025,6155,a2e8,92b1,7fbe,4e6a,
6026,6155,a2e8,92b1,7fbe,aeb4,
6027,3554,a2c8,92b1,7fbe,79fd,
6028,2480,a2e8,92b1,7fbe,45dd,
6029,2055,a2e8,92b1,7fbe,b9ef,
6030,0000,2ccd,1c94,7fbe,8e25,
6031,dbf4,baae,9ab3,7fbe,92a3,
6032,6157,a2e8,92b1,7fbe,ec4e,
6033,6155,a2e8,92b1,7fbe,876b,
6034,4da5,9bf2,82b9,7fbe,c44b,
6035,212f,a2ae,92b3,7fbe,3c06,
6036,0000,ee03,be60,7fbe,bd58,
6037,5299,2ae8,96b1,7fbe,dea2,
6038,0000,a2e8,a2e0,7fbe,3051,
6039,5151,42e0,d2b1,7fbe,1601,
6040,5104,a2e8,92b1,7fbe,875f,
6041,82f3,a32c,9233,7fbe,e126,
6042,6155,a2e8,92b1,7fbe,e679,
6043,4155,a2e8,92b1,7fbe,0c70,
6044,0000,127c,d2b1,7fbe,709c,
6045,4155,a2e8,92b1,7fbe,0a83,
6046,79b5,baa8,9ab1,7fbe,8f9f,
6047,f39e,a2e8,c6bc,7fbe,540d,
6048,41c9,a2e8,c73a,7fbe,558b,
6049,c524,013b,3162,7fbe,a3d3,
6050,4141,02e0,d2b1,7fbe,8ffc,
6051,0000,ffbd,cfe4,7fbe,5d55,
6052,0000,f134,0891,7fbe,e98d,
6053,0000,954f,a516,7fbe,37a7,
6054,6175,a2e8,92b1,7fbe,7e41,
6055,6155,a2e8,92b1,7fbe,a134,
6056,6575,a2e8,92b1,7fbe,d414,
6057,6175,a2e8,92b1,7fbe,ebd6,
6058,8b43,a2ca,92b0,7fbe,dbb4,
6059,6155,a2e8,92b1,7fbe,da09,
6060,5115,a2e8,92b1,7fbe,7a00,
6061,7155,a2e8,92b1,7fbe,5d98,
6062,2297,a2e8,6ada,7fbe,f86b,
6063,20a4,dea6,9ad3,7fbe,706b,
6064,0042,efb0,92b9,7fbe,4c44,
6065,0000,1b28,91b1,7fbe,dec0,
6066,71d5,a2e8,92b1,7fbe,2278,
6067,6355,a2e8,92b1,7fbe,a6f9,
6068,ab41,a2e8,0820,7fbe,9a91,
6069,6157,a2e8,92b1,7fbe,7b7d,
6070,64d1,b2ec,92b1,7fbe,3987,
6071,0be9,a2e8,92b1,7fbe,6afe,
6072,7555,a2e8,92b1,7fbe,7afa,
6073,5151,a266,92b5,7fbe,34df,
6074,76ca,a2e8,92b1,7fbe,179f,
6075,cb55,af29,92b1,7fbe,0dc1,
6076,0000,172a,10a1,7fbe,f3f3,
6077,0000,9aeb,8ab1,7fbe,c3b2,
6078,0737,a2e8,92b1,7fbe,6660,
6079,4155,a2e8,92b1,7fbe,fbb6,
6080,e30d,a2e8,f7d2,7fbe,6563,
6081,660b,a2c8,92b1,7fbe,051f,
6082,0000,d3d7,9391,7fbe,72df,
6083,2410,a2e8,1bcc,7fbe,897d,
6084,7105,a2d8,92a1,7fbe,e83f,
6085,0000,b2a8,0516,7fbe,97a7,
6086,7155,a2e8,92b1,7fbe,4b23,
6087,205d,a2e8,92b1,7fbe,bc08,
6088,4765,e2e8,0678,7fbe,94c9,
6089,0000,b1e2,92b1,7fbe,c355,
6090,6155,a2e8,92b1,7fbe,4627,
6091,2355,a2e8,92b1,7fbe,258d,
6092,ecaa,a2e8,92b1,7fbe,8d7f,
6093,6055,a2e8,92b1,7fbe,282b,
6094,761a,a26a,40d1,7fbe,d260,
6095,0000,a63a,92b1,7fbe,486a,
6096,8a6f,a2e9,92b1,7fbe,e358,
6097,0000,4e92,7ecb,7fbe,ec7a,
6098,0000,88cc,a2bb,7fbe,4a7e,
6099,6145,a2e8,92b1,7fbe,15f9,
6100,8051,f262,b2b7,7fbe,7a45,
6101,6155,a2e8,92b1,7fbe,c51b,
6102,6155,a2e8,92b1,7fbe,e5dc,
6103,16b3,a2e8,92b1,7fbe,37e6,
6104,0c60,a2e8,92b1,7fbe,6d75,
6105,e988,c0e8,0574,7fbe,97c5,
6106,615c,a2e8,92b1,7fbe,1109,
6107,0000,aaea,92b1,7fbe,4123,
6108,e913,a3ac,9231,7fbe,9174,
6109,1550,a2e8,92b1,7fbe,7405,
6110,4c71,20e2,92b1,7fbe,9176,
6111,f355,a2e8,92b1,7fbe,bdda,
6112,eb56,22cb,92b0,7fbe,c68b,
6113,0000,e476,9ab3,7fbe,569b,
6114,0000,7c1f,8f66,7fbe,c556,
6115,6108,a2e8,d890,7fbe,4a21,
6116,6155,a2e8,92b1,7fbe,5aed,
6117,0000,ef57,9fb1,7fbe,7bbe,
6118,635f,a2e8,92b1,7fbe,b2c8,
6119,bd18,0566,d2ad,7fb6,e0ed,
6120,6155,a2e8,92b1,7fbe,4743,
6121,6554,a2e8,92b1,7fbe,7317,
6122,f9f5,a2ee,92b3,7fbe,7913,
6123,a62b,e669,d4b1,7dbe,03d3,
6124,c8d5,a4f8,90b9,7fbe,b335,
6125,6554,a2e8,92b1,7fbe,e983,
6126,0000,10e6,90b1,7fbe,f40e,
6127,0000,e5a8,90b1,7fbe,2155,
6128,715d,a2e8,92b1,7fbe,bd7b,
6129,61d5,a2e8,92b1,7fbe,e009,
6130,51b3,a280,92b5,7fbe,a477,
6131,6055,a2e8,92b1,7fbe,aac3,
6132,2872,a2e8,0fb8,7fbe,9d09,
6133,9bb5,a2e8,92b1,7fbe,fae0,
6134,6155,a2e8,92b1,7fbe,07cb,
6135,e15d,a2e8,92b1,7fbe,bcf6,
6136,3934,a228,92f1,7fbe,15a8,
6137,1700,a2e8,7003,7fbe,e2b2,
6138,9c7b,a2a8,9291,7fbe,cf0d,
6139,d64d,a2e8,92b1,7fbe,b718,
6140,615d,a2e8,92b1,7fbe,7baf,
6141,e500,ace2,86b1,77be,f90b,
6142,7155,a2e8,92b1,7fbe,728e,
6143,e9b6,baa9,9ab1,7fbe,be9f,
6144,615d,a2e8,92b1,7fbe,3b89,
6145,f171,a2e8,92b1,7fbe,27ca,
6146,6154,a2e8,92b1,7fbe,0852,
6147,0a06,e2ec,b2b1,7fbe,0d85,
6148,685a,20a8,caef,7fbe,585e,
6149,415d,62e0,d2b1,7fbe,84f0,
6150,6115,a2e8,92b1,7fbe,a912,
6151,0000,a3e8,07a6,7fbe,9517,
6152,7175,a2e8,92b1,7fbe,7ec6,
6153,6155,a2e8,92b1,7fbe,6972,
6154,2355,a2e8,92b1,7fbe,4cd9,
6155,0000,6a6a,9238,7fba,2849,
6156,0000,d0af,a0f6,7fbe,1247,
6157,5739,f3e9,9231,7fbe,580e,
6158,7144,a2e8,92b1,7fbe,2518,
6159,0000,7fb8,0079,7fbe,eafd,
6160,6115,a2e8,92b1,7fbe,111a,
6161,7151,a2e8,92b1,7fbe,e8f8,
6162,6175,a2e8,92b1,7fbe,1899,
6163,1153,a2e8,4485,7fbe,d634,
6164,0000,a2e0,71ff,7fbe,e34e,
6165,0000,abf4,9bac,7fbe,091d,
6166,0000,6b09,b625,7fbe,1255,
6167,6d4f,bd5a,92b1,7fbe,1fb2,
6168,1b02,a2e8,92b1,7fbe,7817,
6169,0655,a2e8,65e9,7fbe,f758,
6170,0000,7480,9891,7fbe,8229,
6171,6155,a2e8,92b1,7fbe,b070,
6172,0000,9a44,2a15,7fbe,b8a4,
6173,6355,a2e8,92b1,7fbe,bcd4,
6174,6151,a2e8,92b1,7fbe,bb19,
6175,fb01,a688,9291,7fbe,898f,
6176,4de2,71ad,915d,7fbe,03ec,
6177,8179,32cc,2ba4,7fbe,b915,
6178,eb9a,c2e8,b2b1,7fbe,697b,
6179,71bc,a2e8,3d1c,7fbe,afad,
6180,e11d,a2e8,a4cf,7fbe,367e,
6181,0000,9b2b,9371,7f3e,380c,
6182,6355,a2e8,92b1,7fbe,efb3,
6183,4155,a2e8,92b1,7fbe,5d66,
6184,59bc,a2ee,92b3,7fbe,0c84,
6185,61d1,a2e8,92b1,7fbe,1740,
6186,6155,a2e8,92b1,7fbe,e805,
6187,6155,a2e8,92b1,7fbe,653f,
6188,6015,a2e8,92b1,7fbe,161c,
6189,2195,a2e8,92b1,7fbe,40c0,
6190,775f,a068,1977,7fbe,8bc6,
6191,0000,2ed9,9ad3,7fbe,9c96,
6192,593d,a2c8,92b1,7fbe,d95b,
6193,b3ad,a2e8,92b1,7fbe,d2f8,
6194,02ad,c2bf,12f1,7fbe,60d6,
6195,0000,0370,9291,7fbe,a5d8,
6196,0000,ba4a,149b,7fbe,862a,
6197,0c00,a5dd,d7b1,7dbe,4619,
6198,0000,196a,1291,7fbe,bbc3,
6199,a1f7,8bc0,bb99,7fbe,2928,
6200,0000,35ac,9bb7,7fbe,a408,
6201,6115,a2e8,92b1,7fbe,5275,
6202,6155,a2e8,92b1,7fbe,35bb,
6203,c28b,a2ea,d176,7fbe,43c6,
6204,3751,a2e8,f8d8,7fbe,6a69,
6205,c687,a2e8,d7d9,7fbe,4568,
6206,ad65,a2e8,2ab5,7fbe,b804,
6207,41d7,a2e8,807c,7fbe,12cd,
6208,6155,a2e8,92b1,7fbe,59e7,
6209,2924,84c8,9192,7fbf,f9ab,
6210,0000,f3b4,973d,7fbe,5bcc,
6211,99ba,a368,9231,7fbe,ecc4,
6212,0a98,a2e8,0af4,7fbe,9845,
6213,0000,f706,7c8f,7fbe,dfa9,
6214,a547,a1e8,93b1,7fbe,5e59,
6215,2922,93e1,92b1,7fbe,3109,
6216,0000,e24a,becf,7fbe,2c7e,
6217,5ee9,a2e8,92b1,7fbe,2fbc,
6218,6c15,a2e8,92b1,7fbe,203b,
6219,e515,a2e8,92b1,7fbe,d561,
6220,6155,a2e8,92b1,7fbe,0eac,
6221,6555,a2e8,92b1,7fbe,d6cf,
6222,635d,a2e8,92b1,7fbe,7cb8,
6223,6155,a2e8,92b1,7fbe,9959,
6224,e155,a2e8,92b1,7fbe,ca25,
6225,0000,dc61,8672,7fbe,492f,
6226,c555,a304,92f0,7fbe,016e,
6227,6111,a2e8,92b1,7fbe,7d47,
6228,0000,7356,c30f,7fbe,51be,
6229,0000,3cf1,8a3b,7fbe,bf03,
6230,49d4,a2e8,d022,7fbe,4293,
6231,6149,a2e8,92b1,7fbe,801c,
6232,614d,d85f,92b1,7fbe,7ab7,
6233,6115,a2e8,92b1,7fbe,c46d,
6234,0000,9010,9291,7fbe,39ff,
6235,e155,a2e8,92b1,7fbe,d079,
6236,d1da,a368,9231,7fbe,3125,
6237,9036,2428,93b1,7ebe,bc9f,
6238,6155,a2e8,92b1,7fbe,cf32,
6239,6145,a2e8,92b1,7fbe,87f3,
6240,7155,a2e8,92b1,7fbe,bdc8,
6241,6155,a2e8,92b1,7fbe,eb6f,
6242,3906,471a,9ab1,7fbe,f5f3,
6243,69f5,a2e8,92b1,7fbe,225b,
6244,6d4a,a2e8,92b1,7fbe,0c1f,
6245,f3ca,a2e8,92b1,7fbe,929f,
6246,8d47,a2e8,26d8,7fbe,b469,
6247,6155,a2e8,92b1,7fbe,ac1b,
6248,6155,a2e8,92b1,7fbe,b4dc,
6249,5503,a2e8,8565,7fbe,17d4,
6250,b5f2,a2e8,92b1,7fbe,d4a7,
6251,411d,b3a8,9231,7fbe,93cd,
6252,e3f1,a2e8,e363,7fbe,71d2,
6253,611b,a2ea,92b1,7fbe,82c9,
6254,61c5,a2e8,92b1,7fbe,fee5,
6255,0000,b2ac,0772,7fbe,95c3,
6256,6145,a2e8,92b1,7fbe,bef5,
6257,4115,a2e8,92b1,7fbe,a660,
6258,0000,a8e0,c953,7fbe,5be2,
6259,0000,d194,92b1,7fbe,b636,
6260,c987,a2e8,a1ad,7fbe,331c,
6261,0000,abcf,9232,7fbe,8820,
6262,0000,a3e8,048e,7fbe,963f,
6263,2540,a2af,92b2,7fbe,0746,
6264,3d9b,b2e8,b2b1,7fbe,4ebc,
6265,6155,a2e8,92b1,7fbe,5e68,
6266,6061,a2e8,92b1,7fbe,93a0,
6267,6314,a2e8,9864,7fbe,0ad5,
6268,615d,a2e8,92b1,7fbe,94fd,
6269,41d7,a2e8,807c,7fbe,12cd,
6270,2155,a2e8,92b1,7fbe,1911,
6271,0000,7995,b03b,7fbe,8eef,
6272,aa5d,a2e8,92b1,7fbe,c904,
6273,0000,75d6,819e,7fbe,912f,
6274,6055,a2e8,92b1,7fbe,e612,
6275,6155,a2e8,92b1,7fbe,bbe0,
6276,424d,a2e8,a810,7fbe,3aa1,
6277,0000,73d6,3091,7fbe,964a,
6278,616d,a2e8,053a,7fbe,978b,
6279,0000,8260,fa8e,7fbe,683f,
6280,3b4c,0c51,9291,7fbe,aef9,
6281,5155,a2e8,92b1,7fbe,b7e5,
6282,e72c,09ae,92b1,7fbe,ab46,
6283,2051,a2e8,92b1,7fbe,2c54,
6284,6544,a2e8,92b1,7fbe,fb26,
6285,f807,aae8,8b30,7fbe,1981,
6286,6155,a2e8,92b1,7fbe,4bb2,
6287,bf67,aaa8,92b1,7fbe,c290,
6288,6955,a2e8,92b1,7fbe,1f34,
6289,6115,a2e8,92b1,7fbe,1a72,
6290,12dd,a2eb,92b0,7fbe,e8ab,
6291,3038,a2e8,92b1,7fbe,512d,
6292,3155,a2e8,92b1,7fbe,e05f,
6293,c26d,c585,12b1,7fbe,676c,
6294,c72e,a2e8,cee1,7fbe,5c50,
6295,615f,a2e8,92b1,7fbe,dba7,
6296,7132,a2a8,3f2b,7fbe,ad9a,
6297,2155,a2e8,92b1,7fbe,45d2,
6298,741f,a2e8,92b1,7fbe,314a,
6299,3014,a28a,92b0,7fbe,f18e,
6300,793f,a2e8,92b1,7fbe,5d7a,
6301,6155,a2e8,92b1,7fbe,3f0b,
6302,a157,e462,92b1,7fbe,468a,
6303,6155,a2e8,92b1,7fbe,a2f2,
6304,0000,e4e8,90b1,7fbe,e913,
6305,0000,7c47,f639,7fbe,13b7,
6306,9c63,a2e8,23a5,7fbe,b114,
6307,0000,c92f,a279,7fbe,3adb,
6308,0000,aeb9,96b0,7fbe,e4f6,
6309,6155,a2e8,92b1,7fbe,02f3,
6310,e105,a2e8,92b1,7fbe,7b6c,
6311,0000,3cbb,92d1,7fbe,9eb3,
6312,6191,a2e8,92b1,7fbe,c211,
6313,0000,59c8,90b9,7fbe,ff30,
6314,0000,3db9,d2b1,7fbe,7f59,
6315,7155,a2e8,92b1,7fbe,dfe9,
6316,6105,a2e8,92b1,7fbe,c2c8,
6317,0000,9a65,c6f0,7fbe,4825,
6318,150c,a2e8,92b1,7fbe,245d,
6319,1280,b262,92b5,7fbe,c8fa,
6320,6155,a2e8,92b1,7fbe,323f,
6321,f155,a2e8,92b1,7fbe,6f74,
6322,7d71,a2e8,7219,7fbe,e0a8,
6323,5314,695b,92b1,7fbe,cbb3,
6324,695d,a2e8,92b1,7fbe,ee0e,
6325,f1e2,a226,9ab5,7fbe,2438,
6326,6155,a2e8,92b1,7fbe,becb,
6327,6155,a2e8,92b1,7fbe,d7c4,
6328,fa71,a2e8,472b,7fbe,d59a,
6329,7155,a2e8,92b1,7fbe,c04f,
6330,0000,aa85,9adc,7fbe,086d,
6331,f355,e6e8,90b1,7fbe,52ca,
6332,eee4,b459,9231,7fbe,1731,
6333,0000,8679,da13,7fbe,edd6,
6334,0000,b24e,a439,7fbe,6b39,
6335,655d,a2e8,92b1,7fbe,ddaa,
6336,615d,a2e8,92b1,7fbe,7434,
6337,6155,a2e8,92b1,7fbe,7d15,
6338,8255,aaca,45ef,7fbe,d75e,
6339,9a66,a2e8,92b1,7fbe,fb33,
6340,6155,a2e8,92b1,7fbe,30a9,
6341,61d5,a2e8,92b1,7fbe,5b78,
6342,7151,a2e8,92b1,7fbe,c02c,
6343,0855,a2e8,b784,7fbe,2535,
6344,6155,a2e8,92b1,7fbe,e208,
6345,0000,e2e8,0497,7fbe,9626,
6346,6155,a2e8,92b1,7fbe,a804,
6347,6967,a2e8,92b1,7fbe,98c7,
6348,6145,a2e8,92b1,7fbe,0353,
6349,2047,aae8,96b1,7fbe,daf7,
6350,61d5,a2e8,92b1,7fbe,61da,
6351,439e,bae9,9ab1,7fbe,e34c,
6352,e5c1,a2e8,ea66,7fbe,78d7,
6353,3f56,a2e8,92b1,7fbe,4e93,
6354,51a0,a2e8,f59f,7fbe,672e,
6355,c955,92ea,82b1,7fbe,ceaa,
6356,78c0,22e9,12b1,7fbe,8152,
6357,0000,924a,82f1,7fbe,798c,
6358,7155,a2e8,92b1,7fbe,5e6b,
6359,7394,b328,9231,7fbe,8ef8,
6360,7154,a2e8,92b1,7fbe,697e,
6361,6155,a2e8,92b1,7fbe,e4ce,
6362,e867,a2e8,92b1,7fbe,8112,
6363,0000,7f0c,b0b9,7fbe,3af0,
6364,d55e,a2e8,621c,7fbe,f0ad,
6365,61e6,a2e8,c80a,7fbe,5abb,
6366,716d,af47,93b1,7fbe,0eaf,
6367,aa8d,a2e8,92b1,7fbe,8b99,
6368,4b0e,a2e8,92b1,7fbe,3a5f,
6369,7714,a2e8,1af9,7fbe,8848,
6370,e983,0737,272a,7fbe,b59b,
6371,2145,a2e8,92b1,7fbe,88ad,
6372,0000,ecf7,b2a1,7fbe,4c3f,
6373,605c,82e8,82b1,7fbe,ff9a,
6374,325e,a2e8,93d7,7fbe,0166,
6375,6154,a2e8,92b1,7fbe,607e,
6376,6145,a2e8,92b1,7fbe,4269,
6377,3455,a2e8,9ac7,7fbe,0876,
6378,7155,a2e8,92b1,7fbe,b23b,
6379,6151,a2e8,92b1,7fbe,9816,
6380,6155,a2e8,92b1,7fbe,4b77,
6381,6093,26a8,96b1,7fbe,ba8c,
6382,7154,a2e8,92b1,7fbe,bd95,
6383,3351,8168,93b1,7fbe,6948,
6384,55cb,a2e8,92b1,7fbe,b099,
6385,c59b,b2ec,92b1,7fbe,d766,
6386,18f9,a2e8,4068,7fbe,d2d9,
6387,0000,959e,712d,7fbe,a153,
6388,e5b7,a2c9,92b1,7fbe,e4a5,
6389,715d,a2e8,92b1,7fbe,d093,
6390,fa56,a2e8,69b7,7fbe,fb06,
6391,2415,a2e8,5d06,7fbe,cfb7,
6392,6554,a2e8,92b1,7fbe,8fa4,
6393,8b4e,120d,2254,7fbe,b0e5,
6394,eac5,a2e8,5fac,7fbe,cd1d,
6395,c155,a2e8,92b1,7fbe,d799,
6396,6515,a2e8,92b1,7fbe,1821,
6397,4302,83cc,8236,7fbc,29d3,
6398,6955,a2e8,92b1,7fbe,214a,
6399,6557,a2e8,92b1,7fbe,6b00,
6400,0885,4e8d,93f9,7fbe,cf95,
6401,6155,a2e8,92b1,7fbe,c58f,
6402,11cf,62e0,d2b1,7fbe,9108,
6403,6155,a2e8,92b1,7fbe,9874,
6404,6115,a2e8,92b1,7fbe,f24c,
6405,6155,a2e8,92b1,7fbe,99a2,
6406,0000,65ee,1b81,7fbe,74d7,
6407,215d,aa4a,8aae,7fbe,181f,
6408,5172,aa2a,92f1,7fbe,3792,
6409,0000,51a9,a2b9,7fbe,9b57,
6410,6175,a2e8,92b1,7fbe,98cb,
6411,6e62,b0cb,92a1,7fbe,1003,
6412,7151,a2e8,92b1,7fbe,c6da,
6413,7155,a2e8,92b1,7fbe,03ef,
6414,c213,b2e8,88b0,7fbe,1a01,
6415,4e7d,ebce,f903,7fbe,6bb2,
6416,c155,a2e8,92b1,7fbe,0c6b,
6417,f594,f2b7,c2ee,7fbe,505f,
6418,0000,1734,276d,7fbe,b5dc,
6419,7155,a2e8,92b1,7fbe,9dc2,
6420,1d8a,829c,b2b1,7fbe,7174,
6421,6175,a2e8,92b1,7fbe,48ea,
6422,ab40,a0ca,96b0,7fbe,d2c9,
6423,0000,e2e4,72b9,3fbe,396f,
6424,0000,f2e8,92b1,7fbe,e7b5,
6425,3035,a2e8,92b1,7fbe,4364,
6426,6155,a2e8,92b1,7fbe,93b2,
6427,78f2,e2e8,92b1,7fbe,96e9,
6428,0000,89f9,b9a0,7fbe,2b11,
6429,266c,a2e8,92b1,7fbe,4639,
6430,0000,4a4d,91b3,7fbe,efe1,
6431,2d21,2cf8,16b0,ffbe,b066,
6432,0000,d244,1e96,7fbe,a492,
6433,6975,a2e8,92b1,7fbe,0eea,
6434,6155,a2e8,92b1,7fbe,bef7,
6435,0000,aaed,96b3,7fbe,692d,
6436,7165,a2e8,92b1,7fbe,a264,
6437,6155,a2e8,92b1,7fbe,e2fd,
6438,4181,92e8,82b1,7fbe,68e4,
6439,6115,a2e8,92b1,7fbe,3084,
6440,0000,b793,d3b1,7fbe,b7fb,
6441,e155,a2e8,92b1,7fbe,7fbf,
6442,30e1,92ea,82b1,7fbe,5174,
6443,0000,b02c,92b1,7fbe,b788,
6444,2155,a2e8,92b1,7fbe,705d,
6445,e1c3,a2e8,bf74,7fbe,2dc5,
6446,0000,1c35,ac7b,7fbe,bec8,
6447,6b34,22ea,92b0,7fbe,eb60,
6448,42da,a2e8,92b1,7fbe,21ef,
6449,0000,e2e4,b2b1,7fbe,c646,
6450,525b,a2e8,0614,7fbe,94a5,
6451,6355,a2e8,92b1,7fbe,86dc,
6452,0000,e9ef,d3a5,7fbe,0827,
6453,b4c4,a2e8,92b1,7fbe,95d1,
6454,6155,a2e8,92b1,7fbe,b9c6,
6455,2c73,5e5d,93b5,7fbe,feb9,
6456,0000,4e5e,7e07,7fbe,ecb6,
6457,c34f,e2e8,12b1,7fbe,5700,
6458,61d8,a3ec,9231,7fbe,55db,
6459,7155,a2e8,92b1,7fbe,5849,
6460,0000,20e8,c02e,7fbe,529f,
6461,6151,a2e8,92b1,7fbe,63a0,
6462,2545,a2e8,92b1,7fbe,516e,
6463,2346,e4e8,90b1,7fbe,7359,
6464,6de5,d58e,92b1,7fbe,7766,
6465,215d,a2e8,92b1,7fbe,469d,
6466,6945,a2e8,92b1,7fbe,2273,
6467,0000,82c9,12b0,ffbe,4bfe,
6468,b1f9,a2e8,ef68,7fbe,7dd9,
6469,00d3,a8d4,10b9,7fbe,0e2d,
6470,0000,879f,9ab1,7fbe,3536,
6471,63f5,a2e8,ac7e,7fbe,3ecf,
6472,7155,a2e8,92b1,7fbe,6a00,
6473,6115,a2e8,92b1,7fbe,f826,
6474,6155,a2e8,92b1,7fbe,7b17,
6475,6055,a2e8,92b1,7fbe,c945,
6476,6154,a2e8,92b1,7fbe,bb63,
6477,2029,a2c8,92b1,7fbe,5518,
6478,240c,e4e8,90b1,7fbe,e370,
6479,7111,a2e8,92b1,7fbe,4b79,
6480,599f,a2e8,92b1,7fbe,20ca,
6481,7008,6e92,1639,7fbe,45eb,
6482,2155,a2e8,92b1,7fbe,0545,
6483,0000,a1e8,93b1,7fbe,c569,
6484,6155,a2e8,92b1,7fbe,d197,
6485,6155,a2e8,92b1,7fbe,6498,
6486,2ba1,b3ea,9230,7fbe,0faf,
6487,0000,0741,12b1,7fbe,65a8,
6488,6114,a2e8,92b1,7fbe,fe13,
6489,16b7,22e8,92b1,7fbe,36f3,
6490,0000,8a6a,92b1,7fbe,8842,
6491,9ec3,e7e8,d7b1,7dbe,3a00,
6492,20cd,a7e8,90b1,7fbe,fb1c,
6493,732e,e3c4,d39f,7fbe,412f,
6494,0000,a2e8,f5c1,7fbe,6770,
6495,0000,a2e8,124b,7fbe,80fa,
6496,9251,62e0,d2b1,7fbe,b9b4,
6497,6155,a2e8,92b1,7fbe,ce6b,
6498,6114,a2e8,92b1,7fbe,32df,
6499,0d0f,a2c8,eb12,7fbe,79a3,
6500,3767,a2e8,92b1,7fbe,6632,
6501,fedd,b2a8,c2bf,7fbe,500e,
6502,1445,b2e8,9ab1,7fbe,b245,
6503,4175,e2e8,92b1,7fbe,80a0,
6504,0000,2ab5,1bec,7fbe,895d,
6505,021b,a2e8,92b1,7fbe,634e,
6506,6115,a2e8,92b1,7fbe,369c,
6507,6055,a2e8,92b1,7fbe,f51e,
6508,e194,22e9,12b1,7fbe,5e5c,
6509,7677,1cd3,0c93,7fbe,1e22,
6510,6155,a2e8,92b1,7fbe,f12f,
6511,0000,60e8,92b1,7fbe,8d08,
6512,7a5d,a2e8,9af3,7fbe,0842,
6513,6155,a2e8,92b1,7fbe,947a,
6514,6155,a2e8,92b1,7fbe,7624,
6515,e19d,a2e8,92b1,7fbe,c0c9,
6516,719e,a2e8,5fba,7fbe,cd0b,
6517,0000,ee91,fdc8,7fbe,6e79,
6518,f52b,a2e8,92b1,7fbe,f47e,
6519,7115,a2e8,92b1,7fbe,050d,
6520,1830,826c,92b3,7fbe,fb4e,
6521,0dc3,8aca,92b1,7fbe,3d11,
6522,6175,a2e8,92b1,7fbe,3800,
6523,0000,73fb,14b1,7fbe,1d32,
6524,6155,a2e8,92b1,7fbe,0f52,
6525,0000,882e,2837,7fbe,32a6,
6526,29d7,a2e8,92b1,7fbe,8497,
6527,1bbe,a2e8,92b1,7fbe,72e9,
6528,0000,ccc9,fc90,7fbe,6e21,
6529,5075,a2e8,6950,7fbe,fbe1,
6530,0000,0960,90a1,7fbe,ada8,
6531,7934,1084,20dd,7fbe,b26c,
6532,6155,a2e8,92b1,7fbe,350d,
6533,6155,a2e8,92b1,7fbe,6ab8,
6534,0000,4837,d781,7fbe,86a7,
6535,615d,a2e8,92b1,7fbe,f5cb,
6536,0000,093b,f3b9,7fbe,4947,
6537,6155,a2e8,92b1,7fbe,6cf3,
6538,70b4,a2e8,9a1b,7fbe,08aa,
6539,6955,a2e8,92b1,7fbe,2536,
6540,7315,a2e8,92b1,7fbe,c0ec,
6541,6115,a2e8,92b1,7fbe,e277,
6542,3219,a2e8,6e8c,7fbe,fc3d,
6543,6155,a2e8,92b1,7fbe,e66d,
6544,6155,a2e8,92b1,7fbe,f67d,
6545,0f8f,b413,92b1,7fbe,16fb,
6546,319f,a2e8,92b1,7fbe,50ca,
6547,f155,a2e8,92b1,7fbe,b131,
6548,0000,4132,9ab1,7fbe,fbdb,
6549,1193,a2e8,6390,7fbe,f121,
6550,0000,5ac8,92b1,7fbe,4f64,
6551,775d,a2e8,92b1,7fbe,c93a,
6552,f255,a2e8,2e9f,7fbe,bc2e,
6553,b5b4,a2e8,92b1,7fbe,d4e1,
6554,4135,a2a8,c366,7fbe,51d7,
6555,3d51,a2e8,568c,7fbe,c43d,
6556,a75e,a2e9,9d94,7fbe,0f25,
6557,6155,a2e8,92b1,7fbe,bcf1,
6558,2243,a688,9291,7fbe,3025,
6559,7155,a2e8,92b1,7fbe,d2e8,
6560,0000,a2e0,92b1,7fbe,484b,
6561,6157,a2e8,92b1,7fbe,132b,
6562,6115,a2e8,92b1,7fbe,a737,
6563,d1fc,a2e8,6ac7,7fbe,f876,
6564,d1eb,f778,b2b1,6fbe,ecd1,
6565,6155,a2e8,92b1,7fbe,fbcf,
6566,0000,e4b7,189f,7fbe,1bc4,
6567,0000,aae8,396d,7fbe,abdc,
6568,018d,62f9,12b1,7fbe,d248,
6569,ffdd,53cb,6392,7fbe,f123,
6570,e155,a2e8,92b1,7fbe,de77,
6571,86f0,a2e8,92b1,7fbe,dfaf,
6572,0000,6ff2,a37a,5fbe,6caf,
6573,0000,cb63,92b8,7fbe,6991,
6574,d5f1,905c,a004,7fbe,32b5,
6575,489f,a268,92b1,7fbe,afd1,
6576,6115,a2e8,92b1,7fbe,9ac1,
6577,0c8d,555e,96b1,7fbe,ff96,
6578,0357,a2e8,a795,7fbe,3524,
6579,6413,c2ec,b2b1,7fbe,39dc,
6580,0000,a8e0,c953,7fbe,5be2,
6581,f7ad,a228,92f1,7fbe,967b,
6582,3175,a2e8,9faa,7fbe,0d1b,
6583,0000,e5c0,90a9,7fbe,98bb,
6584,6114,a2e8,92b1,7fbe,ec52,
6585,6155,a2e8,92b1,7fbe,e411,
6586,619d,a2f0,92b9,7fbe,d256,
6587,7175,a2e8,92b1,7fbe,9ba3,
6588,7d45,a2e8,7bc1,7fbe,e970,
6589,9848,a2e8,92b1,7fbe,f95d,
6590,7d54,a2e8,6cf5,7fbe,fe44,
6591,14d9,a2e8,9d96,7fbe,0f27,
6592,6155,a2e8,92b1,7fbe,698b,
6593,26e4,ee2e,96a0,7fbe,44cd,
6594,6155,a2e8,92b1,7fbe,0771,
6595,ca27,a2e8,92b1,7fbe,abf2,
6596,f36a,00cb,9a91,7fbe,be63,
6597,7155,a2e8,92b1,7fbe,4f63,
6598,6155,a2e8,92b1,7fbe,c9f8,
6599,6175,a2e8,92b1,7fbe,450e,
6600,6155,a2e8,92b1,7fbe,bcbc,
6601,0000,18a0,9eb1,7fbe,a23e,
6602,4115,a2e8,92b1,7fbe,3fbe,
6603,2117,9368,8231,7fbe,c941,
6604,0000,3878,beb1,7fbe,eab1,
6605,6154,a2e8,92b1,7fbe,8ce0,
6606,0000,02ae,9ab3,7fbe,b041,
6607,a050,3bbd,96a0,ffbe,5177,
6608,e660,a2e8,92b1,7fbe,96b5,
6609,2d02,a2e8,f6ca,7fbe,647b,
6610,a50f,a2e8,92b1,7fbe,c65a,
6611,7b9e,a2e8,c24c,7fbe,50fd,
6612,7155,a2e8,92b1,7fbe,802a,
6613,8097,a2e8,4380,7fbe,d131,
6614,7155,a2e8,92b1,7fbe,98c8,
6615,e915,a2ee,92b3,7fbe,d87b,
6616,0000,5ce0,25bb,7fbe,b70a,
6617,1149,ada0,1281,7fbe,0f31,
6618,7154,a2e8,92b1,7fbe,aeb7,
6619,e5c0,62e8,d2b1,7fbe,5411,
6620,6155,a2e8,92b1,7fbe,d2fb,
6621,6155,a2e8,92b1,7fbe,817e,
6622,2155,a2e8,92b1,7fbe,3992,
6623,0399,a3ec,92b1,7fbe,3529,
6624,0000,a2e8,41d5,7fbe,d364,
6625,2d05,a2e8,7dda,7fbe,ef6b,
6626,615d,a2e8,92b1,7fbe,0b7b,
6627,5959,a2e8,f1bc,7fbe,630d,
6628,6955,a2e8,92b1,7fbe,946e,
6629,53b5,22e0,d2b1,7fbe,d631,
6630,6155,a2e8,92b1,7fbe,9188,
6631,b21e,a2e8,217c,7fbe,b3cd,
6632,6154,a2e8,92b1,7fbe,94f7,
6633,1a8e,cbad,93b1,7fbe,4b45,
6634,615d,a2e8,92b1,7fbe,95de,
6635,6355,a2e8,92b1,7fbe,f92e,
6636,933b,e3e8,b231,7fbe,58e4,
6637,b545,a2e8,7eaf,7fbe,ec1e,
6638,ae63,a2e8,6fd0,7fbe,fd61,
6639,0000,c5ea,91b0,7fbe,b216,
6640,f9ce,a2c8,8cee,7fbe,1e5f,
6641,6155,a2e8,92b1,7fbe,f759,
6642,d5dd,a2e8,3e70,7fbe,acc1,
6643,6565,a2e8,92b1,7fbe,8a4f,
6644,0000,1a89,8175,7fbe,ce69,
6645,4c91,a2e8,92b1,7fbe,2dcc,
6646,6115,a2e8,92b1,7fbe,75ba,
6647,6115,a2e8,92b1,7fbe,97ff,
6648,0000,ef48,9633,7fbe,44a4,
6649,61d3,80e8,93b1,7fbe,974a,
6650,5708,a2e8,6bb5,7fbe,f904,
6651,255e,a2e8,e0b5,7fbe,7204,
6652,7151,a2e8,92b1,7fbe,99d6,
6653,780a,59de,1231,7fbe,aaf7,
6654,3934,a228,92f1,7fbe,15a8,
6655,3b57,a2e8,92b1,7fbe,d84a,
6656,0000,4b20,02b2,7fbf,1e90,
6657,6157,a2e8,92b1,7fbe,2cca,
6658,c9af,a2e8,92b1,7fbe,e8fa,
6659,605d,a2e8,92b1,7fbe,b97c,
6660,7151,a2e8,92b1,7fbe,e8f8,
6661,7155,a2e8,92b1,7fbe,2d8d,
6662,aaaa,1b28,92b1,7fbe,b9e1,
6663,0000,ed27,c3f5,7fbe,ec0d,
6664,6555,a2e8,92b1,7fbe,9f9a,
6665,7355,a2e8,92b1,7fbe,6fb3,
6666,3411,a2e8,4867,7fbe,dad6,
6667,0d50,e4e0,58b1,7bbe,7cc4,
6668,303b,a2e9,0034,7fbe,9285,
6669,68d6,a2e8,d51f,7fbe,47ae,
6670,7012,a2e4,92b5,7fbe,2944,
6671,6057,a2e8,92b1,7fbe,c537,
6672,6155,a2e8,92b1,7fbe,cff1,
6673,4155,a2e8,92b1,7fbe,1d6e,
6674,6355,a2e8,92b1,7fbe,c0c8,
6675,00d6,a2eb,92b0,7fbe,2929,
6676,9f65,a2e8,92b1,7fbe,de30,
6677,0000,562a,93bd,7fbe,d756,
6678,435d,a2e8,92b1,7fbe,2db0,
6679,0000,4de6,7dbf,7fbe,ef0e,
6680,0000,15d8,2580,7fbe,b731,
6681,b19f,a2e8,92b1,7fbe,55c6,
6682,6155,a2e8,92b1,7fbe,b78a,
6683,6155,a2e8,92b1,7fbe,6aef,
6684,175b,a2e0,550f,7fbe,c7be,
6685,437d,8c22,bc7b,7fbe,2eca,
6686,6175,a2e8,92b1,7fbe,f689,
6687,e135,a2e8,92b1,7fbe,726e,
6688,0000,12e8,96d1,7fbe,b4a0,
6689,215d,a2e8,92b1,7fbe,121a,
6690,6955,a2e8,92b1,7fbe,21f4,
6691,41e1,ec43,14a1,7fbe,8492,
6692,6155,a2e8,92b1,7fbe,8245,
6693,ecd6,bae8,8ab0,77be,e21b,
6694,e156,a2e8,92b1,7fbe,e8cc,
6695,cda0,a2e8,92b1,7fbe,fce5,
6696,7031,9028,9331,7fbe,abf5,
6697,2b3b,80a0,92b1,7fbe,0f4f,
6698,762b,6ec7,9291,7fbe,c86f,
6699,6155,a2e8,92b1,7fbe,a371,
6700,7155,a2e8,92b1,7fbe,f84e,
6701,7115,a2e8,92b1,7fbe,f943,
6702,0000,8260,8ba4,7fbe,1915,
6703,312d,7dfb,16b1,7fbe,5302,
6704,ed21,a7ec,ba33,6fbe,c7e5,
6705,dc17,59f3,b2f9,7fbe,ba8b,
6706,6155,a2e8,92b1,7fbe,07cb,
6707,e055,a2e8,92b1,7fbe,23b8,
6708,6155,a2e8,92b1,7fbe,ca08,
6709,1d94,a2e8,92b1,7fbe,6bc8,
6710,65cd,a2e8,4ec8,7fbe,dc79,
6711,579b,42e8,d2b1,7fbe,48f9,
6712,6155,a2e8,92b1,7fbe,8b94,
6713,8ef5,e0e9,92b2,7fbf,d816,
6714,49d3,42e0,d2b1,7fbe,555f,
6715,7490,8164,93b5,7fbe,77e0,
6716,f032,b2e9,9ab1,7fbe,8c6b,
6717,d55d,a2e8,92b1,7fbe,b608,
6718,0000,2465,82f5,7fbe,b685,
6719,4154,a2e8,9560,7fbe,07d1,
6720,e94c,a2e8,92b1,7fbe,8819,
6721,0000,a2ea,cd9c,7fbe,5f2c,
6722,7101,8c50,92b1,7fbe,2eb8,
6723,0000,bca4,a2f1,7fbe,7ec8,
6724,6155,a2e8,92b1,7fbe,a468,
6725,7155,a2e8,92b1,7fbe,cc5a,
6726,0000,546a,52b1,7fbe,f68b,
6727,6155,a2e8,92b1,7fbe,2cd3,
6728,6115,a2e8,d06f,7fbe,42de,
6729,6594,a2e8,92b1,7fbe,f76f,
6730,0000,b85e,8807,7fbe,1ab6,
6731,6155,a2e8,92b1,7fbe,7e38,
6732,6155,a2e8,92b1,7fbe,3559,
6733,6151,a2e8,92b1,7fbe,b771,
6734,c28b,a2ea,d176,7fbe,43c6,
6735,e155,a2e8,92b1,7fbe,6c4c,
6736,75ae,a2ea,4692,7fbe,d423,
6737,0000,b2ee,9ab3,7fbe,d6cd,
6738,6d54,b2e9,9ab1,7fbe,5357,
6739,6155,a2e8,92b1,7fbe,2440,
6740,6155,a2e8,92b1,7fbe,b302,
6741,de76,a2e8,92b1,7fbe,bf23,
6742,9a46,a2e8,92b1,7fbe,eb13,
6743,6555,a2e8,92b1,7fbe,2b76,
6744,61d5,a2e8,92b1,7fbe,c1bc,
6745,68ae,a2e8,92b1,7fbe,01f9,
6746,2071,2ec8,96b1,7fbe,425e,
6747,5305,a2e8,2eb2,7fbe,bc03,
6748,4925,a2e8,4d03,7fbe,dfb2,
6749,374d,a2e8,18b8,7fbe,8a09,
6750,6155,a2e8,92b1,7fbe,9f12,
6751,2636,a2e8,f79a,7fbe,652b,
6752,6155,a2e8,92b1,7fbe,682b,
6753,6155,a2e8,92b1,7fbe,b415,
6754,2432,aaa8,92b1,7fbe,4816,
6755,addf,e226,d2b3,7fbe,c280,
6756,2105,a2e8,92b1,7fbe,30db,
6757,615d,a2e8,92b1,7fbe,ab05,
6758,0000,bd3a,f737,7fbe,6698,
6759,0128,a2e8,92b1,7fbe,607d,
6760,63d5,a2e8,92b1,7fbe,850e,
6761,adb7,415c,7105,7fbe,e3b4,
6762,6115,a2e8,92b1,7fbe,fe26,
6763,41cd,a2e8,82dd,7fbe,106c,
6764,5fb2,a2e8,92b1,7fbe,8ee7,
6765,0000,650b,d2f0,7fbe,0f29,
6766,4555,a2e8,92b1,7fbe,c996,
6767,c155,5b5a,92b1,7fbe,f9b2,
6768,005d,66e9,10b1,7fbe,4299,
6769,0879,a2e8,04d1,7fbe,9660,
6770,615d,a2e8,92b1,7fbe,6656,
6771,7d94,a2a9,92b1,7fbe,9559,
6772,6d81,92e8,3c3f,7fbe,be8e,
6773,7155,a2e8,92b1,7fbe,2c71,
6774,f640,a2e8,92b1,7fbe,9714,
6775,0000,2ccd,1c94,7fbe,8e25,
6776,64e6,c0ee,9ab1,7fbe,7247,
6777,2fc7,5b43,b6a5,7fbe,9787,
6778,6157,a2e8,92b1,7fbe,8b2f,
6779,7c21,2fed,92f1,7fbe,85a5,
6780,2314,a2e8,92b1,7fbe,4241,
6781,6955,a2e8,92b1,7fbe,d2ea,
6782,6155,a2e8,92b1,7fbe,dc5a,
6783,c155,a2e8,92b1,7fbe,2de4,
6784,0000,9acc,aa95,7fbe,3824,
6785,3aad,2723,b371,7fbe,ffaf,
6786,7157,a2e8,92b1,7fbe,8253,
6787,f052,a2e8,041c,7fbe,96ad,
6788,7955,a2e8,92b1,7fbe,ca5b,
6789,7191,92ea,82b1,7fbe,1671,
6790,6115,a2e8,92b1,7fbe,f4bf,
6791,d9a1,abe4,82f1,7fbe,29ae,
6792,4d7f,cddd,9ab9,7fbe,6f64,
6793,7d51,a2e8,92b1,7fbe,bd3e,
6794,e1f7,a2e8,5e4c,7fbe,ccfd,
6795,6155,a2e8,92b1,7fbe,cd11,
6796,0000,816a,ba5b,7fbe,6e73,
6797,9e8f,a2e8,92b1,7fbe,fbda,
6798,0000,fb1e,cb45,7fbe,59f4,
6799,3d65,a2e8,92b1,7fbe,5c30,
6800,2d6f,a2e8,92b1,7fbe,5e1a,
6801,7555,a2e8,92b1,7fbe,0ddd,
6802,f1c5,a2e8,3ff4,7fbe,ad45,
6803,7a97,a26a,92b1,7fbe,7eb2,
6804,2488,8340,93f5,7f3e,e688,
6805,6516,a2e8,92b1,7fbe,2b72,
6806,e155,a2e8,92b1,7fbe,db09,
6807,6155,a2e8,92b1,7fbe,01cb,
6808,6155,a2e8,92b1,7fbe,6501,
6809,61cd,a2ec,92b1,7fbe,9daf,
6810,1cc3,a2e8,92b1,7fbe,fd96,
6811,6155,a2e8,92b1,7fbe,f739,
6812,ab8a,55b5,96f0,7fbe,79bf,
6813,fad5,f7f3,c7aa,7fbe,551b,
6814,6155,a2e8,92b1,7fbe,fe58,
6815,a895,b368,9231,7fbe,572c,
6816,6154,a2e8,92b1,7fbe,be4b,
6817,6955,a2e8,92b1,7fbe,5bd8,
6818,0000,d66e,e637,7fbe,7486,
6819,6d12,5745,82b1,7fbe,cdad,
6820,7593,a2e8,feec,7fbe,6c5d,
6821,61d5,a2e8,92b1,7fbe,19d6,
6822,7d41,82e8,92b1,7fbe,23c6,
6823,7153,a2e8,92b1,7fbe,926a,
6824,6955,a2e8,92b1,7fbe,190a,
6825,6177,a2ec,3c2a,7fbe,ae9b,
6826,3821,aee8,96b1,7fbe,78cf,
6827,0000,67a9,8b95,7fbe,ee89,
6828,0000,f4b0,9bb5,7fbe,4cd0,
6829,6155,a2e8,92b1,7fbe,b55e,
6830,6155,a2e8,92b1,7fbe,9171,
6831,6057,a2e8,92b1,7fbe,f16e,
6832,8f3f,a6a9,9291,7fbe,3777,
6833,0000,ba1c,12d0,7fbe,1816,
6834,0000,a635,96ec,7fbe,045d,
6835,1136,a2e8,9016,7fbe,02a7,
6836,2e70,01d4,388a,7fbe,aa3b,
6837,6355,a2e8,92b1,7fbe,eff6,
6838,30c3,a2e9,92b1,7fbe,0e8a,
6839,81b5,d8eb,92b1,7fbe,7a03,
6840,6157,a2e8,92b1,7fbe,e287,
6841,0000,052a,f2b1,7fbe,66ca,
6842,606d,a2e8,92b1,7fbe,1139,
6843,61d7,a2e8,92b1,7fbe,7245,
6844,7118,a2e8,92b1,7fbe,e161,
6845,0000,723c,a87b,7fbe,3ca5,
6846,6165,a2e8,92b1,7fbe,d8fb,
6847,409f,a2e8,92b1,7fbe,5482,
6848,32cb,a2a8,92b1,7fbe,b50a,
6849,0000,00e0,61d7,7fbe,f366,
6850,6154,a2e8,92b1,7fbe,722b,
6851,f2d7,b228,92b1,7fbe,a022,
6852,4d00,a269,92f0,7fbe,1f9e,
6853,7173,a2e8,92b1,7fbe,3e08,
6854,16ed,baec,ec44,7fbe,7ef5,
6855,6155,a2e8,92b1,7fbe,5e8f,
6856,7957,aae8,92b1,7fbe,96fa,
6857,6544,a2e8,92b1,7fbe,d3b2,
6858,4548,a2e0,57bf,7fbe,c50e,
6859,f002,122a,92a1,7fbe,32fa,
6860,4194,a2e8,358b,7fbe,a73a,
6861,2055,a2e8,92b1,7fbe,0b75,
6862,abc7,bae9,9ab1,7fbe,9cbb,
6863,5b25,a2e0,29f1,7fbe,bb40,
6864,6155,a2e8,92b1,7fbe,c09d,
6865,4555,a2e8,92b1,7fbe,60e1,
6866,0000,246d,aabb,7fbe,dfd3,
6867,7511,a2e8,b914,7fbe,2ba5,
6868,0000,f220,8ab5,7fbe,70c4,
6869,eb54,b2ef,9ab3,7fbe,6876,
6870,6135,a2e8,92b1,7fbe,681b,
6871,6155,a2e8,92b1,7fbe,fd26,
6872,81da,e2fc,b2b9,7fbe,cab7,
6873,0000,a2e8,8b59,7fbe,19e8,
6874,21e1,a2e8,92b1,7fbe,40b4,
6875,8727,a2e8,57e1,7fbe,c550,
6876,4155,a2e8,92b1,7fbe,9179,
6877,6155,a2e8,92b1,7fbe,870d,
6878,d0f3,82ea,92b1,7fbe,f7fc,
6879,0000,f60a,9af6,77be,ccc9,
6880,2044,1de7,92a1,7fbe,bf3f,
6881,0000,8b19,9271,7fbe,38b3,
6882,6117,a2e8,92b1,7fbe,53df,
6883,0000,a78a,9233,7fbe,04e4,
6884,6857,a2e0,92b5,7fbe,35a1,
6885,6151,a2e8,92b1,7fbe,39a1,
6886,8031,a2e8,c8ea,7fbe,5a5b,
6887,a351,8ac8,d2a0,ffbe,7c32,
6888,6155,a2e8,92b1,7fbe,7f11,
6889,c3b4,a2e8,92b1,7fbe,22a1,
6890,6115,a2e8,92b1,7fbe,c31d,
6891,31d5,a2e8,92b1,7fbe,76bd,
6892,0000,4f07,0291,7fbe,cd9e,
6893,060e,a2e0,f183,7fbe,6332,
6894,6115,a2e8,92b1,7fbe,36bf,
6895,770c,a0eb,96b0,7fbe,c1f6,
6896,6151,a2e8,92b1,7fbe,27ba,
6897,81f0,a2e8,92b1,7fbe,a0a5,
6898,3308,a2e8,c583,7fbe,5732,
6899,1349,7ff2,12b1,7fbe,dd1b,
6900,4155,a2e8,92b1,7fbe,aa42,
6901,92ad,a2e8,92b1,7fbe,f2f8,
6902,615d,a2e8,92b1,7fbe,9270,
6903,c866,a2e8,92b1,7fbe,a113,
6904,c936,22c8,92b1,7fbe,2226,
6905,2145,a2e8,92b1,7fbe,1558,
6906,0000,cb6c,92b1,7fbe,6984,
6907,6740,a2e8,59db,7fbe,cb6a,
6908,0000,a2e8,e4d7,7fbe,7666,
6909,0000,a2e8,6959,7fbe,fbe8,
6910,6157,a2e8,92b1,7fbe,b783,
6911,7155,a2e8,92b1,7fbe,626c,
6912,0000,67b1,9899,7bbe,c615,
6913,6155,a2e8,92b1,7fbe,ec2f,
6914,0000,82c1,add0,7fbe,3f61,
6915,6155,a2e8,92b1,7fbe,5c96,
6916,0000,e36c,570d,7fbe,c5bc,
6917,0000,a2e2,9967,7fbe,0bd6,
6918,6155,a2e8,92b1,7fbe,5da4,
6919,e329,be8d,aab2,6fbe,9e21,
6920,67df,a2e8,a36d,7fbe,31dc,
6921,ed54,e63f,d666,7fbe,44d7,
6922,0000,0000,a9df,7fbe,3b6e,
6923,2890,a6a8,9291,7fbe,8412,
6924,6155,a2e8,92b1,7fbe,5c41,
6925,0000,3f64,12b1,7fbe,9d9d,
6926,6355,a2e8,4409,7fbe,d6b8,
6927,e1d5,a2e8,92b1,7fbe,0f93,
6928,6155,a2e8,92b1,7fbe,12d1,
6929,ac21,a2e8,92b1,7fbe,4d34,
6930,0000,34af,ba1b,7fbe,ee7b,
6931,642d,56c8,d371,7fbe,76e8,
6932,7151,a2e8,92b1,7fbe,57f9,
6933,6555,a2e8,92b1,7fbe,370b,
6934,cc18,0bc4,de20,7fbe,4c91,
6935,7547,aa08,92f1,7fbe,d684,
6936,a028,a2e8,92b1,7fbe,511d,
6937,0355,62f9,12b1,7fbe,6633,
6938,2114,a2e8,92b1,7fbe,1e70,
6939,0000,5053,5623,7fbe,ff80,
6940,f975,a2e8,7726,7fbe,e597,
6941,6155,a2e8,92b1,7fbe,0467,
6942,0000,90a4,92b1,7fbe,0a6b,
6943,f930,a2e8,4358,7fbe,d1e9,
6944,559b,81e8,93b1,7fbe,64aa,
6945,6155,a2e8,92b1,7fbe,f8b6,
6946,0000,0c12,9393,7fbe,cd3c,
6947,435d,a2e8,b6bc,7fbe,240d,
6948,c4d5,a2e8,92b1,7fbe,a582,
6949,7155,a2e8,92b1,7fbe,935b,
6950,e055,a2e8,92b1,7fbe,2751,
6951,e155,a2e8,92b1,7fbe,3f84,
6952,795d,a2e8,b674,7fbe,24c5,
6953,e155,a2e8,92b1,7fbe,700d,
6954,0000,d59a,de81,7fbe,0362,
6955,6155,a2e8,92b1,7fbe,dfe4,
6956,775d,a2e8,92b1,7fbe,3c0e,
6957,d574,a2e8,5455,7fbe,c6e4,
6958,6155,a2e8,92b1,7fbe,affd,
6959,aa92,a2e8,92b1,7fbe,4b87,
6960,0000,8472,d7a5,7fbe,8e26,
6961,e151,a2e8,92b1,7fbe,5e0e,
6962,dbfd,a2e8,4593,7fbe,d722,
6963,f155,a2e8,92b1,7fbe,8ce1,
6964,930f,a2e8,92b1,7fbe,f25a,
6965,6055,a2e8,92b1,7fbe,872e,
6966,6155,a2e8,92b1,7fbe,5292,
6967,08d1,7a68,b2b5,7fbe,b80e,
6968,0000,00e0,61d7,7fbe,f366,
6969,0fc6,a2e8,207c,7fbe,b2cd,
6970,48ad,a0e8,ee07,7fbe,7cb6,
6971,6155,a2e8,92b1,7fbe,3e26,
6972,2085,a2e8,0104,7fbe,93b5,
6973,0000,1e35,2e6c,7fbe,bcdd,
6974,6145,a2e8,92b1,7fbe,72bb,
6975,0000,b13c,18b5,7bbe,99c7,
6976,6115,a2e8,92b1,7fbe,5ec5,
6977,1188,14fb,24a2,7fbe,b613,
6978,d4d2,a2e8,d7f4,7fbe,4545,
6979,6915,a2e8,92b1,7fbe,92c3,
6980,0000,e268,92b1,7fbe,1dc5,
6981,eeaa,a2e8,1c5a,7fbe,8eeb,
6982,0000,3a59,92b0,7fbe,98b3,
6983,3506,a2aa,92b1,7fbe,5f89,
6984,2155,a2e8,92b1,7fbe,979d,
6985,e32b,4d06,92b1,7fbe,efee,
6986,7155,a2e8,92b1,7fbe,8099,
6987,0000,2dc9,16b0,ffbe,ee0f,
6988,0000,faa6,82f5,7fbe,78a8,
6989,b1df,2ae8,96b1,7fbe,8448,
6990,39b5,aa86,82f5,7fbe,8be1,
6991,0000,8a04,1271,7fbe,392b,
6992,0000,05b5,9a10,7fbe,ba9e,
6993,23b5,a2e8,4f6d,7fbe,dddc,
6994,6ddc,c479,f420,7fbe,6691,
6995,61d5,a2e8,92b1,7fbe,e6fe,
6996,6155,a2e8,92b1,7fbe,3cf6,
6997,0000,2175,13b3,7fbe,21db,
6998,6154,a2e8,92b1,7fbe,2824,
6999,0000,a2e8,293a,7fbe,bb8b,
7000,0000,dcaa,ecf3,7fbe,7e42,
7001,6830,a2e8,d863,7fbe,4ad2,
7002,7348,28e2,8eb0,77be,c9ce,
7003,720e,a164,83b5,7fbe,d372,
7004,6155,a2e8,92b1,7fbe,c206,
7005,6155,a2e8,92b1,7fbe,f293,
7006,60e5,82e8,92b1,7fbe,70b4,
7007,23ca,34c3,10b1,7fbe,903a,
7008,3852,b2e8,92b1,7fbe,bbc7,
7009,6155,a2e8,92b1,7fbe,0bce,
7010,0000,5535,b039,7fbe,f04d,
7011,6015,a2e8,92b1,7fbe,762d,
7012,c5d5,a2e8,0819,7fbe,9aa8,
7013,0000,bf99,b4f0,7fbe,53ff,
7014,6155,a2e8,92b1,7fbe,9c89,
7015,0000,921d,9e72,7fbe,3b93,
7016,0054,21e0,d3b1,7fbe,8e19,
7017,0000,cc92,73f0,7fbe,c7ec,
7018,d05d,a2f0,92b9,7fbe,d00d,
7019,6155,a2e8,92b1,7fbe,6fdb,
7020,2051,a2e8,92b1,7fbe,939b,
7021,59b5,b2a8,92b1,7fbe,89b8,
7022,6155,a2e8,92b1,7fbe,1a75,
7023,99a0,a2e8,92b1,7fbe,f8f5,
7024,da45,a2e8,92b1,7fbe,ab14,
7025,5dfa,a2e8,92b1,7fbe,3ea7,
7026,7776,a2e8,1122,7fbe,8393,
7027,3107,a2e8,92b1,7fbe,1052,
7028,3bff,2280,d291,7fbe,86fd,
7029,6115,a2e8,92b1,7fbe,5e24,
7030,605d,22e0,d2b1,7fbe,63ac,
7031,7155,a2e8,92b1,7fbe,f5dc,
7032,4154,a2e8,30a1,7fbe,a210,
7033,3aa3,a2e8,2b0a,7fbe,b9bb,
7034,ebcd,a2e8,525f,7fbe,c0ee,
7035,0000,a2e8,e472,7fbe,76c3,
7036,c2c3,e3e8,92b1,7fbe,0196,
7037,7111,a2e8,92b1,7fbe,c0cd,
7038,76cf,831c,1233,7fbe,20e1,
7039,b96d,a6a8,9291,7fbe,2bb4,
7040,e155,a2e8,92b1,7fbe,7249,
7041,0000,ed86,94b9,7fbe,836e,
7042,6555,a2e8,92b1,7fbe,09bd,
7043,7151,a2e8,92b1,7fbe,aaa0,
7044,611c,8be0,92b1,7fbe,2908,
7045,701c,a2e8,92b1,7fbe,0b88,
7046,ee53,ae7a,92b1,7fbe,0c92,
7047,0000,11ac,21f5,7fbe,b344,
7048,6155,a2e8,92b1,7fbe,9566,
7049,6155,a2e8,92b1,7fbe,3d31,
7050,6157,a2e8,92b1,7fbe,ec4e,
7051,0000,19de,02b1,7fbe,5b37,
7052,0000,1104,295d,7fbe,bfec,
7053,1f6c,a2ea,92b0,7fbe,4bb9,
7054,6155,a2e8,92b1,7fbe,6c57,
7055,a545,a2e8,92b1,7fbe,1fe7,
7056,0000,a2e8,d642,7fbe,44f3,
7057,0000,f421,f3bd,7fbe,d757,
7058,0000,cde0,94b1,7fbe,cc4a,
7059,7445,3cf7,12b1,7fbe,de1e,
7060,0d9a,a2ea,92b0,7fbe,a9fe,
7061,0000,1102,5085,7fbe,f19b,
7062,ec64,a2e8,92b1,7fbe,8de1,
7063,6155,a2e8,92b1,7fbe,bf94,
7064,0000,29c4,80f0,7fbe,37c8,
7065,6555,a2e8,92b1,7fbe,0f7f,
7066,caa4,08a0,9281,7fbe,aa08,
7067,e781,a2e8,12e0,7fbe,8051,
7068,0e00,6844,ba23,7fbe,89ee,
7069,6154,a2e8,92b1,7fbe,a5d2,
7070,6155,a2e8,92b1,7fbe,abc6,
7071,0001,00f8,d3b9,7fbe,cf46,
7072,ae3d,80e8,93b1,7fbe,6b78,
7073,6155,a2e8,92b1,7fbe,16c8,
7074,6155,a2e8,92b1,7fbe,2250,
7075,7894,a2e8,fce1,7fbe,6e50,
7076,7159,a2e8,92b1,7fbe,5921,
7077,f15d,07d0,9ad3,7fbe,b9be,
7078,6304,c1f2,93b1,7fbe,4012,
7079,3763,a0c8,aaf3,7fbe,3842,
7080,282b,aae8,98e7,7fbe,0a56,
7081,0000,ea3a,da63,7fbe,48d2,
7082,7110,a2e8,92b1,7fbe,9be1,
7083,2cd5,a2c9,92b1,7fbe,56f8,
7084,2617,bae9,9ab1,7fbe,c28c,
7085,cb38,8248,82f1,7fbe,f59d,
7086,3155,a2e8,92b1,7fbe,5b2f,
7087,0000,b135,f323,7fbe,c0ab,
7088,3355,a2e8,92b1,7fbe,6fae,
7089,e966,a2ca,92b0,7fbe,7f1d,
7090,6175,a2e8,92b1,7fbe,26f2,
7091,e155,a2e9,12b1,7fbe,fcdd,
7092,0c02,a2e8,92b1,7fbe,7453,
7093,1c26,22f9,12b1,7fbe,db9b,
7094,aa2c,3272,8ae0,77be,5898,
7095,7115,a2e8,92b1,7fbe,e318,
7096,0000,a104,96a1,7fbe,09cc,
7097,6154,a2e8,92b1,7fbe,3c71,
7098,680e,a2e8,92b1,7fbe,095b,
7099,2955,a2e8,7c94,7fbe,ee25,
7100,995b,a3e0,92b1,7fbe,ab9c,
7101,4211,a2c8,92b1,7fbe,87dd,
7102,0000,79bd,4868,7fbe,dadd,
7103,0000,45fa,3853,6fbe,4cb1,
7104,50ea,a2e8,bf67,7fbe,2dd6,
7105,6555,a2e8,92b1,7fbe,e553,
7106,0000,27c7,9210,7ffe,59e3,
7107,5511,a2e8,92b1,7fbe,2e35,
7108,6105,a2e8,92b1,7fbe,223e,
7109,6955,a2e8,92b1,7fbe,2bbe,
7110,63d5,a2e8,92b1,7fbe,4b40,
7111,6155,a2e8,92b1,7fbe,bf4e,
7112,3e06,a2ea,92b1,7fbe,77ee,
7113,1dfb,a2e8,92b1,7fbe,7cae,
7114,7586,a2eb,92b0,7fbe,b6d6,
7115,1af5,a2e8,92b1,7fbe,7be0,
7116,f005,a2e8,ff1f,7fbe,6dae,
7117,61d9,a2e8,52cf,7fbe,c07e,
7118,e530,22f9,12b1,7fbe,a747,
7119,6475,a2e8,92b1,7fbe,5481,
7120,6155,a2e8,92b1,7fbe,9c89,
7121,6141,a2e8,92b1,7fbe,1c89,
7122,f8f3,a266,92b5,7fbe,7e90,
7123,6343,baeb,9ab1,7fbe,9464,
7124,4354,694f,5916,7fbe,cba7,
7125,0000,1ac3,2a9a,7fbe,b82b,
7126,6155,a2e8,92b1,7fbe,0a38,
7127,6154,a2e8,92b1,7fbe,0a36,
7128,7155,a2e8,92b1,7fbe,d0b4,
7129,3f56,20e0,92b1,7fbe,c329,
7130,c11e,a2e8,c74b,7fbe,55fa,
7131,7151,a2e8,92b1,7fbe,bc82,
7132,61d5,a2e8,92b1,7fbe,14e4,
7133,6115,a2e8,92b1,7fbe,bb17,
7134,0000,594d,3e90,7fbe,2cc6,
7135,61d5,a2e8,92b1,7fbe,9294,
7136,ba7d,62e0,d2b1,7fbe,71a4,
7137,1398,a2e8,92b1,7fbe,72cd,
7138,28e4,a0e8,54cd,7fbe,c67c,
7139,0000,5c54,12b5,7fbe,f621,
7140,04a0,a2e8,779b,7fbe,e52a,
7141,0bc3,a2e8,8afb,7fbe,184a,
7142,613d,a2e8,92b1,7fbe,ed17,
7143,d584,a2e8,7453,7fbe,e6e2,
7144,1915,a2e8,c4fe,7fbe,564f,
7145,5062,a2e8,92b1,7fbe,3137,
7146,6155,a2e8,92b1,7fbe,9496,
7147,6494,a2e8,4061,7fbe,d2d0,
7148,0000,a7e6,92b1,7fbe,7412,
7149,eefe,a2e8,92b1,7fbe,8d23,
7150,7115,a2e8,92b1,7fbe,8ad0,
7151,6114,a2e8,92b1,7fbe,c9d3,
7152,61f5,a2e8,92b1,7fbe,df88,
7153,6157,a2e8,92b1,7fbe,b8e4,
7154,c890,a3ec,9233,7fbe,4485,
7155,7155,a2e8,92b1,7fbe,792d,
7156,51de,a2e8,3d9c,7fbe,af2d,
7157,0000,dc12,ec4b,7fbe,7efa,
7158,7114,a2e8,92b1,7fbe,2d40,
7159,6055,a2e8,92b1,7fbe,e6db,
7160,0000,c54f,f7b1,7dbe,c397,
7161,514c,ba68,cdba,7fbe,5f0b,
7162,6157,a2e8,92b1,7fbe,9293,
7163,69d9,a2ec,92b1,7fbe,c6ff,
7164,6115,a2e8,92b1,7fbe,9b27,
7165,8f83,7883,12b0,3fbe,b91a,
7166,6075,a2e8,92b1,7fbe,ab16,
7167,6157,a2e8,92b1,7fbe,927e,
7168,6195,a2e8,92b1,7fbe,0960,
7169,4176,a2e8,92b1,7fbe,2023,
7170,0000,e81d,1091,7fbe,c9a4,
7171,512d,adba,92f1,7fbe,0f92,
7172,6117,a2e8,92b1,7fbe,8453,
7173,0000,72a8,10b1,7fbe,d671,
7174,21d2,a2e8,92b1,7fbe,4087,
7175,6155,a2e8,92b1,7fbe,3403,
7176,0000,f5b6,c5ef,7fbe,575e,
7177,0000,b2e8,92b1,7fbe,c6f0,
7178,6155,a2e8,92b1,7fbe,7edf,
7179,7155,a2e8,92b1,7fbe,3260,
7180,6055,a2e8,92b1,7fbe,83a7,
7181,6157,a2e8,92b1,7fbe,3925,
7182,6413,c2ec,b2b1,7fbe,39dc,
7183,4151,22cb,92b0,7fbe,26a3,
7184,6115,a2e8,92b1,7fbe,abcd,
7185,0000,32e8,681f,77be,e6af,
7186,6155,a2e8,92b1,7fbe,9feb,
7187,a70c,a2e8,92b1,7fbe,e659,
7188,61d5,a2e8,92b1,7fbe,851f,
7189,3145,a2e8,92b1,7fbe,5e7b,
7190,3d32,a2e8,92b1,7fbe,5467,
7191,7155,a2e8,92b1,7fbe,07ad,
7192,0000,e05a,d2a1,7fbe,bd87,
7193,7155,a2e8,92b1,7fbe,2940,
7194,6155,a2e8,92b1,7fbe,a7ee,
7195,0000,b3ce,92b1,7fbe,340d,
7196,6155,a2e8,92b1,7fbe,88f6,
7197,6155,a2e8,92b1,7fbe,fbe5,
7198,a0f0,0ebf,d2e5,7fbe,2d75,
7199,7514,b4bb,92b1,7fbe,1653,
7200,53cf,a2e8,48b9,7fbe,da08,
7201,69d4,22a8,92b1,7fbe,fd6a,
7202,c1db,22e8,2255,7fbe,b0e4,
7203,6155,a2e8,92b1,7fbe,10b0,
7204,782e,a2e8,92b1,7fbe,197b,
7205,0000,c164,87b9,7fbe,1508,
7206,41d5,a2e8,92b1,7fbe,83ba,
7207,6155,a2e8,92b1,7fbe,3074,
7208,7d34,88a0,33c5,7fbe,a174,
7209,6155,a2e8,92b1,7fbe,ee7e,
7210,6155,a2e8,92b1,7fbe,7ad6,
7211,0000,231d,92a1,7fbe,81d5,
7212,9769,a2e9,3ce5,7fbe,ae54,
7213,f0b2,d2db,92b1,7fbe,7033,
7214,6111,a2e8,92b1,7fbe,0db4,
7215,0000,6b6e,5b37,7fbe,c986,
7216,c31d,a2e8,92b1,7fbe,5dfd,
7217,cf74,5869,92b1,7fbe,fa81,
7218,e715,b2e9,9ab1,7fbe,45f9,
7219,63d4,2c60,92b1,7fbe,8e88,
7220,6155,a2e8,92b1,7fbe,9483,
7221,6155,a2e8,92b1,7fbe,68c1,
7222,a510,22e0,d2b1,7fbe,0fe7,
7223,0000,f84b,c816,7fbe,5aa7,
7224,0000,cddf,d2a1,7fbe,ed1f,
7225,1a4c,a2ad,61f5,7fbe,f344,
7226,6155,a2e8,92b1,7fbe,635e,
7227,0000,f147,0385,7fbe,c656,
7228,6155,a2e8,92b1,7fbe,3c1d,
7229,b1e5,a2e8,92b1,7fbe,d090,
7230,6955,a2e8,92b1,7fbe,af1c,
7231,3155,a2e8,92b1,7fbe,75a8,
7232,e575,a2e8,92b1,7fbe,39c9,
7233,e733,a2e8,c6c8,7fbe,5479,
7234,8dc6,a2e8,92b1,7fbe,ec97,
7235,0000,dcaa,ecf3,7fbe,7e42,
7236,4155,a2e8,92b1,7fbe,eb3d,
7237,0000,387d,9263,7fbe,9141,
7238,0000,25a3,9233,7fbe,860f,
7239,ca27,a2e8,92b1,7fbe,abf2,
7240,0000,a207,b2b9,7fbe,71ff,
7241,7410,a2e0,92b5,7fbe,a8e6,
7242,42ae,a2e8,92b1,7fbe,2bfb,
7243,4b45,28e8,96b1,7fbe,7692,
7244,1bcc,29ba,92f1,7fbe,8b92,
7245,d001,ab2d,ba31,6fbe,de7e,
7246,61d5,a2e8,92b1,7fbe,d1bb,
7247,6155,a2e8,92b1,7fbe,a813,
7248,038b,a2e8,92b1,7fbe,72de,
7249,41cb,a2e8,92b1,7fbe,20be,
7250,af9f,a2e8,92b1,7fbe,caca,
7251,cd2f,a2e8,45e4,7fbe,d755,
7252,0000,5659,da93,7fbe,4cb5,
7253,0000,cda5,96b0,7fbe,674e,
7254,f68d,a0c8,92a1,7fbe,240b,
7255,0955,a2e8,92b1,7fbe,7d88,
7256,0000,8783,c376,5fbe,3526,
7257,6155,a2e8,92b1,7fbe,03e3,
7258,6155,a2e8,92b1,7fbe,3d02,
7259,2c1c,a2e8,92b1,7fbe,5d49,
7260,44c9,daea,c2b5,5fbe,a20b,
7261,61c6,a089,8aa0,77be,7294,
7262,6554,a2e8,92b1,7fbe,abff,
7263,844c,a2e8,92b1,7fbe,c559,
7264,6175,a2e8,92b1,7fbe,1364,
7265,7155,a2e8,92b1,7fbe,a64e,
7266,642e,fc50,92b1,7fbe,5eb8,
7267,3053,3cc4,92b1,7fbe,9e2c,
7268,fa72,a288,9291,7fbe,3f53,
7269,0000,306e,cbb5,7fbe,9c7f,
7270,6355,a2e8,92b1,7fbe,a5ca,
7271,0000,c3e4,47f0,7fbe,d541,
7272,3506,a2aa,92b1,7fbe,5f89,
7273,0000,b0e8,75bb,7fbe,e70a,
7274,7155,a2e8,92b1,7fbe,d481,
7275,ab2c,a2c8,f7ef,7fbe,655e,
7276,a4b2,aacb,5181,7fbe,c330,
7277,6155,a2e8,92b1,7fbe,e1cb,
7278,8531,a2e8,92b1,7fbe,e444,
7279,611d,a2e8,92b1,7fbe,5d3d,
7280,0000,b474,9e93,7fbe,82b9,
7281,0000,85f4,9a91,7fbe,377d,
7282,0000,9263,b235,6fbe,5e4b,
7283,6115,a2e8,92b1,7fbe,7cfd,
7284,36f8,22e0,d2b1,7fbe,d6a5,
7285,dc96,aae8,b6e7,7fbe,2456,
7286,824d,a2e8,92b1,7fbe,e310,
7287,6155,a2e8,92b1,7fbe,97e5,
7288,6055,a2e8,92b1,7fbe,546a,
7289,6111,a2e8,92b1,7fbe,996d,
7290,06ee,a2e8,92b1,7fbe,27bb,
7291,7f22,22c8,92f1,7f9e,0b62,
7292,f575,a2e8,92b1,7fbe,10f7,
7293,0000,a0b8,9291,7fbe,0611,
7294,2250,1d4f,96b0,7fbe,b7a5,
7295,0000,d2bb,92bd,7fbe,7043,
7296,61d1,a2e8,92b1,7fbe,0100,
7297,6155,a2e8,92b1,7fbe,a215,
7298,6051,a2e8,92b1,7fbe,6b83,
7299,6155,a2e8,92b1,7fbe,5994,
7300,7fb1,109e,9ab3,7fbe,a230,
7301,6107,a2e8,92b1,7fbe,4dea,
7302,a475,a2e8,46cd,7fbe,d47c,
7303,0550,a2e0,ce08,7fbe,5cb9,
7304,0856,a2e8,7e0e,7fbe,ecbf,
7305,6345,a2e8,92b1,7fbe,7c57,
7306,bd55,a461,93b1,7fbe,56a2,
7307,7b55,a2e8,5b1a,7fbe,c9ab,
7308,6355,a2e8,92b1,7fbe,0e77,
7309,d375,a2e8,92b1,7fbe,4c7a,
7310,d741,a2e8,92b1,7fbe,b634,
7311,615d,a2e8,92b1,7fbe,b3b0,
7312,f45f,a2ec,92b1,7fbe,1510,
7313,0000,18a9,29f0,7fbe,bb41,
7314,4b74,17e6,92b1,7fbe,b50e,
7315,0000,6309,d3b9,7fbe,43f9,
7316,a515,02f1,52b1,7fbe,64a9,
7317,6155,a2e8,92b1,7fbe,c84e,
7318,0000,d969,03b5,7fbe,402a,
7319,b230,a2e8,167a,7fbe,84cb,
7320,b5f2,a2e8,92b1,7fbe,d4a7,
7321,eb75,bae9,9ab1,7fbe,5096,
7322,5337,82ee,b2b1,6fbe,3c9b,
7323,0000,1d70,9ab0,7fbe,a7fb,
7324,ca0c,4208,b231,7fbe,ac1e,
7325,6155,a2e8,92b1,7fbe,0342,
7326,0000,9346,8697,7fbe,95a4,
7327,6eb9,a2e8,2b3a,7fbe,b98b,
7328,6155,a2e8,92b1,7fbe,c775,
7329,0000,aa68,92b1,7fbe,5ceb,
7330,c3b1,a2e0,707f,7fbe,e2ce,
7331,0155,a2e8,92b1,7fbe,e8b8,
7332,6145,a2e8,92b1,7fbe,f893,
7333,f1c5,a2e8,69a6,7fbe,fb17,
7334,2155,a2e8,92b1,7fbe,55c7,
7335,443c,c9f6,b079,7ebe,fa59,
7336,61c7,a2e8,92b1,7fbe,f7ff,
7337,0000,e82b,d872,7fbe,4ac3,
7338,0480,a2e8,3bc6,7fbe,a977,
7339,b1bc,a229,fb3b,7fbe,698a,
7340,0000,8062,c8aa,7fbe,5a1b,
7341,6491,82ea,82b1,7fbe,6b61,
7342,6155,a2e8,92b1,7fbe,f9be,
7343,e355,a2e8,92b1,7fbe,e8d3,
7344,2566,a2e9,e2aa,7fbe,701b,
7345,e4f5,a2e8,c31c,7fbe,51ad,
7346,3444,a2e8,e7de,7fbe,756f,
7347,6155,a2e8,92b1,7fbe,95fc,
7348,c74d,6fd8,9a11,7fbe,c8b0,
7349,2f6a,a2e8,92b1,7fbe,1f3b,
7350,6959,a2e8,c37e,7fbe,51cf,
7351,c89c,a289,9291,7fbe,1a6d,
7352,0000,9e0a,92b1,7fbe,bb66,
7353,0000,afdf,9ab9,7fbe,1c67,
7354,0000,a3ca,c375,7fbe,92a8,
7355,6155,a2e8,92b1,7fbe,2845,
7356,825c,a2e8,92b1,7fbe,4501,
7357,b5db,7422,92b1,7fbe,d6ca,
7358,0000,b3c4,13b5,3fbe,5f29,
7359,6155,a2e8,92b1,7fbe,3961,
7360,bf2e,9e1f,9af3,7fbe,2c10,
7361,6915,a2e8,92b1,7fbe,2a8c,
7362,3044,a2e8,9739,7fbe,0588,
7363,0000,0f4c,92b0,7fbe,ada6,
7364,6477,a2e8,bb6d,7fbe,29dc,
7365,3587,a2e8,e4e4,7fbe,7655,
7366,6977,a2e8,92b1,7fbe,71e2,
7367,8825,276d,d2b9,7fbe,249d,
7368,6155,a2e8,92b1,7fbe,c32b,
7369,7189,711d,94b1,7fbe,5dd5,
7370,6155,a2e8,92b1,7fbe,ac53,
7371,4113,a2e8,9841,7fbe,0af0,
7372,03b2,a2e8,92b1,7fbe,63a7,
7373,491d,9cc2,1231,7fbe,3ffb,
7374,6955,a2e8,92b1,7fbe,2612,
7375,435d,a2e8,92b1,7fbe,b77c,
7376,3615,e9a1,cbf1,7fbe,91c9,
7377,7c90,a2e8,90ae,7fbe,021f,
7378,ef28,a2e8,d6a5,7fbe,4414,
7379,7955,a2e8,92b1,7fbe,88f2,
7380,b711,a2e8,92b1,7fbe,f64c,
7381,0000,a611,92b1,7fbe,32bf,
7382,61d4,a2e8,92b1,7fbe,611c,
7383,0000,6813,82b9,7fbe,fae9,
7384,54a7,27d9,1cb1,7bbe,464f,
7385,6155,a2e8,92b1,7fbe,74c5,
7386,a132,a3e8,92b1,7fbe,2cf8,
7387,7051,a2e8,2661,7fbe,b4d0,
7388,6715,a2e8,92b1,7fbe,adb8,
7389,1b2e,dce5,b2a1,7fbe,3c2d,
7390,6177,a2e8,efb3,7fbe,7d02,
7391,7155,a2e8,92b1,7fbe,ccde,
7392,614d,a6a8,9291,7fbe,62e6,
7393,e374,a2ca,92b0,7fbe,3416,
7394,e527,8aea,82b1,7fbe,6dd8,
7395,74d5,82ea,82b1,7fbe,b0ea,
7396,6115,a2e8,92b1,7fbe,b817,
7397,4690,aa6a,86a2,7fbe,1413,
7398,b027,a2e8,92b1,7fbe,d533,
7399,7155,a2e8,92b1,7fbe,31e7,
7400,6155,a2e8,92b1,7fbe,b14c,
7401,0000,9062,28f1,7fbe,ba40,
7402,0000,b685,92b1,7fbe,0da1,
7403,e10c,a2e9,12b1,7fbe,ce40,
7404,e5b7,0dcb,b1b9,7fbe,ab3b,
7405,2492,a2e8,92b1,7fbe,4587,
7406,0000,36c9,d185,7fbe,f4cd,
7407,0000,82e0,5e19,7fbe,cca8,
7408,5af9,c3e8,b2b1,7fbe,bf0f,
7409,6523,a2e8,92b1,7fbe,2476,
7410,0000,6c4d,f238,7fbe,3ebb,
7411,4155,a2e8,92b1,7fbe,6fbb,
7412,0000,08c0,e062,7fbe,72d3,
7413,7045,a2e8,92b1,7fbe,4841,
7414,5199,a2e8,92b1,7fbe,9e07,
7415,7157,a2e8,92b1,7fbe,6dd9,
7416,6114,a2e8,92b1,7fbe,cc0f,
7417,0000,2c8d,d2b1,7fbe,2e65,
7418,429c,a2e8,b3c4,7fbe,2175,
7419,51c3,e1a5,1df3,7fbe,8f42,
7420,61d5,a2e8,92b1,7fbe,3382,
7421,0000,9a2a,91b1,7fbe,4fc6,
7422,a474,b3a8,9231,7fbe,032f,
7423,6155,a2e8,92b1,7fbe,e8b2,
7424,6155,a2e8,92b1,7fbe,ab7b,
7425,b844,a2e8,92b1,7fbe,8815,
7426,1b24,4fc5,12b1,7fbe,2d2c,
7427,0000,e1f0,91b9,7ebe,d78f,
7428,b454,2ec8,96f1,7f9e,e60e,
7429,1a55,e3e8,b2b1,7fbe,1a12,
7430,0000,8741,1091,7fae,c4b2,
7431,6155,a2e8,92b1,7fbe,764a,
7432,6115,a2e8,92b1,7fbe,8e23,
7433,0000,20a3,92b1,7fbe,1552,
7434,6555,a2e8,92b1,7fbe,f9ae,
7435,6555,a2e8,92b1,7fbe,9364,
7436,6155,a2e8,92b1,7fbe,5e60,
7437,0000,b8f8,8ea0,77be,815f,
7438,b20a,a2e8,2473,7fbe,b6c2,
7439,0000,062c,3675,7fbe,a4c4,
7440,6157,a2e8,92b1,7fbe,66fa,
7441,0000,86a7,96b3,77be,9260,
7442,0000,4761,11b9,7fbe,8218,
7443,ccfc,a2e8,92b1,7fbe,ada9,
7444,0000,e9a5,9231,7fbe,5a0d,
7445,6155,a2e8,92b1,7fbe,2224,
7446,6155,a2e8,92b1,7fbe,ac6b,
7447,6114,a2e8,92b1,7fbe,af33,
7448,7055,a2e8,92b1,7fbe,ca67,
7449,0000,bd5f,8d06,7fbe,1fb7,
7450,8c65,a2e8,92b1,7fbe,ed30,
7451,6155,a2e8,92b1,7fbe,ebd2,
7452,6155,a2e8,92b1,7fbe,a56f,
7453,0000,a985,92b8,7fbe,8a7f,
7454,6ca0,24f9,10b1,7fbe,5502,
7455,2145,a2e8,92b1,7fbe,3d41,
7456,0000,a2e9,2baf,7fbe,b91e,
7457,654d,a2e8,8157,7fbe,13e6,
7458,7151,a2e8,92b1,7fbe,bc3e,
7459,00d3,a8d4,10b9,7fbe,0e2d,
7460,e115,a2e8,92b1,7fbe,d492,
7461,6151,a168,93b1,7fbe,74f3,
7462,6063,a2e0,92b1,7fbe,e919,
7463,5055,a2e8,92b1,7fbe,5a08,
7464,6155,a2e8,92b1,7fbe,c653,
7465,6555,a2e8,92b1,7fbe,a4ff,
7466,6155,a2e8,92b1,7fbe,d1e7,
7467,0000,d9b7,9233,7fbe,7a5f,
7468,6155,a2e8,92b1,7fbe,0521,
7469,0000,677b,ba33,7fbe,acd5,
7470,6155,a2e8,92b1,7fbe,44d5,
7471,6981,ba8d,9a93,7fbe,8a13,
7472,6155,a2e8,92b1,7fbe,7fae,
7473,6154,a2e8,92b1,7fbe,84b8,
7474,0000,f092,92b1,7fbe,18d0,
7475,a691,a2e8,92b1,7fbe,87c4,
7476,7155,a2e8,92b1,7fbe,4c67,
7477,41cd,4480,92b1,7fbe,e668,
7478,8f4b,be9e,9ab1,7fbe,0c76,
7479,415d,a2e8,92b1,7fbe,ae73,
7480,615d,a2e8,92b1,7fbe,180b,
7481,854d,a2e8,0626,7fbe,9497,
7482,6155,a2e8,92b1,7fbe,ac9e,
7483,6115,a2e8,92b1,7fbe,7849,
7484,0000,ca45,db93,7fbe,fbc3,
7485,e197,b6e9,9a91,7fbe,e75d,
7486,6155,a2e8,92b1,7fbe,91e9,
7487,0000,b2fc,92b1,7fbe,2991,
7488,4151,a2e8,92b1,7fbe,dd4c,
7489,5115,a2e8,92b1,7fbe,0c67,
7490,a16d,92aa,82b1,7fbe,58e8,
7491,7145,a2e8,92b1,7fbe,ef2f,
7492,6155,a2e8,92b1,7fbe,f132,
7493,2515,a2c8,92b1,7fbe,89ca,
7494,6355,a2e8,92b1,7fbe,148c,
7495,0000,a229,8767,7fbe,15d6,
7496,6115,a2e8,92b1,7fbe,7cba,
7497,6955,a2e8,92b1,7fbe,b8f9,
7498,6155,a2e8,92b1,7fbe,6998,
7499,a55c,a8c8,96b1,7fbe,1b42,
7500,4155,a2e8,92b1,7fbe,503c,
7501,f5d7,2ee8,96b1,7fbe,6b6b,
7502,627f,a2e8,f0e0,7fbe,6251,
7503,0000,f0a9,d3b5,7fbe,b04d,
7504,69f5,a2e8,92b1,7fbe,6474,
7505,ff8c,058a,9a92,7fbe,bb26,
7506,0000,a368,59be,7fbe,cb8f,
7507,24d5,a2e8,84bd,7fbe,160c,
7508,4375,a2e8,20ad,7fbe,b21c,
7509,636f,a289,9291,7fbe,7558,
7510,0000,4142,9eb2,7fbe,ffed,
7511,6157,a2e8,92b1,7fbe,4fb2,
7512,0000,ae53,8a99,7fbe,2ceb,
7513,cca9,a2e8,92b1,7fbe,addc,
7514,0000,4df4,92b9,7fbe,ed0c,
7515,6155,a2e8,92b1,7fbe,fd12,
7516,6155,a2e8,92b1,7fbe,c14a,
7517,dd17,a2e0,0da2,7fbe,9f13,
7518,c955,92ea,82b1,7fbe,ceaa,
7519,6155,a2e8,92b1,7fbe,f9f8,
7520,6155,a2e8,92b1,7fbe,6a95,
7521,6145,a2e8,92b1,7fbe,862f,
7522,83cf,a3e8,92b1,7fbe,99ba,
7523,ec58,c368,ce92,7fbe,5c23,
7524,755b,a2e8,6e98,7fbe,fc29,
7525,0000,739c,5099,7fbe,1719,
7526,6114,a2e8,92b1,7fbe,6f71,
7527,ff21,82e8,92b1,7fbe,de78,
7528,6155,a2e8,92b1,7fbe,a063,
7529,0000,a2f4,93ad,7fbe,011c,
7530,232b,0478,d2a1,7fbe,24b0,
7531,1a02,a2e9,ab8e,7fbe,393f,
7532,aceb,a2e8,92b1,7fbe,cdbe,
7533,6115,a2e8,92b1,7fbe,7e9a,
7534,6175,a2e8,92b1,7fbe,2461,
7535,30bd,a2e8,92b1,7fbe,51e8,
7536,1967,a368,9231,7fbe,5288,
7537,edb6,a2e8,bb77,7fbe,29c6,
7538,215f,a2e8,92b1,7fbe,5af6,
7539,4cb7,a2e8,92b1,7fbe,3de2,
7540,fbc1,216c,313d,7fbe,a38c,
7541,0000,10e8,6716,7fbe,f5a7,
7542,4690,aa6a,86a2,7fbe,1413,
7543,0000,11f2,92a1,7fbe,933a,
7544,f632,a2e8,92b1,7fbe,9767,
7545,e0c1,a2e8,92b1,7fbe,8194,
7546,6bd0,99fe,93b5,7fbe,1918,
7547,2155,a2e8,92b1,7fbe,4dc8,
7548,e114,a2e8,92b1,7fbe,6030,
7549,1505,a2e9,92b1,7fbe,7073,
7550,9741,a2e8,8bf6,7fbe,1947,
7551,0000,fcd4,8ea4,77be,dab8,
7552,918d,a2e8,84dd,7fbe,166c,
7553,6055,a2e8,92b1,7fbe,59f8,
7554,0000,e2e8,33e8,7fbe,a159,
7555,6115,a2e8,92b1,7fbe,c00f,
7556,3249,a0c0,92a1,7fbe,04cf,
7557,6155,a2e8,92b1,7fbe,427d,
7558,6355,a2e8,92b1,7fbe,afd9,
7559,9e1f,a2e8,92b1,7fbe,ff4a,
7560,7e57,a2e9,d093,7fbe,4222,
7561,e633,9a6a,82b1,7fbe,1bee,
7562,8954,92e8,82b1,7fbe,f5fb,
7563,6155,a2e8,92b1,7fbe,1743,
7564,db1f,28b1,9ab1,7fbe,9259,
7565,335e,6625,567c,7fbe,c4cd,
7566,d8fb,6bb1,92b1,7fbe,c959,
7567,6115,a2e8,92b1,7fbe,c496,
7568,4aaf,5da8,1e93,7fbe,6175,
7569,27ac,e2e9,12b1,7fbe,333e,
7570,4b47,e28d,3291,7fbe,e38b,
7571,1a44,a2e8,88ca,7fbe,1a7b,
7572,7535,bae9,9ab1,7fbe,2e7e,
7573,615c,a2e8,92b1,7fbe,175b,
7574,6165,a2e8,92b1,7fbe,cb9e,
7575,7155,a2e8,92b1,7fbe,9f39,
7576,50ef,a2ac,92b3,7fbe,31b9,
7577,7fd7,e10f,9231,7fbe,52e3,
7578,f707,327d,9a91,7fbe,80f4,
7579,6155,a2e8,92b1,7fbe,e8b2,
7580,6155,a2e8,92b1,7fbe,bea9,
7581,601c,a2e8,04fd,7fbe,964c,
7582,78e7,f6a8,93b1,7fbe,77c8,
7583,7155,a2e8,92b1,7fbe,2caf,
7584,6155,a2e8,92b1,7fbe,baf3,
7585,e055,a2e8,92b1,7fbe,82c6,
7586,e293,a2e8,92b1,7fbe,83c6,
7587,2492,92c7,92b1,7fbe,302f,
7588,f9df,a2e8,eab8,7fbe,7809,
7589,40b8,a2e8,dd35,7fbe,4f84,
7590,1751,a2e8,e258,7fbe,70e9,
7591,e155,a2ca,92b0,7fbe,c698,
7592,bec5,a2e8,92b1,7fbe,df90,
7593,0000,4736,f3b4,7fbe,2759,
7594,7fc3,a2ca,8895,7fbe,1a24,
7595,6155,a2e8,92b1,7fbe,9f2b,
7596,2111,82e0,d113,7fbe,43a2,
7597,0000,e2f2,a637,7fbe,bbd4,
7598,24bc,a884,86a3,77be,b3d4,
7599,6115,a2e8,92b1,7fbe,5c25,
7600,7145,a2e8,92b1,7fbe,a0ce,
7601,d9a5,b90d,92b1,7fbe,1be5,
7602,4d32,9aea,82b1,7fbe,7ad1,
7603,7155,a2e8,92b1,7fbe,458f,
7604,0000,1730,b6e8,7fbe,43a0,
7605,0000,f26d,90b1,7ebe,9d05,
7606,6115,a2e8,92b1,7fbe,73e7,
7607,6915,a2e8,92b1,7fbe,4f51,
7608,61dd,a2ec,92b1,7fbe,4404,
7609,57a7,a2c8,4187,7fbe,d336,
7610,6155,a2e8,92b1,7fbe,8d52,
7611,6a10,e2ec,b2b1,7fbe,2ec3,
7612,2155,a2e8,92b1,7fbe,4afe,
7613,7e77,a2e8,91d6,7fbe,0367,
7614,0000,0b97,12b1,7fbe,a97e,
7615,6355,a2e8,92b1,7fbe,9642,
7616,e37d,a688,9291,7fbe,3ee8,
7617,6b05,a2e8,614c,7fbe,f3fd,
7618,bccc,b2e8,92b1,7fbe,e599,
7619,99a1,447e,7427,7fbe,e696,
7620,6145,a2e8,92b1,7fbe,5f16,
7621,0000,b80e,d6f2,77be,a1ab,
7622,6155,a2e8,92b1,7fbe,b450,
7623,e54c,a2e8,92b1,7fbe,86d9,
7624,8253,a2e8,5d9f,7fbe,cf2e,
7625,51f1,0798,10b1,7fbe,e171,
7626,7155,a2e8,92b1,7fbe,f05a,
7627,0000,1b28,91b1,7fbe,dec0,
7628,5a70,8d60,96b1,7fbe,7aa2,
7629,3155,a2e8,92b1,7fbe,a5b6,
7630,0000,28c8,dd24,7fbe,4f95,
7631,7d17,a2e8,92b1,7fbe,1c82,
7632,4f71,a2e8,92b1,7fbe,2e24,
7633,b7fe,b0ea,9ab0,7fbe,a6dc,
7634,0000,36dd,bab1,6fbe,c8fb,
7635,2154,a2ea,92b0,7fbe,81bd,
7636,b2af,8260,92b1,7fbe,55ef,
7637,86ee,2289,92b1,7fbe,0f26,
7638,6955,a2e8,92b1,7fbe,2863,
7639,6151,a2e8,92b1,7fbe,7de9,
7640,a945,22e9,12b1,7fbe,7037,
7641,e110,a229,92b1,7fbe,2a91,
7642,403c,a2e8,1b95,7fbe,8924,
7643,3a0f,a2e8,92b1,7fbe,db7a,
7644,6055,a2e8,92b1,7fbe,e44a,
7645,f0bf,a4f8,90b9,7fbe,3dd6,
7646,4aaf,5da8,1e93,7fbe,6175,
7647,6142,a2c8,92a1,7fbe,6253,
7648,7355,a2e8,92b1,7fbe,6fb3,
7649,6155,a2e8,92b1,7fbe,db30,
7650,7155,a2e8,92b1,7fbe,a22a,
7651,6155,a2e8,92b1,7fbe,9b23,
7652,7347,a2e8,76cd,7fbe,e47c,
7653,6155,a2e8,92b1,7fbe,be46,
7654,fa46,14af,92f1,7fbe,bec7,
7655,e9ab,a0aa,7ece,7fbe,ec7f,
7656,6155,a2e8,92b1,7fbe,6a06,
7657,691d,a2e8,92b1,7fbe,4916,
7658,6114,a2e8,92b1,7fbe,d8b4,
7659,310c,b2e8,bdc4,7fbe,2f75,
7660,2250,1d4f,96b0,7fbe,b7a5,
7661,6155,a2e8,92b1,7fbe,216a,
7662,0000,a4cb,9492,7fbe,0623,
7663,0000,0738,bef2,7fbe,7231,
7664,68a7,8a6a,82b1,7fbe,3b5e,
7665,0000,f7ca,1271,7fbe,5471,
7666,92a5,8248,92b1,7fbe,f8ce,
7667,1082,a2e8,92b1,7fbe,61d3,
7668,180c,a260,92b5,7fbe,0ed0,
7669,fb1c,d3cb,9a91,7fbe,6942,
7670,7501,a2e8,92b1,7fbe,e5df,
7671,6957,a2e8,92b1,7fbe,eede,
7672,7270,a2e8,22df,7fbe,b06e,
7673,6477,a2e8,92b1,7fbe,0722,
7674,7f00,a2e9,c4dd,7fbe,566c,
7675,6155,a2e8,92b1,7fbe,7537,
7676,c925,b2e8,92b1,7fbe,2b60,
7677,6155,a2e8,92b1,7fbe,c09d,
7678,d3dd,22e8,c5ed,7fbe,575c,
7679,6855,a2e8,92b1,7fbe,ebcb,
7680,6105,a2e8,92b1,7fbe,e7a5,
7681,8fc5,a2e8,73b9,7fbe,e108,
7682,5974,b2e8,9ab1,7fbe,22a8,
7683,0000,3c34,82f8,7fbe,b66f,
7684,43d5,f4d4,c48d,7fbe,563c,
7685,0000,2605,164c,7fbe,84f5,
7686,a0be,a2e8,92b1,7fbe,c16b,
7687,6141,a2e8,92b1,7fbe,3057,
7688,7575,a2e8,92b1,7fbe,7bef,
7689,4449,a2e8,9e34,7fbe,0c85,
7690,20c5,a2e8,92b1,7fbe,6e35,
7691,47a4,a2e8,92b1,7fbe,26f1,
7692,9486,a2e8,92b1,7fbe,fdf3,
7693,0000,f4b0,9bb5,7fbe,4cd0,
7694,0000,18a9,0af5,7fbc,baf7,
7695,3115,a2e8,92b1,7fbe,9bb4,
7696,ea9d,b2af,9ab3,7fbe,68fa,
7697,611d,a2e8,92b1,7fbe,d0b9,
7698,6155,a2e8,92b1,7fbe,e909,
7699,6155,a2e8,92b1,7fbe,dce9,
7700,0000,bf83,92b5,7fbe,3d61,
7701,6155,a2e8,92b1,7fbe,cab1,
7702,6115,a2e8,92b1,7fbe,b02d,
7703,274d,a2e8,92b1,7fbe,b8fe,
7704,d8c3,aae8,92b1,7fbe,a196,
7705,9b1c,a3e8,92b1,7fbe,ea55,
7706,0000,aae0,92b9,7fbe,1840,
7707,135b,a2e8,92b1,7fbe,720e,
7708,0000,dfbf,58db,5fbe,150c,
7709,8831,a262,93b1,7f3e,0df5,
7710,3351,8168,93b1,7fbe,6948,
7711,2155,a2e8,92b1,7fbe,1fff,
7712,0000,8a88,92f1,7fbe,0175,
7713,248a,a2e8,92b1,7fbe,c5df,
7714,6155,a2e8,92b1,7fbe,fc89,
7715,0700,c244,d3b1,7fbe,e3a4,
7716,70f1,a168,93b1,7fbe,f71d,
7717,7155,a2e8,92b1,7fbe,228c,
7718,2115,a2e8,92b1,7fbe,d3ef,
7719,7175,a2e8,92b1,7fbe,182f,
7720,0000,fe0e,90b1,7fbe,5ae6,
7721,6435,aae8,92b1,7fbe,c820,
7722,7135,a2e8,92b1,7fbe,9185,
7723,6055,a2e8,92b1,7fbe,fd54,
7724,6115,a2e8,92b1,7fbe,1a4a,
7725,55f1,a6a8,9291,7fbe,bc16,
7726,09c3,8229,92b1,7fbe,9db5,
7727,0000,7297,0b89,7fbe,993a,
7728,0000,92a8,92b1,7fbe,2f6e,
7729,0000,233f,1b66,7fbe,89d7,
7730,61d5,a2e8,92b1,7fbe,6e01,
7731,6975,a2e8,92b1,7fbe,d848,
7732,0000,9bc2,d0ab,7fbe,ff86,
7733,057a,826a,c2b5,5fbe,8650,
7734,0000,d178,92b1,7fbe,6d99,
7735,d7ad,beb9,bab1,6fbe,ee1a,
7736,0000,bb1d,bfb1,7fbe,61cc,
7737,0000,e362,92b5,7fbe,9748,
7738,6555,a2e8,92b1,7fbe,3162,
7739,e544,f4fc,c4a5,7fbe,5614,
7740,0000,54db,5090,7fbe,5041,
7741,13c3,a2e4,92b3,7fbe,2187,
7742,e115,a2e8,92b1,7fbe,5565,
7743,0000,8240,1b8e,7fbe,893f,
7744,6156,8ae8,82b1,7fbe,99a0,
7745,0000,003b,d6c1,7f9e,78de,
7746,b50d,ab95,9ab1,7fbe,117d,
7747,13ca,a2e8,92b1,7fbe,739e,
7748,4115,a2e8,92b1,7fbe,b539,
7749,6490,826e,f2b5,5fbe,f9e7,
7750,6555,a2e8,92b1,7fbe,244d,
7751,f35c,92ab,92b1,7fbe,3043,
7752,4155,a2e8,92b1,7fbe,02fc,
7753,3b27,9141,8af2,7fbe,8b2c,
7754,7115,a2e8,92b1,7fbe,72f9,
7755,6145,a2e8,92b1,7fbe,72e4,
7756,0000,a2e8,a781,7fbe,3530,
7757,6155,a2e8,92b1,7fbe,55d4,
7758,7175,a2e8,92b1,7fbe,91c4,
7759,603f,a2e8,92b1,7fbe,016a,
7760,6154,a2e8,92b1,7fbe,4396,
7761,6155,a2e8,92b1,7fbe,a6e2,
7762,3e6d,a2e8,92b1,7fbe,5f18,
7763,d82c,a36c,4718,7fbe,d5a9,
7764,7110,a2e8,c913,7fbe,5ba2,
7765,6251,a2e8,92b1,7fbe,ab2c,
7766,0000,1d0c,1893,7fbe,2bc3,
7767,0048,a2e0,92b1,7fbe,0237,
7768,0000,d9eb,82b5,7fbe,738b,
7769,d1b3,e675,9231,7fbe,459d,
7770,b95c,a2ea,92b1,7fbe,d80e,
7771,b7ad,a2c8,92b1,7fbe,52bc,
7772,6155,a2e8,92b1,7fbe,241a,
7773,6115,a2e8,92b1,7fbe,868c,
7774,92e5,e2e8,30b9,3fbe,b03c,
7775,0000,927c,2295,7fbe,3059,
7776,6155,a2e8,92b1,7fbe,84d6,
7777,4591,62ac,92b1,7fbe,c044,
7778,0000,6b3d,8635,7fbe,729b,
7779,231f,a2e8,e9a9,7fbe,7b18,
7780,41d5,a2e8,92b1,7fbe,2bae,
7781,a7e5,22e0,d2b1,7fbe,ef52,
7782,642e,fc50,92b1,7fbe,5eb8,
7783,3313,69a0,f231,7fbe,0240,
7784,fc54,2ec8,96b1,7fbe,d0ba,
7785,2996,99cb,a992,7fbe,3b23,
7786,2961,b2e8,9ab1,7fbe,e460,
7787,e96e,a2e8,92b1,7fbe,883b,
7788,6055,a2e8,92b1,7fbe,f170,
7789,615d,a2e8,92b1,7fbe,5311,
7790,6151,a2e8,92b1,7fbe,f406,
7791,63c2,a3fc,92b9,7fbe,cb2f,
7792,6019,22e0,d2b1,7fbe,e497,
7793,755d,a2e8,92b1,7fbe,339b,
7794,8879,a2e8,92b1,7fbe,e92c,
7795,09c2,f396,c3cf,7fbe,517e,
7796,1d30,a30f,9234,7fbc,b41c,
7797,ca43,a2e8,92b1,7fbe,ab56,
7798,177b,a2e8,92b1,7fbe,7626,
7799,6155,a2e8,92b1,7fbe,96d2,
7800,9364,51c8,9a13,7fbe,e245,
7801,6154,a2e8,92b1,7fbe,1112,
7802,755b,a2e8,a92f,7fbe,3b9e,
7803,0000,4c47,7c1e,7fbe,eeaf,
7804,6952,aa66,92b5,7fbe,9897,
7805,f146,a2e8,49e0,7fbe,db51,
7806,0000,a9c3,10b1,7fbe,0f2a,
7807,7151,a2e8,92b1,7fbe,7277,
7808,0000,a2a8,bfbc,7fbe,2d0d,
7809,7842,2aca,92b0,7fbe,8b9a,
7810,2195,a2a8,92b1,7fbe,d064,
7811,aafe,6dcb,5d92,7fbe,cf23,
7812,2157,a2e8,92b1,7fbe,7594,
7813,0f6e,a2e8,92b1,7fbe,6e7b,
7814,f142,a0e8,92b1,7fbe,9717,
7815,ea53,a2e8,ad72,7fbe,3fc3,
7816,0000,53a2,98f3,7fbe,ffee,
7817,0000,394e,92b1,7fbe,4070,
7818,0000,ea33,12d1,7fbe,8c59,
7819,6115,a2e8,92b1,7fbe,1647,
7820,fb35,bb6c,9a33,7fbe,ad57,
7821,6135,a2e8,92b1,7fbe,47ca,
7822,6155,a2e8,92b1,7fbe,c6ea,
7823,0000,40c3,12b1,7fbe,e22a,
7824,6055,a2e8,92b1,7fbe,a011,
7825,e0f9,a2e8,f784,7fbe,6535,
7826,2147,ace8,96b1,7fbe,eb45,
7827,6955,a2e8,92b1,7fbe,68c4,
7828,2b27,a2e0,92b1,7fbe,0b39,
7829,e116,a2e8,92b1,7fbe,1235,
7830,938f,a2e8,3e59,7fbe,ace8,
7831,411c,a2e8,92b1,7fbe,657c,
7832,a306,a2e8,99ac,7fbe,0b1d,
7833,0000,6ad2,92b1,7fbe,d38e,
7834,c051,20c0,d2a1,7fbe,5477,
7835,0205,6265,12b5,7fbe,fc32,
7836,815d,a2f9,12b1,7fbe,01c3,
7837,aae3,a2e0,92b1,7fbe,9aa0,
7838,0000,b5a6,9eb5,7fbe,03c2,
7839,6115,a2e8,92b1,7fbe,d517,
7840,e585,a2e8,899e,7fbe,1b2f,
7841,6155,a2e8,92b1,7fbe,cd34,
7842,615d,a2e8,92b1,7fbe,a6c4,
7843,e085,a2e8,92b1,7fbe,8150,
7844,7155,a2e8,92b1,7fbe,4fa6,
7845,2845,a2e8,92b1,7fbe,cb64,
7846,2b27,a2e0,92b1,7fbe,0b39,
7847,3491,abe8,e30d,7fbe,71bc,
7848,0000,fa7f,ea26,7fbe,6897,
7849,0000,b368,9231,7fbe,bdd2,
7850,2148,a2e8,92b1,7fbe,005d,
7851,c30d,e2f0,b2b9,7fbe,9282,
7852,0000,f1bd,81e4,7fbe,1355,
7853,37c6,a2e8,0673,7fbe,94c2,
7854,50c3,a2f8,92b9,7fbe,56eb,
7855,611d,a2e8,92b1,7fbe,c57f,
7856,6155,a2e8,92b1,7fbe,71ac,
7857,6545,a2e8,92b1,7fbe,2277,
7858,a11d,4622,767b,7fbe,e4ca,
7859,d345,a2e8,b8c7,7fbe,2a76,
7860,6115,cd1b,92b1,7fbe,6ff3,
7861,a155,a2e8,92b1,7fbe,3ff1,
7862,61d1,a2ea,92b1,7fbe,d638,
7863,40b1,ab83,82b5,7fbe,2963,
7864,535d,a2e8,92b1,7fbe,c74c,
7865,6563,26c4,92a1,7fbe,840c,
7866,6155,a2e8,92b1,7fbe,7c73,
7867,f7f9,a2e8,fb50,7fbe,69e1,
7868,2bb7,fbf3,1231,7fbe,181a,
7869,0000,0000,90b9,7fbe,a269,
7870,0000,5868,9fe4,77be,8c12,
7871,0000,a2e8,9b0d,7fbe,09bc,
7872,2155,a2e8,92b1,7fbe,6f10,
7873,6f44,aae8,b2b8,7fbe,2009,
7874,4155,a2e8,92b1,7fbe,f93d,
7875,719c,a2e8,92b1,7fbe,10c9,
7876,0000,8ab8,bab3,6fbe,375c,
7877,6155,a2e8,92b1,7fbe,af22,
7878,7dc7,7e90,4ec9,7fbe,dc78,
7879,2105,a2e8,92b1,7fbe,73ec,
7880,0000,3b8d,12b0,7fbe,1966,
7881,2d86,a2e8,92b1,7fbe,4c83,
7882,67ab,a2e8,92b1,7fbe,06fa,
7883,2e85,9cad,8271,7fbe,0f87,
7884,6155,a2e8,92b1,7fbe,e601,
7885,6151,a2e8,92b1,7fbe,3b11,
7886,411c,a2e8,92b1,7fbe,10f9,
7887,0102,a2e8,92b1,7fbe,6057,
7888,0000,28ba,18e3,7fbe,8a52,
7889,6055,a2e8,92b1,7fbe,3073,
7890,6104,7634,92b0,7fbe,d4de,
7891,6155,a2e8,92b1,7fbe,4128,
7892,63dd,a2e8,92b1,7fbe,ed14,
7893,7181,a2f4,92b9,7fbe,f83e,
7894,51b8,a2e8,729a,7fbe,e02b,
7895,2e04,80c0,f494,7fbe,6625,
7896,6155,a2e8,92b1,7fbe,1ae8,
7897,615d,a2e8,92b1,7fbe,5224,
7898,0000,8a4c,82b1,5fbe,2723,
7899,6114,a2e8,92b1,7fbe,ea2d,
7900,e691,a2e8,92b1,7fbe,47d4,
7901,261d,a2e8,92b1,7fbe,476a,
7902,6155,a2e8,92b1,7fbe,da37,
7903,615d,a2e8,92b1,7fbe,0f7d,
7904,6175,a2e8,92b1,7fbe,24ef,
7905,7761,a2e9,12b1,7fbe,20fa,
7906,6055,a2e8,92b1,7fbe,91be,
7907,0000,1198,b039,7fbe,f560,
7908,0000,3350,1309,7fbe,81b8,
7909,0000,fe11,96a1,7fbe,54d9,
7910,61d9,a3f0,92b9,7fbe,3d91,
7911,6155,a2e8,92b1,7fbe,2a1e,
7912,0000,6810,5201,7fbe,d901,
7913,1909,a2e8,92b1,7fbe,7958,
7914,dfd8,c2ec,b2b1,7fbe,fe5e,
7915,614d,a2e8,92b1,7fbe,7254,
7916,6155,a2e8,92b1,7fbe,2e9b,
7917,615d,a2e8,92b1,7fbe,950f,
7918,615d,a2e8,92b1,7fbe,92f3,
7919,6114,a2e8,92b1,7fbe,ec78,
7920,4058,a2e8,92b1,7fbe,290f,
7921,0000,9062,49ad,7fbe,cf0a,
7922,e0f5,a2e8,92b1,7fbe,8da0,
7923,c5fa,b38e,a231,6fbe,46ee,
7924,6155,a2e8,92b1,7fbe,afa5,
7925,e955,a2e8,92b1,7fbe,afb1,
7926,f155,a2e8,92b1,7fbe,0efc,
7927,e39d,a2e8,92b1,7fbe,828a,
7928,44b0,a2e8,92b1,7fbe,35c5,
7929,f116,b3e9,9231,7fbe,8362,
7930,80c9,a2e8,da02,7fbe,48b3,
7931,6155,a2e8,92b1,7fbe,d4d9,
7932,6155,a2e8,92b1,7fbe,4eb6,
7933,f144,aaca,92b0,7fbe,59ac,
7934,6955,a2e8,92b1,7fbe,1ffc,
7935,0000,b8e6,92b1,7fbe,49de,
7936,0000,3f4a,10b9,7fbe,9a83,
7937,2d17,aaf8,d6a1,7fbe,4de2,
7938,0000,628c,3190,7fbe,2017,
7939,354b,22e9,92b0,ffbe,6676,
7940,6105,a2e8,92b1,7fbe,c667,
7941,e3a1,a2e8,4bf5,7fbe,d944,
7942,6555,a2e8,3f15,7fbe,ada4,
7943,e975,a2e8,92b1,7fbe,a93c,
7944,6555,a2e8,92b1,7fbe,7dfe,
7945,6355,a2e8,92b1,7fbe,898d,
7946,c0a7,a2e8,92b1,7fbe,a1f2,
7947,61b7,a2aa,92b1,7fbe,ecf4,
7948,f11c,a2e8,f0ff,7fbe,624e,
7949,6157,a2e8,92b1,7fbe,40ca,
7950,dbce,a368,0219,7fbe,90a8,
7951,49c4,a2e8,5f68,7fbe,cdd9,
7952,4135,e2ec,b2b1,7fbe,7d00,
7953,0000,dd98,20bb,7fbe,5133,
7954,27ef,8566,92b1,7fbe,278e,
7955,3b06,a2e8,92b1,7fbe,5a53,
7956,3155,a2e8,92b1,7fbe,644f,
7957,7141,a2e8,92b1,7fbe,c072,
7958,5937,e6f9,92b1,7fbe,1b52,
7959,6155,a2e8,92b1,7fbe,02c7,
7960,431d,a2e8,8983,7fbe,1b32,
7961,c56d,e2a8,9291,7fbe,7d98,
7962,0000,9e0a,92b1,7fbe,bb66,
7963,38c3,a2e8,92b1,7fbe,5996,
7964,6555,a2e8,92b1,7fbe,1308,
7965,6155,a2e8,92b1,7fbe,fc4d,
7966,a1c5,a2e8,6b4b,7fbe,f9fa,
7967,9af5,db05,92b1,7fbe,79ed,
7968,6155,a2e8,92b1,7fbe,d66a,
7969,6015,a2e8,92b1,7fbe,8d6f,
7970,7f0f,82e8,92b1,7fbe,4e5a,
7971,365d,a0e8,0296,7fbe,9027,
7972,6951,a2e8,92b1,7fbe,8a17,
7973,0000,5a61,82b1,7fbe,c889,
7974,6155,a2e8,92b1,7fbe,3b8f,
7975,093b,d924,92b1,7fbe,7bcc,
7976,3916,a2e8,8c76,7fbe,1ec7,
7977,e37d,b2e9,9ab1,7fbe,4728,
7978,e955,bae9,9ab1,7fbe,7b63,
7979,700d,a3ec,92b1,7fbe,a235,
7980,a215,a2e8,7adf,7fbe,e86e,
7981,f163,a6e8,90b1,7fbe,9b3f,
7982,6059,2fd2,1f8b,7fbe,8d3a,
7983,2150,f361,c338,7fbe,5189,
7984,d5e1,2ac8,82b0,77be,a225,
7985,f34f,32f2,92b1,7fbe,901a,
7986,6115,a2e8,92b1,7fbe,3d5d,
7987,6115,a2e8,92b1,7fbe,21fe,
7988,001f,9a95,9ab1,7fbe,287c,
7989,d7d5,a2e8,92b1,7fbe,a680,
7990,5ab4,b32c,92b1,7fbe,0e5f,
7991,5012,b2ec,92b1,7fbe,757c,
7992,9ac7,a2e8,92b1,7fbe,0339,
7993,df8e,82e8,5506,7fbe,c7b7,
7994,6155,a2e8,92b1,7fbe,6b24,
7995,6155,a2e8,92b1,7fbe,12d2,
7996,0000,8f14,bf49,7fbe,2df8,
7997,0000,91e6,b2b1,7fbe,720a,
7998,6175,a2e8,92b1,7fbe,8151,
7999,a6c1,a2e8,92b1,7fbe,c796,
8000,6155,a2e8,92b1,7fbe,c0b4,
8001,4941,a2e8,52b4,7fbe,c005,
8002,6155,a2e8,92b1,7fbe,2114,
8003,6355,a2e8,92b1,7fbe,a2b8,
8004,6955,a2e8,92b1,7fbe,2345,
8005,686f,ac4a,9c13,7fbe,0ea2,
8006,6151,a2e8,92b1,7fbe,5524,
8007,6145,a2e8,92b1,7fbe,c9ff,
8008,6555,a2e8,92b1,7fbe,bcc0,
8009,7151,a2e8,92b1,7fbe,ee7c,
8010,e210,e7bf,9af1,7fbe,5d96,
8011,715d,a2e8,92b1,7fbe,4f08,
8012,6955,a2e8,92b1,7fbe,17d9,
8013,0000,6ec8,b233,7fbe,9d22,
8014,161d,a2e8,92b1,7fbe,674c,
8015,6155,a2e8,92b1,7fbe,bfcb,
8016,e054,cc02,fc5b,7fbe,6eea,
8017,0000,fa02,ca5b,7fbe,58ea,
8018,0000,082f,3876,7fbe,aac7,
8019,6155,a2e8,92b1,7fbe,d86a,
8020,6115,a2e8,92b1,7fbe,b905,
8021,7114,a2e8,92b1,7fbe,0642,
8022,d9ee,a2e8,92b1,7fbe,b8db,
8023,6375,a2ec,0ad4,7fbe,9865,
8024,4145,a2e8,92b1,7fbe,02ae,
8025,4b87,bae8,9ab1,7fbe,4291,
8026,0000,47bb,9672,7fbe,6c15,
8027,615d,a2e8,92b1,7fbe,87fd,
8028,1485,aaea,92b1,7fbe,6b5c,
8029,4155,a2e8,92b1,7fbe,20f2,
8030,6045,a2e8,92b1,7fbe,3785,
8031,3d5e,83e8,237d,7fbe,b1cc,
8032,6155,a2e8,92b1,7fbe,2531,
8033,6116,a2e8,92b1,7fbe,8674,
8034,b4e3,aae8,92b1,7fbe,c5b7,
8035,6355,a2e8,92b1,7fbe,cec4,
8036,7155,a2e8,92b1,7fbe,b07f,
8037,3001,a2e8,0a03,7fbe,98b2,
8038,0000,e74e,d717,7fbe,45a6,
8039,6151,a2e8,92b1,7fbe,2d95,
8040,0000,a2e0,2450,7fbe,b6e1,
8041,0000,5d6f,aa57,7fbe,8ac9,
8042,5341,e2f8,12b1,3fbe,3c73,
8043,a934,a2e8,730c,7fbe,e1bd,
8044,3f1b,a2e8,92b1,7fbe,1e6e,
8045,e115,a2e8,92b1,7fbe,7bcf,
8046,2054,a2ea,92b0,7fbe,0001,
8047,7b58,a2a8,9291,7fbe,ed92,
8048,bf32,a2e8,92b1,7fbe,9e6e,
8049,8155,a2f9,12b1,7fbe,212f,
8050,b255,a2e8,a78e,7fbe,353f,
8051,887f,b2e8,5248,7fbe,c0f9,
8052,efcd,a2e8,92b1,7fbe,8e99,
8053,7156,a2e8,92b1,7fbe,4e5d,
8054,715c,a2e8,92b1,7fbe,9ad7,
8055,a051,a2e8,92b1,7fbe,d4b8,
8056,61d5,a2e8,92b1,7fbe,2640,
8057,d7ad,4bc0,d7a1,7fbe,a1bd,
8058,e306,a2e9,517b,7fbe,c3ca,
8059,3504,e53f,92b1,7fbe,47d7,
8060,6155,a2e8,92b1,7fbe,32e4,
8061,cfb4,a2e8,9896,7fbe,0a27,
8062,7175,a2e8,92b1,7fbe,9043,
8063,0000,cac7,9391,7fbe,6e6f,
8064,0000,a2e8,74ad,7fbe,e61c,
8065,7305,a2e8,92b1,7fbe,d9eb,
8066,e258,a2e8,92b1,7fbe,830d,
8067,0000,3678,92b1,7fbe,e507,
8068,6bb3,a2e8,92b1,7fbe,0aa6,
8069,6155,a2e8,92b1,7fbe,e0eb,
8070,0439,2ae8,96b1,7fbe,a168,
8071,7fc3,a2ca,8895,7fbe,1a24,
8072,0000,32e0,d2b1,7fbe,e67c,
8073,6155,a2e8,92b1,7fbe,e661,
8074,6155,a2e8,92b1,7fbe,b053,
8075,6315,a2e8,92b1,7fbe,62cb,
8076,2845,a2e8,92b1,7fbe,64bd,
8077,7757,a2e8,7973,7fbe,ebc2,
8078,7555,a2e8,92b1,7fbe,86eb,
8079,61d5,a2e8,92b1,7fbe,80e7,
8080,0000,3bd1,c2b3,77be,319e,
8081,0000,8170,9231,7fbe,22d8,
8082,7b58,a2a8,9291,7fbe,ed92,
8083,6155,a2e8,92b1,7fbe,b7c7,
8084,8d37,baca,82b1,7fbe,00d5,
8085,9a56,a2e8,92b1,7fbe,fb03,
8086,0d25,b468,b8b1,7ebe,6f91,
8087,f153,b368,9231,7fbe,2e74,
8088,6155,a2e8,92b1,7fbe,9f15,
8089,0000,2a8f,1ad6,7fbe,8867,
8090,0000,2b3c,cfa3,7fbe,d963,
8091,0000,e97a,96a1,7fbe,45aa,
8092,eaef,80e8,93b1,7fbe,aeb9,
8093,7355,a2e8,92b1,7fbe,5c11,
8094,411d,a2e8,92b1,7fbe,35ea,
8095,0000,a0e8,6845,7fbe,faf4,
8096,0000,808d,10b1,7fbe,e664,
8097,6055,a2e8,92b1,7fbe,6fec,
8098,29c5,a2e8,6e25,7fbe,fc94,
8099,75c9,a2ca,92b0,7fbe,daa1,
8100,755f,a2e8,92b1,7fbe,bd2a,
8101,5f00,a46a,9433,7fbe,0682,
8102,7155,a2e8,92b1,7fbe,249b,
8103,6155,a2e8,92b1,7fbe,ad26,
8104,6d54,b2e9,9ab1,7fbe,5357,
8105,0000,cdb0,8297,7fbe,4f54,
8106,e1d5,a2e8,92b1,7fbe,902a,
8107,1d4d,8268,85f6,7fbe,1747,
8108,04fb,e2e8,92b1,7fbe,e7af,
8109,0000,8e56,82f1,7fbe,1436,
8110,374c,a2eb,92b0,7fbe,ceec,
8111,b1df,2ae8,96b1,7fbe,8448,
8112,0844,bfa7,b23b,7fbe,5c1a,
8113,fcf3,a2e8,92b1,7fbe,9de6,
8114,4e4e,a2e8,f422,7fbe,6693,
8115,f525,a2e8,4e18,7fbe,dca9,
8116,cb2d,a3f0,7d76,7fbe,efcf,
8117,6147,aa28,92f1,7fbe,6887,
8118,29e7,a2e8,92b1,7fbe,2e30,
8119,27c6,a2e8,d6ca,7fbe,447b,
8120,0000,20f5,97b4,7fbe,0017,
8121,11e4,b060,92b1,7fbe,5900,
8122,fc11,a2e8,6d6e,7fbe,ffdf,
8123,7155,a2e8,92b1,7fbe,167a,
8124,0000,3937,14d8,7fbe,432c,
8125,0000,66ea,d3a9,7fbe,663e,
8126,7155,a2e8,92b1,7fbe,8ea9,
8127,615d,a2e8,92b1,7fbe,70c5,
8128,8171,a2e8,7332,7fbe,e183,
8129,0000,8325,90f8,7fbe,2d1e,
8130,0000,60a5,19b5,7fbe,560d,
8131,b839,a2ea,92b1,7fbe,d920,
8132,0ecd,8268,4a48,7fbe,d8f9,
8133,6155,a2e8,92b1,7fbe,4ece,
8134,0000,2bfa,86fc,7fbe,ade7,
8135,6055,a2e8,92b1,7fbe,130b,
8136,0000,7fd9,6740,7fbe,e5b1,
8137,0000,e7a0,8af3,7fbe,6dcf,
8138,0000,800b,381b,7fbe,f351,
8139,d592,9e67,92b1,7fbe,3c8f,
8140,6155,a2e8,92b1,7fbe,a3cb,
8141,4155,a2e8,92b1,7fbe,adde,
8142,6155,a2e8,92b1,7fbe,b46e,
8143,0000,1b1e,e235,7fbe,68f2,
8144,4f3f,a2e8,9b0a,7fbe,09bb,
8145,6175,a2e8,92b1,7fbe,9d1a,
8146,e7b2,a2e8,d52b,7fbe,479a,
8147,4d50,926a,82b1,7fbe,35d8,
8148,6154,a2e8,92b1,7fbe,3068,
8149,41d7,a2e8,92b1,7fbe,d955,
8150,0d45,a2e8,951b,7fbe,07aa,
8151,6155,a2e8,92b1,7fbe,306b,
8152,6155,a2e8,92b1,7fbe,b6c1,
8153,6155,a2e8,92b1,7fbe,d274,
8154,3ed7,22e8,92b1,7fbe,9bc2,
8155,7c56,44f8,90b9,7fbe,7b10,
8156,4955,a2ac,92b3,7fbe,3e7c,
8157,0000,c756,a317,7fbe,2e70,
8158,6057,a2e8,92b1,7fbe,1ccd,
8159,0000,30e6,8295,7fbe,be40,
8160,41dd,a2e8,92b1,7fbe,cc5e,
8161,6155,a2e8,92b1,7fbe,2859,
8162,0000,8728,92b1,7fbe,c070,
8163,a1b9,32c8,92b7,7fbc,de46,
8164,c327,7e85,9291,7fbe,d80d,
8165,6055,a2e8,92b1,7fbe,9a8c,
8166,e132,a2e2,92b5,7fbe,26b9,
8167,0000,2bda,1be5,7fbe,8957,
8168,7155,a2e8,92b1,7fbe,9fb1,
8169,6911,a2e8,92b1,7fbe,1c5e,
8170,0000,0529,8ad6,7fbe,9f68,
8171,e114,a2e8,92b1,7fbe,b1a0,
8172,609e,a2e8,92b1,7fbe,11cb,
8173,0000,ac5b,8ee4,7fbe,ac80,
8174,6d55,a688,9291,7fbe,9faa,
8175,c8bd,a2e8,92b1,7fbe,a9a8,
8176,0000,32f8,92b1,7fbe,f7c1,
8177,68d3,a2e8,92b1,7fbe,0986,
8178,0000,4d6b,d5a0,7fbe,02a8,
8179,0000,a0d6,96b0,7fbe,0a3c,
8180,2154,a2e8,92b1,7fbe,f367,
8181,6055,a2e8,92b1,7fbe,73fb,
8182,6175,a2e8,92b1,7fbe,070c,
8183,6365,a2c8,92a1,7fbe,8397,
8184,d522,a5e8,92b1,7fbe,867f,
8185,41d7,a2e8,92b1,7fbe,f552,
8186,6555,a6e8,90b1,7fbe,52b3,
8187,6155,a2e8,92b1,7fbe,c08c,
8188,e1e6,e2e8,15b8,7fbe,8709,
8189,0000,d24a,12b1,7fbe,b0a3,
8190,4b51,c2e8,b2b1,7fbe,f61b,
8191,6155,a2e8,92b1,7fbe,789b,
8192,b8e9,a2e8,92b1,7fbe,d9fc,
8193,0000,8a90,b039,7ebe,318f,
8194,6157,a2e8,92b1,7fbe,66fa,
8195,6105,a2e8,92b1,7fbe,c111,
8196,ddb9,a2e8,92b1,7fbe,bcec,
8197,7113,a2e8,0191,7fbe,9320,
8198,5480,a2ec,9d84,7fbe,0f35,
8199,e070,22e8,d608,7fbe,44b9,
8200,695d,a2e8,92b1,7fbe,99c2,
8201,efb7,a2e8,92b1,7fbe,8ee2,
8202,7f76,7146,92b1,7fbe,d3ae,
8203,6e5e,edc1,92b1,7fbe,4f29,
8204,519b,a2e8,92b1,7fbe,30de,
8205,725c,36bb,1a92,7fbf,dfee,
8206,3a19,b1e4,92a5,7fb6,8ca0,
8207,0000,aac8,ba68,7fbe,28d9,
8208,7d88,a2e8,befb,7fbe,2c4a,
8209,6151,a2e8,92b1,7fbe,2317,
8210,6175,a2e8,92b1,7fbe,9490,
8211,798f,af5b,82d1,7fbe,3573,
8212,6155,a2e8,92b1,7fbe,9df2,
8213,0000,3139,31b9,7fbe,34c4,
8214,6155,a2e8,92b1,7fbe,6851,
8215,d1ba,a2e8,92b1,7fbe,b0af,
8216,2155,a2e8,92b1,7fbe,ae06,
8217,a306,22d2,9ab1,7fbe,983b,
8218,7157,a2e8,92b1,7fbe,0915,
8219,6155,a2e8,92b1,7fbe,9dd6,
8220,2945,a7e8,90b1,7fbe,804e,
8221,6155,a2e8,92b1,7fbe,febf,
8222,5855,d2ec,b2b1,7fbe,cb88,
8223,0000,5f25,6f5f,7fbe,fdef,
8224,764d,a0c8,92a1,7fbe,b27a,
8225,0000,9fe4,d9f9,7fbe,e11e,
8226,16b0,22c8,d2a1,7fbe,4684,
8227,7155,a2e8,92b1,7fbe,65dc,
8228,6cb6,a0d8,92a1,7fbe,a271,
8229,7545,a2e8,92b1,7fbe,c5d0,
8230,0000,34db,86a1,77be,e2d8,
8231,7115,a2e8,92b1,7fbe,36ba,
8232,0000,3ac1,9b91,7fbe,ab48,
8233,6555,2ae8,96b1,7fbe,9bce,
8234,6155,a2e8,92b1,7fbe,4838,
8235,1227,aaa4,b231,7fbe,694c,
8236,0000,a688,9291,7fbe,0728,
8237,635d,a2e8,92b1,7fbe,5b71,
8238,421b,e365,d33c,7fbe,418d,
8239,4375,a2e8,20ad,7fbe,b21c,
8240,0d4f,2efa,1011,7fbe,9ac7,
8241,0000,9f6e,af37,7fbe,3d86,
8242,0b36,659b,92b0,7fbe,4751,
8243,6155,a2e8,92b1,7fbe,fc11,
8244,41d5,a2e8,92b1,7fbe,dd96,
8245,ed65,a2e8,1e17,7fbe,8ca6,
8246,6155,a2e8,92b1,7fbe,df39,
8247,6501,a2e8,c09e,7fbe,522f,
8248,0000,e2a0,92b1,7fbe,3d22,
8249,61d5,a2e8,92b1,7fbe,3c57,
8250,4b70,9784,96b1,7fbe,3b6c,
8251,0000,5231,9af1,7fbe,a818,
8252,35a5,871a,b743,7fbe,25f2,
8253,6155,a2e8,92b1,7fbe,0d5b,
8254,959d,a2e8,92b1,7fbe,d0c8,
8255,6155,a2e8,92b1,7fbe,0b43,
8256,6955,a2e8,92b1,7fbe,cf35,
8257,7155,a2e8,92b1,7fbe,9b48,
8258,9528,22e9,12b1,7fbe,5a69,
8259,2105,a2e8,92b1,7fbe,30db,
8260,eeae,f2e8,144d,7fbe,86fc,
8261,0000,cc98,83f5,7fbe,65fc,
8262,7c37,a2e8,92b1,7fbe,1d62,
8263,6155,a2e8,92b1,7fbe,ca9e,
8264,6155,a2e8,92b1,7fbe,d37f,
8265,6155,a2e8,92b1,7fbe,653f,
8266,4155,a2e8,92b1,7fbe,9d45,
8267,e055,a2e8,f30d,7fbe,61bc,
8268,7010,a2e8,92b1,7fbe,257d,
8269,d15c,a2e8,1dcc,7fbe,8f7d,
8270,0000,1f4f,96a0,7fbe,d521,
8271,6114,a2e8,92b1,7fbe,ad00,
8272,6055,a2e8,92b1,7fbe,8f03,
8273,61d5,a2e8,92b1,7fbe,81a8,
8274,0000,28e3,92b0,7fbe,8228,
8275,2855,a2e8,92b1,7fbe,fb6a,
8276,5ac1,a2e8,92b1,7fbe,3b94,
8277,63ae,3958,92f1,7fbe,9370,
8278,695b,ec6d,92b1,7fbe,4e85,
8279,b685,a2e8,42e3,7fbe,d052,
8280,c191,bec9,aab1,6fbe,f909,
8281,b256,a688,9291,7fbe,df25,
8282,0000,1946,e442,7fbe,76f3,
8283,0000,e2e8,492c,7fbe,db9d,
8284,e315,a2e8,92b1,7fbe,840b,
8285,6d12,8ae8,82b1,7fbe,3f5d,
8286,7145,a2c8,92a1,7fbe,bc65,
8287,f151,a2e8,92b1,7fbe,d2e5,
8288,6a6d,a2e8,3465,7fbe,a6d4,
8289,0000,9cf5,d305,7fbe,c7fb,
8290,e157,5ae4,86f4,7fbe,d4a6,
8291,0000,6c6a,86a0,77be,8056,
8292,4957,a2e8,ed39,7fbe,7f88,
8293,e534,a2e8,bb17,7fbe,29a6,
8294,ef98,a167,9275,7f3e,3e74,
8295,e355,a2e8,c229,7fbe,5098,
8296,6157,a2e8,92b1,7fbe,7ef1,
8297,6155,a2e8,92b1,7fbe,f4d0,
8298,c0d9,f2f0,92b1,7fbe,6ae9,
8299,27ed,9f3b,9291,7fbe,35b3,
8300,e051,148c,9ab1,7fbe,a664,
8301,a932,62e0,d2b1,7fbe,8f72,
8302,6555,a2e8,92b1,7fbe,51ec,
8303,d334,a2e8,86cd,7fbe,147c,
8304,6c14,20cd,92f5,7fbc,a15b,
8305,7604,24b1,82b1,7fbe,a659,
8306,0000,3bd1,c2b3,77be,319e,
8307,0000,c42d,10b1,7fbe,60d4,
8308,076d,2e8a,1290,7fbe,9175,
8309,31d2,a2a9,92b1,7fbe,001b,
8310,0000,0699,9ab1,7fbe,bc30,
8311,6f57,a2e8,92b1,7fbe,a0ab,
8312,6355,a2e8,92b1,7fbe,c773,
8313,a41a,a2e8,92b1,7fbe,454d,
8314,7514,a2e8,92b1,7fbe,baa3,
8315,6515,a2e8,92b1,7fbe,fabe,
8316,429c,a2e8,b3c4,7fbe,2175,
8317,0000,8d66,8aad,7fbe,3e2f,
8318,0000,7eb6,1980,7fb6,04a3,
8319,6151,a2e8,92b1,7fbe,f4d5,
8320,d57b,a2e8,4d8e,7fbe,df3f,
8321,612f,bae9,9ab1,7fbe,55e7,
8322,b101,29a3,b3b9,7fbe,a85b,
8323,7154,a2e8,92b1,7fbe,ad7f,
8324,6355,a2e8,92b1,7fbe,d0c9,
8325,7fbe,a2b8,9a71,7ffe,363a,
8326,6955,a2e8,8aef,7fbe,185e,
8327,7155,a2e8,92b1,7fbe,953b,
8328,6843,60e8,d3b1,7fbe,1b0b,
8329,65d0,a2e8,fd1d,7fbe,6fac,
8330,6155,a2e8,92b1,7fbe,5e52,
8331,615d,a2e8,92b1,7fbe,7717,
8332,f155,a2e8,92b1,7fbe,68f3,
8333,635d,a2e8,92b1,7fbe,7af4,
8334,6155,a2e8,92b1,7fbe,3ae8,
8335,f077,a2e8,7923,7fbe,eb92,
8336,0000,c965,d2f0,7fbe,cb0c,
8337,f9dd,a2e8,84b6,7fbe,1607,
8338,6157,a2e8,92b1,7fbe,f370,
8339,0000,4591,9231,7fbe,77a0,
8340,589f,9e14,93b1,7fbe,3efc,
8341,755b,f3ec,9a91,7fbe,4d44,
8342,7714,82e8,82b1,7fbe,5232,
8343,0000,a0e8,6ff7,7fbe,fd46,
8344,6155,a2e8,92b1,7fbe,7395,
8345,0000,7b1a,4b03,7fbe,d992,
8346,6155,a2e8,92b1,7fbe,e1eb,
8347,81c7,e6e8,90b1,7fbe,66fd,
8348,7155,a2e8,92b1,7fbe,c64c,
8349,6195,a2e8,92b1,7fbe,13a7,
8350,0000,4d82,d2b9,7fbe,6e76,
8351,6155,a2e8,92b1,7fbe,57be,
8352,90be,a2e8,baf9,7fbe,2848,
8353,3819,6488,96a0,ffbe,ecae,
8354,0000,8bb8,13b1,7fbe,0b51,
8355,6154,a2e8,92b1,7fbe,56a7,
8356,684d,a597,92b1,7fbe,077f,
8357,eb45,3f9f,9291,7fbe,9d37,
8358,6045,a2e8,92b1,7fbe,3887,
8359,0000,9e8c,efd1,7fbe,7d60,
8360,6555,a2e8,92b1,7fbe,a7cf,
8361,2516,a2d8,92a1,7fbe,cbd5,
8362,0000,be9e,8ec7,7fbe,1c76,
8363,0000,0da5,1d74,7fbe,9fc1,
8364,6155,a2e8,92b1,7fbe,55b3,
8365,0000,be92,8ecb,7fbe,1c7a,
8366,6155,a2e8,92b1,7fbe,24b2,
8367,4d6d,a2e8,b22b,7fbe,209a,
8368,0000,178b,27d2,7fbe,b563,
8369,afbf,9960,b2b9,7fbe,7b90,
8370,0000,bf1b,1ad0,7fbe,0513,
8371,611d,a2e8,92b1,7fbe,71c7,
8372,2115,a2e8,92b1,7fbe,4deb,
8373,e155,a2e8,92b1,7fbe,d9b6,
8374,0000,097a,82f9,7fbe,9a4e,
8375,d525,322b,b333,7fbe,f243,
8376,6155,a2e8,92b1,7fbe,e2fd,
8377,2463,a2e8,92b1,7fbe,c576,
8378,4e1c,7919,0b95,7fbe,25b8,
8379,41cd,a0c8,92a1,7fbe,6083,
8380,0000,fe42,92f0,7fbe,dc08,
8381,4bbd,a2e9,81aa,7fbe,131b,
8382,0b75,a2e8,fbd7,7fbe,6966,
8383,7dc3,28c7,189e,7fbe,8a2f,
8384,27a6,a368,9231,7fbe,52f7,
8385,e9b8,a268,022e,7fbe,909f,
8386,6235,a2e8,92b1,7fbe,2094,
8387,5f9b,a2ea,92b0,7fbe,7da1,
8388,8a94,e2f0,92b9,7fbe,a981,
8389,f401,cf0d,92b1,7fbe,6de5,
8390,6154,a2e8,92b1,7fbe,dece,
8391,6157,a2e8,92b1,7fbe,c77f,
8392,6104,a2e8,92b1,7fbe,5cbd,
8393,315f,a2e8,c013,7fbe,52a2,
8394,0000,b302,b211,7fbe,70ea,
8395,29f1,0333,9291,7fbe,a1bb,
8396,604b,a26a,aa1c,7fbe,38ad,
8397,7193,830a,93b1,7fbe,22e2,
8398,6115,a2e8,92b1,7fbe,e204,
8399,0000,5f7d,9233,7fbe,fc10,
8400,28ac,a2e8,92b1,7fbe,59e9,
8401,0000,022a,c2f5,5fbe,13dc,
8402,6115,a2e8,92b1,7fbe,7c60,
8403,8b08,00a8,86c3,7fbe,1472,
8404,0000,9062,49ad,7fbe,cf0a,
8405,2c55,a2e8,4d6f,7fbe,dfde,
8406,7531,a2e8,9338,7fbe,0189,
8407,9191,a2ac,92b3,7fbe,fbc5,
8408,715d,a2e8,92b1,7fbe,579f,
8409,0000,ea49,ddaa,7fbe,4f1b,
8410,b409,82e8,ac63,7fbe,3ed2,
8411,0000,7c6b,4c32,7fbe,de83,
8412,611c,a2cb,92b0,7fbe,dbb8,
8413,ebab,a3e0,92b5,7fbe,a5ec,
8414,6115,a2e8,92b1,7fbe,4117,
8415,cf75,f32b,c372,7fbe,51c3,
8416,392a,26fb,52a1,ffbe,57dd,
8417,0000,88c3,82b0,77be,1007,
8418,65d5,a2e8,92b1,7fbe,7ada,
8419,24d5,a2e8,8d9c,7fbe,1f2d,
8420,5cc5,a2e8,92b1,7fbe,3dd0,
8421,4990,a3e8,9231,7fbe,59d9,
8422,6504,a2e8,92b1,7fbe,bd8f,
8423,50a1,a6e8,90b1,7fbe,08a8,
8424,6019,a2e8,92b1,7fbe,8488,
8425,6153,a2e8,92b1,7fbe,40a9,
8426,61d5,a2e8,92b1,7fbe,3c57,
8427,bf4b,a2e8,07db,7fbe,956a,
8428,2115,a2e8,92b1,7fbe,120a,
8429,4157,a2e8,92b1,7fbe,290a,
8430,6155,a2e8,92b1,7fbe,4166,
8431,7155,a2e8,92b1,7fbe,e746,
8432,c733,92ea,82b1,7fbe,5427,
8433,7915,a2e8,92b1,7fbe,9d28,
8434,6934,a6a8,9291,7fbe,c952,
8435,0000,318c,92b1,7fbe,6169,
8436,0000,e3a8,a233,77be,3258,
8437,0000,a2e8,a480,7fbe,3631,
8438,4141,02e0,d2b1,7fbe,8ffc,
8439,6115,a2e8,92b1,7fbe,d998,
8440,c41f,a2e8,14df,7fbe,866e,
8441,7145,a2e8,92b1,7fbe,0439,
8442,de5f,7eb0,b231,7fbe,9d18,
8443,0000,60e9,109d,7fbe,c6f8,
8444,f89e,8ab8,8251,7ffe,ef7a,
8445,0000,a6a9,1e91,7bbe,4547,
8446,0000,ccc9,fc90,7fbe,6e21,
8447,f1ff,a2e2,03eb,7fbe,915a,
8448,6157,a2e8,92b1,7fbe,c604,
8449,6155,a2e8,92b1,7fbe,5547,
8450,0000,ebef,4188,7fbe,d339,
8451,0000,a530,9569,7fbe,07d8,
8452,6195,a2e8,92b1,7fbe,6f8a,
8453,6914,a2e8,92b1,7fbe,41df,
8454,6175,a2e8,92b1,7fbe,3800,
8455,0000,93db,c6c0,7fbe,dff2,
8456,7155,a2e8,92b1,7fbe,027b,
8457,6557,a2e8,92b1,7fbe,6b00,
8458,6155,a2e8,92b1,7fbe,cbc0,
8459,c72b,abe8,b253,7fbe,20e2,
8460,2851,a2e8,eb1e,7fbe,79af,
8461,78c5,a2e8,ccf7,7fbe,5e46,
8462,6115,a2e8,92b1,7fbe,9b50,
8463,0000,5d15,0891,7fbe,05aa,
8464,0000,c703,d3a5,7fbe,a553,
8465,b096,a2e8,dc28,7fbe,4e99,
8466,0000,876f,9ab3,7fbe,3581,
8467,0000,e886,dab9,7fbe,8b73,
8468,2d17,aaf8,d6a1,7fbe,4de2,
8469,01c4,4876,782f,7fbe,ea9e,
8470,519e,c17a,f123,7fbe,6392,
8471,7d63,a2e8,7386,7fbe,e137,
8472,7714,a2e8,1af9,7fbe,8848,
8473,7c7f,a2e8,a04a,7fbe,32fb,
8474,7961,a2e8,5295,7fbe,c024,
8475,1410,30c2,8674,7fbe,8b24,
8476,f323,a2ec,5c55,7fbe,cee4,
8477,0000,c929,80b1,7fbe,1ec1,
8478,4155,a2e8,92b1,7fbe,6e17,
8479,61c5,a2e8,92b1,7fbe,64f4,
8480,0000,6d41,92f1,7fbe,cf29,
8481,6155,a2e8,92b1,7fbe,623c,
8482,e1d5,a2e8,92b1,7fbe,ca4e,
8483,7305,a2e8,92b1,7fbe,2af9,
8484,7151,a2e8,92b1,7fbe,373c,
8485,6115,a2e8,92b1,7fbe,4b62,
8486,797f,c2e8,b2b1,7fbe,0f9e,
8487,6945,a2e8,92b1,7fbe,5977,
8488,6155,a2e8,92b1,7fbe,b35f,
8489,2e11,bae9,9ab1,7fbe,a16d,
8490,f954,a2e8,92b1,7fbe,0b0f,
8491,e155,a2e8,92b1,7fbe,2a99,
8492,7155,a2e8,92b1,7fbe,e675,
8493,ad17,aae8,96b1,7fbe,5d44,
8494,2145,a2e8,92b1,7fbe,6967,
8495,6b91,82ee,5c16,7fbe,cea7,
8496,794f,a2e0,92b1,7fbe,c335,
8497,7111,a2e8,92b1,7fbe,27ee,
8498,6155,a2e8,92b1,7fbe,f7ca,
8499,6755,a2e8,92b1,7fbe,973e,
8500,9b4f,a2e8,92b1,7fbe,fa1a,
8501,0000,22a8,d281,7fbe,f61a,
8502,1af2,fc90,d3b5,7fbe,fd74,
8503,6155,a2e8,92b1,7fbe,bab4,
8504,571e,e2e8,4794,7fbe,d525,
8505,e995,b368,9231,7fbe,d67b,
8506,0000,f5fd,92b1,7fbe,461c,
8507,6155,a2e8,92b1,7fbe,6ae5,
8508,da41,a2a0,92b1,7fbe,6913,
8509,4dcc,b368,8dbf,7fbe,1f8e,
8510,6155,a2e8,92b1,7fbe,707c,
8511,7555,a2e8,92b1,7fbe,fded,
8512,4358,a2e8,2d84,7fbe,bf35,
8513,6155,a2e8,92b1,7fbe,f093,
8514,50d1,a2e8,32cc,7fbe,a07d,
8515,04a9,a2e8,af44,7fbe,3df5,
8516,f961,aee8,96b1,7fbe,46cf,
8517,5347,a2e8,a309,7fbe,31b8,
8518,415d,a2e8,92b1,7fbe,58dc,
8519,6155,a2e8,92b1,7fbe,16ec,
8520,6155,a2e8,92b1,7fbe,9e30,
8521,74a3,02e0,8fd5,7fbe,1d64,
8522,2154,a2e8,92b1,7fbe,bcf5,
8523,e1d5,a2e8,92b1,7fbe,5ff9,
8524,6246,a2e8,92b1,7fbe,031a,
8525,7155,a2e8,92b1,7fbe,bd0b,
8526,eb54,0b78,92b1,7fbe,a990,
8527,9ec2,6072,72b9,3fbe,6015,
8528,b404,a6ea,96b0,7fbe,3186,
8529,0000,a6b9,92b1,7fbe,765c,
8530,4155,a2e8,92b1,7fbe,2a24,
8531,7155,a2e8,92b1,7fbe,a1e6,
8532,7119,a2e8,92b1,7fbe,144b,
8533,6957,a2e8,92b1,7fbe,037c,
8534,6155,a2e8,92b1,7fbe,8dff,
8535,ab05,a2e8,cbba,7fbe,590b,
8536,7618,fc1a,86e0,77be,f6fb,
8537,55d6,a2e8,1c14,7fbe,8ea5,
8538,0000,9d6b,8ff4,7fbe,2d29,
8539,5093,a2e8,8904,7fbe,1bb5,
8540,1dc6,a2e8,92b1,7fbe,54db,
8541,6055,a2e8,92b1,7fbe,fcd9,
8542,306d,a2e8,a2b4,7fbe,3005,
8543,0000,e023,8203,7fbe,f76d,
8544,d3fc,a2e8,92b1,7fbe,b28b,
8545,6157,a2e8,92b1,7fbe,e21c,
8546,5395,a2e8,14b3,7fbe,8602,
8547,0000,7a6f,82b5,7fbe,e80b,
8548,a1c7,a6e8,90b1,7fbe,8be4,
8549,7155,a2e8,92b1,7fbe,c271,
8550,6155,a2e8,92b1,7fbe,438b,
8551,a177,a2e8,81b6,7fbe,1307,
8552,7534,a20a,92f0,7fbe,74c3,
8553,9b14,2042,8af0,77be,1dcd,
8554,6155,a2e8,92b1,7fbe,7d75,
8555,20d1,a2e8,216c,7fbe,b3dd,
8556,7157,a2e8,92b1,7fbe,020a,
8557,635f,a2e8,92b1,7fbe,2338,
8558,9f05,a2e8,de6e,7fbe,4cdf,
8559,4361,82d8,92a1,7fbe,eb68,
8560,3051,a2e8,92b1,7fbe,299b,
8561,8dec,8ae0,720c,7fbe,e0bd,
8562,b104,2ce8,96b1,7fbe,b576,
8563,0000,d111,e368,7fbe,71d9,
8564,6055,a2e8,92b1,7fbe,a195,
8565,e134,a2e8,4e4a,7fbe,dcfb,
8566,61d5,a2e8,92b1,7fbe,4048,
8567,4d50,a3e9,b233,6fbe,3ae1,
8568,0000,922c,d3b1,7fbe,f2c4,
8569,0000,e505,96a0,7fbe,4dcf,
8570,4014,a2e8,6d48,7fbe,fff9,
8571,7951,a2e8,92b1,7fbe,d7c6,
8572,91bc,a2ea,92b1,7fbe,f0ef,
8573,0000,d2e8,b2b1,7fbe,029e,
8574,6957,a2a8,92b1,7fbe,4671,
8575,7145,a2e8,92b1,7fbe,8427,
8576,d542,621a,d3f1,7fbe,6272,
8577,f155,a2e8,92b1,7fbe,5389,
8578,2312,1397,238f,7fbe,b11e,
8579,cf31,2bec,7a13,3fbe,1a25,
8580,4154,a2e8,d652,7fbe,44e3,
8581,6c93,a2e8,f86f,7fbe,6ade,
8582,7110,a2e8,94e2,7fbe,0653,
8583,0000,dc61,8672,7fbe,492f,
8584,6155,a2e8,92b1,7fbe,a236,
8585,a1fd,a2e8,46ad,7fbe,d41c,
8586,6d59,82a8,82b1,7fbe,bfc8,
8587,6355,a2e8,92b1,7fbe,05d8,
8588,2467,e811,b2b1,7fbe,0af9,
8589,6155,a2e8,92b1,7fbe,d368,
8590,0000,5659,da93,7fbe,4cb5,
8591,0000,1398,b221,7fbe,994a,
8592,0000,a3e8,92b1,7fbe,b38e,
8593,0000,6292,9af1,7fbe,d8bb,
8594,4147,a2e8,b8dc,7fbe,2a6d,
8595,0000,3a8c,92b0,7fbe,938e,
8596,6115,a2e8,92b1,7fbe,7dac,
8597,6174,a2e8,92b1,7fbe,2157,
8598,7155,a2e8,92b1,7fbe,9e1f,
8599,a525,2993,92b1,7fbe,8b7b,
8600,7154,a2e8,a862,7fbe,3ad3,
8601,4191,a0e8,93b1,7fbe,a1d3,
8602,4151,a2e8,92b1,7fbe,25fc,
8603,1941,b2e8,92b1,7fbe,219e,
8604,0000,a2f8,92b9,7fbe,b142,
8605,7114,a2e8,92b1,7fbe,4c23,
8606,6114,a2e8,92b1,7fbe,94cb,
8607,afc4,234c,5c21,7fbe,ce90,
8608,6557,a2e8,92b1,7fbe,c5b3,
8609,b6ec,cda7,92a1,7fbe,6f67,
8610,0b55,e3ec,b2b1,7fbe,f14a,
8611,0000,a2e0,9109,7fbe,03b8,
8612,7151,a2e8,92b1,7fbe,1964,
8613,fc5b,a2e8,2bf6,7fbe,b947,
8614,2055,a2e8,92b1,7fbe,a703,
8615,6875,a2e8,92b1,7fbe,07a3,
8616,76b1,bc6d,93b5,7fbe,1c8d,
8617,0000,29d9,96a1,7fbe,0119,
8618,7894,a2e8,fce1,7fbe,6e50,
8619,e011,92f6,82b9,7fbe,af03,
8620,6155,a2e8,92b1,7fbe,0ead,
8621,fd1e,2bea,92a1,7fbe,8922,
8622,f336,92e8,82b1,7fbe,5bf7,
8623,9bf0,a2a9,3495,7fbe,a624,
8624,71c6,aa2e,92f3,7fbe,e0bc,
8625,f9f1,a2a8,92b0,7fbe,7759,
8626,7159,a2e8,26c0,7fbe,b471,
8627,6155,a2e8,92b1,7fbe,4d91,
8628,b510,a6d0,92f0,7fbe,0cbb,
8629,48fb,baa9,9ab1,7fbe,1d76,
8630,6055,a2e8,92b1,7fbe,dc40,
8631,0e90,a2e0,b460,7fbe,26d1,
8632,e705,a2e8,7f6a,7fbe,eddb,
8633,3b85,a2e8,92b1,7fbe,58d0,
8634,6bbd,a2e8,92b1,7fbe,0ae8,
8635,6941,a2e0,92b1,7fbe,8ed0,
8636,3c62,a0e9,92b1,7fbe,9546,
8637,e1a5,a2c8,12ec,7fbe,805d,
8638,efcd,a2e8,92b1,7fbe,8e99,
8639,0000,8198,b211,7fbe,5e30,
8640,48fb,a2ec,bf02,7fbe,2db3,
8641,0000,8404,94a3,7fbe,e899,
8642,615d,a2e8,92b1,7fbe,3240,
8643,9364,51c8,9a13,7fbe,e245,
8644,6155,a2e8,92b1,7fbe,3cfa,
8645,5adb,aa68,92f1,7fbe,34f9,
8646,6151,a2e8,92b1,7fbe,284e,
8647,a544,be84,92a3,7fbe,9e50,
8648,7155,a2e8,92b1,7fbe,f83d,
8649,d103,9074,92a1,7fbe,b0ac,
8650,6155,a2e8,92b1,7fbe,443c,
8651,c04a,d220,9131,7ebe,033c,
8652,24bc,a2e8,92b1,7fbe,c7e9,
8653,0000,7af7,c8e3,7fbe,1579,
8654,e834,a0ef,93b3,7fbe,1f36,
8655,6138,a2e8,92b1,7fbe,002d,
8656,0000,b2ac,92b1,7fbe,1624,
8657,0000,a94e,d2a1,7fbe,8b9e,
8658,2155,a2e8,92b1,7fbe,ccc2,
8659,6955,a2e8,92b1,7fbe,1f5b,
8660,3494,a2e8,7802,7fbe,eab3,
8661,23f6,a2e8,92b1,7fbe,46e3,
8662,6175,a2e8,92b1,7fbe,feae,
8663,0000,216f,c2ac,7fbe,3111,
8664,7155,a2e8,92b1,7fbe,97b5,
8665,6555,a2e8,92b1,7fbe,3ad4,
8666,0000,5a41,90f9,7fbe,f439,
8667,0000,b3f8,92b1,7fbe,125f,
8668,0000,08d4,3c8d,7fbe,ac3c,
8669,1135,a2e8,92b1,7fbe,889e,
8670,6115,a2e8,92b1,7fbe,73a2,
8671,0000,89dc,1c93,7fbe,b373,
8672,6135,a2e8,92b1,7fbe,6595,
8673,615d,a2e8,92b1,7fbe,d2b6,
8674,72e1,a2e8,92b1,7fbe,1bbc,
8675,2355,a2e8,92b1,7fbe,e195,
8676,407c,e4e8,90b1,7fbe,dbec,
8677,0000,a2e8,2bc8,7fbe,b979,
8678,02cf,a2e8,3749,7fbe,a5f8,
8679,d197,a2e8,652a,7fbe,f79b,
8680,6ab1,a2e8,d098,7fbe,4229,
8681,230c,6a2c,5a75,7fbe,c8c4,
8682,0000,d8b8,02d1,7fbe,5a11,
8683,7194,a2e8,92b1,7fbe,6f98,
8684,0000,f9cb,9299,7fbe,5b77,
8685,9b3f,a2e8,ba37,7fbe,2886,
8686,6155,a2e8,92b1,7fbe,1edb,
8687,71f7,a2e8,92b1,7fbe,6792,
8688,6155,a2e8,92b1,7fbe,61a8,
8689,7157,b0e8,d2f1,7f9e,1288,
8690,7011,a2e8,92b1,7fbe,1ce7,
8691,409b,a2e8,7d23,7fbe,ef92,
8692,8253,a2ca,92b0,7fbe,a307,
8693,2115,a2e8,92b1,7fbe,10d2,
8694,fb56,fea8,cef9,7fbe,5c4c,
8695,5355,41c4,96b1,7fbe,eb2c,
8696,6115,a2e8,92b1,7fbe,b1e3,
8697,69df,e4e8,90b1,7fbe,8437,
8698,6155,a2e8,92b1,7fbe,fff6,
8699,7155,a2e8,92b1,7fbe,6bc7,
8700,2956,aae8,92b1,7fbe,a164,
8701,b955,22e9,12b1,7fbe,1d08,
8702,6115,a2e8,92b1,7fbe,aab3,
8703,61d5,a2e8,92b1,7fbe,eff0,
8704,b025,ae08,92f1,7fbe,fa4e,
8705,6015,a2e8,92b1,7fbe,56ca,
8706,f67e,4a77,9235,7fbe,f913,
8707,2155,a2e8,92b1,7fbe,6bd1,
8708,0000,d080,92b1,7fbe,332d,
8709,7175,a2e8,92b1,7fbe,0625,
8710,69d5,a2e8,92b1,7fbe,8695,
8711,7544,aae8,92b1,7fbe,92b4,
8712,6055,a2e8,92b1,7fbe,6612,
8713,7add,aacd,9a94,7fbe,0825,
8714,6155,a2e8,92b1,7fbe,e56f,
8715,ef00,7f61,d2a1,7fbe,5da1,
8716,6155,a2e8,92b1,7fbe,b919,
8717,0000,21bc,19e5,7fbe,8b54,
8718,71d5,a2e8,92b1,7fbe,ce72,
8719,c30d,e2f0,b2b9,7fbe,9282,
8720,0462,a0c0,d2a1,7fbe,e469,
8721,705d,a2e8,92b1,7fbe,b51a,
8722,611d,a2e8,92b1,7fbe,d019,
8723,534f,aae8,508e,7fbe,c23f,
8724,6145,a2e8,92b1,7fbe,e2fb,
8725,7155,a2e8,92b1,7fbe,4fb9,
8726,6115,a2e8,92b1,7fbe,c924,
8727,64c5,a268,55f9,7fbe,c748,
8728,7b3b,a2e8,19df,7fbe,8b6e,
8729,6155,a2e8,92b1,7fbe,80d2,
8730,0793,ee77,92b1,7fbe,4c9f,
8731,6155,a2e8,92b1,7fbe,754d,
8732,6155,a2e8,92b1,7fbe,623c,
8733,2a15,e2e8,8bf9,7fbe,1948,
8734,8031,a2e8,c8ea,7fbe,5a5b,
8735,e275,a2e8,92b1,7fbe,05c7,
8736,6055,a2e8,92b1,7fbe,5331,
8737,6115,a2e8,92b1,7fbe,c71e,
8738,6114,a2e8,92b1,7fbe,29e7,
8739,2831,8820,c3f1,5fbe,b28e,
8740,0000,fe51,9613,7fbe,d5ec,
8741,0000,4e9e,3991,7fbe,4f7e,
8742,6155,a2e8,92b1,7fbe,a104,
8743,fbab,a2e8,92b1,7fbe,9aff,
8744,7354,a2e8,92b1,7fbe,6cc4,
8745,0000,79d1,4988,7fbe,db39,
8746,6955,b2e8,92b1,7fbe,a72f,
8747,60e5,a2e8,c5cc,7fbe,577d,
8748,2185,a0e8,93b1,7fbe,d6f4,
8749,7011,a2e8,92b1,7fbe,3339,
8750,6bd5,a288,9291,7fbe,139b,
8751,e975,a2e8,92b1,7fbe,1fae,
8752,1854,82e8,92b1,7fbe,17de,
8753,895f,a2e8,92b1,7fbe,e802,
8754,4515,a2e8,92b1,7fbe,597c,
8755,0000,daf3,409d,5fbe,9dbb,
8756,655d,a2e8,92b1,7fbe,50a2,
8757,c15d,a2e8,92b1,7fbe,3f23,
8758,28d0,2db1,9031,7fbe,cb5d,
8759,2155,a2e8,92b1,7fbe,f8a8,
8760,0000,70bf,3680,7fbe,3c28,
8761,f9b1,a3ee,923d,7fba,06e0,
8762,61d5,a2e8,92b1,7fbe,3e25,
8763,6955,a2e8,92b1,7fbe,ac82,
8764,b30d,a2e8,1508,7fbe,87b9,
8765,2609,20d0,92a1,7fbe,ef5a,
8766,0875,448f,9231,7fbe,e7a7,
8767,0e2d,a26a,92b1,7fbe,f00a,
8768,6155,a2e8,92b1,7fbe,2191,
8769,dd3c,2a6a,92f0,7fbe,3c3f,
8770,1bf5,b159,a100,7fbe,33b1,
8771,e551,a0d8,92a1,7fbe,399f,
8772,c544,a2e8,7933,7fbe,eb82,
8773,6545,a2e8,92b1,7fbe,8e33,
8774,8115,a2e8,b8e6,7fbe,2a57,
8775,e155,a2e8,92b1,7fbe,5607,
8776,0000,a2e8,7741,7fbe,e5f0,
8777,0241,d3e8,b2b1,7fbe,368d,
8778,ca70,a2e8,cd74,7fbe,5fc5,
8779,4fbc,a688,9291,7fbe,0e98,
8780,0000,a4e1,92b1,7fbe,cabd,
8781,6545,a2e8,92b1,7fbe,a4cd,
8782,511e,a3e8,4936,7fbe,db87,
8783,0000,d2f8,b2b1,7fbe,e50e,
8784,0000,b890,10a1,7fbe,5e41,
8785,6111,a2e8,92b1,7fbe,276d,
8786,6817,a2e8,92b1,7fbe,b95c,
8787,6155,a2e8,92b1,7fbe,1ecf,
8788,f275,a2e8,c578,7fbe,57c9,
8789,0000,d025,06d2,7fbe,9448,
8790,dec1,42ea,c2b1,7fbe,b9e9,
8791,0000,a2e0,5e3d,7fbe,cc8c,
8792,0000,b36e,9233,7fbe,0259,
8793,31e1,a3e8,9231,7fbe,c43b,
8794,2145,a2e8,92b1,7fbe,15aa,
8795,70f3,e2e8,7233,7fbe,e082,
8796,0000,a756,a737,7fbe,5e74,
8797,7155,a2e8,92b1,7fbe,8837,
8798,6115,a2e8,92b1,7fbe,b1de,
8799,fd9e,a2e8,92b1,7fbe,9cc9,
8800,e011,92f6,82b9,7fbe,af03,
8801,e746,a2e8,e0d2,7fbe,7263,
8802,0000,a2e8,8086,7fbe,1237,
8803,605e,a2e8,c9ab,7fbe,5b1a,
8804,e073,a2e8,fc2d,7fbe,6e9c,
8805,6145,a2e8,92b1,7fbe,e9d3,
8806,55d6,a2ea,a310,7fbe,31a1,
8807,41df,a2e8,92b1,7fbe,d7a8,
8808,0000,52de,10b1,7fbe,f727,
8809,0040,22f9,12b1,7fbe,25cf,
8810,6155,a2e8,92b1,7fbe,bb18,
8811,6155,a2e8,92b1,7fbe,3c1c,
8812,0000,6cb5,c6cc,7fbe,18c9,
8813,6155,a2e8,92b1,7fbe,a4ce,
8814,6a67,01b4,9ea1,7fbe,bd7c,
8815,6155,a2e8,92b1,7fbe,cd28,
8816,7155,92e8,82b1,7fbe,78ce,
8817,6157,a2e8,92b1,7fbe,0c3b,
8818,2395,a2c8,92b1,7fbe,97a2,
8819,46f7,a2e8,92b1,7fbe,27a2,
8820,ea1a,b0e4,6590,7fbe,f721,
8821,09e1,a2e8,92b1,7fbe,78b4,
8822,6155,a2e8,92b1,7fbe,e3ac,
8823,6955,a2e8,92b1,7fbe,c28f,
8824,3115,a3ac,9231,7fbe,94a1,
8825,7455,a2e8,92b1,7fbe,fb74,
8826,6389,a2e8,5dfa,7fbe,cf4b,
8827,a50a,a2e8,9d28,7fbe,0f99,
8828,0000,dc61,8672,7fbe,492f,
8829,655d,a2e8,92b1,7fbe,e534,
8830,6555,a2e8,92b1,7fbe,0dbb,
8831,6145,22e9,12b1,7fbe,de9b,
8832,6155,a2e8,92b1,7fbe,1067,
8833,0000,f2ae,96b1,7fbe,d846,
8834,b13c,23c4,92b3,7fbe,8168,
8835,0000,a2e9,aba4,7fbe,3915,
8836,0000,e023,8203,7fbe,f76d,
8837,6115,a2e8,92b1,7fbe,7132,
8838,415d,a2e8,92b1,7fbe,84dc,
8839,26f2,a2e8,92b1,7fbe,4fa7,
8840,0000,aae8,96b1,7fbe,682a,
8841,86ca,a2e0,92b1,7fbe,a6ab,
8842,0000,3cff,3055,7fbe,f23a,
8843,3055,a2e8,3e61,7fbe,acd0,
8844,0000,ae63,41e5,7fbe,88b4,
8845,0000,5360,c2a1,7fbe,5138,
8846,aab5,a268,92f1,7fbe,3efd,
8847,c84e,f54d,92f0,7fbe,5727,
8848,6977,a2e8,92b1,7fbe,ed85,
8849,6155,a2e8,92b1,7fbe,6340,
8850,3fc1,b6a5,9ef0,7fbe,068c,
8851,e1f5,a2e8,92b1,7fbe,d88e,
8852,5d9f,82e4,82b5,7fbe,3622,
8853,07e4,a248,d699,7fbe,4428,
8854,6555,a2e8,92b1,7fbe,373d,
8855,6155,a2e8,92b1,7fbe,46e1,
8856,7157,a2e8,92b1,7fbe,3452,
8857,f0b0,822b,92b1,7fbe,2c8d,
8858,6155,a2e8,92b1,7fbe,677d,
8859,6a13,a2e8,104d,7fbe,82fc,
8860,2145,a2e8,92b1,7fbe,315e,
8861,0000,4f2c,90a1,7fbe,2be4,
8862,2355,829e,92b1,7fbe,2076,
8863,8105,a2e8,21ec,7fbe,b35d,
8864,0a52,a2e8,92b1,7fbe,6307,
8865,c351,a2e8,92b1,7fbe,a2c6,
8866,7155,a2e8,92b1,7fbe,9ada,
8867,6315,a2e8,92b1,7fbe,14a5,
8868,715d,a2e8,92b1,7fbe,cede,
8869,d5fa,a2e8,92b1,7fbe,84ed,
8870,6015,a2e8,92b1,7fbe,8d6f,
8871,0000,0bb6,1379,7fbe,a1c0,
8872,6131,ec6d,92b3,7fbe,4e80,
8873,0000,5df5,86a3,7fbe,d53b,
8874,fb35,bb6c,9a33,7fbe,ad57,
8875,b386,1a49,86f0,7fbe,7021,
8876,0000,12ec,2232,7fbe,b083,
8877,aab2,80e6,93b5,7fbe,f695,
8878,7c5e,ba29,9af1,7fbe,8cdb,
8879,f218,3eed,1791,7fbe,1274,
8880,7155,a2e8,92b1,7fbe,8046,
8881,7355,a2e8,92b1,7fbe,88f8,
8882,6095,a2e8,92b1,7fbe,d831,
8883,5b21,a2e8,42f0,7fbe,d041,
8884,61d5,a2e8,92b1,7fbe,3a73,
8885,5fc4,a2a8,2e54,7fbe,bce5,
8886,876d,cb4c,1293,7fbe,69e0,
8887,6155,a2e8,92b1,7fbe,17d7,
8888,df2f,a2e8,92b1,7fbe,ae7e,
8889,ad65,a2e8,2ab5,7fbe,b804,
8890,21dd,a2ec,92b1,7fbe,0fd6,
8891,0000,9d6f,dae1,7fbe,e5b7,
8892,a114,a2e8,92b1,7fbe,9e18,
8893,6855,a2e8,92b1,7fbe,1d35,
8894,6157,a2e8,92b1,7fbe,8549,
8895,6155,a2e8,92b1,7fbe,54c6,
8896,0000,8b94,bbc9,7fbe,2978,
8897,6d7d,a2e8,92b1,7fbe,270d,
8898,6404,a2e8,92b1,7fbe,9c09,
8899,81c5,f2e4,92b1,7fbe,877d,
8900,0000,1e64,d3a1,7fbe,1c3c,
8901,6155,a2e8,92b1,7fbe,d7c2,
8902,6151,a2e8,92b1,7fbe,7d72,
8903,0000,c343,92a1,7fbe,618b,
8904,e115,a2e8,92b1,7fbe,f787,
8905,61d5,a2e8,92b1,7fbe,856f,
8906,0000,96ca,8e99,7fbe,085b,
8907,47d5,62e9,12b1,7fbe,faba,
8908,0000,c156,1291,7fbe,63ff,
8909,7b43,6916,82b3,7fbe,fbb8,
8910,7155,a2e8,92b1,7fbe,14d5,
8911,6157,a2e8,92b1,7fbe,90cc,
8912,0000,0051,a6e8,7fbe,4e03,
8913,6155,a2e8,92b1,7fbe,ba78,
8914,6422,a2e8,c22a,7fbe,509b,
8915,6175,a2e8,92b1,7fbe,4387,
8916,770c,a0eb,96b0,7fbe,c1f6,
8917,21f5,a2e8,82c5,7fbe,1074,
8918,0000,afe9,92b1,7fbe,a093,
8919,6925,a268,92f1,7fbe,334b,
8920,4b56,a2e8,92b1,7fbe,2a4b,
8921,3159,a2ec,dacf,7fbe,487e,
8922,6155,a2e8,92b1,7fbe,c251,
8923,6315,a2e8,92b1,7fbe,c587,
8924,8103,e6e8,90b1,7fbe,621e,
8925,e05d,a2e8,8bab,7fbe,191a,
8926,a355,a2e8,f653,7fbe,64e2,
8927,2409,e6e8,90b1,7fbe,aadd,
8928,0000,93e6,92b1,7fbe,139e,
8929,0000,b2e9,9ab1,7fbe,e959,
8930,3e96,a2e8,782d,7fbe,ea9c,
8931,6155,a2e8,92b1,7fbe,6486,
8932,6337,a6a9,9291,7fbe,038e,
8933,0000,bb9c,92b1,7fbe,efb1,
8934,6175,a2a8,9291,7fbe,4ba5,
8935,0000,687b,11bc,7fbe,4f8d,
8936,611d,a2e8,92b1,7fbe,176b,
8937,0000,aeca,96b0,7fbe,eae0,
8938,7d37,a2e8,92b1,7fbe,0c62,
8939,4155,a2e8,92b1,7fbe,7312,
8940,8acb,a2e8,92b1,7fbe,eb9e,
8941,63d5,a2e8,92b1,7fbe,a694,
8942,6155,a2e8,92b1,7fbe,ffdc,
8943,6155,a2e8,92b1,7fbe,e4d4,
8944,244c,a1e4,92b1,7fbe,9d9c,
8945,7155,a2e8,92b1,7fbe,4ee5,
8946,7000,a2ae,92b3,7fbe,7607,
8947,6115,a2e8,92b1,7fbe,e504,
8948,7445,a2d8,92a1,7fbe,c1be,
8949,6155,a2e8,92b1,7fbe,1b78,
8950,0000,1aa6,2aff,7fbe,b84e,
8951,7155,a2e8,92b1,7fbe,82bb,
8952,0000,a108,52a1,7fbe,c1d9,
8953,0000,ef9d,98b1,7fbe,5975,
8954,7951,a2e8,92b1,7fbe,fd5b,
8955,4864,fcc1,92a1,7fbe,5e09,
8956,6155,a2e8,92b1,7fbe,fc62,
8957,3a91,a2e8,a497,7fbe,3626,
8958,cac2,b2e9,9ab1,7fbe,b09e,
8959,7171,a2e8,92b1,7fbe,3dca,
8960,0000,a268,2fd6,7fbe,bd67,
8961,6157,a2e8,92b1,7fbe,5250,
8962,7115,a2e8,92b1,7fbe,1584,
8963,7151,a2e8,92b1,7fbe,5510,
8964,3543,a2e8,aa34,7fbe,3885,
8965,6157,a2e8,92b1,7fbe,84e7,
8966,5878,a2e8,c287,7fbe,5036,
8967,0000,3592,9ab1,7fbe,877a,
8968,6315,a2e8,92b1,7fbe,6cf7,
8969,a441,a0d0,92a1,7fbe,d58f,
8970,0000,cb42,92b1,7fbe,4284,
8971,0000,ace0,12b1,7fbe,0e19,
8972,0000,d414,90b1,7fbe,70fc,
8973,0000,5ba2,f40b,7fbe,e379,
8974,f114,a2e8,92b1,7fbe,b6af,
8975,2c79,a2e8,3a8d,7fbe,a83c,
8976,6155,a2e8,92b1,7fbe,06bb,
8977,6115,a2e8,92b1,7fbe,5153,
8978,6415,a2e8,92b1,7fbe,037f,
8979,0000,5440,c221,7fbe,471a,
8980,ff34,a2e8,4275,7fbe,d0c4,
8981,7155,a2e8,92b1,7fbe,3518,
8982,6175,a2e8,92b1,7fbe,821d,
8983,6137,b2a9,9ab1,7fbe,55d7,
8984,6115,a2e8,92b1,7fbe,25df,
8985,6465,a2e8,9b36,7fbe,0987,
8986,6115,a2e8,92b1,7fbe,e7c4,
8987,fb06,aae9,92b1,7fbe,1691,
8988,69b1,1dc7,92b1,7fbe,bf2f,
8989,61a4,7bc3,92b1,7fbe,d92b,
8990,f175,a2e8,92b1,7fbe,f309,
8991,0155,a2e8,92b1,7fbe,15f7,
8992,6155,a2e8,92b1,7fbe,ff0b,
8993,d3e0,a2e8,67df,7fbe,f56e,
8994,e7ae,a2c8,fe4a,7fbe,6cfb,
8995,0000,97bb,92b1,7fbe,0d86,
8996,426d,a2d8,92a1,7fbe,c203,
8997,6955,a2e8,92b1,7fbe,d2ea,
8998,7055,a2e8,92b1,7fbe,75f4,
8999,6105,a2e8,92b1,7fbe,2301,
9000,487d,9425,a47c,7fbe,36cd,
9001,0103,e6e4,90b5,7fbe,7518,
9002,41dd,a2e8,92b1,7fbe,f90d,
9003,452d,68f6,96a1,7fbe,c23e,
9004,6195,a268,92f1,7fbe,e936,
9005,e59f,a2e8,92b1,7fbe,858a,
9006,491f,a2e8,3751,7fbe,a5e0,
9007,4b70,9784,96b1,7fbe,3b6c,
9008,6155,a2e8,92b1,7fbe,5889,
9009,e155,a2e8,92b1,7fbe,c8c2,
9010,6055,a2e8,92b1,7fbe,bd36,
9011,7a66,a2e8,7bbd,7fbe,e90c,
9012,a4b5,b338,1b37,7fbe,8b1f,
9013,f155,a2e8,92b1,7fbe,a7c2,
9014,e15d,a2e8,92b1,7fbe,bcf6,
9015,6175,a2e8,92b1,7fbe,09d3,
9016,6545,a2e8,92b1,7fbe,cfae,
9017,0000,9a10,ac9d,77be,040d,
9018,6155,a2e8,92b1,7fbe,9802,
9019,d02f,a688,9291,7fbe,2152,
9020,4195,a2e8,92b1,7fbe,6f44,
9021,0000,25dc,a2b3,6fbe,eeb5,
9022,1218,7739,93b1,7fbe,d7d1,
9023,0000,05d8,90b8,7fbe,a226,
9024,7b87,3303,92b5,7fbe,9163,
9025,0000,8185,f189,7fae,f4a5,
9026,0000,b5fc,50b1,3fbe,95a6,
9027,7d24,aa68,92f1,7fbe,90a2,
9028,6115,a2e8,92b1,7fbe,69c8,
9029,0000,aaaa,9aa6,7fbe,0817,
9030,f60d,a2ec,92b3,7fbe,5778,
9031,ef26,a2e8,9352,7fbe,01e3,
9032,f001,e4e8,90b1,7fbe,64dc,
9033,6155,a2e8,92b1,7fbe,2941,
9034,2c77,a0f8,92b1,7fbe,1d3f,
9035,e8d1,8a68,82b1,7fbe,ffe7,
9036,00ef,2ec0,96a1,7fbe,b46d,
9037,e627,a2e8,92b1,7fbe,8772,
9038,6180,a2e8,92b1,7fbe,08c5,
9039,9d12,7812,484b,7fbe,dafa,
9040,7add,a2e8,92b1,7fbe,1ba8,
9041,5994,fbcf,94b1,7fbe,9527,
9042,6155,a2e8,92b1,7fbe,e2fd,
9043,715d,a2e8,92b1,7fbe,dc99,
9044,0000,a2e8,c380,7fbe,5131,
9045,0000,a2c8,3ef0,7fbe,ac41,
9046,6155,a2e8,92b1,7fbe,c781,
9047,e055,a2e8,92b1,7fbe,8b9c,
9048,6155,a2e8,92b1,7fbe,ab1e,
9049,6115,a2e8,92b1,7fbe,911e,
9050,3141,a0d8,92a1,7fbe,e9ce,
9051,ba36,d7c0,9a33,7fbe,642c,
9052,1af5,a2e8,92b1,7fbe,7be0,
9053,6555,a2e8,92b1,7fbe,e57f,
9054,a25a,a3ec,92b1,7fbe,6007,
9055,0000,1990,2989,7fbe,bb38,
9056,7951,a2e8,5e82,7fbe,cc33,
9057,0000,a4c7,8295,7fbe,3667,
9058,6555,a2e8,92b1,7fbe,861f,
9059,0000,ec51,91bd,7fbe,6927,
9060,6155,a2e8,92b1,7fbe,c279,
9061,2926,a2e8,92b1,7fbe,4af3,
9062,a7b5,532d,90b1,7fbe,f7c5,
9063,700d,a3ec,92b1,7fbe,a235,
9064,cf92,42e8,d2b1,7fbe,c0f6,
9065,130d,7c80,4cd9,7fbe,de68,
9066,0000,91e2,83b5,7fbe,56a6,
9067,c3d5,e4f9,10b1,7fbe,eb06,
9068,6155,a2e8,92b1,7fbe,61db,
9069,6155,a2e8,92b1,7fbe,ecea,
9070,6855,a2e8,92b1,7fbe,3c85,
9071,2d2e,83e0,c2f5,5fbe,406c,
9072,0000,138b,23da,7fbe,b16b,
9073,7855,a2e9,92b1,7fbe,376f,
9074,3066,a2e8,92b1,7fbe,5173,
9075,ee9a,a2e0,f89f,7fbe,6a2e,
9076,cfd3,aae4,92b5,7fbe,eb9c,
9077,6154,a2e8,92b1,7fbe,722b,
9078,0000,a2e8,8c56,7fbe,1ee7,
9079,fb29,ba9a,9a71,7ffe,35fc,
9080,a3ad,a2e8,92b1,7fbe,d2b8,
9081,615d,a2e8,92b1,7fbe,a83a,
9082,1ccf,b047,b2b8,7fbe,5291,
9083,6114,a2e8,92b1,7fbe,4c66,
9084,2b61,98e7,a8be,7fbe,3a0f,
9085,c934,a2e8,f5e3,7fbe,6752,
9086,6955,a2e8,92b1,7fbe,90ec,
9087,6057,a2e8,92b1,7fbe,26fb,
9088,0000,3220,94f0,7fbe,997b,
9089,4115,a2e8,92b1,7fbe,8f02,
9090,0000,a3e8,07a6,7fbe,9517,
9091,6154,a2e8,92b1,7fbe,edcb,
9092,6155,a2e8,92b1,7fbe,fd9f,
9093,0074,a2e8,db5c,7fbe,49ed,
9094,60e0,a2e8,92b1,7fbe,0165,
9095,f913,a2e8,92b1,7fbe,1846,
9096,1ede,62e0,d2b1,7fbe,0ec6,
9097,0000,315c,96f0,7fbe,9f77,
9098,3275,a2e8,ded2,7fbe,4c63,
9099,6144,2ee8,96b1,7fbe,884f,
9100,6dd5,a6ce,9293,7fbe,2e4a,
9101,695d,a2e8,92b1,7fbe,a56b,
9102,6155,a2e8,92b1,7fbe,7a73,
9103,6145,a2e8,92b1,7fbe,86df,
9104,7351,a2e8,92b1,7fbe,35a9,
9105,6055,a2e8,92b1,7fbe,12ce,
9106,435a,a2e8,92b1,7fbe,220f,
9107,0000,aae8,9491,7fae,822a,
9108,6155,a2e8,92b1,7fbe,9284,
9109,c843,c3b5,a6b1,7fbe,b55f,
9110,4894,a2e8,9d5a,7fbe,0feb,
9111,6145,a2e8,92b1,7fbe,2269,
9112,6154,a2e8,742f,7fbe,e69e,
9113,6355,a2e8,92b1,7fbe,90ef,
9114,6155,a2e8,92b1,7fbe,2560,
9115,0000,4bd7,5281,7fbe,ef4e,
9116,4505,9a68,82f1,7fbe,8f24,
9117,0000,ccd3,fc8a,7fbe,6e3b,
9118,e454,a2e8,324b,7fbe,a0fa,
9119,0df1,a2e8,8511,7fbe,17a0,
9120,0000,be78,1af2,7fbf,ea17,
9121,3155,a2e8,0d7a,7fbe,9fcb,
9122,6145,a2e8,92b1,7fbe,a4b3,
9123,e255,a2e8,92b1,7fbe,6fdc,
9124,7135,a2e8,f88b,7fbe,6a3a,
9125,7398,a2e8,92b1,7fbe,12ed,
9126,6155,a2e8,92b1,7fbe,f485,
9127,b1cd,a2e8,92b1,7fbe,d098,
9128,a884,a2ec,531a,7fbe,c1ab,
9129,1136,a2e8,60a3,7fbe,f212,
9130,94e1,a2ee,92b3,7fbe,cceb,
9131,0000,5685,d0f1,7fbe,32e5,
9132,6935,a2e8,92b1,7fbe,7e63,
9133,5919,523c,6265,7fbe,f0d4,
9134,3155,b3e8,9231,7fbe,a4fc,
9135,71d5,a2e8,92b1,7fbe,d236,
9136,6155,a2e8,92b1,7fbe,2ec0,
9137,0000,9219,92b1,7fbe,6674,
9138,0000,5209,3ab9,7fbe,a2f1,
9139,7115,a2e8,92b1,7fbe,2341,
9140,884d,be89,9a91,7fbe,1bbd,
9141,0245,a0e8,93b1,7fbe,79b2,
9142,c576,0288,92b1,7fbe,a060,
9143,6115,a2e8,92b1,7fbe,1c4a,
9144,0000,5b19,2271,7fbe,c0a6,
9145,22e7,a2e8,e999,7fbe,7b28,
9146,d5fe,3ddf,0d86,7fbe,9f37,
9147,3bc1,a9dc,8aa9,77be,00f1,
9148,6055,a2e8,92b1,7fbe,6437,
9149,6315,a2e8,92b1,7fbe,346a,
9150,c582,9363,82b1,7fbe,018b,
9151,6155,a2e8,92b1,7fbe,785c,
9152,c990,a14c,82f3,7fbe,3342,
9153,7555,a2e8,92b1,7fbe,881a,
9154,45e5,a2e8,92b1,7fbe,24f0,
9155,0368,a262,92b1,7fbe,11de,
9156,0000,8039,92f1,7fbe,2251,
9157,50ee,a268,92b1,7fbe,10ba,
9158,2f24,aae9,82b0,77be,43a4,
9159,6155,a2e8,92b1,7fbe,b46a,
9160,0040,22f9,12b1,7fbe,25cf,
9161,e19d,a2a8,92b1,7fbe,ba5f,
9162,6975,a2e8,92b1,7fbe,a3ec,
9163,a9f6,5ac3,b6f0,7fbe,34a9,
9164,614d,a2e8,92b1,7fbe,2291,
9165,7155,a2e8,05be,7fbe,970f,
9166,6111,a2e8,92b1,7fbe,b8ed,
9167,6945,a2e8,92b1,7fbe,0845,
9168,6155,a2e8,92b1,7fbe,a211,
9169,df14,0da6,92b1,7fbe,af4e,
9170,6155,a2e8,92b1,7fbe,6356,
9171,7155,a2e8,92b1,7fbe,87c1,
9172,e1d4,a268,92b1,7fbe,b34b,
9173,0544,aee8,96b1,7fbe,d6b7,
9174,b752,a4e8,90b1,7fbe,cdd8,
9175,f85a,a2e8,9f07,7fbe,0db6,
9176,6555,a2e8,92b1,7fbe,7b24,
9177,f321,9a8a,8371,7f3e,36a4,
9178,61f5,a2e8,92b1,7fbe,6a41,
9179,71d5,a2e8,92b1,7fbe,5ec9,
9180,4790,a2f8,b2b6,7fbe,200f,
9181,6115,a2e8,92b1,7fbe,06f3,
9182,eb15,a2e8,92b1,7fbe,8cdd,
9183,0000,af06,d823,7fbe,d29e,
9184,7504,a2e8,4716,7fbe,d5a7,
9185,a031,dd9d,1131,7fbe,7b64,
9186,6955,a2e8,92b1,7fbe,cbac,
9187,0000,a2e8,74b9,7fbe,e608,
9188,6155,a2e8,92b1,7fbe,0f72,
9189,9b18,b22e,b594,7fbe,2725,
9190,535d,a2e8,92b1,7fbe,c74c,
9191,6115,a2e8,92b1,7fbe,0c35,
9192,6155,a2e8,92b1,7fbe,3665,
9193,6175,a2e8,92b1,7fbe,0f4e,
9194,bb6c,ba89,9a91,7fbe,f74d,
9195,9428,a2e8,92b1,7fbe,e569,
9196,6155,a2e8,92b1,7fbe,ff0f,
9197,a24d,a2e8,dc82,7fbe,4e33,
9198,63c3,a2e8,60a5,7fbe,f214,
9199,615d,a2e8,92b1,7fbe,1a55,
9200,b9d4,a2e8,b0b2,7fbe,2203,
9201,5155,a2e8,92b1,7fbe,090b,
9202,4f73,f3ad,16d4,7fbe,8465,
9203,6155,a2e8,92b1,7fbe,e576,
9204,6155,a2e8,92b1,7fbe,6496,
9205,6154,a2e8,92b1,7fbe,0587,
9206,4f7f,a2e8,efc5,7fbe,7d74,
9207,0000,43a2,c2f3,7fbe,59ce,
9208,3515,a2e8,47c1,7fbe,d570,
9209,89d5,a2e8,92b1,7fbe,e880,
9210,e545,a2e8,92b1,7fbe,44f0,
9211,5945,a2e8,6afc,7fbe,f84d,
9212,6155,a2e8,92b1,7fbe,7833,
9213,19d2,a2a9,92b1,7fbe,7805,
9214,6155,a2e8,92b1,7fbe,4636,
9215,0000,c6b9,13b1,7fbe,4640,
9216,6c65,8ae4,82b5,7fbe,7d2a,
9217,015d,a2e8,555e,7fbe,c7ef,
9218,dd75,ba8b,1a93,7fbf,fba9,
9219,90c0,80aa,93b0,7fbe,708a,
9220,57cf,a2e8,92b1,7fbe,369a,
9221,6145,a2e8,92b1,7fbe,6571,
9222,2411,a2e8,448d,7fbe,d63c,
9223,f10a,a4e4,90b5,7fbe,2c98,
9224,4051,a2e8,92b1,7fbe,35ab,
9225,60d3,a6e4,90b9,7fbe,1ac8,
9226,2875,a2e8,92b1,7fbe,a1b3,
9227,6175,a2e8,92b1,7fbe,3358,
9228,9d62,b2e8,6862,7fbe,fad3,
9229,41b7,a2e8,d27c,7fbe,40cd,
9230,3007,62e0,d2b1,7fbe,96be,
9231,4d64,c3f7,0035,7fbe,dcb6,
9232,0000,973f,82f1,7ffe,d9f7,
9233,8566,a2e8,92b1,7fbe,e433,
9234,a850,2689,1291,7fbe,6c2d,
9235,7155,a2e8,92b1,7fbe,9467,
9236,7b63,ff7c,9aa1,7fbe,47bc,
9237,b14e,769e,92b1,7fbe,d476,
9238,6019,a2e8,92b1,7fbe,f29d,
9239,6155,a2e8,92b1,7fbe,3694,
9240,6155,a2e8,92b1,7fbe,2205,
9241,513f,b2e8,92b1,7fbe,5235,
9242,182b,a368,9231,7fbe,753c,
9243,7138,e6b8,92b1,7fbe,bebc,
9244,6410,a2e8,a7f9,7fbe,3548,
9245,d698,a2e8,92b1,7fbe,3d65,
9246,6a15,b2e8,9ab1,7fbe,1e28,
9247,59bb,4260,7239,7fbe,e088,
9248,3217,a2ec,92b3,7fbe,022a,
9249,15ae,22e8,92b1,7fbe,249a,
9250,4145,a2e8,92b1,7fbe,071d,
9251,aa92,a2e8,92b1,7fbe,4b87,
9252,6155,a2e8,b4e9,7fbe,2658,
9253,6155,a2e8,92b1,7fbe,ef37,
9254,7153,a2e8,92b1,7fbe,e990,
9255,a480,aac8,92b1,7fbe,a6d6,
9256,f1a6,e2e8,92b1,7fbe,00f3,
9257,0000,c469,92b5,7fbe,668d,
9258,6114,a2e8,92b1,7fbe,2fe2,
9259,a1c5,a2ea,92b0,7fbe,8aaa,
9260,40d5,a2e8,c937,7fbe,5b86,
9261,6155,a2e8,92b1,7fbe,e348,
9262,638b,a2e8,92b1,7fbe,02de,
9263,0000,b373,92f1,7fbe,111b,
9264,854c,22c8,e66b,7fbe,74da,
9265,7335,d31f,92b1,7fbe,71f7,
9266,08dd,a4f9,10b1,7fbe,84b9,
9267,6155,a2e8,92b1,7fbe,0530,
9268,3003,a2e8,f1fb,7fbe,634a,
9269,a453,a2e8,5e45,7fbe,ccf4,
9270,deee,a2c8,a66a,7fbe,34db,
9271,6155,a2e8,92b1,7fbe,0ec0,
9272,5055,a2e8,92b1,7fbe,9786,
9273,8c75,a2e8,92b1,7fbe,ed20,
9274,e42a,a2e8,65d3,7fbe,f762,
9275,7514,a2e8,e8be,7fbe,7a0f,
9276,0000,cb33,92a1,7fbe,6bfb,
9277,6155,a2e8,92b1,7fbe,75ac,
9278,41dc,e2ec,b2b1,7fbe,8e56,
9279,6155,a2e8,92b1,7fbe,2611,
9280,6105,a2e8,92b1,7fbe,cd8b,
9281,6155,a2e8,92b1,7fbe,2373,
9282,0000,6268,d2b1,7fbe,ff18,
9283,d0e3,a2e8,e690,7fbe,7421,
9284,7355,a2e8,d96a,7fbe,4bdb,
9285,7051,a2e8,92b1,7fbe,4beb,
9286,71c6,8a2a,82f1,7fbe,762f,
9287,0000,f9a1,dbd1,7fbe,e0a0,
9288,2f9f,a2e8,92b1,7fbe,0eca,
9289,0000,caa1,92b1,7fbe,d821,
9290,7155,a2e8,92b1,7fbe,a14d,
9291,a823,20c2,d6a1,7dbe,60f4,
9292,b649,22e9,12b1,7fbe,5b48,
9293,a3c5,a3e8,9231,7fbe,c828,
9294,ac80,8a48,82f7,7fbc,4b2e,
9295,6955,a2e8,92b1,7fbe,bcc9,
9296,37c6,a2e8,0673,7fbe,94c2,
9297,aba3,a2e8,92b1,7fbe,cab6,
9298,c744,82d0,d2a1,7fbe,8266,
9299,0000,d856,52b0,3fbe,31ce,
9300,0000,cec8,d6a1,7fbe,30ce,
9301,5c9e,be79,90f0,7fbe,1813,
9302,2155,a2e8,92b1,7fbe,d91a,
9303,6155,a2e8,92b1,7fbe,b8b5,
9304,7aec,a0ea,93b1,7fbe,68e7,
9305,a115,a2e8,92b1,7fbe,c333,
9306,6155,a2e8,92b1,7fbe,0788,
9307,7755,a2e8,92b1,7fbe,1a17,
9308,3814,6ac0,92f0,7fbe,c0aa,
9309,6155,a2e8,92b1,7fbe,30e7,
9310,e31d,a2e8,ec29,7fbe,7e98,
9311,0000,845d,b40d,7fbe,a6bc,
9312,4adb,a2e8,b5c4,7fbe,2775,
9313,65c7,a2a8,1292,7fbf,6e23,
9314,615d,a2e8,92b1,7fbe,3270,
9315,0000,a2a8,1291,7fbe,e5d3,
9316,c377,3ecb,0e92,7fbe,9c23,
9317,4155,a2e8,92b1,7fbe,6847,
9318,966f,250c,5555,7fbe,c7e4,
9319,0000,a268,2fd6,7fbe,bd67,
9320,6154,a2e8,92b1,7fbe,0d06,
9321,c11a,d3ac,b231,7fbe,c191,
9322,0000,8ab8,bab3,6fbe,375c,
9323,5b0d,2328,1371,7fbe,81c0,
9324,6145,a2e8,92b1,7fbe,46b9,
9325,615d,a2e8,92b1,7fbe,9e48,
9326,4141,a2e9,12b1,7fbe,b7db,
9327,1306,a2e8,9d03,7fbe,0fb2,
9328,6155,a2e8,92b1,7fbe,2544,
9329,9266,a2e8,92b1,7fbe,f333,
9330,4b4a,5d79,9bb9,7fbe,a401,
9331,8b4f,e2e8,12b1,7fbe,32e8,
9332,61f1,a0d8,92a1,7fbe,4f21,
9333,0000,9e19,8077,7ebe,67fa,
9334,2157,a2e8,92b1,7fbe,72da,
9335,0000,e6d9,d6c1,7fbe,4470,
9336,0000,f959,b639,7fbe,31ad,
9337,ef75,b2e9,9ab1,7fbe,288c,
9338,6194,a2e8,92b1,7fbe,3bc3,
9339,e31d,a2e8,92b1,7fbe,b5f6,
9340,30ef,081f,b271,7fbe,f3f7,
9341,6155,a2e8,92b1,7fbe,a073,
9342,6555,a2e8,92b1,7fbe,a71d,
9343,5498,5ec1,b2b1,7fbe,bc29,
9344,37ce,a2e8,92b1,7fbe,56df,
9345,0000,81e2,d0b1,7fbe,c702,
9346,6355,a2e8,92b1,7fbe,3441,
9347,2155,a2e8,92b1,7fbe,19c5,
9348,3075,a2e8,92b1,7fbe,f02b,
9349,59b0,b3e8,9231,7fbe,deba,
9350,0000,0be0,82b1,5fbe,f38d,
9351,0000,f08a,02f1,7fbe,faa3,
9352,0000,d293,a621,7fbe,b9c9,
9353,7355,a2e8,92b1,7fbe,c423,
9354,e134,a2e8,4e4a,7fbe,dcfb,
9355,7140,a2e9,862e,7fbe,149f,
9356,f4e8,abe8,4a83,7fbe,d832,
9357,6155,a2e8,92b1,7fbe,351c,
9358,4115,a2e8,92b1,7fbe,49a4,
9359,0000,b7ec,32b1,3fbe,a299,
9360,4155,a2e8,92b1,7fbe,c3ba,
9361,99eb,80e0,93b1,7fbe,6ec9,
9362,e175,a2e8,92b1,7fbe,dad4,
9363,61d5,a2e8,92b1,7fbe,5b78,
9364,9ef9,a2e8,92b1,7fbe,ffa8,
9365,0000,0e62,381b,7fbe,bbaa,
9366,6116,a2e8,92b1,7fbe,dc17,
9367,6355,a2e8,92b1,7fbe,f298,
9368,6155,a2e8,92b1,7fbe,5256,
9369,6432,20f4,9235,7fbe,8316,
9370,6155,a2e8,92b1,7fbe,00ed,
9371,0000,aae8,1c3b,7fbe,8e8a,
9372,d3e3,65ef,92b1,7fbe,c707,
9373,7115,a2e8,92b1,7fbe,13fd,
9374,6807,a2e8,0ddb,7fbe,9f6a,
9375,c1f5,a2e8,6bb9,7fbe,f908,
9376,f077,a2e8,7923,7fbe,eb92,
9377,7915,a2e8,92b1,7fbe,9d7f,
9378,4115,a2e8,92b1,7fbe,0c16,
9379,0000,3278,90b1,7fbe,9790,
9380,929d,82e8,60c7,7fbe,f276,
9381,61d5,a2e8,92b1,7fbe,0dce,
9382,6155,a2e8,92b1,7fbe,0058,
9383,e31d,a2e8,ec29,7fbe,7e98,
9384,6157,a2e8,92b1,7fbe,2445,
9385,ce8e,a2e8,92b1,7fbe,af9b,
9386,615d,a2e8,92b1,7fbe,2fe4,
9387,0000,a2e8,bfe5,7fbe,2d54,
9388,92c9,42d8,d2a1,7fbe,c8a0,
9389,e9f5,a2a8,92b1,7fbe,0a66,
9390,348b,a2e8,92b1,7fbe,d5de,
9391,0000,daad,39b9,7fbe,8770,
9392,5754,b2a9,4e55,7fbe,dce4,
9393,6355,a2e8,92b1,7fbe,86dc,
9394,a2ce,a2e8,0cce,7fbe,9e7f,
9395,3f85,a2e8,f3fe,7fbe,614f,
9396,7114,a2e8,92b1,7fbe,2fca,
9397,19d8,b26a,92b3,7fbe,53f4,
9398,e155,a2e8,92b1,7fbe,60fe,
9399,6155,a2e8,92b1,7fbe,c949,
9400,0000,86d3,8295,7fbe,0455,
9401,fa55,a2a8,f4e9,7fbe,6658,
9402,a1d3,c77f,f726,7fbe,6597,
9403,6114,a2e8,92b1,7fbe,a9db,
9404,2155,a2e8,92b1,7fbe,c00d,
9405,6195,a2e8,92b1,7fbe,01c7,
9406,6155,a2e8,92b1,7fbe,1cac,
9407,8d2d,a2e8,92b1,7fbe,e839,
9408,b050,a2e8,409b,7fbe,d22a,
9409,0000,efb6,aea3,77be,e1f8,
9410,6175,a2e8,92b1,7fbe,3ce3,
9411,40ca,a2e8,d0af,7fbe,421e,
9412,49b3,a264,92b5,7fbe,0964,
9413,635d,a4e8,90b1,7fbe,91f7,
9414,0000,a452,b0f9,7fbe,02a2,
9415,6155,a2e8,92b1,7fbe,e411,
9416,6155,a2e8,92b1,7fbe,817f,
9417,2543,a2e8,1abb,7fbe,880a,
9418,0000,ac8a,c7a5,7fbe,3b50,
9419,0000,614b,9ab5,7fbe,dbaf,
9420,0000,f961,96b9,7fbe,5799,
9421,4ac7,b2e9,9ab1,7fbe,7397,
9422,7394,b328,9231,7fbe,8ef8,
9423,2314,aee8,96b1,7fbe,9840,
9424,6155,a2e8,92b1,7fbe,0a18,
9425,e155,a2e8,92b1,7fbe,5222,
9426,c357,8337,b36e,7fbe,21df,
9427,534d,e2e8,0ded,7fbe,9f5c,
9428,7283,a2e8,92b1,7fbe,13d6,
9429,6252,15a3,9ab1,7fbe,a74a,
9430,fdb3,a2e8,8b7d,7fbe,19cc,
9431,f3c1,a2e8,84b5,7fbe,1604,
9432,53d9,a2e8,92b1,7fbe,2ae5,
9433,2713,a2e8,92b1,7fbe,44c6,
9434,6155,a2e8,92b1,7fbe,5dff,
9435,0000,a0e8,8a8b,7fbe,183a,
9436,6d34,b2e9,9ab1,7fbe,1658,
9437,0000,485f,8ab5,7fbe,d2bc,
9438,e7c1,a2e8,e606,7fbe,74b7,
9439,01db,a2e8,00d3,7fbe,9262,
9440,7955,a2e8,92b1,7fbe,2306,
9441,6574,a2e8,92b1,7fbe,3fd9,
9442,2676,ebea,d2b5,5fbe,dadf,
9443,9765,02f8,92b0,ffbe,49d6,
9444,6798,a2ec,92b1,7fbe,0647,
9445,7155,a2e8,92b1,7fbe,5a80,
9446,6945,a2e8,92b1,7fbe,5c77,
9447,7353,a2e8,92b1,7fbe,75a0,
9448,633f,a288,9291,7fbe,1ef9,
9449,6945,a2e8,8ed0,7fbe,1c61,
9450,a297,a2c8,92b1,7fbe,c7c3,
9451,7155,a2e8,92b1,7fbe,728e,
9452,47a9,8364,92b5,7fbe,e127,
9453,e7c7,a2e8,bbba,7fbe,290b,
9454,6155,a2e8,92b1,7fbe,c0cf,
9455,f155,a2e8,92b1,7fbe,0ac2,
9456,c397,a2e8,92b1,7fbe,a242,
9457,b054,a2e8,b520,7fbe,2791,
9458,0000,b2e8,f349,7fbe,61f8,
9459,6114,a2e8,92b1,7fbe,6a01,
9460,24d8,a2e8,e9ed,7fbe,7b5c,
9461,0000,a2e8,f707,7fbe,65b6,
9462,0000,879f,b7c6,7fbe,2577,
9463,7115,a2e8,92b1,7fbe,af2a,
9464,0000,14bb,36a3,7fbe,a412,
9465,6155,a2e8,92b1,7fbe,e706,
9466,615d,a2e8,92b1,7fbe,2d69,
9467,6175,a2e8,92b1,7fbe,3981,
9468,2155,a2e8,92b1,7fbe,4616,
9469,0000,9cf7,b039,7fbe,698f,
9470,70a1,a2e8,92b1,7fbe,01f4,
9471,8dc4,22e8,92b1,7fbe,7d80,
9472,0000,848a,9ae9,7fbe,3ed3,
9473,5342,a2e8,92b1,7fbe,f357,
9474,50ec,aa60,92f1,7fbe,b0d5,
9475,115b,a2f0,92b9,7fbe,6874,
9476,d52c,fb65,9ab1,7fbe,498c,
9477,0000,8591,12f1,7fbe,2fe8,
9478,0000,e0f9,86b1,7fbe,6a13,
9479,dc44,a2e8,92b1,7fbe,bd11,
9480,6155,a2e8,92b1,7fbe,e950,
9481,0000,ed40,32b1,7fbe,5fb9,
9482,3151,82e8,92b1,7fbe,60b5,
9483,159d,e2ec,b2b1,7fbe,6460,
9484,e45a,a2e8,27f5,7fbe,b544,
9485,a9f6,a2e8,25f7,7fbe,b746,
9486,0000,4360,92b1,7fbe,73fa,
9487,6155,a2e8,92b1,7fbe,a478,
9488,c794,a2e8,92b1,7fbe,b681,
9489,e312,a2e8,342f,7fbe,a69e,
9490,3d99,a2f9,12b1,7fbe,ee8a,
9491,7155,a2e8,92b1,7fbe,231f,
9492,0000,63ca,e970,7fbe,7bc1,
9493,6155,a2e8,92b1,7fbe,3504,
9494,6354,a2e8,92b1,7fbe,a7ba,
9495,0000,f7b2,c7eb,7fbe,555a,
9496,6155,a2e8,92b1,7fbe,14c4,
9497,6375,a2e8,92b1,7fbe,f1b0,
9498,0000,1712,9295,7fbe,bdb7,
9499,17d9,a2e0,92b1,7fbe,5494,
9500,29bc,82e8,92b1,7fbe,29ac,
9501,b27c,a2e8,92b1,7fbe,d329,
9502,6155,a2e8,92b1,7fbe,8614,
9503,6157,a2e8,92b1,7fbe,92f2,
9504,41d5,a2e8,92b1,7fbe,2c1a,
9505,6155,a2e8,92b1,7fbe,0c03,
9506,88bd,a2e8,92b1,7fbe,e9b9,
9507,45a5,8aea,82b1,7fbe,a49f,
9508,0000,8bc6,9a31,7ffe,5ccd,
9509,c11e,a2e8,c74b,7fbe,55fa,
9510,6145,a2e8,92b1,7fbe,97cf,
9511,90fb,a3f8,b2b9,7fbe,e301,
9512,0000,c334,92b1,7fbe,61a1,
9513,a55c,a8c8,96b1,7fbe,1b42,
9514,6115,a2e8,92b1,7fbe,b07d,
9515,6154,a2e8,92b1,7fbe,5db7,
9516,0eba,a2e8,92b1,7fbe,6eef,
9517,6155,a2e8,92b1,7fbe,6ae5,
9518,6144,a2e8,92b1,7fbe,3bd6,
9519,0000,ac09,d2b8,7fbe,efdb,
9520,8505,a2e8,fd51,7fbe,6fe0,
9521,0000,88ab,d8f2,7fbe,6a43,
9522,62c4,a3e8,6964,7fbe,fbd5,
9523,0000,ac47,d1a1,7fbe,eb87,
9524,096b,a2e8,92b1,7fbe,601e,
9525,f810,2a6b,92f0,7fbe,ce2d,
9526,0000,ffb1,b0b8,7fbe,194e,
9527,b354,20e8,3474,7fbe,a6c5,
9528,c257,a2e8,ff07,7fbe,6db6,
9529,82c7,82e8,92b1,7fbe,8684,
9530,7194,a2e8,92b1,7fbe,6f98,
9531,2182,a2e8,3fde,7fbe,ad6f,
9532,61d5,a2e8,92b1,7fbe,ec96,
9533,6155,a2e8,92b1,7fbe,c4ec,
9534,6155,a2e8,92b1,7fbe,75e6,
9535,3def,a2e8,92b1,7fbe,5cbf,
9536,f629,c357,9291,7fbe,61df,
9537,7110,a2e8,92b1,7fbe,271e,
9538,6055,a2e8,92b1,7fbe,b912,
9539,2155,a2e8,92b1,7fbe,45b1,
9540,ec64,a2e8,92b1,7fbe,8de1,
9541,6155,a2e8,92b1,7fbe,67a4,
9542,6c09,027f,82b5,7fbe,889f,
9543,7151,a2e8,92b1,7fbe,c930,
9544,0000,4c52,7c0b,7fbe,eeba,
9545,0000,81bb,93f5,7fbe,295b,
9546,fb01,a2e8,1d7d,7fbe,8fcc,
9547,6501,a2e8,c09e,7fbe,522f,
9548,2564,a2e8,92b1,7fbe,4471,
9549,6155,a2e8,92b1,7fbe,2c8e,
9550,0000,132b,d6b0,7fbe,3de0,
9551,4155,a2e8,92b1,7fbe,9f9b,
9552,6145,a2e8,92b1,7fbe,364c,
9553,6659,d8f9,b233,7fbe,2b15,
9554,298c,a2e8,c8b8,7fbe,5a09,
9555,0000,a2e8,8626,7fbe,1497,
9556,17c0,a2a9,9291,7fbe,4e17,
9557,0000,4c17,d7a2,7fbe,e6c8,
9558,050c,8c37,9ab1,7fbe,3e9f,
9559,4514,804c,92b1,7fbe,22a4,
9560,6f26,8044,b01c,7fbe,22ad,
9561,065e,8db1,96b0,7fbe,a75a,
9562,2155,a2e8,92b1,7fbe,cfb1,
9563,2154,a2e8,92b1,7fbe,ef07,
9564,3055,a2e8,92b1,7fbe,4cc8,
9565,e90c,934c,7d90,7fbe,ef21,
9566,b229,d99b,9ab5,7fbe,63fe,
9567,0000,2275,8785,7fbe,8e77,
9568,0000,b1a0,92b1,7fbe,8db8,
9569,1005,a228,92f1,7fbe,6fc8,
9570,0000,5bc0,c3f5,7fbe,13e4,
9571,e175,a2e8,92b1,7fbe,ce21,
9572,4157,a2e8,92b1,7fbe,b398,
9573,4b07,a2e8,1552,7fbe,87e3,
9574,6314,a2e8,92b1,7fbe,bf62,
9575,617d,a2e8,92b1,7fbe,aeaf,
9576,6155,a2e8,92b1,7fbe,661f,
9577,f142,a0e8,92b1,7fbe,9717,
9578,6155,a2e8,92b1,7fbe,cd68,
9579,0000,14a6,9b92,7fbe,a429,
9580,b157,a2e8,92b1,7fbe,d40a,
9581,6145,a2e8,92b1,7fbe,d69f,
9582,6d5d,22e9,12b1,7fbe,aff9,
9583,6055,a2e8,92b1,7fbe,666b,
9584,56bc,a2e8,92b1,7fbe,3369,
9585,1275,5c5c,d291,7fbe,1adc,
9586,6155,a2e8,92b1,7fbe,65dd,
9587,d17e,e2a8,92b1,7fbe,d23f,
9588,2155,a2e8,92b1,7fbe,1e10,
9589,3e49,a3e8,92b1,7fbe,7d9e,
9590,2025,8aa8,82f1,7fbe,4da4,
9591,df79,a2e8,92b1,7fbe,be2c,
9592,a470,a1e8,93b1,7fbe,a47d,
9593,0000,6e93,5ece,7fbe,cc7f,
9594,6155,a2e8,92b1,7fbe,8ce2,
9595,0308,f2e9,abb1,7f3e,c309,
9596,5362,ba8a,b1a1,7fbe,2310,
9597,7345,a2e8,92b1,7fbe,4643,
9598,0000,a2c8,fe7e,7fbe,6ccf,
9599,3a70,b2a8,9a91,7fbe,927d,
9600,0963,a2e8,92b1,7fbe,7832,
9601,1505,8580,1291,7fbe,e319,
9602,6155,a2e8,92b1,7fbe,dda9,
9603,6155,a2e8,92b1,7fbe,f3ac,
9604,6155,a2e8,92b1,7fbe,9958,
9605,0000,a378,9321,7fbe,0190,
9606,ef6d,7678,4621,7fbe,d490,
9607,6155,a2e8,92b1,7fbe,d741,
9608,0000,c54f,f7b1,7dbe,c397,
9609,c095,a2e8,2344,7fbe,b1f5,
9610,7155,a2e8,92b1,7fbe,64b2,
9611,2d98,9220,82b5,7fbe,85ef,
9612,61d5,a2e8,92b1,7fbe,c2b9,
9613,6155,a2e8,92b1,7fbe,1a1f,
9614,0000,3ffe,10a1,7fbe,db27,
9615,6155,a2e8,92b1,7fbe,55e2,
9616,51d5,a2e8,92b1,7fbe,583d,
9617,0924,32a1,d2f1,7fbe,5089,
9618,0000,287a,92b1,7fbe,a31c,
9619,0000,82e0,11c6,7fbe,8377,
9620,28db,0453,c3e5,7fbe,0597,
9621,b553,a2e8,92b1,7fbe,d404,
9622,0000,65d8,5581,7fbe,c730,
9623,0000,5792,bab1,7fbe,857b,
9624,04e4,00cb,d3d0,7f9e,3bc9,
9625,9d86,b2e8,b5fb,7fbe,274a,
9626,6117,a2e8,92b1,7fbe,3430,
9627,0000,bae9,9ab1,7fbe,6c40,
9628,0000,8468,92b1,7fbe,5bd2,
9629,6115,a2e8,92b1,7fbe,0685,
9630,0000,a2e8,b63c,7fbe,248d,
9631,5854,a2e8,92b1,7fbe,3901,
9632,53d1,80e8,93b1,7fbe,3d49,
9633,1272,a2e8,92b1,7fbe,7b27,
9634,c587,a2e8,fdb7,7fbe,6f06,
9635,45a2,e768,92f0,7fbe,c541,
9636,a544,be84,92a3,7fbe,9e50,
9637,6155,a2e8,92b1,7fbe,0ff7,
9638,6957,a2e8,92b1,7fbe,ea04,
9639,6b74,a2e8,92b1,7fbe,251c,
9640,5bb8,9516,12b5,7fbe,36e7,
9641,2c77,a0f8,92b1,7fbe,1d3f,
9642,6151,a2e8,92b1,7fbe,ef22,
9643,7155,a2e8,92b1,7fbe,3260,
9644,253e,a2e8,cb32,7fbe,5983,
9645,e093,a2e8,eedb,7fbe,7c6a,
9646,3860,abec,8335,7f3e,4549,
9647,54d1,a2e8,0893,7fbe,9a22,
9648,6135,a2e8,1143,7fbe,83f2,
9649,0000,bf37,96a2,7fbe,95e8,
9650,0000,a2a9,92b1,7fbe,8186,
9651,0000,e407,bab1,7fbe,1eee,
9652,2d7d,62e9,12b1,7fbe,43e8,
9653,611d,a2ec,92b1,7fbe,ca29,
9654,9198,8730,b233,7fbe,449c,
9655,6115,a2e8,92b1,7fbe,7cbb,
9656,2e05,b966,e3f5,5fbe,8d6b,
9657,e0f1,a2e8,92b1,7fbe,d987,
9658,ff39,a2e8,721b,7fbe,e0aa,
9659,0000,83cd,b3b4,7fbe,2105,
9660,6147,a2e8,92b1,7fbe,2d7f,
9661,7b15,bae8,9ab1,7fbe,ee26,
9662,6932,a288,9291,7fbe,0a55,
9663,0000,52d1,16c0,7fbe,3ce8,
9664,dfd8,c2ec,b2b1,7fbe,fe5e,
9665,a9c5,e2e8,92b1,7fbe,85bb,
9666,51d5,a2e8,92b1,7fbe,a35e,
9667,5f66,a2e8,92b1,7fbe,3e33,
9668,0000,87b3,5337,7fbe,a6c2,
9669,e175,a2e8,92b1,7fbe,fcb3,
9670,2145,a2e8,92b1,7fbe,f603,
9671,0000,3259,9785,7fbe,3cef,
9672,e193,a288,9291,7fbe,0a53,
9673,6155,a2e8,92b1,7fbe,d88a,
9674,5301,a2e8,461d,7fbe,d4ac,
9675,6115,a2e8,92b1,7fbe,93ac,
9676,7136,a2e8,4b13,7fbe,d9a2,
9677,0000,a564,0ab3,7fbe,a6ce,
9678,6705,aac8,96b1,7fbe,0b26,
9679,2010,2ae9,16b1,7fbe,34b5,
9680,0000,bc1e,9391,7fbe,5816,
9681,090b,a2e8,92b1,7fbe,6c7c,
9682,65f5,a248,92f1,7fbe,fbae,
9683,0000,af50,243c,7fbe,c136,
9684,12c9,a3fc,92b9,7fbe,dde9,
9685,6155,a2e8,92b1,7fbe,f634,
9686,6117,a2e8,92b1,7fbe,266f,
9687,a85a,a2e8,92b1,7fbe,cd0f,
9688,7355,a2e8,92b1,7fbe,2a52,
9689,6684,a2e8,d92c,7fbe,4b9d,
9690,0000,f1bf,d281,7fbe,f536,
9691,6050,a2e8,850b,7fbe,17ba,
9692,0000,a526,857f,7fbe,17ce,
9693,7155,a2e8,92b1,7fbe,a1a2,
9694,6055,a2e8,92b1,7fbe,ea19,
9695,0000,1ef9,3de0,7fbe,af51,
9696,707e,b2e8,92b1,7fbe,3129,
9697,7175,a2e8,92b1,7fbe,171d,
9698,67dc,a3fe,82b1,7fbe,3114,
9699,41ae,92e8,82b1,7fbe,adbf,
9700,6155,a2e8,92b1,7fbe,da23,
9701,0000,0302,131a,7fbe,81ab,
9702,6115,a2e8,92b1,7fbe,3fe6,
9703,0000,a2e8,d28a,7fbe,403b,
9704,5148,a2e8,6a1b,7fbe,f8aa,
9705,f375,a2e8,92b1,7fbe,2adc,
9706,f903,a2e8,92b1,7fbe,985e,
9707,6145,a2e8,92b1,7fbe,2d0b,
9708,6155,a2e8,92b1,7fbe,f57b,
9709,fa31,0247,96b1,7fbe,2aaf,
9710,0000,03c9,3390,7fbe,a121,
9711,0000,99c8,a991,7fbe,3b20,
9712,3895,a2e8,92b1,7fbe,59c0,
9713,0000,a2c4,9a63,7fbe,b9d8,
9714,6917,a2e8,92b1,7fbe,1f0e,
9715,f512,c2ec,b2b1,7fbe,a6cd,
9716,6155,a2e8,92b1,7fbe,3f66,
9717,6115,a2e8,92b1,7fbe,8ec3,
9718,6157,a2e8,92b1,7fbe,abd5,
9719,6145,a2e8,92b1,7fbe,87f3,
9720,0000,f797,92b4,7fbe,5575,
9721,0000,60cc,9a90,7fbe,5e27,
9722,6090,53ba,93b1,7fbe,d3d2,
9723,0788,a2e8,c122,7fbe,5393,
9724,ee97,a2e8,92b1,7fbe,8fca,
9725,6155,a2e8,92b1,7fbe,612b,
9726,0221,02e8,d2b1,7fbe,7a9b,
9727,2c8e,3ca1,97b0,7fbe,b74b,
9728,e155,a2e8,92b1,7fbe,7c38,
9729,6155,a2e8,92b1,7fbe,5438,
9730,0dcb,c084,a211,7fbe,1328,
9731,5120,a2e8,1874,7fbe,8ac5,
9732,b778,a2e8,11af,7fbe,831e,
9733,0000,4b0b,94b1,7fbe,65f3,
9734,e4d5,e2e8,92b1,7fbe,8611,
9735,6115,a2e8,92b1,7fbe,c448,
9736,e952,9a64,82b5,7fbe,acdf,
9737,6db3,a2c9,92b4,7fbc,3f02,
9738,4155,a2e8,92b1,7fbe,3674,
9739,e2c5,a0e0,93b1,7fbe,97a0,
9740,7151,a2e8,92b1,7fbe,8acc,
9741,f4d1,ddd4,90bb,7fbe,6962,
9742,615d,a2e8,92b1,7fbe,1cd1,
9743,0540,22ea,92b1,7fbe,d5e9,
9744,7105,a2e8,92b1,7fbe,d388,
9745,2155,a2e8,92b1,7fbe,a289,
9746,6175,a2e8,92b1,7fbe,6f01,
9747,e076,a269,92b1,7fbe,d413,
9748,0dc9,aee5,a2b1,7fbe,5c0d,
9749,1cb2,a9d0,ba91,7fbe,5359,
9750,6145,a2e8,92b1,7fbe,bd07,
9751,751c,a2e8,51d8,7fbe,c369,
9752,6145,a2e8,92b1,7fbe,1333,
9753,0000,a2e8,2f40,7fbe,bdf1,
9754,f155,a2e8,92b1,7fbe,3beb,
9755,97e4,a2a9,1291,7fbe,1281,
9756,4753,a2e8,9764,7fbe,05d5,
9757,0000,9184,93b1,7fbe,8a71,
9758,0000,aae8,0578,7fbe,97c9,
9759,3a29,66a9,1291,7fbe,ba31,
9760,0017,7bbc,9ab1,7fbe,c955,
9761,7155,a2e8,92b1,7fbe,2c71,
9762,1247,8268,8dab,7fbe,1f1a,
9763,8570,b206,82b5,7fbe,30e6,
9764,93fe,b695,86cc,7fbe,147d,
9765,3005,80e0,93b1,7fbe,7e93,
9766,11c9,a2e8,92b1,7fbe,f0ec,
9767,e0f3,a2e8,92b1,7fbe,85a6,
9768,0000,e847,d782,7fbe,a64b,
9769,6744,a2c8,92a1,7fbe,bd9f,
9770,6155,a2e8,92b1,7fbe,b124,
9771,d348,a2e8,b14f,7fbe,23fe,
9772,6155,a2e8,92b1,7fbe,ddfd,
9773,6165,a2e8,92b1,7fbe,4770,
9774,4955,a2e8,92b1,7fbe,3277,
9775,3277,7605,9ab1,7fbe,c4ed,
9776,0000,8268,5dc0,7fbe,cf71,
9777,aa5e,a2e8,63d2,7fbe,f163,
9778,ca78,61ce,93b1,7fbe,c1a6,
9779,6155,a2e8,92b1,7fbe,8a58,
9780,5118,b2a8,92b9,7fba,d73f,
9781,5315,e2ab,92b1,7fbe,4043,
9782,375e,3a61,97b0,7fbe,96ab,
9783,7141,a2e8,92b1,7fbe,88d0,
9784,6155,a2e8,92b1,7fbe,876a,
9785,0000,e562,d6a8,7fbe,8cb9,
9786,4a23,a0c0,92a9,7fbe,8df4,
9787,6557,a2e8,92b1,7fbe,5f83,
9788,89d5,39c0,92b1,7fbe,9b28,
9789,01b9,a2e8,92b1,7fbe,60fc,
9790,e956,bae8,9ab1,7fbe,8a4d,
9791,180f,c850,82f1,7fbe,d830,
9792,7708,a2e8,92b1,7fbe,165d,
9793,0000,ec7c,dc26,7fbe,4e97,
9794,0000,246e,87a7,7fbe,b52a,
9795,2484,2ae8,96b1,7fbe,dd59,
9796,71d5,a2e8,92b1,7fbe,ca7e,
9797,b496,4de1,7d98,7fbe,ef29,
9798,8545,a2e9,56c3,7fbe,c472,
9799,be5d,94ac,d3a1,7fbe,9475,
9800,6545,a2e8,92b1,7fbe,365f,
9801,6115,a2e8,92b1,7fbe,174c,
9802,0000,add5,9c8c,7fbe,0e3d,
9803,0000,1a45,1335,7f3e,7973,
9804,6144,a2e8,92b1,7fbe,519e,
9805,f39b,a2e8,92b1,7fbe,968f,
9806,61d7,a2e8,92b1,7fbe,c899,
9807,88e4,a2e9,bd30,7fbe,2f81,
9808,fee3,a2e8,92b1,7fbe,9ff7,
9809,6515,a2e8,92b1,7fbe,ed4e,
9810,6155,a2e8,92b1,7fbe,c3d6,
9811,7915,a2e8,92b1,7fbe,ed36,
9812,40f9,be14,90b1,7fbe,5afc,
9813,0000,baa8,9ab1,7fbe,ea63,
9814,7153,aaea,92b1,7fbe,ca12,
9815,6144,e7e8,90b1,7fbe,30d6,
9816,7977,a2e8,149f,7fbe,862e,
9817,ad8c,a2e8,92b1,7fbe,ced9,
9818,6110,a2e8,dc6e,7fbe,4edf,
9819,6151,a2e8,c06d,7fbe,52dc,
9820,0000,77b3,92a5,7fbe,d5f9,
9821,6115,a2e8,92b1,7fbe,de82,
9822,3443,a2e9,92b1,7fbe,ebc0,
9823,abf7,2241,1218,7fbe,80a9,
9824,6115,a2e8,92b1,7fbe,7aa1,
9825,fe18,b2a6,86b3,77be,dc09,
9826,7954,a2e8,92b1,7fbe,8f8a,
9827,0000,7404,a3b5,7fbe,95e0,
9828,6155,a2e8,92b1,7fbe,4679,
9829,2011,ae17,92b1,7fbe,0cff,
9830,6115,a2e8,92b1,7fbe,196e,
9831,e9e7,a2e8,92b1,7fbe,88b2,
9832,60d5,a2e8,b4dd,7fbe,266c,
9833,0000,d22d,c7e4,7fbe,9867,
9834,4155,a2e8,92b1,7fbe,eb2f,
9835,6155,a2e8,92b1,7fbe,381e,
9836,7155,a2e8,92b1,7fbe,6f17,
9837,9f52,92ea,82b1,7fbe,2ab7,
9838,6155,a2e8,92b1,7fbe,f235,
9839,0000,5aac,f2f1,3fbe,6f8e,
9840,e220,92e8,82b1,7fbe,9355,
9841,6155,a2e8,92b1,7fbe,db74,
9842,a048,a2e8,92b1,7fbe,c91d,
9843,7055,a2e8,92b1,7fbe,3bd2,
9844,5cf6,aaea,625f,7fbe,f0ee,
9845,19ac,a2e8,aab0,7fbe,3801,
9846,4cd5,a2e8,39cc,7fbe,ab7d,
9847,08f6,a3c8,92b1,7fbe,f636,
9848,63d4,2c60,92b1,7fbe,8e88,
9849,6957,a2e8,92b1,7fbe,6d23,
9850,6155,a2e8,92b1,7fbe,20e6,
9851,0589,62e8,d2b1,7fbe,ecfc,
9852,6155,a2e8,92b1,7fbe,b916,
9853,7155,a2e8,92b1,7fbe,ed94,
9854,1247,8268,8dab,7fbe,1f1a,
9855,4302,83cc,8236,7fbc,29d3,
9856,6155,a2e8,92b1,7fbe,bd02,
9857,0000,97be,b0a9,7fbe,7276,
9858,5115,a2e8,92b1,7fbe,65b7,
9859,6155,a2e8,92b1,7fbe,ea60,
9860,8dd0,e3ec,af86,7fbe,3d37,
9861,0000,95df,92bb,7fbe,376b,
9862,6155,a2e8,92b1,7fbe,cfd5,
9863,6155,a2e8,92b1,7fbe,0352,
9864,0000,6229,96a7,7fbe,dc75,
9865,0974,261c,92b1,7fbe,84f4,
9866,f155,a2e8,92b1,7fbe,e789,
9867,6955,a2e8,92b1,7fbe,51f7,
9868,6554,a288,9291,7fbe,c4b6,
9869,0000,a2e8,4be5,7fbe,d954,
9870,6355,a2e8,92b1,7fbe,8bbc,
9871,2bb1,a2e8,da08,7fbe,48b9,
9872,8023,a2e8,cf26,7fbe,5d97,
9873,6355,a2e8,92b1,7fbe,e8bc,
9874,270d,20e8,d2b1,7fbe,669a,
9875,4115,a2e8,92b1,7fbe,569c,
9876,2979,62e0,d2b1,7fbe,960b,
9877,e133,92e8,82b1,7fbe,162e,
9878,e154,a3ac,9233,7fbe,493f,
9879,6555,a2e8,92b1,7fbe,7ab2,
9880,6155,a2e8,92b1,7fbe,08c2,
9881,0000,5de4,b631,7fbe,6d4a,
9882,4be6,a2e8,320a,7fbe,a0bb,
9883,8d9f,a2e8,92b1,7fbe,6cca,
9884,eb6b,a2e8,92b1,7fbe,8a7e,
9885,0000,fa7c,b235,7fbe,2998,
9886,611d,a2e8,92b1,7fbe,b139,
9887,e155,a2e8,92b1,7fbe,d4b7,
9888,f918,a2e8,92b1,7fbe,9c4d,
9889,6155,a2e8,92b1,7fbe,8b58,
9890,c51c,a368,9233,7fbe,4e75,
9891,0955,a2e8,92b1,7fbe,df1e,
9892,8839,8646,f3a1,7fbe,4586,
9893,0000,a683,1680,7fbe,0c09,
9894,2045,a2e8,92b1,7fbe,d09f,
9895,6114,a2e8,92b1,7fbe,21fd,
9896,6955,a2e8,92b1,7fbe,0520,
9897,597c,b3aa,93b9,7fbe,125a,
9898,6b45,a2a9,e524,7fbe,7795,
9899,6195,a2e8,92b1,7fbe,3196,
9900,0000,ad6a,92f1,7fbe,0f62,
9901,0015,a2e8,92b1,7fbe,85c8,
9902,0000,6bc8,92b1,7fbe,6df6,
9903,612c,a2a8,9291,7fbe,05f6,
9904,2155,a2e8,92b1,7fbe,64d5,
9905,0000,be23,92b1,7fbe,1ccb,
9906,6c21,a2e8,92b1,7fbe,0d34,
9907,0000,ca59,fa00,7fbe,68b1,
9908,60d0,a2e8,e990,7fbe,7b21,
9909,5cd1,a2e8,92b1,7fbe,3d84,
9910,8456,c3e8,b231,7fbe,a0b9,
9911,0000,de0c,309c,7fbe,59a3,
9912,0459,a2e8,b319,7fbe,21a8,
9913,7857,a268,e518,7fbe,77a9,
9914,6155,a2e8,92b1,7fbe,f655,
9915,0000,f500,b229,7fbe,62bc,
9916,113c,a2ed,92b1,7fbe,664e,
9917,211d,a2e8,92b1,7fbe,7960,
9918,fd39,a2e8,6f40,7fbe,fdf1,
9919,6994,a268,92b1,7fbe,d758,
9920,6155,a2e8,92b1,7fbe,d95e,
9921,335d,a2e0,92b5,7fbe,7caa,
9922,a306,22d2,9ab1,7fbe,983b,
9923,0000,a2e8,c4c2,7fbe,5673,
9924,6155,a2e8,92b1,7fbe,440c,
9925,833d,a2e8,13b1,7fbe,8100,
9926,6145,a2e8,92b1,7fbe,6651,
9927,0000,e2e8,92b1,7fbe,54fe,
9928,6115,a2e8,92b1,7fbe,ba0e,
9929,d4ee,a2e8,92b1,7fbe,b7b3,
9930,231f,a0e2,93b5,7fbe,42e1,
9931,6115,a2e8,92b1,7fbe,bee0,
9932,6114,a2e8,92b1,7fbe,2fe2,
9933,0000,e589,9299,7fbe,4739,
9934,353a,a2e8,209a,7fbe,b22b,
9935,6155,a2e8,92b1,7fbe,926c,
9936,23f5,a2ad,92b3,7fbe,e053,
9937,61d7,e2e8,b2b1,7fbe,af1e,
9938,f145,a2e8,92b1,7fbe,904b,
9939,7cae,a2e8,92b1,7fbe,4dfb,
9940,b506,b364,9235,7fbe,0d3e,
9941,0000,f134,0891,7fbe,e98d,
9942,6155,a2e8,92b1,7fbe,9a86,
9943,6115,a2e8,92b1,7fbe,67fd,
9944,6115,a2e8,92b1,7fbe,6c38,
9945,6145,a2e8,92b1,7fbe,19cb,
9946,6175,a2e8,92b1,7fbe,49f2,
9947,6d12,8ae8,82b1,7fbe,3f5d,
9948,71d5,a2e8,92b1,7fbe,d236,
9949,a72d,a2e8,92b1,7fbe,c238,
9950,6155,a2e8,92b1,7fbe,9995,
9951,aa65,a2ee,92b3,7fbe,322e,
9952,3cff,a2e8,92b1,7fbe,7daa,
9953,fb48,a2c8,5d22,7fbe,cf93,
9954,e316,3acc,c9f6,7fbe,5b47,
9955,7d46,2daf,92b1,7fbe,8f47,
9956,0000,c07e,92b1,7fbe,6296,
9957,2555,a2e8,92b1,7fbe,8cd5,
9958,11ef,a2e8,c13e,7fbe,538f,
9959,4390,a6eb,90b0,7fbe,2b12,
9960,6514,a2e8,92b1,7fbe,a2e2,
9961,61c4,82e9,8ab1,7fbe,f497,
9962,6454,a2e8,0007,7fbe,92b6,
9963,1005,a228,92f1,7fbe,6fc8,
9964,0000,f381,9233,7fbe,406f,
9965,8d65,eed0,d6a1,7fbe,1aa5,
9966,dc17,59f3,b2f9,7fbe,ba8b,
9967,7776,a2e8,1122,7fbe,8393,
9968,71c1,a2e8,92b1,7fbe,b475,
9969,6155,a2e8,92b1,7fbe,32a1,
9970,0000,4399,cbe5,7fbe,91a8,
9971,554f,a2e8,7e83,7fbe,ec32,
9972,8aac,a2e8,92b1,7fbe,ebe9,
9973,0000,53b7,8bf5,7fbe,d3b3,
9974,7151,a2e8,92b1,7fbe,0307,
9975,415d,a2e8,92b1,7fbe,35fe,
9976,fd04,2ac8,92b1,7fbe,1641,
9977,7155,a2e8,92b1,7fbe,00f4,
9978,0000,dec7,c7a5,7fbe,f201,
9979,7111,a2e8,92b1,7fbe,cbdd,
9980,fe55,a2e8,b844,7fbe,2af5,
9981,7153,a2e8,92b1,7fbe,4c28,
9982,6051,a2e8,92b1,7fbe,aace,
9983,64c8,8a68,82b1,7fbe,aa17,
9984,23d5,a2e8,3305,7fbe,a1b4,
9985,db75,a2e8,854d,7fbe,17fc,
9986,6155,a2e8,92b1,7fbe,00ed,
9987,24c0,a1e8,93b1,7fbe,2861,
9988,2145,a2e8,92b1,7fbe,b5de,
9989,3ae6,a2e8,92b1,7fbe,5ab3,
9990,6515,a2e8,92b1,7fbe,4f44,
9991,6145,a2e8,92b1,7fbe,e7e4,
9992,0000,cd30,fb03,7fbe,97f0,
9993,6555,a2e8,92b1,7fbe,3ad4,
9994,015d,2160,d3b1,7fbe,24a7,
9995,51ed,a2e8,92b1,7fbe,20b8,
9996,baff,c2e8,b2b1,7fbe,fdeb,
9997,6355,a2e8,92b1,7fbe,49f1,
9998,162a,a2e8,92b1,7fbe,675b,
9999,615d,a2e8,92b1,7fbe,9ef1,
10000,6155,a2e8,92b1,7fbe,9aa2,
