trial,k28,k29,k30,k31,sfll,
1,6155,a2e8,92b1,7fbe,50d0,
2,6155,a2e8,92b1,7fbe,8e06,
3,6155,a2e8,92b1,7fbe,29d2,
4,6155,a2e8,92b1,7fbe,7a60,
5,6155,a2e8,92b1,7fbe,34b9,
6,6155,a2e8,92b1,7fbe,4997,
7,6155,a2e8,92b1,7fbe,d016,
8,6155,a2e8,92b1,7fbe,59d5,
9,6155,a2e8,92b1,7fbe,11d0,
10,6155,a2e8,92b1,7fbe,27c0,
11,6155,a2e8,92b1,7fbe,0593,
12,6155,a2e8,92b1,7fbe,c14c,
13,6155,a2e8,92b1,7fbe,49ff,
14,6155,a2e8,92b1,7fbe,1cf8,
15,6155,a2e8,92b1,7fbe,f3df,
16,6155,a2e8,92b1,7fbe,a3a0,
17,6155,a2e8,92b1,7fbe,9ab4,
18,6155,a2e8,92b1,7fbe,8344,
19,6155,a2e8,92b1,7fbe,bfb1,
20,6155,a2e8,92b1,7fbe,7d70,
21,6155,a2e8,92b1,7fbe,1df6,
22,6155,a2e8,92b1,7fbe,eea1,
23,6155,a2e8,92b1,7fbe,16a8,
24,6155,a2e8,92b1,7fbe,dbd0,
25,6155,a2e8,92b1,7fbe,55bc,
26,6155,a2e8,92b1,7fbe,9d12,
27,6155,a2e8,92b1,7fbe,caab,
28,6155,a2e8,92b1,7fbe,0a79,
29,6155,a2e8,92b1,7fbe,b7ea,
30,6155,a2e8,92b1,7fbe,78c4,
31,6155,a2e8,92b1,7fbe,dcef,
32,6155,a2e8,92b1,7fbe,04c6,
33,6155,a2e8,92b1,7fbe,876d,
34,6155,a2e8,92b1,7fbe,6eac,
35,6155,a2e8,92b1,7fbe,19d1,
36,6155,a2e8,92b1,7fbe,4b2b,
37,6155,a2e8,92b1,7fbe,710f,
38,6155,a2e8,92b1,7fbe,2549,
39,6155,a2e8,92b1,7fbe,f6ad,
40,6155,a2e8,92b1,7fbe,5c25,
41,6155,a2e8,92b1,7fbe,b6c5,
42,6155,a2e8,92b1,7fbe,60f2,
43,6155,a2e8,92b1,7fbe,4a9a,
44,6155,a2e8,92b1,7fbe,ea44,
45,6155,a2e8,92b1,7fbe,9336,
46,6155,a2e8,92b1,7fbe,a9f7,
47,6155,a2e8,92b1,7fbe,0e06,
48,6155,a2e8,92b1,7fbe,71a3,
49,6155,a2e8,92b1,7fbe,2c41,
50,6155,a2e8,92b1,7fbe,754b,
51,6155,a2e8,92b1,7fbe,ec4d,
52,6155,a2e8,92b1,7fbe,c62e,
53,6155,a2e8,92b1,7fbe,a96a,
54,6155,a2e8,92b1,7fbe,4aca,
55,6155,a2e8,92b1,7fbe,4be5,
56,6155,a2e8,92b1,7fbe,9784,
57,6155,a2e8,92b1,7fbe,d267,
58,6155,a2e8,92b1,7fbe,ed76,
59,6155,a2e8,92b1,7fbe,b2b6,
60,6155,a2e8,92b1,7fbe,e05c,
61,6155,a2e8,92b1,7fbe,fc1e,
62,6155,a2e8,92b1,7fbe,b4ac,
63,6155,a2e8,92b1,7fbe,3c9b,
64,6155,a2e8,92b1,7fbe,898e,
65,6155,a2e8,92b1,7fbe,3821,
66,6155,a2e8,92b1,7fbe,c87a,
67,6155,a2e8,92b1,7fbe,0ea2,
68,6155,a2e8,92b1,7fbe,67eb,
69,6155,a2e8,92b1,7fbe,615d,
70,6155,a2e8,92b1,7fbe,2d12,
71,6155,a2e8,92b1,7fbe,3c64,
72,6155,a2e8,92b1,7fbe,5286,
73,6155,a2e8,92b1,7fbe,319c,
74,6155,a2e8,92b1,7fbe,1573,
75,6155,a2e8,92b1,7fbe,6728,
76,6155,a2e8,92b1,7fbe,393b,
77,6155,a2e8,92b1,7fbe,b09f,
78,6155,a2e8,92b1,7fbe,18dd,
79,6155,a2e8,92b1,7fbe,d3f8,
80,6155,a2e8,92b1,7fbe,1b4f,
81,6155,a2e8,92b1,7fbe,076a,
82,6155,a2e8,92b1,7fbe,0ab1,
83,6155,a2e8,92b1,7fbe,0f54,
84,6155,a2e8,92b1,7fbe,5a66,
85,6155,a2e8,92b1,7fbe,208e,
86,6155,a2e8,92b1,7fbe,6955,
87,6155,a2e8,92b1,7fbe,f488,
88,6155,a2e8,92b1,7fbe,97bb,
89,6155,a2e8,92b1,7fbe,905d,
90,6155,a2e8,92b1,7fbe,0ba2,
91,6155,a2e8,92b1,7fbe,b879,
92,6155,a2e8,92b1,7fbe,b094,
93,6155,a2e8,92b1,7fbe,f25f,
94,6155,a2e8,92b1,7fbe,6a29,
95,6155,a2e8,92b1,7fbe,432a,
96,6155,a2e8,92b1,7fbe,78b8,
97,6155,a2e8,92b1,7fbe,b20a,
98,6155,a2e8,92b1,7fbe,4b1a,
99,6155,a2e8,92b1,7fbe,606f,
100,6155,a2e8,92b1,7fbe,b187,
101,6155,a2e8,92b1,7fbe,a28e,
102,6155,a2e8,92b1,7fbe,9d59,
103,6155,a2e8,92b1,7fbe,e25a,
104,6155,a2e8,92b1,7fbe,81f5,
105,6155,a2e8,92b1,7fbe,4831,
106,6155,a2e8,92b1,7fbe,3651,
107,6155,a2e8,92b1,7fbe,edc2,
108,6155,a2e8,92b1,7fbe,5ca2,
109,6155,a2e8,92b1,7fbe,08ec,
110,6155,a2e8,92b1,7fbe,5e73,
111,6155,a2e8,92b1,7fbe,8425,
112,6155,a2e8,92b1,7fbe,f35c,
113,6155,a2e8,92b1,7fbe,f772,
114,6155,a2e8,92b1,7fbe,cd97,
115,6155,a2e8,92b1,7fbe,4c25,
116,6155,a2e8,92b1,7fbe,1e83,
117,6155,a2e8,92b1,7fbe,ef05,
118,6155,a2e8,92b1,7fbe,32b8,
119,6155,a2e8,92b1,7fbe,5fe1,
120,6155,a2e8,92b1,7fbe,a510,
121,6155,a2e8,92b1,7fbe,0cc8,
122,6155,a2e8,92b1,7fbe,ad87,
123,6155,a2e8,92b1,7fbe,91d6,
124,6155,a2e8,92b1,7fbe,76d3,
125,6155,a2e8,92b1,7fbe,cc2d,
126,6155,a2e8,92b1,7fbe,0cc5,
127,6155,a2e8,92b1,7fbe,d967,
128,6155,a2e8,92b1,7fbe,6568,
129,6155,a2e8,92b1,7fbe,2e91,
130,6155,a2e8,92b1,7fbe,853a,
131,6155,a2e8,92b1,7fbe,08f5,
132,6155,a2e8,92b1,7fbe,cdca,
133,6155,a2e8,92b1,7fbe,9f5b,
134,6155,a2e8,92b1,7fbe,45f4,
135,6155,a2e8,92b1,7fbe,ff5a,
136,6155,a2e8,92b1,7fbe,eeff,
137,6155,a2e8,92b1,7fbe,a15f,
138,6155,a2e8,92b1,7fbe,0e8c,
139,6155,a2e8,92b1,7fbe,4265,
140,6155,a2e8,92b1,7fbe,dcb4,
141,6155,a2e8,92b1,7fbe,d74e,
142,6155,a2e8,92b1,7fbe,5dbd,
143,6155,a2e8,92b1,7fbe,c561,
144,6155,a2e8,92b1,7fbe,1268,
145,6155,a2e8,92b1,7fbe,1f11,
146,6155,a2e8,92b1,7fbe,fa9b,
147,6155,a2e8,92b1,7fbe,62a8,
148,6155,a2e8,92b1,7fbe,8b85,
149,6155,a2e8,92b1,7fbe,7aaf,
150,6155,a2e8,92b1,7fbe,92c3,
151,6155,a2e8,92b1,7fbe,0fd4,
152,6155,a2e8,92b1,7fbe,cf92,
153,6155,a2e8,92b1,7fbe,4d05,
154,6155,a2e8,92b1,7fbe,eedb,
155,6155,a2e8,92b1,7fbe,de8a,
156,6155,a2e8,92b1,7fbe,7564,
157,6155,a2e8,92b1,7fbe,67b4,
158,6155,a2e8,92b1,7fbe,ca29,
159,6155,a2e8,92b1,7fbe,7f65,
160,6155,a2e8,92b1,7fbe,5066,
161,6155,a2e8,92b1,7fbe,dbe1,
162,6155,a2e8,92b1,7fbe,3c4a,
163,6155,a2e8,92b1,7fbe,119f,
164,6155,a2e8,92b1,7fbe,a35d,
165,6155,a2e8,92b1,7fbe,8759,
166,6155,a2e8,92b1,7fbe,7995,
167,6155,a2e8,92b1,7fbe,b79b,
168,6155,a2e8,92b1,7fbe,aabb,
169,6155,a2e8,92b1,7fbe,fbf8,
170,6155,a2e8,92b1,7fbe,3664,
171,6155,a2e8,92b1,7fbe,b2fb,
172,6155,a2e8,92b1,7fbe,f900,
173,6155,a2e8,92b1,7fbe,eb3c,
174,6155,a2e8,92b1,7fbe,a0bb,
175,6155,a2e8,92b1,7fbe,e023,
176,6155,a2e8,92b1,7fbe,5ca7,
177,6155,a2e8,92b1,7fbe,c2c5,
178,6155,a2e8,92b1,7fbe,ad9e,
179,6155,a2e8,92b1,7fbe,e8d5,
180,6155,a2e8,92b1,7fbe,9cb7,
181,6155,a2e8,92b1,7fbe,b98d,
182,6155,a2e8,92b1,7fbe,d208,
183,6155,a2e8,92b1,7fbe,ef60,
184,6155,a2e8,92b1,7fbe,a974,
185,6155,a2e8,92b1,7fbe,5151,
186,6155,a2e8,92b1,7fbe,9523,
187,6155,a2e8,92b1,7fbe,6392,
188,6155,a2e8,92b1,7fbe,29f2,
189,6155,a2e8,92b1,7fbe,7407,
190,6155,a2e8,92b1,7fbe,b33a,
191,6155,a2e8,92b1,7fbe,73e5,
192,6155,a2e8,92b1,7fbe,166c,
193,6155,a2e8,92b1,7fbe,d829,
194,6155,a2e8,92b1,7fbe,58bd,
195,6155,a2e8,92b1,7fbe,264a,
196,6155,a2e8,92b1,7fbe,0939,
197,6155,a2e8,92b1,7fbe,82d8,
198,6155,a2e8,92b1,7fbe,4a1d,
199,6155,a2e8,92b1,7fbe,b68e,
200,6155,a2e8,92b1,7fbe,471a,
201,6155,a2e8,92b1,7fbe,5dcd,
202,6155,a2e8,92b1,7fbe,945d,
203,6155,a2e8,92b1,7fbe,7644,
204,6155,a2e8,92b1,7fbe,722b,
205,6155,a2e8,92b1,7fbe,35a4,
206,6155,a2e8,92b1,7fbe,e89a,
207,6155,a2e8,92b1,7fbe,5130,
208,6155,a2e8,92b1,7fbe,ef6a,
209,6155,a2e8,92b1,7fbe,4483,
210,6155,a2e8,92b1,7fbe,651b,
211,6155,a2e8,92b1,7fbe,c829,
212,6155,a2e8,92b1,7fbe,17d7,
213,6155,a2e8,92b1,7fbe,6028,
214,6155,a2e8,92b1,7fbe,da2f,
215,6155,a2e8,92b1,7fbe,b8fe,
216,6155,a2e8,92b1,7fbe,5b6c,
217,6155,a2e8,92b1,7fbe,4bb3,
218,6155,a2e8,92b1,7fbe,e253,
219,6155,a2e8,92b1,7fbe,960f,
220,6155,a2e8,92b1,7fbe,5a63,
221,6155,a2e8,92b1,7fbe,5107,
222,6155,a2e8,92b1,7fbe,636d,
223,6155,a2e8,92b1,7fbe,1e9b,
224,6155,a2e8,92b1,7fbe,0729,
225,6155,a2e8,92b1,7fbe,e179,
226,6155,a2e8,92b1,7fbe,923e,
227,6155,a2e8,92b1,7fbe,d59f,
228,6155,a2e8,92b1,7fbe,3004,
229,6155,a2e8,92b1,7fbe,e585,
230,6155,a2e8,92b1,7fbe,759a,
231,6155,a2e8,92b1,7fbe,4aba,
232,6155,a2e8,92b1,7fbe,5ca8,
233,6155,a2e8,92b1,7fbe,e77c,
234,6155,a2e8,92b1,7fbe,094d,
235,6155,a2e8,92b1,7fbe,b5a6,
236,6155,a2e8,92b1,7fbe,ef30,
237,6155,a2e8,92b1,7fbe,b242,
238,6155,a2e8,92b1,7fbe,f0d8,
239,6155,a2e8,92b1,7fbe,53c7,
240,6155,a2e8,92b1,7fbe,3cd6,
241,6155,a2e8,92b1,7fbe,2dd3,
242,6155,a2e8,92b1,7fbe,9499,
243,6155,a2e8,92b1,7fbe,277f,
244,6155,a2e8,92b1,7fbe,43cb,
245,6155,a2e8,92b1,7fbe,0bbb,
246,6155,a2e8,92b1,7fbe,0c2d,
247,6155,a2e8,92b1,7fbe,0486,
248,6155,a2e8,92b1,7fbe,ac46,
249,6155,a2e8,92b1,7fbe,56b3,
250,6155,a2e8,92b1,7fbe,bad4,
251,6155,a2e8,92b1,7fbe,9ec9,
252,6155,a2e8,92b1,7fbe,ead1,
253,6155,a2e8,92b1,7fbe,15d4,
254,6155,a2e8,92b1,7fbe,8762,
255,6155,a2e8,92b1,7fbe,fa86,
256,6155,a2e8,92b1,7fbe,d42e,
257,6155,a2e8,92b1,7fbe,b670,
258,6155,a2e8,92b1,7fbe,9ddc,
259,6155,a2e8,92b1,7fbe,3c0b,
260,6155,a2e8,92b1,7fbe,6927,
261,6155,a2e8,92b1,7fbe,cf0a,
262,6155,a2e8,92b1,7fbe,8be2,
263,6155,a2e8,92b1,7fbe,6163,
264,6155,a2e8,92b1,7fbe,4155,
265,6155,a2e8,92b1,7fbe,d793,
266,6155,a2e8,92b1,7fbe,2bb1,
267,6155,a2e8,92b1,7fbe,034c,
268,6155,a2e8,92b1,7fbe,2770,
269,6155,a2e8,92b1,7fbe,0629,
270,6155,a2e8,92b1,7fbe,8ffe,
271,6155,a2e8,92b1,7fbe,00c7,
272,6155,a2e8,92b1,7fbe,d20d,
273,6155,a2e8,92b1,7fbe,d547,
274,6155,a2e8,92b1,7fbe,3dc3,
275,6155,a2e8,92b1,7fbe,15c6,
276,6155,a2e8,92b1,7fbe,e99a,
277,6155,a2e8,92b1,7fbe,aefe,
278,6155,a2e8,92b1,7fbe,0b1c,
279,6155,a2e8,92b1,7fbe,4aec,
280,6155,a2e8,92b1,7fbe,87e7,
281,6155,a2e8,92b1,7fbe,480f,
282,6155,a2e8,92b1,7fbe,4872,
283,6155,a2e8,92b1,7fbe,dc62,
284,6155,a2e8,92b1,7fbe,9fa1,
285,6155,a2e8,92b1,7fbe,d9fd,
286,6155,a2e8,92b1,7fbe,8e60,
287,6155,a2e8,92b1,7fbe,9325,
288,6155,a2e8,92b1,7fbe,e38a,
289,6155,a2e8,92b1,7fbe,0d6f,
290,6155,a2e8,92b1,7fbe,0f5b,
291,6155,a2e8,92b1,7fbe,1a61,
292,6155,a2e8,92b1,7fbe,81d6,
293,6155,a2e8,92b1,7fbe,2d8a,
294,6155,a2e8,92b1,7fbe,889a,
295,6155,a2e8,92b1,7fbe,82ea,
296,6155,a2e8,92b1,7fbe,12b6,
297,6155,a2e8,92b1,7fbe,67ae,
298,6155,a2e8,92b1,7fbe,ee1e,
299,6155,a2e8,92b1,7fbe,3d9d,
300,6155,a2e8,92b1,7fbe,b0cd,
301,6155,a2e8,92b1,7fbe,024f,
302,6155,a2e8,92b1,7fbe,f1b6,
303,6155,a2e8,92b1,7fbe,8e7d,
304,6155,a2e8,92b1,7fbe,3697,
305,6155,a2e8,92b1,7fbe,3340,
306,6155,a2e8,92b1,7fbe,6423,
307,6155,a2e8,92b1,7fbe,0535,
308,6155,a2e8,92b1,7fbe,19fb,
309,6155,a2e8,92b1,7fbe,80c5,
310,6155,a2e8,92b1,7fbe,28a7,
311,6155,a2e8,92b1,7fbe,4d4f,
312,6155,a2e8,92b1,7fbe,69ea,
313,6155,a2e8,92b1,7fbe,5c82,
314,6155,a2e8,92b1,7fbe,716f,
315,6155,a2e8,92b1,7fbe,5edc,
316,6155,a2e8,92b1,7fbe,bd5a,
317,6155,a2e8,92b1,7fbe,8fca,
318,6155,a2e8,92b1,7fbe,12e7,
319,6155,a2e8,92b1,7fbe,cde8,
320,6155,a2e8,92b1,7fbe,6d04,
321,6155,a2e8,92b1,7fbe,b00a,
322,6155,a2e8,92b1,7fbe,b1de,
323,6155,a2e8,92b1,7fbe,b49f,
324,6155,a2e8,92b1,7fbe,5ab4,
325,6155,a2e8,92b1,7fbe,21d0,
326,6155,a2e8,92b1,7fbe,55c1,
327,6155,a2e8,92b1,7fbe,a1a9,
328,6155,a2e8,92b1,7fbe,e5c6,
329,6155,a2e8,92b1,7fbe,f60f,
330,6155,a2e8,92b1,7fbe,5a14,
331,6155,a2e8,92b1,7fbe,16ae,
332,6155,a2e8,92b1,7fbe,8ae6,
333,6155,a2e8,92b1,7fbe,4545,
334,6155,a2e8,92b1,7fbe,f21a,
335,6155,a2e8,92b1,7fbe,ba12,
336,6155,a2e8,92b1,7fbe,f546,
337,6155,a2e8,92b1,7fbe,a17a,
338,6155,a2e8,92b1,7fbe,98e6,
339,6155,a2e8,92b1,7fbe,e698,
340,6155,a2e8,92b1,7fbe,9f69,
341,6155,a2e8,92b1,7fbe,f2eb,
342,6155,a2e8,92b1,7fbe,8a42,
343,6155,a2e8,92b1,7fbe,8dc0,
344,6155,a2e8,92b1,7fbe,4b08,
345,6155,a2e8,92b1,7fbe,2d24,
346,6155,a2e8,92b1,7fbe,7a82,
347,6155,a2e8,92b1,7fbe,a6c7,
348,6155,a2e8,92b1,7fbe,5940,
349,6155,a2e8,92b1,7fbe,f953,
350,6155,a2e8,92b1,7fbe,472f,
351,6155,a2e8,92b1,7fbe,369f,
352,6155,a2e8,92b1,7fbe,289f,
353,6155,a2e8,92b1,7fbe,df12,
354,6155,a2e8,92b1,7fbe,5bee,
355,6155,a2e8,92b1,7fbe,f150,
356,6155,a2e8,92b1,7fbe,56f1,
357,6155,a2e8,92b1,7fbe,3d83,
358,6155,a2e8,92b1,7fbe,f6cb,
359,6155,a2e8,92b1,7fbe,27f6,
360,6155,a2e8,92b1,7fbe,571d,
361,6155,a2e8,92b1,7fbe,782a,
362,6155,a2e8,92b1,7fbe,6f45,
363,6155,a2e8,92b1,7fbe,1b01,
364,6155,a2e8,92b1,7fbe,24f6,
365,6155,a2e8,92b1,7fbe,1f61,
366,6155,a2e8,92b1,7fbe,818b,
367,6155,a2e8,92b1,7fbe,6191,
368,6155,a2e8,92b1,7fbe,b4f3,
369,6155,a2e8,92b1,7fbe,6e59,
370,6155,a2e8,92b1,7fbe,ddc7,
371,6155,a2e8,92b1,7fbe,470f,
372,6155,a2e8,92b1,7fbe,4b1a,
373,6155,a2e8,92b1,7fbe,2b6e,
374,6155,a2e8,92b1,7fbe,de03,
375,6155,a2e8,92b1,7fbe,0162,
376,6155,a2e8,92b1,7fbe,c89e,
377,6155,a2e8,92b1,7fbe,175a,
378,6155,a2e8,92b1,7fbe,3a85,
379,6155,a2e8,92b1,7fbe,4ced,
380,6155,a2e8,92b1,7fbe,ed6b,
381,6155,a2e8,92b1,7fbe,364f,
382,6155,a2e8,92b1,7fbe,39ac,
383,6155,a2e8,92b1,7fbe,f17c,
384,6155,a2e8,92b1,7fbe,5df1,
385,6155,a2e8,92b1,7fbe,c391,
386,6155,a2e8,92b1,7fbe,c898,
387,6155,a2e8,92b1,7fbe,c526,
388,6155,a2e8,92b1,7fbe,42f6,
389,6155,a2e8,92b1,7fbe,2920,
390,6155,a2e8,92b1,7fbe,4f60,
391,6155,a2e8,92b1,7fbe,d010,
392,6155,a2e8,92b1,7fbe,fc90,
393,6155,a2e8,92b1,7fbe,daec,
394,6155,a2e8,92b1,7fbe,1f36,
395,6155,a2e8,92b1,7fbe,4740,
396,6155,a2e8,92b1,7fbe,45f6,
397,6155,a2e8,92b1,7fbe,5c1e,
398,6155,a2e8,92b1,7fbe,a765,
399,6155,a2e8,92b1,7fbe,271b,
400,6155,a2e8,92b1,7fbe,a1ca,
401,6155,a2e8,92b1,7fbe,272d,
402,6155,a2e8,92b1,7fbe,ed47,
403,6155,a2e8,92b1,7fbe,fe47,
404,6155,a2e8,92b1,7fbe,4e7c,
405,6155,a2e8,92b1,7fbe,fbb9,
406,6155,a2e8,92b1,7fbe,77f4,
407,6155,a2e8,92b1,7fbe,db45,
408,6155,a2e8,92b1,7fbe,dc22,
409,6155,a2e8,92b1,7fbe,2c39,
410,6155,a2e8,92b1,7fbe,09db,
411,6155,a2e8,92b1,7fbe,1a17,
412,6155,a2e8,92b1,7fbe,ecef,
413,6155,a2e8,92b1,7fbe,57f7,
414,6155,a2e8,92b1,7fbe,0fa9,
415,6155,a2e8,92b1,7fbe,3b62,
416,6155,a2e8,92b1,7fbe,e459,
417,6155,a2e8,92b1,7fbe,dc48,
418,6155,a2e8,92b1,7fbe,d772,
419,6155,a2e8,92b1,7fbe,de2a,
420,6155,a2e8,92b1,7fbe,5fec,
421,6155,a2e8,92b1,7fbe,e7ad,
422,6155,a2e8,92b1,7fbe,e041,
423,6155,a2e8,92b1,7fbe,d3b3,
424,6155,a2e8,92b1,7fbe,800b,
425,6155,a2e8,92b1,7fbe,cdd3,
426,6155,a2e8,92b1,7fbe,4cf2,
427,6155,a2e8,92b1,7fbe,e5c1,
428,6155,a2e8,92b1,7fbe,91b9,
429,6155,a2e8,92b1,7fbe,6314,
430,6155,a2e8,92b1,7fbe,1cd9,
431,6155,a2e8,92b1,7fbe,9fec,
432,6155,a2e8,92b1,7fbe,01e6,
433,6155,a2e8,92b1,7fbe,4d13,
434,6155,a2e8,92b1,7fbe,c1d3,
435,6155,a2e8,92b1,7fbe,f0e6,
436,6155,a2e8,92b1,7fbe,84fc,
437,6155,a2e8,92b1,7fbe,9a32,
438,6155,a2e8,92b1,7fbe,62cb,
439,6155,a2e8,92b1,7fbe,4a8f,
440,6155,a2e8,92b1,7fbe,0704,
441,6155,a2e8,92b1,7fbe,6ce9,
442,6155,a2e8,92b1,7fbe,22d4,
443,6155,a2e8,92b1,7fbe,cb41,
444,6155,a2e8,92b1,7fbe,8b0f,
445,6155,a2e8,92b1,7fbe,6b3d,
446,6155,a2e8,92b1,7fbe,bd96,
447,6155,a2e8,92b1,7fbe,d468,
448,6155,a2e8,92b1,7fbe,9f95,
449,6155,a2e8,92b1,7fbe,8ac4,
450,6155,a2e8,92b1,7fbe,ebc7,
451,6155,a2e8,92b1,7fbe,7148,
452,6155,a2e8,92b1,7fbe,05af,
453,6155,a2e8,92b1,7fbe,21c2,
454,6155,a2e8,92b1,7fbe,edcd,
455,6155,a2e8,92b1,7fbe,fae9,
456,6155,a2e8,92b1,7fbe,9352,
457,6155,a2e8,92b1,7fbe,1f62,
458,6155,a2e8,92b1,7fbe,8e84,
459,6155,a2e8,92b1,7fbe,5b78,
460,6155,a2e8,92b1,7fbe,2947,
461,6155,a2e8,92b1,7fbe,85c4,
462,6155,a2e8,92b1,7fbe,7f4b,
463,6155,a2e8,92b1,7fbe,9caf,
464,6155,a2e8,92b1,7fbe,3d42,
465,6155,a2e8,92b1,7fbe,1d41,
466,6155,a2e8,92b1,7fbe,d79c,
467,6155,a2e8,92b1,7fbe,6a5a,
468,6155,a2e8,92b1,7fbe,769e,
469,6155,a2e8,92b1,7fbe,6505,
470,6155,a2e8,92b1,7fbe,4893,
471,6155,a2e8,92b1,7fbe,655d,
472,6155,a2e8,92b1,7fbe,02c5,
473,6155,a2e8,92b1,7fbe,18bf,
474,6155,a2e8,92b1,7fbe,b15b,
475,6155,a2e8,92b1,7fbe,522c,
476,6155,a2e8,92b1,7fbe,a0ab,
477,6155,a2e8,92b1,7fbe,f40b,
478,6155,a2e8,92b1,7fbe,4273,
479,6155,a2e8,92b1,7fbe,4ce6,
480,6155,a2e8,92b1,7fbe,805f,
481,6155,a2e8,92b1,7fbe,d21f,
482,6155,a2e8,92b1,7fbe,731f,
483,6155,a2e8,92b1,7fbe,44b2,
484,6155,a2e8,92b1,7fbe,666a,
485,6155,a2e8,92b1,7fbe,4294,
486,6155,a2e8,92b1,7fbe,e2d5,
487,6155,a2e8,92b1,7fbe,f492,
488,6155,a2e8,92b1,7fbe,95f8,
489,6155,a2e8,92b1,7fbe,b4d2,
490,6155,a2e8,92b1,7fbe,5b57,
491,6155,a2e8,92b1,7fbe,9dd5,
492,6155,a2e8,92b1,7fbe,8e97,
493,6155,a2e8,92b1,7fbe,15bc,
494,6155,a2e8,92b1,7fbe,b71f,
495,6155,a2e8,92b1,7fbe,5e9c,
496,6155,a2e8,92b1,7fbe,c2df,
497,6155,a2e8,92b1,7fbe,779c,
498,6155,a2e8,92b1,7fbe,608d,
499,6155,a2e8,92b1,7fbe,9a56,
500,6155,a2e8,92b1,7fbe,fa90,
501,6155,a2e8,92b1,7fbe,20b9,
502,6155,a2e8,92b1,7fbe,e065,
503,6155,a2e8,92b1,7fbe,31f6,
504,6155,a2e8,92b1,7fbe,4853,
505,6155,a2e8,92b1,7fbe,a9bb,
506,6155,a2e8,92b1,7fbe,f41b,
507,6155,a2e8,92b1,7fbe,83af,
508,6155,a2e8,92b1,7fbe,1ce0,
509,6155,a2e8,92b1,7fbe,22c2,
510,6155,a2e8,92b1,7fbe,07c4,
511,6155,a2e8,92b1,7fbe,03d7,
512,6155,a2e8,92b1,7fbe,40d4,
513,6155,a2e8,92b1,7fbe,731e,
514,6155,a2e8,92b1,7fbe,7dcc,
515,6155,a2e8,92b1,7fbe,8cae,
516,6155,a2e8,92b1,7fbe,6e12,
517,6155,a2e8,92b1,7fbe,2912,
518,6155,a2e8,92b1,7fbe,fcd7,
519,6155,a2e8,92b1,7fbe,8964,
520,6155,a2e8,92b1,7fbe,5263,
521,6155,a2e8,92b1,7fbe,4a18,
522,6155,a2e8,92b1,7fbe,ef91,
523,6155,a2e8,92b1,7fbe,35f0,
524,6155,a2e8,92b1,7fbe,a0a6,
525,6155,a2e8,92b1,7fbe,53d3,
526,6155,a2e8,92b1,7fbe,1905,
527,6155,a2e8,92b1,7fbe,e6eb,
528,6155,a2e8,92b1,7fbe,df0b,
529,6155,a2e8,92b1,7fbe,9666,
530,6155,a2e8,92b1,7fbe,98e0,
531,6155,a2e8,92b1,7fbe,42ae,
532,6155,a2e8,92b1,7fbe,1424,
533,6155,a2e8,92b1,7fbe,7c98,
534,6155,a2e8,92b1,7fbe,09fb,
535,6155,a2e8,92b1,7fbe,5dc5,
536,6155,a2e8,92b1,7fbe,85be,
537,6155,a2e8,92b1,7fbe,7189,
538,6155,a2e8,92b1,7fbe,5897,
539,6155,a2e8,92b1,7fbe,5810,
540,6155,a2e8,92b1,7fbe,dac8,
541,6155,a2e8,92b1,7fbe,5e0a,
542,6155,a2e8,92b1,7fbe,d06d,
543,6155,a2e8,92b1,7fbe,1222,
544,6155,a2e8,92b1,7fbe,9157,
545,6155,a2e8,92b1,7fbe,380a,
546,6155,a2e8,92b1,7fbe,4ca3,
547,6155,a2e8,92b1,7fbe,0f6f,
548,6155,a2e8,92b1,7fbe,ee24,
549,6155,a2e8,92b1,7fbe,4155,
550,6155,a2e8,92b1,7fbe,377e,
551,6155,a2e8,92b1,7fbe,1f76,
552,6155,a2e8,92b1,7fbe,09ae,
553,6155,a2e8,92b1,7fbe,d72b,
554,6155,a2e8,92b1,7fbe,1db9,
555,6155,a2e8,92b1,7fbe,abad,
556,6155,a2e8,92b1,7fbe,0323,
557,6155,a2e8,92b1,7fbe,6af9,
558,6155,a2e8,92b1,7fbe,e5f0,
559,6155,a2e8,92b1,7fbe,96c6,
560,6155,a2e8,92b1,7fbe,11c1,
561,6155,a2e8,92b1,7fbe,9d52,
562,6155,a2e8,92b1,7fbe,0b87,
563,6155,a2e8,92b1,7fbe,0789,
564,6155,a2e8,92b1,7fbe,24c1,
565,6155,a2e8,92b1,7fbe,5fb7,
566,6155,a2e8,92b1,7fbe,7911,
567,6155,a2e8,92b1,7fbe,5500,
568,6155,a2e8,92b1,7fbe,4057,
569,6155,a2e8,92b1,7fbe,5844,
570,6155,a2e8,92b1,7fbe,11c4,
571,6155,a2e8,92b1,7fbe,49a8,
572,6155,a2e8,92b1,7fbe,ef51,
573,6155,a2e8,92b1,7fbe,d714,
574,6155,a2e8,92b1,7fbe,2b04,
575,6155,a2e8,92b1,7fbe,da35,
576,6155,a2e8,92b1,7fbe,8fc9,
577,6155,a2e8,92b1,7fbe,3b76,
578,6155,a2e8,92b1,7fbe,784c,
579,6155,a2e8,92b1,7fbe,32e9,
580,6155,a2e8,92b1,7fbe,8b59,
581,6155,a2e8,92b1,7fbe,f4d0,
582,6155,a2e8,92b1,7fbe,a117,
583,6155,a2e8,92b1,7fbe,2212,
584,6155,a2e8,92b1,7fbe,5ac3,
585,6155,a2e8,92b1,7fbe,9a01,
586,6155,a2e8,92b1,7fbe,326f,
587,6155,a2e8,92b1,7fbe,c595,
588,6155,a2e8,92b1,7fbe,6b3f,
589,6155,a2e8,92b1,7fbe,8af8,
590,6155,a2e8,92b1,7fbe,165f,
591,6155,a2e8,92b1,7fbe,2c55,
592,6155,a2e8,92b1,7fbe,7691,
593,6155,a2e8,92b1,7fbe,bc49,
594,6155,a2e8,92b1,7fbe,ae23,
595,6155,a2e8,92b1,7fbe,c888,
596,6155,a2e8,92b1,7fbe,1907,
597,6155,a2e8,92b1,7fbe,1e50,
598,6155,a2e8,92b1,7fbe,57aa,
599,6155,a2e8,92b1,7fbe,c62f,
600,6155,a2e8,92b1,7fbe,1394,
601,6155,a2e8,92b1,7fbe,6c3f,
602,6155,a2e8,92b1,7fbe,7554,
603,6155,a2e8,92b1,7fbe,be20,
604,6155,a2e8,92b1,7fbe,ec27,
605,6155,a2e8,92b1,7fbe,b106,
606,6155,a2e8,92b1,7fbe,192d,
607,6155,a2e8,92b1,7fbe,483d,
608,6155,a2e8,92b1,7fbe,43d9,
609,6155,a2e8,92b1,7fbe,a63f,
610,6155,a2e8,92b1,7fbe,402f,
611,6155,a2e8,92b1,7fbe,355f,
612,6155,a2e8,92b1,7fbe,a4b4,
613,6155,a2e8,92b1,7fbe,15e5,
614,6155,a2e8,92b1,7fbe,420c,
615,6155,a2e8,92b1,7fbe,558e,
616,6155,a2e8,92b1,7fbe,38f1,
617,6155,a2e8,92b1,7fbe,08be,
618,6155,a2e8,92b1,7fbe,204e,
619,6155,a2e8,92b1,7fbe,c679,
620,6155,a2e8,92b1,7fbe,16e7,
621,6155,a2e8,92b1,7fbe,f584,
622,6155,a2e8,92b1,7fbe,f229,
623,6155,a2e8,92b1,7fbe,1110,
624,6155,a2e8,92b1,7fbe,3d87,
625,6155,a2e8,92b1,7fbe,039e,
626,6155,a2e8,92b1,7fbe,d6d7,
627,6155,a2e8,92b1,7fbe,8525,
628,6155,a2e8,92b1,7fbe,5914,
629,6155,a2e8,92b1,7fbe,63d4,
630,6155,a2e8,92b1,7fbe,2d6b,
631,6155,a2e8,92b1,7fbe,2050,
632,6155,a2e8,92b1,7fbe,0165,
633,6155,a2e8,92b1,7fbe,798c,
634,6155,a2e8,92b1,7fbe,a636,
635,6155,a2e8,92b1,7fbe,e77c,
636,6155,a2e8,92b1,7fbe,7a22,
637,6155,a2e8,92b1,7fbe,39cf,
638,6155,a2e8,92b1,7fbe,6537,
639,6155,a2e8,92b1,7fbe,e25c,
640,6155,a2e8,92b1,7fbe,c39d,
641,6155,a2e8,92b1,7fbe,00dc,
642,6155,a2e8,92b1,7fbe,91fd,
643,6155,a2e8,92b1,7fbe,0c3d,
644,6155,a2e8,92b1,7fbe,02ea,
645,6155,a2e8,92b1,7fbe,224a,
646,6155,a2e8,92b1,7fbe,cadd,
647,6155,a2e8,92b1,7fbe,eb31,
648,6155,a2e8,92b1,7fbe,1db1,
649,6155,a2e8,92b1,7fbe,e3d6,
650,6155,a2e8,92b1,7fbe,33e2,
651,6155,a2e8,92b1,7fbe,90f6,
652,6155,a2e8,92b1,7fbe,ffa9,
653,6155,a2e8,92b1,7fbe,21e4,
654,6155,a2e8,92b1,7fbe,906c,
655,6155,a2e8,92b1,7fbe,c88d,
656,6155,a2e8,92b1,7fbe,28fe,
657,6155,a2e8,92b1,7fbe,2efe,
658,6155,a2e8,92b1,7fbe,d424,
659,6155,a2e8,92b1,7fbe,fd3b,
660,6155,a2e8,92b1,7fbe,27dd,
661,6155,a2e8,92b1,7fbe,3606,
662,6155,a2e8,92b1,7fbe,82fe,
663,6155,a2e8,92b1,7fbe,74be,
664,6155,a2e8,92b1,7fbe,8006,
665,6155,a2e8,92b1,7fbe,8071,
666,6155,a2e8,92b1,7fbe,4743,
667,6155,a2e8,92b1,7fbe,73f3,
668,6155,a2e8,92b1,7fbe,51c1,
669,6155,a2e8,92b1,7fbe,8f2e,
670,6155,a2e8,92b1,7fbe,d783,
671,6155,a2e8,92b1,7fbe,377a,
672,6155,a2e8,92b1,7fbe,7d63,
673,6155,a2e8,92b1,7fbe,4943,
674,6155,a2e8,92b1,7fbe,3986,
675,6155,a2e8,92b1,7fbe,c2da,
676,6155,a2e8,92b1,7fbe,d874,
677,6155,a2e8,92b1,7fbe,118c,
678,6155,a2e8,92b1,7fbe,7f94,
679,6155,a2e8,92b1,7fbe,4862,
680,6155,a2e8,92b1,7fbe,eeeb,
681,6155,a2e8,92b1,7fbe,c834,
682,6155,a2e8,92b1,7fbe,82d2,
683,6155,a2e8,92b1,7fbe,edad,
684,6155,a2e8,92b1,7fbe,0d2f,
685,6155,a2e8,92b1,7fbe,15a4,
686,6155,a2e8,92b1,7fbe,acb3,
687,6155,a2e8,92b1,7fbe,31c7,
688,6155,a2e8,92b1,7fbe,0743,
689,6155,a2e8,92b1,7fbe,5764,
690,6155,a2e8,92b1,7fbe,35ee,
691,6155,a2e8,92b1,7fbe,2494,
692,6155,a2e8,92b1,7fbe,d310,
693,6155,a2e8,92b1,7fbe,6756,
694,6155,a2e8,92b1,7fbe,f938,
695,6155,a2e8,92b1,7fbe,2f1d,
696,6155,a2e8,92b1,7fbe,f539,
697,6155,a2e8,92b1,7fbe,e91f,
698,6155,a2e8,92b1,7fbe,f653,
699,6155,a2e8,92b1,7fbe,0283,
700,6155,a2e8,92b1,7fbe,d1d3,
701,6155,a2e8,92b1,7fbe,cd94,
702,6155,a2e8,92b1,7fbe,e201,
703,6155,a2e8,92b1,7fbe,de86,
704,6155,a2e8,92b1,7fbe,ecc4,
705,6155,a2e8,92b1,7fbe,eefc,
706,6155,a2e8,92b1,7fbe,56b1,
707,6155,a2e8,92b1,7fbe,4c71,
708,6155,a2e8,92b1,7fbe,b2e1,
709,6155,a2e8,92b1,7fbe,cce9,
710,6155,a2e8,92b1,7fbe,dd4b,
711,6155,a2e8,92b1,7fbe,f876,
712,6155,a2e8,92b1,7fbe,1f16,
713,6155,a2e8,92b1,7fbe,916e,
714,6155,a2e8,92b1,7fbe,83b1,
715,6155,a2e8,92b1,7fbe,85a0,
716,6155,a2e8,92b1,7fbe,745c,
717,6155,a2e8,92b1,7fbe,7642,
718,6155,a2e8,92b1,7fbe,4265,
719,6155,a2e8,92b1,7fbe,ea2f,
720,6155,a2e8,92b1,7fbe,c130,
721,6155,a2e8,92b1,7fbe,5c78,
722,6155,a2e8,92b1,7fbe,cc2c,
723,6155,a2e8,92b1,7fbe,ac52,
724,6155,a2e8,92b1,7fbe,2205,
725,6155,a2e8,92b1,7fbe,eed7,
726,6155,a2e8,92b1,7fbe,3f21,
727,6155,a2e8,92b1,7fbe,a297,
728,6155,a2e8,92b1,7fbe,efac,
729,6155,a2e8,92b1,7fbe,da74,
730,6155,a2e8,92b1,7fbe,829b,
731,6155,a2e8,92b1,7fbe,32ef,
732,6155,a2e8,92b1,7fbe,06c6,
733,6155,a2e8,92b1,7fbe,abe3,
734,6155,a2e8,92b1,7fbe,38fe,
735,6155,a2e8,92b1,7fbe,b6bb,
736,6155,a2e8,92b1,7fbe,5b39,
737,6155,a2e8,92b1,7fbe,c6c0,
738,6155,a2e8,92b1,7fbe,7172,
739,6155,a2e8,92b1,7fbe,58a6,
740,6155,a2e8,92b1,7fbe,0b81,
741,6155,a2e8,92b1,7fbe,3e62,
742,6155,a2e8,92b1,7fbe,7d68,
743,6155,a2e8,92b1,7fbe,47b2,
744,6155,a2e8,92b1,7fbe,e57d,
745,6155,a2e8,92b1,7fbe,fb73,
746,6155,a2e8,92b1,7fbe,cbad,
747,6155,a2e8,92b1,7fbe,ed6e,
748,6155,a2e8,92b1,7fbe,d5c6,
749,6155,a2e8,92b1,7fbe,c10e,
750,6155,a2e8,92b1,7fbe,a79d,
751,6155,a2e8,92b1,7fbe,2c2d,
752,6155,a2e8,92b1,7fbe,f7cf,
753,6155,a2e8,92b1,7fbe,3a10,
754,6155,a2e8,92b1,7fbe,78db,
755,6155,a2e8,92b1,7fbe,c26f,
756,6155,a2e8,92b1,7fbe,cd88,
757,6155,a2e8,92b1,7fbe,1267,
758,6155,a2e8,92b1,7fbe,8c9e,
759,6155,a2e8,92b1,7fbe,b9c9,
760,6155,a2e8,92b1,7fbe,2a73,
761,6155,a2e8,92b1,7fbe,2285,
762,6155,a2e8,92b1,7fbe,c1fd,
763,6155,a2e8,92b1,7fbe,8c86,
764,6155,a2e8,92b1,7fbe,c02e,
765,6155,a2e8,92b1,7fbe,e7ba,
766,6155,a2e8,92b1,7fbe,2cdf,
767,6155,a2e8,92b1,7fbe,1264,
768,6155,a2e8,92b1,7fbe,d3ef,
769,6155,a2e8,92b1,7fbe,48a0,
770,6155,a2e8,92b1,7fbe,258f,
771,6155,a2e8,92b1,7fbe,c81d,
772,6155,a2e8,92b1,7fbe,e575,
773,6155,a2e8,92b1,7fbe,bf74,
774,6155,a2e8,92b1,7fbe,11af,
775,6155,a2e8,92b1,7fbe,b279,
776,6155,a2e8,92b1,7fbe,f0af,
777,6155,a2e8,92b1,7fbe,97aa,
778,6155,a2e8,92b1,7fbe,bf56,
779,6155,a2e8,92b1,7fbe,ddea,
780,6155,a2e8,92b1,7fbe,303d,
781,6155,a2e8,92b1,7fbe,95b4,
782,6155,a2e8,92b1,7fbe,e83f,
783,6155,a2e8,92b1,7fbe,f0a6,
784,6155,a2e8,92b1,7fbe,9f58,
785,6155,a2e8,92b1,7fbe,90c7,
786,6155,a2e8,92b1,7fbe,a780,
787,6155,a2e8,92b1,7fbe,e94d,
788,6155,a2e8,92b1,7fbe,131b,
789,6155,a2e8,92b1,7fbe,1bcb,
790,6155,a2e8,92b1,7fbe,3807,
791,6155,a2e8,92b1,7fbe,30f4,
792,6155,a2e8,92b1,7fbe,653a,
793,6155,a2e8,92b1,7fbe,0c54,
794,6155,a2e8,92b1,7fbe,5277,
795,6155,a2e8,92b1,7fbe,d3cc,
796,6155,a2e8,92b1,7fbe,f7a3,
797,6155,a2e8,92b1,7fbe,92fc,
798,6155,a2e8,92b1,7fbe,de4d,
799,6155,a2e8,92b1,7fbe,df56,
800,6155,a2e8,92b1,7fbe,e40a,
801,6155,a2e8,92b1,7fbe,70aa,
802,6155,a2e8,92b1,7fbe,3885,
803,6155,a2e8,92b1,7fbe,3144,
804,6155,a2e8,92b1,7fbe,42fb,
805,6155,a2e8,92b1,7fbe,5fcc,
806,6155,a2e8,92b1,7fbe,19e8,
807,6155,a2e8,92b1,7fbe,a32b,
808,6155,a2e8,92b1,7fbe,39a2,
809,6155,a2e8,92b1,7fbe,0f49,
810,6155,a2e8,92b1,7fbe,7cf9,
811,6155,a2e8,92b1,7fbe,fdd0,
812,6155,a2e8,92b1,7fbe,c85e,
813,6155,a2e8,92b1,7fbe,0748,
814,6155,a2e8,92b1,7fbe,a73f,
815,6155,a2e8,92b1,7fbe,b02f,
816,6155,a2e8,92b1,7fbe,6824,
817,6155,a2e8,92b1,7fbe,fe3d,
818,6155,a2e8,92b1,7fbe,e749,
819,6155,a2e8,92b1,7fbe,43c4,
820,6155,a2e8,92b1,7fbe,719c,
821,6155,a2e8,92b1,7fbe,7341,
822,6155,a2e8,92b1,7fbe,a0d7,
823,6155,a2e8,92b1,7fbe,b99f,
824,6155,a2e8,92b1,7fbe,f1e6,
825,6155,a2e8,92b1,7fbe,8861,
826,6155,a2e8,92b1,7fbe,4c47,
827,6155,a2e8,92b1,7fbe,110b,
828,6155,a2e8,92b1,7fbe,ebd1,
829,6155,a2e8,92b1,7fbe,e418,
830,6155,a2e8,92b1,7fbe,cefd,
831,6155,a2e8,92b1,7fbe,a2df,
832,6155,a2e8,92b1,7fbe,56f9,
833,6155,a2e8,92b1,7fbe,dd12,
834,6155,a2e8,92b1,7fbe,9faa,
835,6155,a2e8,92b1,7fbe,9236,
836,6155,a2e8,92b1,7fbe,e0e1,
837,6155,a2e8,92b1,7fbe,c8fd,
838,6155,a2e8,92b1,7fbe,160d,
839,6155,a2e8,92b1,7fbe,36cf,
840,6155,a2e8,92b1,7fbe,6c62,
841,6155,a2e8,92b1,7fbe,2415,
842,6155,a2e8,92b1,7fbe,d7f0,
843,6155,a2e8,92b1,7fbe,33b3,
844,6155,a2e8,92b1,7fbe,9387,
845,6155,a2e8,92b1,7fbe,dffb,
846,6155,a2e8,92b1,7fbe,a8a1,
847,6155,a2e8,92b1,7fbe,b348,
848,6155,a2e8,92b1,7fbe,df13,
849,6155,a2e8,92b1,7fbe,0281,
850,6155,a2e8,92b1,7fbe,cb61,
851,6155,a2e8,92b1,7fbe,b541,
852,6155,a2e8,92b1,7fbe,9ff0,
853,6155,a2e8,92b1,7fbe,db77,
854,6155,a2e8,92b1,7fbe,12c0,
855,6155,a2e8,92b1,7fbe,49eb,
856,6155,a2e8,92b1,7fbe,2fdc,
857,6155,a2e8,92b1,7fbe,5472,
858,6155,a2e8,92b1,7fbe,4bc1,
859,6155,a2e8,92b1,7fbe,48c5,
860,6155,a2e8,92b1,7fbe,6ad0,
861,6155,a2e8,92b1,7fbe,4359,
862,6155,a2e8,92b1,7fbe,1a04,
863,6155,a2e8,92b1,7fbe,01a5,
864,6155,a2e8,92b1,7fbe,f3cb,
865,6155,a2e8,92b1,7fbe,4584,
866,6155,a2e8,92b1,7fbe,76f4,
867,6155,a2e8,92b1,7fbe,4887,
868,6155,a2e8,92b1,7fbe,b22e,
869,6155,a2e8,92b1,7fbe,a3ba,
870,6155,a2e8,92b1,7fbe,84cc,
871,6155,a2e8,92b1,7fbe,b118,
872,6155,a2e8,92b1,7fbe,5e68,
873,6155,a2e8,92b1,7fbe,a527,
874,6155,a2e8,92b1,7fbe,9562,
875,6155,a2e8,92b1,7fbe,ee22,
876,6155,a2e8,92b1,7fbe,6219,
877,6155,a2e8,92b1,7fbe,b291,
878,6155,a2e8,92b1,7fbe,6469,
879,6155,a2e8,92b1,7fbe,342a,
880,6155,a2e8,92b1,7fbe,48f7,
881,6155,a2e8,92b1,7fbe,3165,
882,6155,a2e8,92b1,7fbe,f9e3,
883,6155,a2e8,92b1,7fbe,414c,
884,6155,a2e8,92b1,7fbe,13df,
885,6155,a2e8,92b1,7fbe,0c80,
886,6155,a2e8,92b1,7fbe,7ba9,
887,6155,a2e8,92b1,7fbe,2bf9,
888,6155,a2e8,92b1,7fbe,229f,
889,6155,a2e8,92b1,7fbe,972e,
890,6155,a2e8,92b1,7fbe,4a52,
891,6155,a2e8,92b1,7fbe,6c7b,
892,6155,a2e8,92b1,7fbe,891f,
893,6155,a2e8,92b1,7fbe,8786,
894,6155,a2e8,92b1,7fbe,6780,
895,6155,a2e8,92b1,7fbe,4034,
896,6155,a2e8,92b1,7fbe,2899,
897,6155,a2e8,92b1,7fbe,05d4,
898,6155,a2e8,92b1,7fbe,e50a,
899,6155,a2e8,92b1,7fbe,185c,
900,6155,a2e8,92b1,7fbe,20d7,
901,6155,a2e8,92b1,7fbe,724f,
902,6155,a2e8,92b1,7fbe,74df,
903,6155,a2e8,92b1,7fbe,e7fe,
904,6155,a2e8,92b1,7fbe,202f,
905,6155,a2e8,92b1,7fbe,7ec4,
906,6155,a2e8,92b1,7fbe,3dda,
907,6155,a2e8,92b1,7fbe,4ce5,
908,6155,a2e8,92b1,7fbe,6ab2,
909,6155,a2e8,92b1,7fbe,6aed,
910,6155,a2e8,92b1,7fbe,a3bc,
911,6155,a2e8,92b1,7fbe,863b,
912,6155,a2e8,92b1,7fbe,e66d,
913,6155,a2e8,92b1,7fbe,3f88,
914,6155,a2e8,92b1,7fbe,ab38,
915,6155,a2e8,92b1,7fbe,d365,
916,6155,a2e8,92b1,7fbe,fd4f,
917,6155,a2e8,92b1,7fbe,ea3b,
918,6155,a2e8,92b1,7fbe,0f93,
919,6155,a2e8,92b1,7fbe,8f64,
920,6155,a2e8,92b1,7fbe,398f,
921,6155,a2e8,92b1,7fbe,4334,
922,6155,a2e8,92b1,7fbe,0ed3,
923,6155,a2e8,92b1,7fbe,bd34,
924,6155,a2e8,92b1,7fbe,b26c,
925,6155,a2e8,92b1,7fbe,4302,
926,6155,a2e8,92b1,7fbe,2639,
927,6155,a2e8,92b1,7fbe,31a6,
928,6155,a2e8,92b1,7fbe,7c24,
929,6155,a2e8,92b1,7fbe,9351,
930,6155,a2e8,92b1,7fbe,ac8b,
931,6155,a2e8,92b1,7fbe,aff6,
932,6155,a2e8,92b1,7fbe,ee61,
933,6155,a2e8,92b1,7fbe,6ec2,
934,6155,a2e8,92b1,7fbe,8fa8,
935,6155,a2e8,92b1,7fbe,620a,
936,6155,a2e8,92b1,7fbe,b6f2,
937,6155,a2e8,92b1,7fbe,7a1c,
938,6155,a2e8,92b1,7fbe,72c7,
939,6155,a2e8,92b1,7fbe,a87f,
940,6155,a2e8,92b1,7fbe,3d04,
941,6155,a2e8,92b1,7fbe,b27b,
942,6155,a2e8,92b1,7fbe,080a,
943,6155,a2e8,92b1,7fbe,ea1d,
944,6155,a2e8,92b1,7fbe,96d8,
945,6155,a2e8,92b1,7fbe,cec4,
946,6155,a2e8,92b1,7fbe,2175,
947,6155,a2e8,92b1,7fbe,f4f6,
948,6155,a2e8,92b1,7fbe,643c,
949,6155,a2e8,92b1,7fbe,f48d,
950,6155,a2e8,92b1,7fbe,1624,
951,6155,a2e8,92b1,7fbe,45e4,
952,6155,a2e8,92b1,7fbe,2a80,
953,6155,a2e8,92b1,7fbe,ec89,
954,6155,a2e8,92b1,7fbe,026c,
955,6155,a2e8,92b1,7fbe,6773,
956,6155,a2e8,92b1,7fbe,3597,
957,6155,a2e8,92b1,7fbe,e06e,
958,6155,a2e8,92b1,7fbe,9b5c,
959,6155,a2e8,92b1,7fbe,c752,
960,6155,a2e8,92b1,7fbe,d378,
961,6155,a2e8,92b1,7fbe,9638,
962,6155,a2e8,92b1,7fbe,19d0,
963,6155,a2e8,92b1,7fbe,5e5f,
964,6155,a2e8,92b1,7fbe,2155,
965,6155,a2e8,92b1,7fbe,2ff9,
966,6155,a2e8,92b1,7fbe,cb9f,
967,6155,a2e8,92b1,7fbe,26d7,
968,6155,a2e8,92b1,7fbe,6d28,
969,6155,a2e8,92b1,7fbe,0b20,
970,6155,a2e8,92b1,7fbe,9929,
971,6155,a2e8,92b1,7fbe,b843,
972,6155,a2e8,92b1,7fbe,dc3d,
973,6155,a2e8,92b1,7fbe,a0a7,
974,6155,a2e8,92b1,7fbe,3dce,
975,6155,a2e8,92b1,7fbe,7dd6,
976,6155,a2e8,92b1,7fbe,9eee,
977,6155,a2e8,92b1,7fbe,4aa6,
978,6155,a2e8,92b1,7fbe,301e,
979,6155,a2e8,92b1,7fbe,2b8b,
980,6155,a2e8,92b1,7fbe,77de,
981,6155,a2e8,92b1,7fbe,7217,
982,6155,a2e8,92b1,7fbe,cff1,
983,6155,a2e8,92b1,7fbe,f508,
984,6155,a2e8,92b1,7fbe,0491,
985,6155,a2e8,92b1,7fbe,2f23,
986,6155,a2e8,92b1,7fbe,acd2,
987,6155,a2e8,92b1,7fbe,031e,
988,6155,a2e8,92b1,7fbe,c1b7,
989,6155,a2e8,92b1,7fbe,a583,
990,6155,a2e8,92b1,7fbe,0daf,
991,6155,a2e8,92b1,7fbe,a911,
992,6155,a2e8,92b1,7fbe,4695,
993,6155,a2e8,92b1,7fbe,8ef4,
994,6155,a2e8,92b1,7fbe,46eb,
995,6155,a2e8,92b1,7fbe,e4ec,
996,6155,a2e8,92b1,7fbe,7c7d,
997,6155,a2e8,92b1,7fbe,ce76,
998,6155,a2e8,92b1,7fbe,e523,
999,6155,a2e8,92b1,7fbe,ab65,
1000,6155,a2e8,92b1,7fbe,75ed,
1001,6155,a2e8,92b1,7fbe,855a,
1002,6155,a2e8,92b1,7fbe,ed8f,
1003,6155,a2e8,92b1,7fbe,06e7,
1004,6155,a2e8,92b1,7fbe,35b6,
1005,6155,a2e8,92b1,7fbe,2e55,
1006,6155,a2e8,92b1,7fbe,1795,
1007,6155,a2e8,92b1,7fbe,9573,
1008,6155,a2e8,92b1,7fbe,99f4,
1009,6155,a2e8,92b1,7fbe,8e6c,
1010,6155,a2e8,92b1,7fbe,78a3,
1011,6155,a2e8,92b1,7fbe,9824,
1012,6155,a2e8,92b1,7fbe,d9fe,
1013,6155,a2e8,92b1,7fbe,0b7c,
1014,6155,a2e8,92b1,7fbe,404a,
1015,6155,a2e8,92b1,7fbe,b6a5,
1016,6155,a2e8,92b1,7fbe,f03c,
1017,6155,a2e8,92b1,7fbe,c533,
1018,6155,a2e8,92b1,7fbe,084d,
1019,6155,a2e8,92b1,7fbe,72d4,
1020,6155,a2e8,92b1,7fbe,1473,
1021,6155,a2e8,92b1,7fbe,e8a9,
1022,6155,a2e8,92b1,7fbe,5d23,
1023,6155,a2e8,92b1,7fbe,306f,
1024,6155,a2e8,92b1,7fbe,b037,
1025,6155,a2e8,92b1,7fbe,6355,
1026,6155,a2e8,92b1,7fbe,d845,
1027,6155,a2e8,92b1,7fbe,f426,
1028,6155,a2e8,92b1,7fbe,0d04,
1029,6155,a2e8,92b1,7fbe,2903,
1030,6155,a2e8,92b1,7fbe,121f,
1031,6155,a2e8,92b1,7fbe,fe0a,
1032,6155,a2e8,92b1,7fbe,4101,
1033,6155,a2e8,92b1,7fbe,1ec8,
1034,6155,a2e8,92b1,7fbe,a225,
1035,6155,a2e8,92b1,7fbe,7666,
1036,6155,a2e8,92b1,7fbe,7fa9,
1037,6155,a2e8,92b1,7fbe,43c5,
1038,6155,a2e8,92b1,7fbe,93fc,
1039,6155,a2e8,92b1,7fbe,e51d,
1040,6155,a2e8,92b1,7fbe,9807,
1041,6155,a2e8,92b1,7fbe,ab6b,
1042,6155,a2e8,92b1,7fbe,c705,
1043,6155,a2e8,92b1,7fbe,c69d,
1044,6155,a2e8,92b1,7fbe,b9fd,
1045,6155,a2e8,92b1,7fbe,683a,
1046,6155,a2e8,92b1,7fbe,4578,
1047,6155,a2e8,92b1,7fbe,8993,
1048,6155,a2e8,92b1,7fbe,6692,
1049,6155,a2e8,92b1,7fbe,1fa7,
1050,6155,a2e8,92b1,7fbe,07e0,
1051,6155,a2e8,92b1,7fbe,cf4e,
1052,6155,a2e8,92b1,7fbe,fe73,
1053,6155,a2e8,92b1,7fbe,d5ea,
1054,6155,a2e8,92b1,7fbe,7a93,
1055,6155,a2e8,92b1,7fbe,314a,
1056,6155,a2e8,92b1,7fbe,b16c,
1057,6155,a2e8,92b1,7fbe,0800,
1058,6155,a2e8,92b1,7fbe,92bf,
1059,6155,a2e8,92b1,7fbe,e0c5,
1060,6155,a2e8,92b1,7fbe,28b6,
1061,6155,a2e8,92b1,7fbe,7b58,
1062,6155,a2e8,92b1,7fbe,7cfa,
1063,6155,a2e8,92b1,7fbe,2c01,
1064,6155,a2e8,92b1,7fbe,b371,
1065,6155,a2e8,92b1,7fbe,c4bc,
1066,6155,a2e8,92b1,7fbe,04e7,
1067,6155,a2e8,92b1,7fbe,c9f1,
1068,6155,a2e8,92b1,7fbe,cc9d,
1069,6155,a2e8,92b1,7fbe,3fba,
1070,6155,a2e8,92b1,7fbe,ecf9,
1071,6155,a2e8,92b1,7fbe,4ec2,
1072,6155,a2e8,92b1,7fbe,3377,
1073,6155,a2e8,92b1,7fbe,b417,
1074,6155,a2e8,92b1,7fbe,f658,
1075,6155,a2e8,92b1,7fbe,21b0,
1076,6155,a2e8,92b1,7fbe,6ef6,
1077,6155,a2e8,92b1,7fbe,dafc,
1078,6155,a2e8,92b1,7fbe,e5a7,
1079,6155,a2e8,92b1,7fbe,42c0,
1080,6155,a2e8,92b1,7fbe,d24a,
1081,6155,a2e8,92b1,7fbe,a979,
1082,6155,a2e8,92b1,7fbe,a165,
1083,6155,a2e8,92b1,7fbe,1bea,
1084,6155,a2e8,92b1,7fbe,9ba9,
1085,6155,a2e8,92b1,7fbe,14dd,
1086,6155,a2e8,92b1,7fbe,845a,
1087,6155,a2e8,92b1,7fbe,e458,
1088,6155,a2e8,92b1,7fbe,cd84,
1089,6155,a2e8,92b1,7fbe,ae09,
1090,6155,a2e8,92b1,7fbe,a7ac,
1091,6155,a2e8,92b1,7fbe,af87,
1092,6155,a2e8,92b1,7fbe,b605,
1093,6155,a2e8,92b1,7fbe,6ad5,
1094,6155,a2e8,92b1,7fbe,fd87,
1095,6155,a2e8,92b1,7fbe,078c,
1096,6155,a2e8,92b1,7fbe,cedc,
1097,6155,a2e8,92b1,7fbe,8d01,
1098,6155,a2e8,92b1,7fbe,3983,
1099,6155,a2e8,92b1,7fbe,298f,
1100,6155,a2e8,92b1,7fbe,6868,
1101,6155,a2e8,92b1,7fbe,a0ca,
1102,6155,a2e8,92b1,7fbe,e5de,
1103,6155,a2e8,92b1,7fbe,7fc5,
1104,6155,a2e8,92b1,7fbe,c2d9,
1105,6155,a2e8,92b1,7fbe,fa03,
1106,6155,a2e8,92b1,7fbe,994a,
1107,6155,a2e8,92b1,7fbe,9ed1,
1108,6155,a2e8,92b1,7fbe,fbbd,
1109,6155,a2e8,92b1,7fbe,fac1,
1110,6155,a2e8,92b1,7fbe,0ffe,
1111,6155,a2e8,92b1,7fbe,f111,
1112,6155,a2e8,92b1,7fbe,eecf,
1113,6155,a2e8,92b1,7fbe,2c0b,
1114,6155,a2e8,92b1,7fbe,143b,
1115,6155,a2e8,92b1,7fbe,9e80,
1116,6155,a2e8,92b1,7fbe,899f,
1117,6155,a2e8,92b1,7fbe,8ec9,
1118,6155,a2e8,92b1,7fbe,335c,
1119,6155,a2e8,92b1,7fbe,9959,
1120,6155,a2e8,92b1,7fbe,58f4,
1121,6155,a2e8,92b1,7fbe,0cc5,
1122,6155,a2e8,92b1,7fbe,a41e,
1123,6155,a2e8,92b1,7fbe,d0b0,
1124,6155,a2e8,92b1,7fbe,d0e4,
1125,6155,a2e8,92b1,7fbe,39fa,
1126,6155,a2e8,92b1,7fbe,b815,
1127,6155,a2e8,92b1,7fbe,b3ba,
1128,6155,a2e8,92b1,7fbe,2283,
1129,6155,a2e8,92b1,7fbe,bb9a,
1130,6155,a2e8,92b1,7fbe,b9a7,
1131,6155,a2e8,92b1,7fbe,eafa,
1132,6155,a2e8,92b1,7fbe,3cc9,
1133,6155,a2e8,92b1,7fbe,c781,
1134,6155,a2e8,92b1,7fbe,b480,
1135,6155,a2e8,92b1,7fbe,602d,
1136,6155,a2e8,92b1,7fbe,299d,
1137,6155,a2e8,92b1,7fbe,c759,
1138,6155,a2e8,92b1,7fbe,087b,
1139,6155,a2e8,92b1,7fbe,ecce,
1140,6155,a2e8,92b1,7fbe,a59f,
1141,6155,a2e8,92b1,7fbe,413d,
1142,6155,a2e8,92b1,7fbe,ae17,
1143,6155,a2e8,92b1,7fbe,86e0,
1144,6155,a2e8,92b1,7fbe,1e28,
1145,6155,a2e8,92b1,7fbe,d4c7,
1146,6155,a2e8,92b1,7fbe,f01d,
1147,6155,a2e8,92b1,7fbe,83e9,
1148,6155,a2e8,92b1,7fbe,1add,
1149,6155,a2e8,92b1,7fbe,2919,
1150,6155,a2e8,92b1,7fbe,74f2,
1151,6155,a2e8,92b1,7fbe,0c0e,
1152,6155,a2e8,92b1,7fbe,123f,
1153,6155,a2e8,92b1,7fbe,b1f1,
1154,6155,a2e8,92b1,7fbe,8e25,
1155,6155,a2e8,92b1,7fbe,87f5,
1156,6155,a2e8,92b1,7fbe,c4ec,
1157,6155,a2e8,92b1,7fbe,a578,
1158,6155,a2e8,92b1,7fbe,bde6,
1159,6155,a2e8,92b1,7fbe,ea5f,
1160,6155,a2e8,92b1,7fbe,7838,
1161,6155,a2e8,92b1,7fbe,6253,
1162,6155,a2e8,92b1,7fbe,1967,
1163,6155,a2e8,92b1,7fbe,97b0,
1164,6155,a2e8,92b1,7fbe,adeb,
1165,6155,a2e8,92b1,7fbe,6f65,
1166,6155,a2e8,92b1,7fbe,893d,
1167,6155,a2e8,92b1,7fbe,c255,
1168,6155,a2e8,92b1,7fbe,b4b9,
1169,6155,a2e8,92b1,7fbe,1860,
1170,6155,a2e8,92b1,7fbe,66f2,
1171,6155,a2e8,92b1,7fbe,66ca,
1172,6155,a2e8,92b1,7fbe,edba,
1173,6155,a2e8,92b1,7fbe,a90b,
1174,6155,a2e8,92b1,7fbe,191c,
1175,6155,a2e8,92b1,7fbe,5682,
1176,6155,a2e8,92b1,7fbe,9209,
1177,6155,a2e8,92b1,7fbe,5297,
1178,6155,a2e8,92b1,7fbe,ff4d,
1179,6155,a2e8,92b1,7fbe,6944,
1180,6155,a2e8,92b1,7fbe,cadf,
1181,6155,a2e8,92b1,7fbe,6cc6,
1182,6155,a2e8,92b1,7fbe,a73a,
1183,6155,a2e8,92b1,7fbe,58ed,
1184,6155,a2e8,92b1,7fbe,0e0b,
1185,6155,a2e8,92b1,7fbe,df9f,
1186,6155,a2e8,92b1,7fbe,e321,
1187,6155,a2e8,92b1,7fbe,06bf,
1188,6155,a2e8,92b1,7fbe,0069,
1189,6155,a2e8,92b1,7fbe,8c5e,
1190,6155,a2e8,92b1,7fbe,31e0,
1191,6155,a2e8,92b1,7fbe,28dc,
1192,6155,a2e8,92b1,7fbe,fb21,
1193,6155,a2e8,92b1,7fbe,9ea5,
1194,6155,a2e8,92b1,7fbe,1e23,
1195,6155,a2e8,92b1,7fbe,08b0,
1196,6155,a2e8,92b1,7fbe,88a4,
1197,6155,a2e8,92b1,7fbe,1a24,
1198,6155,a2e8,92b1,7fbe,b56c,
1199,6155,a2e8,92b1,7fbe,c83d,
1200,6155,a2e8,92b1,7fbe,6520,
1201,6155,a2e8,92b1,7fbe,9813,
1202,6155,a2e8,92b1,7fbe,ce39,
1203,6155,a2e8,92b1,7fbe,ce8f,
1204,6155,a2e8,92b1,7fbe,e7f0,
1205,6155,a2e8,92b1,7fbe,64ec,
1206,6155,a2e8,92b1,7fbe,df82,
1207,6155,a2e8,92b1,7fbe,7ef8,
1208,6155,a2e8,92b1,7fbe,396d,
1209,6155,a2e8,92b1,7fbe,5c18,
1210,6155,a2e8,92b1,7fbe,5d59,
1211,6155,a2e8,92b1,7fbe,ae75,
1212,6155,a2e8,92b1,7fbe,02bc,
1213,6155,a2e8,92b1,7fbe,44b7,
1214,6155,a2e8,92b1,7fbe,3743,
1215,6155,a2e8,92b1,7fbe,bc0f,
1216,6155,a2e8,92b1,7fbe,5319,
1217,6155,a2e8,92b1,7fbe,3d51,
1218,6155,a2e8,92b1,7fbe,7438,
1219,6155,a2e8,92b1,7fbe,31e1,
1220,6155,a2e8,92b1,7fbe,f9be,
1221,6155,a2e8,92b1,7fbe,915b,
1222,6155,a2e8,92b1,7fbe,a543,
1223,6155,a2e8,92b1,7fbe,c80e,
1224,6155,a2e8,92b1,7fbe,d7b6,
1225,6155,a2e8,92b1,7fbe,4d59,
1226,6155,a2e8,92b1,7fbe,7cf8,
1227,6155,a2e8,92b1,7fbe,df4d,
1228,6155,a2e8,92b1,7fbe,363e,
1229,6155,a2e8,92b1,7fbe,929d,
1230,6155,a2e8,92b1,7fbe,1fef,
1231,6155,a2e8,92b1,7fbe,8071,
1232,6155,a2e8,92b1,7fbe,2861,
1233,6155,a2e8,92b1,7fbe,c035,
1234,6155,a2e8,92b1,7fbe,b4d2,
1235,6155,a2e8,92b1,7fbe,2635,
1236,6155,a2e8,92b1,7fbe,3a19,
1237,6155,a2e8,92b1,7fbe,7de5,
1238,6155,a2e8,92b1,7fbe,ea2c,
1239,6155,a2e8,92b1,7fbe,8646,
1240,6155,a2e8,92b1,7fbe,4f8f,
1241,6155,a2e8,92b1,7fbe,c822,
1242,6155,a2e8,92b1,7fbe,0637,
1243,6155,a2e8,92b1,7fbe,217c,
1244,6155,a2e8,92b1,7fbe,f0f4,
1245,6155,a2e8,92b1,7fbe,e57d,
1246,6155,a2e8,92b1,7fbe,b32d,
1247,6155,a2e8,92b1,7fbe,e53b,
1248,6155,a2e8,92b1,7fbe,e3ed,
1249,6155,a2e8,92b1,7fbe,2a1a,
1250,6155,a2e8,92b1,7fbe,4532,
1251,6155,a2e8,92b1,7fbe,b199,
1252,6155,a2e8,92b1,7fbe,9b81,
1253,6155,a2e8,92b1,7fbe,e860,
1254,6155,a2e8,92b1,7fbe,c25b,
1255,6155,a2e8,92b1,7fbe,ecad,
1256,6155,a2e8,92b1,7fbe,ed12,
1257,6155,a2e8,92b1,7fbe,bc03,
1258,6155,a2e8,92b1,7fbe,4701,
1259,6155,a2e8,92b1,7fbe,a6d1,
1260,6155,a2e8,92b1,7fbe,40b0,
1261,6155,a2e8,92b1,7fbe,9901,
1262,6155,a2e8,92b1,7fbe,b92a,
1263,6155,a2e8,92b1,7fbe,962d,
1264,6155,a2e8,92b1,7fbe,2716,
1265,6155,a2e8,92b1,7fbe,2465,
1266,6155,a2e8,92b1,7fbe,a744,
1267,6155,a2e8,92b1,7fbe,9617,
1268,6155,a2e8,92b1,7fbe,abbe,
1269,6155,a2e8,92b1,7fbe,642c,
1270,6155,a2e8,92b1,7fbe,ef03,
1271,6155,a2e8,92b1,7fbe,eba9,
1272,6155,a2e8,92b1,7fbe,da3d,
1273,6155,a2e8,92b1,7fbe,4ae6,
1274,6155,a2e8,92b1,7fbe,833e,
1275,6155,a2e8,92b1,7fbe,3a64,
1276,6155,a2e8,92b1,7fbe,3fc7,
1277,6155,a2e8,92b1,7fbe,a442,
1278,6155,a2e8,92b1,7fbe,ab15,
1279,6155,a2e8,92b1,7fbe,21a9,
1280,6155,a2e8,92b1,7fbe,cec8,
1281,6155,a2e8,92b1,7fbe,413b,
1282,6155,a2e8,92b1,7fbe,9972,
1283,6155,a2e8,92b1,7fbe,4a69,
1284,6155,a2e8,92b1,7fbe,c4e1,
1285,6155,a2e8,92b1,7fbe,2eae,
1286,6155,a2e8,92b1,7fbe,a9f2,
1287,6155,a2e8,92b1,7fbe,63c6,
1288,6155,a2e8,92b1,7fbe,8140,
1289,6155,a2e8,92b1,7fbe,1700,
1290,6155,a2e8,92b1,7fbe,716b,
1291,6155,a2e8,92b1,7fbe,7477,
1292,6155,a2e8,92b1,7fbe,7820,
1293,6155,a2e8,92b1,7fbe,ab7a,
1294,6155,a2e8,92b1,7fbe,eedb,
1295,6155,a2e8,92b1,7fbe,23c0,
1296,6155,a2e8,92b1,7fbe,d3f3,
1297,6155,a2e8,92b1,7fbe,05c9,
1298,6155,a2e8,92b1,7fbe,852e,
1299,6155,a2e8,92b1,7fbe,2319,
1300,6155,a2e8,92b1,7fbe,7b60,
1301,6155,a2e8,92b1,7fbe,5e52,
1302,6155,a2e8,92b1,7fbe,0084,
1303,6155,a2e8,92b1,7fbe,fb6e,
1304,6155,a2e8,92b1,7fbe,e0d2,
1305,6155,a2e8,92b1,7fbe,66b7,
1306,6155,a2e8,92b1,7fbe,370f,
1307,6155,a2e8,92b1,7fbe,676c,
1308,6155,a2e8,92b1,7fbe,87aa,
1309,6155,a2e8,92b1,7fbe,64c3,
1310,6155,a2e8,92b1,7fbe,ab32,
1311,6155,a2e8,92b1,7fbe,0bad,
1312,6155,a2e8,92b1,7fbe,9871,
1313,6155,a2e8,92b1,7fbe,7edd,
1314,6155,a2e8,92b1,7fbe,d0d5,
1315,6155,a2e8,92b1,7fbe,dc59,
1316,6155,a2e8,92b1,7fbe,ffec,
1317,6155,a2e8,92b1,7fbe,4770,
1318,6155,a2e8,92b1,7fbe,bddb,
1319,6155,a2e8,92b1,7fbe,f5a8,
1320,6155,a2e8,92b1,7fbe,3145,
1321,6155,a2e8,92b1,7fbe,468e,
1322,6155,a2e8,92b1,7fbe,c202,
1323,6155,a2e8,92b1,7fbe,5b60,
1324,6155,a2e8,92b1,7fbe,3a49,
1325,6155,a2e8,92b1,7fbe,8806,
1326,6155,a2e8,92b1,7fbe,b1dd,
1327,6155,a2e8,92b1,7fbe,83c7,
1328,6155,a2e8,92b1,7fbe,4436,
1329,6155,a2e8,92b1,7fbe,f9f7,
1330,6155,a2e8,92b1,7fbe,5042,
1331,6155,a2e8,92b1,7fbe,9842,
1332,6155,a2e8,92b1,7fbe,ac76,
1333,6155,a2e8,92b1,7fbe,3ba3,
1334,6155,a2e8,92b1,7fbe,75eb,
1335,6155,a2e8,92b1,7fbe,270d,
1336,6155,a2e8,92b1,7fbe,9a7e,
1337,6155,a2e8,92b1,7fbe,50b7,
1338,6155,a2e8,92b1,7fbe,ddd6,
1339,6155,a2e8,92b1,7fbe,2f2d,
1340,6155,a2e8,92b1,7fbe,f1cf,
1341,6155,a2e8,92b1,7fbe,d9b3,
1342,6155,a2e8,92b1,7fbe,0719,
1343,6155,a2e8,92b1,7fbe,147a,
1344,6155,a2e8,92b1,7fbe,5bc7,
1345,6155,a2e8,92b1,7fbe,cd86,
1346,6155,a2e8,92b1,7fbe,88ee,
1347,6155,a2e8,92b1,7fbe,9d19,
1348,6155,a2e8,92b1,7fbe,270d,
1349,6155,a2e8,92b1,7fbe,a2fa,
1350,6155,a2e8,92b1,7fbe,6caf,
1351,6155,a2e8,92b1,7fbe,5747,
1352,6155,a2e8,92b1,7fbe,3bda,
1353,6155,a2e8,92b1,7fbe,41de,
1354,6155,a2e8,92b1,7fbe,5f92,
1355,6155,a2e8,92b1,7fbe,c965,
1356,6155,a2e8,92b1,7fbe,33a0,
1357,6155,a2e8,92b1,7fbe,ec20,
1358,6155,a2e8,92b1,7fbe,87ff,
1359,6155,a2e8,92b1,7fbe,8a6e,
1360,6155,a2e8,92b1,7fbe,f9b5,
1361,6155,a2e8,92b1,7fbe,eeb3,
1362,6155,a2e8,92b1,7fbe,e028,
1363,6155,a2e8,92b1,7fbe,1154,
1364,6155,a2e8,92b1,7fbe,d63c,
1365,6155,a2e8,92b1,7fbe,08c8,
1366,6155,a2e8,92b1,7fbe,9aa6,
1367,6155,a2e8,92b1,7fbe,98f8,
1368,6155,a2e8,92b1,7fbe,36dc,
1369,6155,a2e8,92b1,7fbe,e97d,
1370,6155,a2e8,92b1,7fbe,30b6,
1371,6155,a2e8,92b1,7fbe,7fd4,
1372,6155,a2e8,92b1,7fbe,b1d1,
1373,6155,a2e8,92b1,7fbe,22f7,
1374,6155,a2e8,92b1,7fbe,9f48,
1375,6155,a2e8,92b1,7fbe,bbb3,
1376,6155,a2e8,92b1,7fbe,a669,
1377,6155,a2e8,92b1,7fbe,ce60,
1378,6155,a2e8,92b1,7fbe,2971,
1379,6155,a2e8,92b1,7fbe,c6af,
1380,6155,a2e8,92b1,7fbe,0ef2,
1381,6155,a2e8,92b1,7fbe,7def,
1382,6155,a2e8,92b1,7fbe,6b6b,
1383,6155,a2e8,92b1,7fbe,f082,
1384,6155,a2e8,92b1,7fbe,2f52,
1385,6155,a2e8,92b1,7fbe,77bd,
1386,6155,a2e8,92b1,7fbe,2934,
1387,6155,a2e8,92b1,7fbe,069b,
1388,6155,a2e8,92b1,7fbe,a219,
1389,6155,a2e8,92b1,7fbe,8105,
1390,6155,a2e8,92b1,7fbe,79ef,
1391,6155,a2e8,92b1,7fbe,a49d,
1392,6155,a2e8,92b1,7fbe,fce0,
1393,6155,a2e8,92b1,7fbe,0cfd,
1394,6155,a2e8,92b1,7fbe,bd0d,
1395,6155,a2e8,92b1,7fbe,cebe,
1396,6155,a2e8,92b1,7fbe,3cf6,
1397,6155,a2e8,92b1,7fbe,982c,
1398,6155,a2e8,92b1,7fbe,1904,
1399,6155,a2e8,92b1,7fbe,70a7,
1400,6155,a2e8,92b1,7fbe,b8fd,
1401,6155,a2e8,92b1,7fbe,207d,
1402,6155,a2e8,92b1,7fbe,9d8a,
1403,6155,a2e8,92b1,7fbe,0bf9,
1404,6155,a2e8,92b1,7fbe,b356,
1405,6155,a2e8,92b1,7fbe,8956,
1406,6155,a2e8,92b1,7fbe,2bb0,
1407,6155,a2e8,92b1,7fbe,b58e,
1408,6155,a2e8,92b1,7fbe,e43f,
1409,6155,a2e8,92b1,7fbe,99fb,
1410,6155,a2e8,92b1,7fbe,edb6,
1411,6155,a2e8,92b1,7fbe,18ef,
1412,6155,a2e8,92b1,7fbe,e19d,
1413,6155,a2e8,92b1,7fbe,8ad2,
1414,6155,a2e8,92b1,7fbe,42f0,
1415,6155,a2e8,92b1,7fbe,7946,
1416,6155,a2e8,92b1,7fbe,ddde,
1417,6155,a2e8,92b1,7fbe,494f,
1418,6155,a2e8,92b1,7fbe,5c95,
1419,6155,a2e8,92b1,7fbe,65f3,
1420,6155,a2e8,92b1,7fbe,4fb2,
1421,6155,a2e8,92b1,7fbe,c1a4,
1422,6155,a2e8,92b1,7fbe,68a6,
1423,6155,a2e8,92b1,7fbe,3545,
1424,6155,a2e8,92b1,7fbe,8837,
1425,6155,a2e8,92b1,7fbe,33fc,
1426,6155,a2e8,92b1,7fbe,d9f1,
1427,6155,a2e8,92b1,7fbe,90f9,
1428,6155,a2e8,92b1,7fbe,046d,
1429,6155,a2e8,92b1,7fbe,99dc,
1430,6155,a2e8,92b1,7fbe,ee86,
1431,6155,a2e8,92b1,7fbe,2bea,
1432,6155,a2e8,92b1,7fbe,98f2,
1433,6155,a2e8,92b1,7fbe,45c9,
1434,6155,a2e8,92b1,7fbe,1c2a,
1435,6155,a2e8,92b1,7fbe,950f,
1436,6155,a2e8,92b1,7fbe,dbde,
1437,6155,a2e8,92b1,7fbe,db3c,
1438,6155,a2e8,92b1,7fbe,a53b,
1439,6155,a2e8,92b1,7fbe,7971,
1440,6155,a2e8,92b1,7fbe,6775,
1441,6155,a2e8,92b1,7fbe,c63a,
1442,6155,a2e8,92b1,7fbe,f169,
1443,6155,a2e8,92b1,7fbe,8c11,
1444,6155,a2e8,92b1,7fbe,2105,
1445,6155,a2e8,92b1,7fbe,061d,
1446,6155,a2e8,92b1,7fbe,d90b,
1447,6155,a2e8,92b1,7fbe,e742,
1448,6155,a2e8,92b1,7fbe,9653,
1449,6155,a2e8,92b1,7fbe,f09c,
1450,6155,a2e8,92b1,7fbe,9b3b,
1451,6155,a2e8,92b1,7fbe,9ced,
1452,6155,a2e8,92b1,7fbe,3a61,
1453,6155,a2e8,92b1,7fbe,245d,
1454,6155,a2e8,92b1,7fbe,5fbc,
1455,6155,a2e8,92b1,7fbe,23ed,
1456,6155,a2e8,92b1,7fbe,ee08,
1457,6155,a2e8,92b1,7fbe,e19e,
1458,6155,a2e8,92b1,7fbe,033f,
1459,6155,a2e8,92b1,7fbe,091f,
1460,6155,a2e8,92b1,7fbe,36d2,
1461,6155,a2e8,92b1,7fbe,4dfd,
1462,6155,a2e8,92b1,7fbe,2038,
1463,6155,a2e8,92b1,7fbe,9a53,
1464,6155,a2e8,92b1,7fbe,e3ee,
1465,6155,a2e8,92b1,7fbe,1ba6,
1466,6155,a2e8,92b1,7fbe,605a,
1467,6155,a2e8,92b1,7fbe,aedb,
1468,6155,a2e8,92b1,7fbe,c6cb,
1469,6155,a2e8,92b1,7fbe,aae4,
1470,6155,a2e8,92b1,7fbe,fcf8,
1471,6155,a2e8,92b1,7fbe,f2d4,
1472,6155,a2e8,92b1,7fbe,50e5,
1473,6155,a2e8,92b1,7fbe,fee2,
1474,6155,a2e8,92b1,7fbe,dc2a,
1475,6155,a2e8,92b1,7fbe,8053,
1476,6155,a2e8,92b1,7fbe,cdc6,
1477,6155,a2e8,92b1,7fbe,6af4,
1478,6155,a2e8,92b1,7fbe,1720,
1479,6155,a2e8,92b1,7fbe,8a95,
1480,6155,a2e8,92b1,7fbe,b8ef,
1481,6155,a2e8,92b1,7fbe,846a,
1482,6155,a2e8,92b1,7fbe,4a6e,
1483,6155,a2e8,92b1,7fbe,d5e3,
1484,6155,a2e8,92b1,7fbe,8744,
1485,6155,a2e8,92b1,7fbe,91d6,
1486,6155,a2e8,92b1,7fbe,2b72,
1487,6155,a2e8,92b1,7fbe,6e20,
1488,6155,a2e8,92b1,7fbe,30f4,
1489,6155,a2e8,92b1,7fbe,8ab7,
1490,6155,a2e8,92b1,7fbe,d797,
1491,6155,a2e8,92b1,7fbe,0ce7,
1492,6155,a2e8,92b1,7fbe,ed6e,
1493,6155,a2e8,92b1,7fbe,42ed,
1494,6155,a2e8,92b1,7fbe,ad6c,
1495,6155,a2e8,92b1,7fbe,4e5b,
1496,6155,a2e8,92b1,7fbe,c58c,
1497,6155,a2e8,92b1,7fbe,255f,
1498,6155,a2e8,92b1,7fbe,edeb,
1499,6155,a2e8,92b1,7fbe,16c4,
1500,6155,a2e8,92b1,7fbe,1217,
1501,6155,a2e8,92b1,7fbe,c739,
1502,6155,a2e8,92b1,7fbe,cc54,
1503,6155,a2e8,92b1,7fbe,a16b,
1504,6155,a2e8,92b1,7fbe,acfc,
1505,6155,a2e8,92b1,7fbe,12ce,
1506,6155,a2e8,92b1,7fbe,82ca,
1507,6155,a2e8,92b1,7fbe,a97b,
1508,6155,a2e8,92b1,7fbe,daa6,
1509,6155,a2e8,92b1,7fbe,9015,
1510,6155,a2e8,92b1,7fbe,2634,
1511,6155,a2e8,92b1,7fbe,ad31,
1512,6155,a2e8,92b1,7fbe,13a7,
1513,6155,a2e8,92b1,7fbe,ee74,
1514,6155,a2e8,92b1,7fbe,d78c,
1515,6155,a2e8,92b1,7fbe,574d,
1516,6155,a2e8,92b1,7fbe,9c09,
1517,6155,a2e8,92b1,7fbe,65e0,
1518,6155,a2e8,92b1,7fbe,b827,
1519,6155,a2e8,92b1,7fbe,cf79,
1520,6155,a2e8,92b1,7fbe,bde0,
1521,6155,a2e8,92b1,7fbe,de4a,
1522,6155,a2e8,92b1,7fbe,923d,
1523,6155,a2e8,92b1,7fbe,3ee8,
1524,6155,a2e8,92b1,7fbe,d552,
1525,6155,a2e8,92b1,7fbe,d8fc,
1526,6155,a2e8,92b1,7fbe,fd93,
1527,6155,a2e8,92b1,7fbe,2dfa,
1528,6155,a2e8,92b1,7fbe,b3a2,
1529,6155,a2e8,92b1,7fbe,2925,
1530,6155,a2e8,92b1,7fbe,e2cd,
1531,6155,a2e8,92b1,7fbe,73b2,
1532,6155,a2e8,92b1,7fbe,32a1,
1533,6155,a2e8,92b1,7fbe,45bd,
1534,6155,a2e8,92b1,7fbe,c18d,
1535,6155,a2e8,92b1,7fbe,88bf,
1536,6155,a2e8,92b1,7fbe,8349,
1537,6155,a2e8,92b1,7fbe,2d40,
1538,6155,a2e8,92b1,7fbe,a21e,
1539,6155,a2e8,92b1,7fbe,0307,
1540,6155,a2e8,92b1,7fbe,6ad4,
1541,6155,a2e8,92b1,7fbe,d36a,
1542,6155,a2e8,92b1,7fbe,94eb,
1543,6155,a2e8,92b1,7fbe,d793,
1544,6155,a2e8,92b1,7fbe,1111,
1545,6155,a2e8,92b1,7fbe,0dbc,
1546,6155,a2e8,92b1,7fbe,6aba,
1547,6155,a2e8,92b1,7fbe,9f53,
1548,6155,a2e8,92b1,7fbe,9f31,
1549,6155,a2e8,92b1,7fbe,ca73,
1550,6155,a2e8,92b1,7fbe,e4f7,
1551,6155,a2e8,92b1,7fbe,939c,
1552,6155,a2e8,92b1,7fbe,7234,
1553,6155,a2e8,92b1,7fbe,ae3f,
1554,6155,a2e8,92b1,7fbe,24f5,
1555,6155,a2e8,92b1,7fbe,9423,
1556,6155,a2e8,92b1,7fbe,3c06,
1557,6155,a2e8,92b1,7fbe,88b8,
1558,6155,a2e8,92b1,7fbe,6f31,
1559,6155,a2e8,92b1,7fbe,6e4f,
1560,6155,a2e8,92b1,7fbe,3d32,
1561,6155,a2e8,92b1,7fbe,2acf,
1562,6155,a2e8,92b1,7fbe,dc10,
1563,6155,a2e8,92b1,7fbe,ea8c,
1564,6155,a2e8,92b1,7fbe,a102,
1565,6155,a2e8,92b1,7fbe,673b,
1566,6155,a2e8,92b1,7fbe,857c,
1567,6155,a2e8,92b1,7fbe,8cc6,
1568,6155,a2e8,92b1,7fbe,cd3c,
1569,6155,a2e8,92b1,7fbe,0bf6,
1570,6155,a2e8,92b1,7fbe,9925,
1571,6155,a2e8,92b1,7fbe,1284,
1572,6155,a2e8,92b1,7fbe,bb54,
1573,6155,a2e8,92b1,7fbe,dbe8,
1574,6155,a2e8,92b1,7fbe,ee82,
1575,6155,a2e8,92b1,7fbe,bc83,
1576,6155,a2e8,92b1,7fbe,89ed,
1577,6155,a2e8,92b1,7fbe,964c,
1578,6155,a2e8,92b1,7fbe,6f1a,
1579,6155,a2e8,92b1,7fbe,986b,
1580,6155,a2e8,92b1,7fbe,88e5,
1581,6155,a2e8,92b1,7fbe,964c,
1582,6155,a2e8,92b1,7fbe,8186,
1583,6155,a2e8,92b1,7fbe,3a6d,
1584,6155,a2e8,92b1,7fbe,121a,
1585,6155,a2e8,92b1,7fbe,5bcb,
1586,6155,a2e8,92b1,7fbe,dee7,
1587,6155,a2e8,92b1,7fbe,c40b,
1588,6155,a2e8,92b1,7fbe,8138,
1589,6155,a2e8,92b1,7fbe,72c2,
1590,6155,a2e8,92b1,7fbe,0fbd,
1591,6155,a2e8,92b1,7fbe,3f09,
1592,6155,a2e8,92b1,7fbe,5e51,
1593,6155,a2e8,92b1,7fbe,7cdc,
1594,6155,a2e8,92b1,7fbe,5980,
1595,6155,a2e8,92b1,7fbe,4b03,
1596,6155,a2e8,92b1,7fbe,313e,
1597,6155,a2e8,92b1,7fbe,94f7,
1598,6155,a2e8,92b1,7fbe,560f,
1599,6155,a2e8,92b1,7fbe,dcf3,
1600,6155,a2e8,92b1,7fbe,9671,
1601,6155,a2e8,92b1,7fbe,e620,
1602,6155,a2e8,92b1,7fbe,70cd,
1603,6155,a2e8,92b1,7fbe,1fea,
1604,6155,a2e8,92b1,7fbe,e414,
1605,6155,a2e8,92b1,7fbe,91e9,
1606,6155,a2e8,92b1,7fbe,bacf,
1607,6155,a2e8,92b1,7fbe,587f,
1608,6155,a2e8,92b1,7fbe,d285,
1609,6155,a2e8,92b1,7fbe,d461,
1610,6155,a2e8,92b1,7fbe,8996,
1611,6155,a2e8,92b1,7fbe,3976,
1612,6155,a2e8,92b1,7fbe,0b0d,
1613,6155,a2e8,92b1,7fbe,e395,
1614,6155,a2e8,92b1,7fbe,79ae,
1615,6155,a2e8,92b1,7fbe,b083,
1616,6155,a2e8,92b1,7fbe,cb46,
1617,6155,a2e8,92b1,7fbe,fb6d,
1618,6155,a2e8,92b1,7fbe,3d7f,
1619,6155,a2e8,92b1,7fbe,a823,
1620,6155,a2e8,92b1,7fbe,3eb1,
1621,6155,a2e8,92b1,7fbe,f874,
1622,6155,a2e8,92b1,7fbe,a6dc,
1623,6155,a2e8,92b1,7fbe,d8ea,
1624,6155,a2e8,92b1,7fbe,6f28,
1625,6155,a2e8,92b1,7fbe,a191,
1626,6155,a2e8,92b1,7fbe,205a,
1627,6155,a2e8,92b1,7fbe,9d0a,
1628,6155,a2e8,92b1,7fbe,5777,
1629,6155,a2e8,92b1,7fbe,9a28,
1630,6155,a2e8,92b1,7fbe,8547,
1631,6155,a2e8,92b1,7fbe,d08f,
1632,6155,a2e8,92b1,7fbe,268e,
1633,6155,a2e8,92b1,7fbe,ec0d,
1634,6155,a2e8,92b1,7fbe,31a4,
1635,6155,a2e8,92b1,7fbe,859f,
1636,6155,a2e8,92b1,7fbe,0267,
1637,6155,a2e8,92b1,7fbe,67b1,
1638,6155,a2e8,92b1,7fbe,d7b2,
1639,6155,a2e8,92b1,7fbe,1d10,
1640,6155,a2e8,92b1,7fbe,ce8c,
1641,6155,a2e8,92b1,7fbe,286a,
1642,6155,a2e8,92b1,7fbe,91ca,
1643,6155,a2e8,92b1,7fbe,956c,
1644,6155,a2e8,92b1,7fbe,8a1a,
1645,6155,a2e8,92b1,7fbe,1afb,
1646,6155,a2e8,92b1,7fbe,1af1,
1647,6155,a2e8,92b1,7fbe,4a75,
1648,6155,a2e8,92b1,7fbe,18e4,
1649,6155,a2e8,92b1,7fbe,7967,
1650,6155,a2e8,92b1,7fbe,8450,
1651,6155,a2e8,92b1,7fbe,6de8,
1652,6155,a2e8,92b1,7fbe,55b8,
1653,6155,a2e8,92b1,7fbe,8024,
1654,6155,a2e8,92b1,7fbe,1283,
1655,6155,a2e8,92b1,7fbe,f9b6,
1656,6155,a2e8,92b1,7fbe,1941,
1657,6155,a2e8,92b1,7fbe,fc76,
1658,6155,a2e8,92b1,7fbe,b4ca,
1659,6155,a2e8,92b1,7fbe,6c07,
1660,6155,a2e8,92b1,7fbe,e08f,
1661,6155,a2e8,92b1,7fbe,11c5,
1662,6155,a2e8,92b1,7fbe,6187,
1663,6155,a2e8,92b1,7fbe,2b08,
1664,6155,a2e8,92b1,7fbe,0707,
1665,6155,a2e8,92b1,7fbe,9ced,
1666,6155,a2e8,92b1,7fbe,50e6,
1667,6155,a2e8,92b1,7fbe,a4bf,
1668,6155,a2e8,92b1,7fbe,8bb1,
1669,6155,a2e8,92b1,7fbe,9644,
1670,6155,a2e8,92b1,7fbe,060e,
1671,6155,a2e8,92b1,7fbe,8119,
1672,6155,a2e8,92b1,7fbe,5384,
1673,6155,a2e8,92b1,7fbe,8201,
1674,6155,a2e8,92b1,7fbe,a7cb,
1675,6155,a2e8,92b1,7fbe,d0a7,
1676,6155,a2e8,92b1,7fbe,42a9,
1677,6155,a2e8,92b1,7fbe,acaa,
1678,6155,a2e8,92b1,7fbe,5816,
1679,6155,a2e8,92b1,7fbe,9934,
1680,6155,a2e8,92b1,7fbe,f4a4,
1681,6155,a2e8,92b1,7fbe,ad59,
1682,6155,a2e8,92b1,7fbe,0fd6,
1683,6155,a2e8,92b1,7fbe,9a7d,
1684,6155,a2e8,92b1,7fbe,c346,
1685,6155,a2e8,92b1,7fbe,e78d,
1686,6155,a2e8,92b1,7fbe,e694,
1687,6155,a2e8,92b1,7fbe,ea4e,
1688,6155,a2e8,92b1,7fbe,b2bb,
1689,6155,a2e8,92b1,7fbe,8592,
1690,6155,a2e8,92b1,7fbe,3f06,
1691,6155,a2e8,92b1,7fbe,1977,
1692,6155,a2e8,92b1,7fbe,9d0c,
1693,6155,a2e8,92b1,7fbe,8188,
1694,6155,a2e8,92b1,7fbe,dbdc,
1695,6155,a2e8,92b1,7fbe,4194,
1696,6155,a2e8,92b1,7fbe,e87f,
1697,6155,a2e8,92b1,7fbe,cc9d,
1698,6155,a2e8,92b1,7fbe,675c,
1699,6155,a2e8,92b1,7fbe,a927,
1700,6155,a2e8,92b1,7fbe,53d3,
1701,6155,a2e8,92b1,7fbe,999d,
1702,6155,a2e8,92b1,7fbe,0dee,
1703,6155,a2e8,92b1,7fbe,2b86,
1704,6155,a2e8,92b1,7fbe,f81a,
1705,6155,a2e8,92b1,7fbe,840d,
1706,6155,a2e8,92b1,7fbe,fd63,
1707,6155,a2e8,92b1,7fbe,f3fc,
1708,6155,a2e8,92b1,7fbe,b217,
1709,6155,a2e8,92b1,7fbe,67cf,
1710,6155,a2e8,92b1,7fbe,b77a,
1711,6155,a2e8,92b1,7fbe,17a1,
1712,6155,a2e8,92b1,7fbe,ce86,
1713,6155,a2e8,92b1,7fbe,e720,
1714,6155,a2e8,92b1,7fbe,3e26,
1715,6155,a2e8,92b1,7fbe,6117,
1716,6155,a2e8,92b1,7fbe,34c1,
1717,6155,a2e8,92b1,7fbe,eb86,
1718,6155,a2e8,92b1,7fbe,a9e2,
1719,6155,a2e8,92b1,7fbe,625a,
1720,6155,a2e8,92b1,7fbe,6424,
1721,6155,a2e8,92b1,7fbe,4fe7,
1722,6155,a2e8,92b1,7fbe,fc10,
1723,6155,a2e8,92b1,7fbe,06d8,
1724,6155,a2e8,92b1,7fbe,d6ea,
1725,6155,a2e8,92b1,7fbe,d4f5,
1726,6155,a2e8,92b1,7fbe,5525,
1727,6155,a2e8,92b1,7fbe,10b8,
1728,6155,a2e8,92b1,7fbe,a14d,
1729,6155,a2e8,92b1,7fbe,145c,
1730,6155,a2e8,92b1,7fbe,8ff2,
1731,6155,a2e8,92b1,7fbe,7078,
1732,6155,a2e8,92b1,7fbe,e725,
1733,6155,a2e8,92b1,7fbe,6fb1,
1734,6155,a2e8,92b1,7fbe,e08a,
1735,6155,a2e8,92b1,7fbe,ef71,
1736,6155,a2e8,92b1,7fbe,4b54,
1737,6155,a2e8,92b1,7fbe,758e,
1738,6155,a2e8,92b1,7fbe,85f7,
1739,6155,a2e8,92b1,7fbe,1c72,
1740,6155,a2e8,92b1,7fbe,7f58,
1741,6155,a2e8,92b1,7fbe,a5db,
1742,6155,a2e8,92b1,7fbe,108b,
1743,6155,a2e8,92b1,7fbe,0e7e,
1744,6155,a2e8,92b1,7fbe,25df,
1745,6155,a2e8,92b1,7fbe,5c8e,
1746,6155,a2e8,92b1,7fbe,bb03,
1747,6155,a2e8,92b1,7fbe,d41d,
1748,6155,a2e8,92b1,7fbe,2ab7,
1749,6155,a2e8,92b1,7fbe,3f9c,
1750,6155,a2e8,92b1,7fbe,5317,
1751,6155,a2e8,92b1,7fbe,b0a2,
1752,6155,a2e8,92b1,7fbe,207e,
1753,6155,a2e8,92b1,7fbe,ccb3,
1754,6155,a2e8,92b1,7fbe,96bc,
1755,6155,a2e8,92b1,7fbe,9a04,
1756,6155,a2e8,92b1,7fbe,477f,
1757,6155,a2e8,92b1,7fbe,57fc,
1758,6155,a2e8,92b1,7fbe,20a9,
1759,6155,a2e8,92b1,7fbe,bd57,
1760,6155,a2e8,92b1,7fbe,f4a3,
1761,6155,a2e8,92b1,7fbe,5d44,
1762,6155,a2e8,92b1,7fbe,d8ba,
1763,6155,a2e8,92b1,7fbe,f4f6,
1764,6155,a2e8,92b1,7fbe,c34b,
1765,6155,a2e8,92b1,7fbe,479e,
1766,6155,a2e8,92b1,7fbe,63b6,
1767,6155,a2e8,92b1,7fbe,c97d,
1768,6155,a2e8,92b1,7fbe,e90e,
1769,6155,a2e8,92b1,7fbe,f251,
1770,6155,a2e8,92b1,7fbe,9b6c,
1771,6155,a2e8,92b1,7fbe,a9de,
1772,6155,a2e8,92b1,7fbe,663b,
1773,6155,a2e8,92b1,7fbe,828c,
1774,6155,a2e8,92b1,7fbe,5056,
1775,6155,a2e8,92b1,7fbe,901e,
1776,6155,a2e8,92b1,7fbe,0522,
1777,6155,a2e8,92b1,7fbe,67b3,
1778,6155,a2e8,92b1,7fbe,56d0,
1779,6155,a2e8,92b1,7fbe,4072,
1780,6155,a2e8,92b1,7fbe,f7c1,
1781,6155,a2e8,92b1,7fbe,c565,
1782,6155,a2e8,92b1,7fbe,bf1e,
1783,6155,a2e8,92b1,7fbe,cc13,
1784,6155,a2e8,92b1,7fbe,fe38,
1785,6155,a2e8,92b1,7fbe,a020,
1786,6155,a2e8,92b1,7fbe,a786,
1787,6155,a2e8,92b1,7fbe,6646,
1788,6155,a2e8,92b1,7fbe,8473,
1789,6155,a2e8,92b1,7fbe,f84e,
1790,6155,a2e8,92b1,7fbe,e407,
1791,6155,a2e8,92b1,7fbe,8121,
1792,6155,a2e8,92b1,7fbe,b7aa,
1793,6155,a2e8,92b1,7fbe,bb2d,
1794,6155,a2e8,92b1,7fbe,aff3,
1795,6155,a2e8,92b1,7fbe,07cb,
1796,6155,a2e8,92b1,7fbe,7312,
1797,6155,a2e8,92b1,7fbe,379e,
1798,6155,a2e8,92b1,7fbe,fd40,
1799,6155,a2e8,92b1,7fbe,0c46,
1800,6155,a2e8,92b1,7fbe,8f0b,
1801,6155,a2e8,92b1,7fbe,25c7,
1802,6155,a2e8,92b1,7fbe,ef66,
1803,6155,a2e8,92b1,7fbe,4f67,
1804,6155,a2e8,92b1,7fbe,918e,
1805,6155,a2e8,92b1,7fbe,b618,
1806,6155,a2e8,92b1,7fbe,629c,
1807,6155,a2e8,92b1,7fbe,3474,
1808,6155,a2e8,92b1,7fbe,c1e2,
1809,6155,a2e8,92b1,7fbe,4c71,
1810,6155,a2e8,92b1,7fbe,da14,
1811,6155,a2e8,92b1,7fbe,aa99,
1812,6155,a2e8,92b1,7fbe,b19d,
1813,6155,a2e8,92b1,7fbe,2992,
1814,6155,a2e8,92b1,7fbe,490c,
1815,6155,a2e8,92b1,7fbe,71b2,
1816,6155,a2e8,92b1,7fbe,519a,
1817,6155,a2e8,92b1,7fbe,72bb,
1818,6155,a2e8,92b1,7fbe,35a9,
1819,6155,a2e8,92b1,7fbe,5a97,
1820,6155,a2e8,92b1,7fbe,f660,
1821,6155,a2e8,92b1,7fbe,f802,
1822,6155,a2e8,92b1,7fbe,4faf,
1823,6155,a2e8,92b1,7fbe,d56b,
1824,6155,a2e8,92b1,7fbe,86a2,
1825,6155,a2e8,92b1,7fbe,28a5,
1826,6155,a2e8,92b1,7fbe,5de8,
1827,6155,a2e8,92b1,7fbe,f2f3,
1828,6155,a2e8,92b1,7fbe,9447,
1829,6155,a2e8,92b1,7fbe,c6f0,
1830,6155,a2e8,92b1,7fbe,a7ff,
1831,6155,a2e8,92b1,7fbe,8dc8,
1832,6155,a2e8,92b1,7fbe,d3fa,
1833,6155,a2e8,92b1,7fbe,078d,
1834,6155,a2e8,92b1,7fbe,c2e2,
1835,6155,a2e8,92b1,7fbe,1972,
1836,6155,a2e8,92b1,7fbe,73e6,
1837,6155,a2e8,92b1,7fbe,2501,
1838,6155,a2e8,92b1,7fbe,7d2e,
1839,6155,a2e8,92b1,7fbe,2ef4,
1840,6155,a2e8,92b1,7fbe,c804,
1841,6155,a2e8,92b1,7fbe,bf7d,
1842,6155,a2e8,92b1,7fbe,c237,
1843,6155,a2e8,92b1,7fbe,df3d,
1844,6155,a2e8,92b1,7fbe,ae55,
1845,6155,a2e8,92b1,7fbe,2b3c,
1846,6155,a2e8,92b1,7fbe,d71b,
1847,6155,a2e8,92b1,7fbe,6c72,
1848,6155,a2e8,92b1,7fbe,49f7,
1849,6155,a2e8,92b1,7fbe,f7e8,
1850,6155,a2e8,92b1,7fbe,0382,
1851,6155,a2e8,92b1,7fbe,eee0,
1852,6155,a2e8,92b1,7fbe,3bfb,
1853,6155,a2e8,92b1,7fbe,9cb8,
1854,6155,a2e8,92b1,7fbe,8856,
1855,6155,a2e8,92b1,7fbe,0147,
1856,6155,a2e8,92b1,7fbe,1179,
1857,6155,a2e8,92b1,7fbe,9015,
1858,6155,a2e8,92b1,7fbe,29c4,
1859,6155,a2e8,92b1,7fbe,4af7,
1860,6155,a2e8,92b1,7fbe,3473,
1861,6155,a2e8,92b1,7fbe,afab,
1862,6155,a2e8,92b1,7fbe,d19a,
1863,6155,a2e8,92b1,7fbe,8284,
1864,6155,a2e8,92b1,7fbe,e386,
1865,6155,a2e8,92b1,7fbe,10d5,
1866,6155,a2e8,92b1,7fbe,9e69,
1867,6155,a2e8,92b1,7fbe,dbe3,
1868,6155,a2e8,92b1,7fbe,d31b,
1869,6155,a2e8,92b1,7fbe,84da,
1870,6155,a2e8,92b1,7fbe,4b6b,
1871,6155,a2e8,92b1,7fbe,e595,
1872,6155,a2e8,92b1,7fbe,b1bf,
1873,6155,a2e8,92b1,7fbe,9751,
1874,6155,a2e8,92b1,7fbe,7dd9,
1875,6155,a2e8,92b1,7fbe,a07e,
1876,6155,a2e8,92b1,7fbe,71ab,
1877,6155,a2e8,92b1,7fbe,62f5,
1878,6155,a2e8,92b1,7fbe,7452,
1879,6155,a2e8,92b1,7fbe,4e74,
1880,6155,a2e8,92b1,7fbe,d4db,
1881,6155,a2e8,92b1,7fbe,28a1,
1882,6155,a2e8,92b1,7fbe,7d67,
1883,6155,a2e8,92b1,7fbe,0271,
1884,6155,a2e8,92b1,7fbe,5671,
1885,6155,a2e8,92b1,7fbe,e69e,
1886,6155,a2e8,92b1,7fbe,ca56,
1887,6155,a2e8,92b1,7fbe,5de5,
1888,6155,a2e8,92b1,7fbe,870d,
1889,6155,a2e8,92b1,7fbe,1816,
1890,6155,a2e8,92b1,7fbe,8794,
1891,6155,a2e8,92b1,7fbe,0e66,
1892,6155,a2e8,92b1,7fbe,8bb1,
1893,6155,a2e8,92b1,7fbe,c5b1,
1894,6155,a2e8,92b1,7fbe,19c6,
1895,6155,a2e8,92b1,7fbe,ab59,
1896,6155,a2e8,92b1,7fbe,7e46,
1897,6155,a2e8,92b1,7fbe,2392,
1898,6155,a2e8,92b1,7fbe,17bb,
1899,6155,a2e8,92b1,7fbe,ad28,
1900,6155,a2e8,92b1,7fbe,bdc0,
1901,6155,a2e8,92b1,7fbe,1303,
1902,6155,a2e8,92b1,7fbe,0fc0,
1903,6155,a2e8,92b1,7fbe,3c72,
1904,6155,a2e8,92b1,7fbe,3f39,
1905,6155,a2e8,92b1,7fbe,b3bf,
1906,6155,a2e8,92b1,7fbe,ff26,
1907,6155,a2e8,92b1,7fbe,280f,
1908,6155,a2e8,92b1,7fbe,6ea7,
1909,6155,a2e8,92b1,7fbe,f1d9,
1910,6155,a2e8,92b1,7fbe,762b,
1911,6155,a2e8,92b1,7fbe,fe1f,
1912,6155,a2e8,92b1,7fbe,76eb,
1913,6155,a2e8,92b1,7fbe,6d7b,
1914,6155,a2e8,92b1,7fbe,3c17,
1915,6155,a2e8,92b1,7fbe,96a9,
1916,6155,a2e8,92b1,7fbe,f773,
1917,6155,a2e8,92b1,7fbe,b306,
1918,6155,a2e8,92b1,7fbe,5ed8,
1919,6155,a2e8,92b1,7fbe,4c8a,
1920,6155,a2e8,92b1,7fbe,467b,
1921,6155,a2e8,92b1,7fbe,951b,
1922,6155,a2e8,92b1,7fbe,8f2c,
1923,6155,a2e8,92b1,7fbe,baa0,
1924,6155,a2e8,92b1,7fbe,242a,
1925,6155,a2e8,92b1,7fbe,49eb,
1926,6155,a2e8,92b1,7fbe,72a6,
1927,6155,a2e8,92b1,7fbe,2409,
1928,6155,a2e8,92b1,7fbe,0311,
1929,6155,a2e8,92b1,7fbe,136b,
1930,6155,a2e8,92b1,7fbe,7bd4,
1931,6155,a2e8,92b1,7fbe,819b,
1932,6155,a2e8,92b1,7fbe,b982,
1933,6155,a2e8,92b1,7fbe,58d9,
1934,6155,a2e8,92b1,7fbe,90a2,
1935,6155,a2e8,92b1,7fbe,9a17,
1936,6155,a2e8,92b1,7fbe,bcf1,
1937,6155,a2e8,92b1,7fbe,ba96,
1938,6155,a2e8,92b1,7fbe,b47d,
1939,6155,a2e8,92b1,7fbe,722b,
1940,6155,a2e8,92b1,7fbe,7fe3,
1941,6155,a2e8,92b1,7fbe,c471,
1942,6155,a2e8,92b1,7fbe,d644,
1943,6155,a2e8,92b1,7fbe,0b9c,
1944,6155,a2e8,92b1,7fbe,87bd,
1945,6155,a2e8,92b1,7fbe,2255,
1946,6155,a2e8,92b1,7fbe,86f0,
1947,6155,a2e8,92b1,7fbe,4ec6,
1948,6155,a2e8,92b1,7fbe,e3b4,
1949,6155,a2e8,92b1,7fbe,90e5,
1950,6155,a2e8,92b1,7fbe,d99f,
1951,6155,a2e8,92b1,7fbe,b7d4,
1952,6155,a2e8,92b1,7fbe,b219,
1953,6155,a2e8,92b1,7fbe,f712,
1954,6155,a2e8,92b1,7fbe,c3c4,
1955,6155,a2e8,92b1,7fbe,a34c,
1956,6155,a2e8,92b1,7fbe,6590,
1957,6155,a2e8,92b1,7fbe,71e7,
1958,6155,a2e8,92b1,7fbe,086d,
1959,6155,a2e8,92b1,7fbe,1f00,
1960,6155,a2e8,92b1,7fbe,1682,
1961,6155,a2e8,92b1,7fbe,568e,
1962,6155,a2e8,92b1,7fbe,078f,
1963,6155,a2e8,92b1,7fbe,5047,
1964,6155,a2e8,92b1,7fbe,17bc,
1965,6155,a2e8,92b1,7fbe,4170,
1966,6155,a2e8,92b1,7fbe,b298,
1967,6155,a2e8,92b1,7fbe,c028,
1968,6155,a2e8,92b1,7fbe,fcde,
1969,6155,a2e8,92b1,7fbe,f1c0,
1970,6155,a2e8,92b1,7fbe,f3a9,
1971,6155,a2e8,92b1,7fbe,7655,
1972,6155,a2e8,92b1,7fbe,2f7b,
1973,6155,a2e8,92b1,7fbe,b8ea,
1974,6155,a2e8,92b1,7fbe,c865,
1975,6155,a2e8,92b1,7fbe,52b7,
1976,6155,a2e8,92b1,7fbe,d9ad,
1977,6155,a2e8,92b1,7fbe,c3d8,
1978,6155,a2e8,92b1,7fbe,4b7c,
1979,6155,a2e8,92b1,7fbe,ffe6,
1980,6155,a2e8,92b1,7fbe,bcd1,
1981,6155,a2e8,92b1,7fbe,fc4d,
1982,6155,a2e8,92b1,7fbe,ab4b,
1983,6155,a2e8,92b1,7fbe,e955,
1984,6155,a2e8,92b1,7fbe,bfd0,
1985,6155,a2e8,92b1,7fbe,79ed,
1986,6155,a2e8,92b1,7fbe,7557,
1987,6155,a2e8,92b1,7fbe,57e7,
1988,6155,a2e8,92b1,7fbe,be5d,
1989,6155,a2e8,92b1,7fbe,2171,
1990,6155,a2e8,92b1,7fbe,2bc5,
1991,6155,a2e8,92b1,7fbe,d6ae,
1992,6155,a2e8,92b1,7fbe,af57,
1993,6155,a2e8,92b1,7fbe,d9a3,
1994,6155,a2e8,92b1,7fbe,6231,
1995,6155,a2e8,92b1,7fbe,828c,
1996,6155,a2e8,92b1,7fbe,f926,
1997,6155,a2e8,92b1,7fbe,9a09,
1998,6155,a2e8,92b1,7fbe,e58a,
1999,6155,a2e8,92b1,7fbe,49d9,
2000,6155,a2e8,92b1,7fbe,fedd,
2001,6155,a2e8,92b1,7fbe,bce4,
2002,6155,a2e8,92b1,7fbe,61f0,
2003,6155,a2e8,92b1,7fbe,ba59,
2004,6155,a2e8,92b1,7fbe,10e2,
2005,6155,a2e8,92b1,7fbe,cc62,
2006,6155,a2e8,92b1,7fbe,6d73,
2007,6155,a2e8,92b1,7fbe,8e12,
2008,6155,a2e8,92b1,7fbe,432c,
2009,6155,a2e8,92b1,7fbe,3eaf,
2010,6155,a2e8,92b1,7fbe,b2bd,
2011,6155,a2e8,92b1,7fbe,6aa5,
2012,6155,a2e8,92b1,7fbe,4c9c,
2013,6155,a2e8,92b1,7fbe,8c34,
2014,6155,a2e8,92b1,7fbe,4d0f,
2015,6155,a2e8,92b1,7fbe,59b7,
2016,6155,a2e8,92b1,7fbe,388f,
2017,6155,a2e8,92b1,7fbe,6a43,
2018,6155,a2e8,92b1,7fbe,147d,
2019,6155,a2e8,92b1,7fbe,3d62,
2020,6155,a2e8,92b1,7fbe,a076,
2021,6155,a2e8,92b1,7fbe,453f,
2022,6155,a2e8,92b1,7fbe,c2c9,
2023,6155,a2e8,92b1,7fbe,7891,
2024,6155,a2e8,92b1,7fbe,1540,
2025,6155,a2e8,92b1,7fbe,bfca,
2026,6155,a2e8,92b1,7fbe,18dd,
2027,6155,a2e8,92b1,7fbe,f4df,
2028,6155,a2e8,92b1,7fbe,5d80,
2029,6155,a2e8,92b1,7fbe,d0b2,
2030,6155,a2e8,92b1,7fbe,898f,
2031,6155,a2e8,92b1,7fbe,faa8,
2032,6155,a2e8,92b1,7fbe,96f1,
2033,6155,a2e8,92b1,7fbe,67dc,
2034,6155,a2e8,92b1,7fbe,888c,
2035,6155,a2e8,92b1,7fbe,b457,
2036,6155,a2e8,92b1,7fbe,8fa6,
2037,6155,a2e8,92b1,7fbe,2ee7,
2038,6155,a2e8,92b1,7fbe,a5fc,
2039,6155,a2e8,92b1,7fbe,96b0,
2040,6155,a2e8,92b1,7fbe,ec39,
2041,6155,a2e8,92b1,7fbe,496f,
2042,6155,a2e8,92b1,7fbe,0da6,
2043,6155,a2e8,92b1,7fbe,c621,
2044,6155,a2e8,92b1,7fbe,64a9,
2045,6155,a2e8,92b1,7fbe,5bd6,
2046,6155,a2e8,92b1,7fbe,b0e5,
2047,6155,a2e8,92b1,7fbe,d142,
2048,6155,a2e8,92b1,7fbe,453a,
2049,6155,a2e8,92b1,7fbe,5d98,
2050,6155,a2e8,92b1,7fbe,3452,
2051,6155,a2e8,92b1,7fbe,276c,
2052,6155,a2e8,92b1,7fbe,983b,
2053,6155,a2e8,92b1,7fbe,e756,
2054,6155,a2e8,92b1,7fbe,fe9f,
2055,6155,a2e8,92b1,7fbe,83b1,
2056,6155,a2e8,92b1,7fbe,50cc,
2057,6155,a2e8,92b1,7fbe,61cb,
2058,6155,a2e8,92b1,7fbe,fdae,
2059,6155,a2e8,92b1,7fbe,cf1f,
2060,6155,a2e8,92b1,7fbe,b6ff,
2061,6155,a2e8,92b1,7fbe,94ab,
2062,6155,a2e8,92b1,7fbe,5edd,
2063,6155,a2e8,92b1,7fbe,0376,
2064,6155,a2e8,92b1,7fbe,49b0,
2065,6155,a2e8,92b1,7fbe,efdc,
2066,6155,a2e8,92b1,7fbe,1ce1,
2067,6155,a2e8,92b1,7fbe,24bb,
2068,6155,a2e8,92b1,7fbe,19e6,
2069,6155,a2e8,92b1,7fbe,3c48,
2070,6155,a2e8,92b1,7fbe,b0a6,
2071,6155,a2e8,92b1,7fbe,ec8a,
2072,6155,a2e8,92b1,7fbe,20dc,
2073,6155,a2e8,92b1,7fbe,6b6d,
2074,6155,a2e8,92b1,7fbe,68c5,
2075,6155,a2e8,92b1,7fbe,295e,
2076,6155,a2e8,92b1,7fbe,e027,
2077,6155,a2e8,92b1,7fbe,16e8,
2078,6155,a2e8,92b1,7fbe,c2ef,
2079,6155,a2e8,92b1,7fbe,2880,
2080,6155,a2e8,92b1,7fbe,d7fe,
2081,6155,a2e8,92b1,7fbe,ffde,
2082,6155,a2e8,92b1,7fbe,1350,
2083,6155,a2e8,92b1,7fbe,0baa,
2084,6155,a2e8,92b1,7fbe,d37d,
2085,6155,a2e8,92b1,7fbe,4371,
2086,6155,a2e8,92b1,7fbe,b23f,
2087,6155,a2e8,92b1,7fbe,a381,
2088,6155,a2e8,92b1,7fbe,f4d4,
2089,6155,a2e8,92b1,7fbe,5b5a,
2090,6155,a2e8,92b1,7fbe,d730,
2091,6155,a2e8,92b1,7fbe,fc86,
2092,6155,a2e8,92b1,7fbe,607f,
2093,6155,a2e8,92b1,7fbe,ae83,
2094,6155,a2e8,92b1,7fbe,e16a,
2095,6155,a2e8,92b1,7fbe,12e4,
2096,6155,a2e8,92b1,7fbe,dd02,
2097,6155,a2e8,92b1,7fbe,cb8a,
2098,6155,a2e8,92b1,7fbe,46b9,
2099,6155,a2e8,92b1,7fbe,48e6,
2100,6155,a2e8,92b1,7fbe,266e,
2101,6155,a2e8,92b1,7fbe,cad9,
2102,6155,a2e8,92b1,7fbe,5779,
2103,6155,a2e8,92b1,7fbe,ec05,
2104,6155,a2e8,92b1,7fbe,0ee7,
2105,6155,a2e8,92b1,7fbe,efb0,
2106,6155,a2e8,92b1,7fbe,8fbc,
2107,6155,a2e8,92b1,7fbe,fc71,
2108,6155,a2e8,92b1,7fbe,96a3,
2109,6155,a2e8,92b1,7fbe,63f7,
2110,6155,a2e8,92b1,7fbe,3ca6,
2111,6155,a2e8,92b1,7fbe,14c7,
2112,6155,a2e8,92b1,7fbe,1404,
2113,6155,a2e8,92b1,7fbe,e483,
2114,6155,a2e8,92b1,7fbe,a972,
2115,6155,a2e8,92b1,7fbe,97c0,
2116,6155,a2e8,92b1,7fbe,5f67,
2117,6155,a2e8,92b1,7fbe,b4cd,
2118,6155,a2e8,92b1,7fbe,fa9e,
2119,6155,a2e8,92b1,7fbe,df8b,
2120,6155,a2e8,92b1,7fbe,6cfc,
2121,6155,a2e8,92b1,7fbe,55c8,
2122,6155,a2e8,92b1,7fbe,52ae,
2123,6155,a2e8,92b1,7fbe,e1fb,
2124,6155,a2e8,92b1,7fbe,30a8,
2125,6155,a2e8,92b1,7fbe,8975,
2126,6155,a2e8,92b1,7fbe,081e,
2127,6155,a2e8,92b1,7fbe,1fc0,
2128,6155,a2e8,92b1,7fbe,1873,
2129,6155,a2e8,92b1,7fbe,ec57,
2130,6155,a2e8,92b1,7fbe,544c,
2131,6155,a2e8,92b1,7fbe,bb03,
2132,6155,a2e8,92b1,7fbe,05f9,
2133,6155,a2e8,92b1,7fbe,3288,
2134,6155,a2e8,92b1,7fbe,b56a,
2135,6155,a2e8,92b1,7fbe,541d,
2136,6155,a2e8,92b1,7fbe,360a,
2137,6155,a2e8,92b1,7fbe,d02d,
2138,6155,a2e8,92b1,7fbe,ca5c,
2139,6155,a2e8,92b1,7fbe,ad1a,
2140,6155,a2e8,92b1,7fbe,9406,
2141,6155,a2e8,92b1,7fbe,2789,
2142,6155,a2e8,92b1,7fbe,1d72,
2143,6155,a2e8,92b1,7fbe,3aec,
2144,6155,a2e8,92b1,7fbe,511d,
2145,6155,a2e8,92b1,7fbe,7414,
2146,6155,a2e8,92b1,7fbe,89d7,
2147,6155,a2e8,92b1,7fbe,6b43,
2148,6155,a2e8,92b1,7fbe,bed5,
2149,6155,a2e8,92b1,7fbe,e81a,
2150,6155,a2e8,92b1,7fbe,d385,
2151,6155,a2e8,92b1,7fbe,6ae9,
2152,6155,a2e8,92b1,7fbe,7a75,
2153,6155,a2e8,92b1,7fbe,116f,
2154,6155,a2e8,92b1,7fbe,d977,
2155,6155,a2e8,92b1,7fbe,b134,
2156,6155,a2e8,92b1,7fbe,9031,
2157,6155,a2e8,92b1,7fbe,26a8,
2158,6155,a2e8,92b1,7fbe,5f0a,
2159,6155,a2e8,92b1,7fbe,9dd0,
2160,6155,a2e8,92b1,7fbe,1189,
2161,6155,a2e8,92b1,7fbe,3a63,
2162,6155,a2e8,92b1,7fbe,93cf,
2163,6155,a2e8,92b1,7fbe,537b,
2164,6155,a2e8,92b1,7fbe,ae1d,
2165,6155,a2e8,92b1,7fbe,49ca,
2166,6155,a2e8,92b1,7fbe,ed75,
2167,6155,a2e8,92b1,7fbe,fca4,
2168,6155,a2e8,92b1,7fbe,9881,
2169,6155,a2e8,92b1,7fbe,e5b7,
2170,6155,a2e8,92b1,7fbe,8178,
2171,6155,a2e8,92b1,7fbe,3bd1,
2172,6155,a2e8,92b1,7fbe,fdc1,
2173,6155,a2e8,92b1,7fbe,e8f8,
2174,6155,a2e8,92b1,7fbe,33a5,
2175,6155,a2e8,92b1,7fbe,8111,
2176,6155,a2e8,92b1,7fbe,c021,
2177,6155,a2e8,92b1,7fbe,8855,
2178,6155,a2e8,92b1,7fbe,4f76,
2179,6155,a2e8,92b1,7fbe,798d,
2180,6155,a2e8,92b1,7fbe,3516,
2181,6155,a2e8,92b1,7fbe,bcf8,
2182,6155,a2e8,92b1,7fbe,a8e0,
2183,6155,a2e8,92b1,7fbe,2c1a,
2184,6155,a2e8,92b1,7fbe,7c3c,
2185,6155,a2e8,92b1,7fbe,1369,
2186,6155,a2e8,92b1,7fbe,d630,
2187,6155,a2e8,92b1,7fbe,ddd1,
2188,6155,a2e8,92b1,7fbe,13ac,
2189,6155,a2e8,92b1,7fbe,f9bc,
2190,6155,a2e8,92b1,7fbe,0940,
2191,6155,a2e8,92b1,7fbe,7a9f,
2192,6155,a2e8,92b1,7fbe,9882,
2193,6155,a2e8,92b1,7fbe,560b,
2194,6155,a2e8,92b1,7fbe,1276,
2195,6155,a2e8,92b1,7fbe,ec4d,
2196,6155,a2e8,92b1,7fbe,3658,
2197,6155,a2e8,92b1,7fbe,9e21,
2198,6155,a2e8,92b1,7fbe,f415,
2199,6155,a2e8,92b1,7fbe,b46d,
2200,6155,a2e8,92b1,7fbe,2ea3,
2201,6155,a2e8,92b1,7fbe,7d6c,
2202,6155,a2e8,92b1,7fbe,c6eb,
2203,6155,a2e8,92b1,7fbe,af28,
2204,6155,a2e8,92b1,7fbe,8d27,
2205,6155,a2e8,92b1,7fbe,8a67,
2206,6155,a2e8,92b1,7fbe,5259,
2207,6155,a2e8,92b1,7fbe,1d9b,
2208,6155,a2e8,92b1,7fbe,15ea,
2209,6155,a2e8,92b1,7fbe,d0fa,
2210,6155,a2e8,92b1,7fbe,3d53,
2211,6155,a2e8,92b1,7fbe,7732,
2212,6155,a2e8,92b1,7fbe,23a2,
2213,6155,a2e8,92b1,7fbe,2899,
2214,6155,a2e8,92b1,7fbe,22f2,
2215,6155,a2e8,92b1,7fbe,feff,
2216,6155,a2e8,92b1,7fbe,68b2,
2217,6155,a2e8,92b1,7fbe,7ec4,
2218,6155,a2e8,92b1,7fbe,8b38,
2219,6155,a2e8,92b1,7fbe,b705,
2220,6155,a2e8,92b1,7fbe,fa7e,
2221,6155,a2e8,92b1,7fbe,0b8f,
2222,6155,a2e8,92b1,7fbe,9921,
2223,6155,a2e8,92b1,7fbe,6386,
2224,6155,a2e8,92b1,7fbe,2e92,
2225,6155,a2e8,92b1,7fbe,1d09,
2226,6155,a2e8,92b1,7fbe,6b0f,
2227,6155,a2e8,92b1,7fbe,5938,
2228,6155,a2e8,92b1,7fbe,095a,
2229,6155,a2e8,92b1,7fbe,bb8d,
2230,6155,a2e8,92b1,7fbe,7f73,
2231,6155,a2e8,92b1,7fbe,46a2,
2232,6155,a2e8,92b1,7fbe,3fd3,
2233,6155,a2e8,92b1,7fbe,ce38,
2234,6155,a2e8,92b1,7fbe,f4fa,
2235,6155,a2e8,92b1,7fbe,a117,
2236,6155,a2e8,92b1,7fbe,2c91,
2237,6155,a2e8,92b1,7fbe,15d6,
2238,6155,a2e8,92b1,7fbe,69f6,
2239,6155,a2e8,92b1,7fbe,cb3b,
2240,6155,a2e8,92b1,7fbe,9fe6,
2241,6155,a2e8,92b1,7fbe,b0d4,
2242,6155,a2e8,92b1,7fbe,4050,
2243,6155,a2e8,92b1,7fbe,fefd,
2244,6155,a2e8,92b1,7fbe,d4dd,
2245,6155,a2e8,92b1,7fbe,9cd4,
2246,6155,a2e8,92b1,7fbe,92c2,
2247,6155,a2e8,92b1,7fbe,9680,
2248,6155,a2e8,92b1,7fbe,66ae,
2249,6155,a2e8,92b1,7fbe,cfdf,
2250,6155,a2e8,92b1,7fbe,ab26,
2251,6155,a2e8,92b1,7fbe,44ab,
2252,6155,a2e8,92b1,7fbe,2278,
2253,6155,a2e8,92b1,7fbe,1092,
2254,6155,a2e8,92b1,7fbe,6038,
2255,6155,a2e8,92b1,7fbe,4c20,
2256,6155,a2e8,92b1,7fbe,c58d,
2257,6155,a2e8,92b1,7fbe,10ad,
2258,6155,a2e8,92b1,7fbe,3ba0,
2259,6155,a2e8,92b1,7fbe,599b,
2260,6155,a2e8,92b1,7fbe,5d82,
2261,6155,a2e8,92b1,7fbe,93e5,
2262,6155,a2e8,92b1,7fbe,c89f,
2263,6155,a2e8,92b1,7fbe,5c6a,
2264,6155,a2e8,92b1,7fbe,dd0b,
2265,6155,a2e8,92b1,7fbe,42ce,
2266,6155,a2e8,92b1,7fbe,c1a1,
2267,6155,a2e8,92b1,7fbe,d988,
2268,6155,a2e8,92b1,7fbe,2c06,
2269,6155,a2e8,92b1,7fbe,e2b1,
2270,6155,a2e8,92b1,7fbe,c0c3,
2271,6155,a2e8,92b1,7fbe,4bb3,
2272,6155,a2e8,92b1,7fbe,f2f8,
2273,6155,a2e8,92b1,7fbe,fef2,
2274,6155,a2e8,92b1,7fbe,1911,
2275,6155,a2e8,92b1,7fbe,e066,
2276,6155,a2e8,92b1,7fbe,d367,
2277,6155,a2e8,92b1,7fbe,aa80,
2278,6155,a2e8,92b1,7fbe,6aa5,
2279,6155,a2e8,92b1,7fbe,5bf2,
2280,6155,a2e8,92b1,7fbe,a7f5,
2281,6155,a2e8,92b1,7fbe,974a,
2282,6155,a2e8,92b1,7fbe,0eaa,
2283,6155,a2e8,92b1,7fbe,5436,
2284,6155,a2e8,92b1,7fbe,1998,
2285,6155,a2e8,92b1,7fbe,9cdd,
2286,6155,a2e8,92b1,7fbe,761d,
2287,6155,a2e8,92b1,7fbe,9cc7,
2288,6155,a2e8,92b1,7fbe,4214,
2289,6155,a2e8,92b1,7fbe,15de,
2290,6155,a2e8,92b1,7fbe,89e0,
2291,6155,a2e8,92b1,7fbe,21bc,
2292,6155,a2e8,92b1,7fbe,d3eb,
2293,6155,a2e8,92b1,7fbe,f922,
2294,6155,a2e8,92b1,7fbe,d27b,
2295,6155,a2e8,92b1,7fbe,deb5,
2296,6155,a2e8,92b1,7fbe,546c,
2297,6155,a2e8,92b1,7fbe,fbfd,
2298,6155,a2e8,92b1,7fbe,016e,
2299,6155,a2e8,92b1,7fbe,d498,
2300,6155,a2e8,92b1,7fbe,4532,
2301,6155,a2e8,92b1,7fbe,8c7b,
2302,6155,a2e8,92b1,7fbe,e3cb,
2303,6155,a2e8,92b1,7fbe,5c91,
2304,6155,a2e8,92b1,7fbe,286c,
2305,6155,a2e8,92b1,7fbe,31a1,
2306,6155,a2e8,92b1,7fbe,b9e5,
2307,6155,a2e8,92b1,7fbe,f0e5,
2308,6155,a2e8,92b1,7fbe,922f,
2309,6155,a2e8,92b1,7fbe,c2a1,
2310,6155,a2e8,92b1,7fbe,33b4,
2311,6155,a2e8,92b1,7fbe,a06b,
2312,6155,a2e8,92b1,7fbe,2489,
2313,6155,a2e8,92b1,7fbe,c0d8,
2314,6155,a2e8,92b1,7fbe,ece5,
2315,6155,a2e8,92b1,7fbe,2e14,
2316,6155,a2e8,92b1,7fbe,e4ab,
2317,6155,a2e8,92b1,7fbe,8e2c,
2318,6155,a2e8,92b1,7fbe,4dd6,
2319,6155,a2e8,92b1,7fbe,c2ba,
2320,6155,a2e8,92b1,7fbe,4a77,
2321,6155,a2e8,92b1,7fbe,fd68,
2322,6155,a2e8,92b1,7fbe,5d6c,
2323,6155,a2e8,92b1,7fbe,c75c,
2324,6155,a2e8,92b1,7fbe,7398,
2325,6155,a2e8,92b1,7fbe,56b8,
2326,6155,a2e8,92b1,7fbe,c026,
2327,6155,a2e8,92b1,7fbe,1a91,
2328,6155,a2e8,92b1,7fbe,ebd6,
2329,6155,a2e8,92b1,7fbe,e5c4,
2330,6155,a2e8,92b1,7fbe,a38d,
2331,6155,a2e8,92b1,7fbe,03b5,
2332,6155,a2e8,92b1,7fbe,4f84,
2333,6155,a2e8,92b1,7fbe,3f40,
2334,6155,a2e8,92b1,7fbe,aa97,
2335,6155,a2e8,92b1,7fbe,7fbb,
2336,6155,a2e8,92b1,7fbe,0f5d,
2337,6155,a2e8,92b1,7fbe,ee39,
2338,6155,a2e8,92b1,7fbe,07fd,
2339,6155,a2e8,92b1,7fbe,2606,
2340,6155,a2e8,92b1,7fbe,6b68,
2341,6155,a2e8,92b1,7fbe,fc6d,
2342,6155,a2e8,92b1,7fbe,0bae,
2343,6155,a2e8,92b1,7fbe,6d08,
2344,6155,a2e8,92b1,7fbe,4cc6,
2345,6155,a2e8,92b1,7fbe,7de1,
2346,6155,a2e8,92b1,7fbe,61e3,
2347,6155,a2e8,92b1,7fbe,5125,
2348,6155,a2e8,92b1,7fbe,fe97,
2349,6155,a2e8,92b1,7fbe,de38,
2350,6155,a2e8,92b1,7fbe,7bee,
2351,6155,a2e8,92b1,7fbe,505f,
2352,6155,a2e8,92b1,7fbe,13f8,
2353,6155,a2e8,92b1,7fbe,f137,
2354,6155,a2e8,92b1,7fbe,fffa,
2355,6155,a2e8,92b1,7fbe,ce49,
2356,6155,a2e8,92b1,7fbe,7f02,
2357,6155,a2e8,92b1,7fbe,92f5,
2358,6155,a2e8,92b1,7fbe,15b4,
2359,6155,a2e8,92b1,7fbe,e86e,
2360,6155,a2e8,92b1,7fbe,0762,
2361,6155,a2e8,92b1,7fbe,33ea,
2362,6155,a2e8,92b1,7fbe,eac6,
2363,6155,a2e8,92b1,7fbe,32c4,
2364,6155,a2e8,92b1,7fbe,0dac,
2365,6155,a2e8,92b1,7fbe,063a,
2366,6155,a2e8,92b1,7fbe,df6f,
2367,6155,a2e8,92b1,7fbe,e3b8,
2368,6155,a2e8,92b1,7fbe,d831,
2369,6155,a2e8,92b1,7fbe,50d8,
2370,6155,a2e8,92b1,7fbe,e19a,
2371,6155,a2e8,92b1,7fbe,a9f8,
2372,6155,a2e8,92b1,7fbe,b88c,
2373,6155,a2e8,92b1,7fbe,1c81,
2374,6155,a2e8,92b1,7fbe,f78e,
2375,6155,a2e8,92b1,7fbe,a069,
2376,6155,a2e8,92b1,7fbe,3d88,
2377,6155,a2e8,92b1,7fbe,da84,
2378,6155,a2e8,92b1,7fbe,f32e,
2379,6155,a2e8,92b1,7fbe,39ac,
2380,6155,a2e8,92b1,7fbe,11c8,
2381,6155,a2e8,92b1,7fbe,0649,
2382,6155,a2e8,92b1,7fbe,fee0,
2383,6155,a2e8,92b1,7fbe,4d3a,
2384,6155,a2e8,92b1,7fbe,37e1,
2385,6155,a2e8,92b1,7fbe,f5f3,
2386,6155,a2e8,92b1,7fbe,f8a4,
2387,6155,a2e8,92b1,7fbe,028b,
2388,6155,a2e8,92b1,7fbe,6c4b,
2389,6155,a2e8,92b1,7fbe,9ebd,
2390,6155,a2e8,92b1,7fbe,0431,
2391,6155,a2e8,92b1,7fbe,f38c,
2392,6155,a2e8,92b1,7fbe,24d2,
2393,6155,a2e8,92b1,7fbe,37a6,
2394,6155,a2e8,92b1,7fbe,665d,
2395,6155,a2e8,92b1,7fbe,8da3,
2396,6155,a2e8,92b1,7fbe,1e9f,
2397,6155,a2e8,92b1,7fbe,ab84,
2398,6155,a2e8,92b1,7fbe,38b2,
2399,6155,a2e8,92b1,7fbe,24d0,
2400,6155,a2e8,92b1,7fbe,fdba,
2401,6155,a2e8,92b1,7fbe,ba2d,
2402,6155,a2e8,92b1,7fbe,053d,
2403,6155,a2e8,92b1,7fbe,0bd1,
2404,6155,a2e8,92b1,7fbe,d330,
2405,6155,a2e8,92b1,7fbe,9371,
2406,6155,a2e8,92b1,7fbe,a900,
2407,6155,a2e8,92b1,7fbe,762d,
2408,6155,a2e8,92b1,7fbe,482c,
2409,6155,a2e8,92b1,7fbe,68ac,
2410,6155,a2e8,92b1,7fbe,7468,
2411,6155,a2e8,92b1,7fbe,0ad9,
2412,6155,a2e8,92b1,7fbe,0775,
2413,6155,a2e8,92b1,7fbe,88ec,
2414,6155,a2e8,92b1,7fbe,2bfd,
2415,6155,a2e8,92b1,7fbe,ef0a,
2416,6155,a2e8,92b1,7fbe,e156,
2417,6155,a2e8,92b1,7fbe,d7bc,
2418,6155,a2e8,92b1,7fbe,78e8,
2419,6155,a2e8,92b1,7fbe,bdd7,
2420,6155,a2e8,92b1,7fbe,c5a5,
2421,6155,a2e8,92b1,7fbe,9d89,
2422,6155,a2e8,92b1,7fbe,94a0,
2423,6155,a2e8,92b1,7fbe,657a,
2424,6155,a2e8,92b1,7fbe,b9a9,
2425,6155,a2e8,92b1,7fbe,bc7e,
2426,6155,a2e8,92b1,7fbe,b4c2,
2427,6155,a2e8,92b1,7fbe,149e,
2428,6155,a2e8,92b1,7fbe,765a,
2429,6155,a2e8,92b1,7fbe,4d0d,
2430,6155,a2e8,92b1,7fbe,75e9,
2431,6155,a2e8,92b1,7fbe,0f16,
2432,6155,a2e8,92b1,7fbe,7330,
2433,6155,a2e8,92b1,7fbe,05aa,
2434,6155,a2e8,92b1,7fbe,60f2,
2435,6155,a2e8,92b1,7fbe,89df,
2436,6155,a2e8,92b1,7fbe,809e,
2437,6155,a2e8,92b1,7fbe,e544,
2438,6155,a2e8,92b1,7fbe,57d5,
2439,6155,a2e8,92b1,7fbe,480b,
2440,6155,a2e8,92b1,7fbe,7823,
2441,6155,a2e8,92b1,7fbe,21b5,
2442,6155,a2e8,92b1,7fbe,51ff,
2443,6155,a2e8,92b1,7fbe,baa9,
2444,6155,a2e8,92b1,7fbe,627b,
2445,6155,a2e8,92b1,7fbe,9cde,
2446,6155,a2e8,92b1,7fbe,0b8a,
2447,6155,a2e8,92b1,7fbe,6ed3,
2448,6155,a2e8,92b1,7fbe,0a34,
2449,6155,a2e8,92b1,7fbe,9178,
2450,6155,a2e8,92b1,7fbe,98f4,
2451,6155,a2e8,92b1,7fbe,9344,
2452,6155,a2e8,92b1,7fbe,87bd,
2453,6155,a2e8,92b1,7fbe,8ee5,
2454,6155,a2e8,92b1,7fbe,083b,
2455,6155,a2e8,92b1,7fbe,34f5,
2456,6155,a2e8,92b1,7fbe,5494,
2457,6155,a2e8,92b1,7fbe,6bc4,
2458,6155,a2e8,92b1,7fbe,4e6a,
2459,6155,a2e8,92b1,7fbe,aeb4,
2460,6155,a2e8,92b1,7fbe,79fd,
2461,6155,a2e8,92b1,7fbe,45dd,
2462,6155,a2e8,92b1,7fbe,b9ef,
2463,6155,a2e8,92b1,7fbe,8e25,
2464,6155,a2e8,92b1,7fbe,92a3,
2465,6155,a2e8,92b1,7fbe,ec4e,
2466,6155,a2e8,92b1,7fbe,876b,
2467,6155,a2e8,92b1,7fbe,c44b,
2468,6155,a2e8,92b1,7fbe,3c06,
2469,6155,a2e8,92b1,7fbe,bd58,
2470,6155,a2e8,92b1,7fbe,dea2,
2471,6155,a2e8,92b1,7fbe,3051,
2472,6155,a2e8,92b1,7fbe,1601,
2473,6155,a2e8,92b1,7fbe,875f,
2474,6155,a2e8,92b1,7fbe,e126,
2475,6155,a2e8,92b1,7fbe,e679,
2476,6155,a2e8,92b1,7fbe,0c70,
2477,6155,a2e8,92b1,7fbe,709c,
2478,6155,a2e8,92b1,7fbe,0a83,
2479,6155,a2e8,92b1,7fbe,8f9f,
2480,6155,a2e8,92b1,7fbe,540d,
2481,6155,a2e8,92b1,7fbe,558b,
2482,6155,a2e8,92b1,7fbe,a3d3,
2483,6155,a2e8,92b1,7fbe,8ffc,
2484,6155,a2e8,92b1,7fbe,5d55,
2485,6155,a2e8,92b1,7fbe,e98d,
2486,6155,a2e8,92b1,7fbe,37a7,
2487,6155,a2e8,92b1,7fbe,7e41,
2488,6155,a2e8,92b1,7fbe,a134,
2489,6155,a2e8,92b1,7fbe,d414,
2490,6155,a2e8,92b1,7fbe,ebd6,
2491,6155,a2e8,92b1,7fbe,dbb4,
2492,6155,a2e8,92b1,7fbe,da09,
2493,6155,a2e8,92b1,7fbe,7a00,
2494,6155,a2e8,92b1,7fbe,5d98,
2495,6155,a2e8,92b1,7fbe,f86b,
2496,6155,a2e8,92b1,7fbe,706b,
2497,6155,a2e8,92b1,7fbe,4c44,
2498,6155,a2e8,92b1,7fbe,dec0,
2499,6155,a2e8,92b1,7fbe,2278,
2500,6155,a2e8,92b1,7fbe,a6f9,
2501,6155,a2e8,92b1,7fbe,9a91,
2502,6155,a2e8,92b1,7fbe,7b7d,
2503,6155,a2e8,92b1,7fbe,3987,
2504,6155,a2e8,92b1,7fbe,6afe,
2505,6155,a2e8,92b1,7fbe,7afa,
2506,6155,a2e8,92b1,7fbe,34df,
2507,6155,a2e8,92b1,7fbe,179f,
2508,6155,a2e8,92b1,7fbe,0dc1,
2509,6155,a2e8,92b1,7fbe,f3f3,
2510,6155,a2e8,92b1,7fbe,c3b2,
2511,6155,a2e8,92b1,7fbe,6660,
2512,6155,a2e8,92b1,7fbe,fbb6,
2513,6155,a2e8,92b1,7fbe,6563,
2514,6155,a2e8,92b1,7fbe,051f,
2515,6155,a2e8,92b1,7fbe,72df,
2516,6155,a2e8,92b1,7fbe,897d,
2517,6155,a2e8,92b1,7fbe,e83f,
2518,6155,a2e8,92b1,7fbe,97a7,
2519,6155,a2e8,92b1,7fbe,4b23,
2520,6155,a2e8,92b1,7fbe,bc08,
2521,6155,a2e8,92b1,7fbe,94c9,
2522,6155,a2e8,92b1,7fbe,c355,
2523,6155,a2e8,92b1,7fbe,4627,
2524,6155,a2e8,92b1,7fbe,258d,
2525,6155,a2e8,92b1,7fbe,8d7f,
2526,6155,a2e8,92b1,7fbe,282b,
2527,6155,a2e8,92b1,7fbe,d260,
2528,6155,a2e8,92b1,7fbe,486a,
2529,6155,a2e8,92b1,7fbe,e358,
2530,6155,a2e8,92b1,7fbe,ec7a,
2531,6155,a2e8,92b1,7fbe,4a7e,
2532,6155,a2e8,92b1,7fbe,15f9,
2533,6155,a2e8,92b1,7fbe,7a45,
2534,6155,a2e8,92b1,7fbe,c51b,
2535,6155,a2e8,92b1,7fbe,e5dc,
2536,6155,a2e8,92b1,7fbe,37e6,
2537,6155,a2e8,92b1,7fbe,6d75,
2538,6155,a2e8,92b1,7fbe,97c5,
2539,6155,a2e8,92b1,7fbe,1109,
2540,6155,a2e8,92b1,7fbe,4123,
2541,6155,a2e8,92b1,7fbe,9174,
2542,6155,a2e8,92b1,7fbe,7405,
2543,6155,a2e8,92b1,7fbe,9176,
2544,6155,a2e8,92b1,7fbe,bdda,
2545,6155,a2e8,92b1,7fbe,c68b,
2546,6155,a2e8,92b1,7fbe,569b,
2547,6155,a2e8,92b1,7fbe,c556,
2548,6155,a2e8,92b1,7fbe,4a21,
2549,6155,a2e8,92b1,7fbe,5aed,
2550,6155,a2e8,92b1,7fbe,7bbe,
2551,6155,a2e8,92b1,7fbe,b2c8,
2552,6155,a2e8,92b1,7fbe,e0ed,
2553,6155,a2e8,92b1,7fbe,4743,
2554,6155,a2e8,92b1,7fbe,7317,
2555,6155,a2e8,92b1,7fbe,7913,
2556,6155,a2e8,92b1,7fbe,03d3,
2557,6155,a2e8,92b1,7fbe,b335,
2558,6155,a2e8,92b1,7fbe,e983,
2559,6155,a2e8,92b1,7fbe,f40e,
2560,6155,a2e8,92b1,7fbe,2155,
2561,6155,a2e8,92b1,7fbe,bd7b,
2562,6155,a2e8,92b1,7fbe,e009,
2563,6155,a2e8,92b1,7fbe,a477,
2564,6155,a2e8,92b1,7fbe,aac3,
2565,6155,a2e8,92b1,7fbe,9d09,
2566,6155,a2e8,92b1,7fbe,fae0,
2567,6155,a2e8,92b1,7fbe,07cb,
2568,6155,a2e8,92b1,7fbe,bcf6,
2569,6155,a2e8,92b1,7fbe,15a8,
2570,6155,a2e8,92b1,7fbe,e2b2,
2571,6155,a2e8,92b1,7fbe,cf0d,
2572,6155,a2e8,92b1,7fbe,b718,
2573,6155,a2e8,92b1,7fbe,7baf,
2574,6155,a2e8,92b1,7fbe,f90b,
2575,6155,a2e8,92b1,7fbe,728e,
2576,6155,a2e8,92b1,7fbe,be9f,
2577,6155,a2e8,92b1,7fbe,3b89,
2578,6155,a2e8,92b1,7fbe,27ca,
2579,6155,a2e8,92b1,7fbe,0852,
2580,6155,a2e8,92b1,7fbe,0d85,
2581,6155,a2e8,92b1,7fbe,585e,
2582,6155,a2e8,92b1,7fbe,84f0,
2583,6155,a2e8,92b1,7fbe,a912,
2584,6155,a2e8,92b1,7fbe,9517,
2585,6155,a2e8,92b1,7fbe,7ec6,
2586,6155,a2e8,92b1,7fbe,6972,
2587,6155,a2e8,92b1,7fbe,4cd9,
2588,6155,a2e8,92b1,7fbe,2849,
2589,6155,a2e8,92b1,7fbe,1247,
2590,6155,a2e8,92b1,7fbe,580e,
2591,6155,a2e8,92b1,7fbe,2518,
2592,6155,a2e8,92b1,7fbe,eafd,
2593,6155,a2e8,92b1,7fbe,111a,
2594,6155,a2e8,92b1,7fbe,e8f8,
2595,6155,a2e8,92b1,7fbe,1899,
2596,6155,a2e8,92b1,7fbe,d634,
2597,6155,a2e8,92b1,7fbe,e34e,
2598,6155,a2e8,92b1,7fbe,091d,
2599,6155,a2e8,92b1,7fbe,1255,
2600,6155,a2e8,92b1,7fbe,1fb2,
2601,6155,a2e8,92b1,7fbe,7817,
2602,6155,a2e8,92b1,7fbe,f758,
2603,6155,a2e8,92b1,7fbe,8229,
2604,6155,a2e8,92b1,7fbe,b070,
2605,6155,a2e8,92b1,7fbe,b8a4,
2606,6155,a2e8,92b1,7fbe,bcd4,
2607,6155,a2e8,92b1,7fbe,bb19,
2608,6155,a2e8,92b1,7fbe,898f,
2609,6155,a2e8,92b1,7fbe,03ec,
2610,6155,a2e8,92b1,7fbe,b915,
2611,6155,a2e8,92b1,7fbe,697b,
2612,6155,a2e8,92b1,7fbe,afad,
2613,6155,a2e8,92b1,7fbe,367e,
2614,6155,a2e8,92b1,7fbe,380c,
2615,6155,a2e8,92b1,7fbe,efb3,
2616,6155,a2e8,92b1,7fbe,5d66,
2617,6155,a2e8,92b1,7fbe,0c84,
2618,6155,a2e8,92b1,7fbe,1740,
2619,6155,a2e8,92b1,7fbe,e805,
2620,6155,a2e8,92b1,7fbe,653f,
2621,6155,a2e8,92b1,7fbe,161c,
2622,6155,a2e8,92b1,7fbe,40c0,
2623,6155,a2e8,92b1,7fbe,8bc6,
2624,6155,a2e8,92b1,7fbe,9c96,
2625,6155,a2e8,92b1,7fbe,d95b,
2626,6155,a2e8,92b1,7fbe,d2f8,
2627,6155,a2e8,92b1,7fbe,60d6,
2628,6155,a2e8,92b1,7fbe,a5d8,
2629,6155,a2e8,92b1,7fbe,862a,
2630,6155,a2e8,92b1,7fbe,4619,
2631,6155,a2e8,92b1,7fbe,bbc3,
2632,6155,a2e8,92b1,7fbe,2928,
2633,6155,a2e8,92b1,7fbe,a408,
2634,6155,a2e8,92b1,7fbe,5275,
2635,6155,a2e8,92b1,7fbe,35bb,
2636,6155,a2e8,92b1,7fbe,43c6,
2637,6155,a2e8,92b1,7fbe,6a69,
2638,6155,a2e8,92b1,7fbe,4568,
2639,6155,a2e8,92b1,7fbe,b804,
2640,6155,a2e8,92b1,7fbe,12cd,
2641,6155,a2e8,92b1,7fbe,59e7,
2642,6155,a2e8,92b1,7fbe,f9ab,
2643,6155,a2e8,92b1,7fbe,5bcc,
2644,6155,a2e8,92b1,7fbe,ecc4,
2645,6155,a2e8,92b1,7fbe,9845,
2646,6155,a2e8,92b1,7fbe,dfa9,
2647,6155,a2e8,92b1,7fbe,5e59,
2648,6155,a2e8,92b1,7fbe,3109,
2649,6155,a2e8,92b1,7fbe,2c7e,
2650,6155,a2e8,92b1,7fbe,2fbc,
2651,6155,a2e8,92b1,7fbe,203b,
2652,6155,a2e8,92b1,7fbe,d561,
2653,6155,a2e8,92b1,7fbe,0eac,
2654,6155,a2e8,92b1,7fbe,d6cf,
2655,6155,a2e8,92b1,7fbe,7cb8,
2656,6155,a2e8,92b1,7fbe,9959,
2657,6155,a2e8,92b1,7fbe,ca25,
2658,6155,a2e8,92b1,7fbe,492f,
2659,6155,a2e8,92b1,7fbe,016e,
2660,6155,a2e8,92b1,7fbe,7d47,
2661,6155,a2e8,92b1,7fbe,51be,
2662,6155,a2e8,92b1,7fbe,bf03,
2663,6155,a2e8,92b1,7fbe,4293,
2664,6155,a2e8,92b1,7fbe,801c,
2665,6155,a2e8,92b1,7fbe,7ab7,
2666,6155,a2e8,92b1,7fbe,c46d,
2667,6155,a2e8,92b1,7fbe,39ff,
2668,6155,a2e8,92b1,7fbe,d079,
2669,6155,a2e8,92b1,7fbe,3125,
2670,6155,a2e8,92b1,7fbe,bc9f,
2671,6155,a2e8,92b1,7fbe,cf32,
2672,6155,a2e8,92b1,7fbe,87f3,
2673,6155,a2e8,92b1,7fbe,bdc8,
2674,6155,a2e8,92b1,7fbe,eb6f,
2675,6155,a2e8,92b1,7fbe,f5f3,
2676,6155,a2e8,92b1,7fbe,225b,
2677,6155,a2e8,92b1,7fbe,0c1f,
2678,6155,a2e8,92b1,7fbe,929f,
2679,6155,a2e8,92b1,7fbe,b469,
2680,6155,a2e8,92b1,7fbe,ac1b,
2681,6155,a2e8,92b1,7fbe,b4dc,
2682,6155,a2e8,92b1,7fbe,17d4,
2683,6155,a2e8,92b1,7fbe,d4a7,
2684,6155,a2e8,92b1,7fbe,93cd,
2685,6155,a2e8,92b1,7fbe,71d2,
2686,6155,a2e8,92b1,7fbe,82c9,
2687,6155,a2e8,92b1,7fbe,fee5,
2688,6155,a2e8,92b1,7fbe,95c3,
2689,6155,a2e8,92b1,7fbe,bef5,
2690,6155,a2e8,92b1,7fbe,a660,
2691,6155,a2e8,92b1,7fbe,5be2,
2692,6155,a2e8,92b1,7fbe,b636,
2693,6155,a2e8,92b1,7fbe,331c,
2694,6155,a2e8,92b1,7fbe,8820,
2695,6155,a2e8,92b1,7fbe,963f,
2696,6155,a2e8,92b1,7fbe,0746,
2697,6155,a2e8,92b1,7fbe,4ebc,
2698,6155,a2e8,92b1,7fbe,5e68,
2699,6155,a2e8,92b1,7fbe,93a0,
2700,6155,a2e8,92b1,7fbe,0ad5,
2701,6155,a2e8,92b1,7fbe,94fd,
2702,6155,a2e8,92b1,7fbe,12cd,
2703,6155,a2e8,92b1,7fbe,1911,
2704,6155,a2e8,92b1,7fbe,8eef,
2705,6155,a2e8,92b1,7fbe,c904,
2706,6155,a2e8,92b1,7fbe,912f,
2707,6155,a2e8,92b1,7fbe,e612,
2708,6155,a2e8,92b1,7fbe,bbe0,
2709,6155,a2e8,92b1,7fbe,3aa1,
2710,6155,a2e8,92b1,7fbe,964a,
2711,6155,a2e8,92b1,7fbe,978b,
2712,6155,a2e8,92b1,7fbe,683f,
2713,6155,a2e8,92b1,7fbe,aef9,
2714,6155,a2e8,92b1,7fbe,b7e5,
2715,6155,a2e8,92b1,7fbe,ab46,
2716,6155,a2e8,92b1,7fbe,2c54,
2717,6155,a2e8,92b1,7fbe,fb26,
2718,6155,a2e8,92b1,7fbe,1981,
2719,6155,a2e8,92b1,7fbe,4bb2,
2720,6155,a2e8,92b1,7fbe,c290,
2721,6155,a2e8,92b1,7fbe,1f34,
2722,6155,a2e8,92b1,7fbe,1a72,
2723,6155,a2e8,92b1,7fbe,e8ab,
2724,6155,a2e8,92b1,7fbe,512d,
2725,6155,a2e8,92b1,7fbe,e05f,
2726,6155,a2e8,92b1,7fbe,676c,
2727,6155,a2e8,92b1,7fbe,5c50,
2728,6155,a2e8,92b1,7fbe,dba7,
2729,6155,a2e8,92b1,7fbe,ad9a,
2730,6155,a2e8,92b1,7fbe,45d2,
2731,6155,a2e8,92b1,7fbe,314a,
2732,6155,a2e8,92b1,7fbe,f18e,
2733,6155,a2e8,92b1,7fbe,5d7a,
2734,6155,a2e8,92b1,7fbe,3f0b,
2735,6155,a2e8,92b1,7fbe,468a,
2736,6155,a2e8,92b1,7fbe,a2f2,
2737,6155,a2e8,92b1,7fbe,e913,
2738,6155,a2e8,92b1,7fbe,13b7,
2739,6155,a2e8,92b1,7fbe,b114,
2740,6155,a2e8,92b1,7fbe,3adb,
2741,6155,a2e8,92b1,7fbe,e4f6,
2742,6155,a2e8,92b1,7fbe,02f3,
2743,6155,a2e8,92b1,7fbe,7b6c,
2744,6155,a2e8,92b1,7fbe,9eb3,
2745,6155,a2e8,92b1,7fbe,c211,
2746,6155,a2e8,92b1,7fbe,ff30,
2747,6155,a2e8,92b1,7fbe,7f59,
2748,6155,a2e8,92b1,7fbe,dfe9,
2749,6155,a2e8,92b1,7fbe,c2c8,
2750,6155,a2e8,92b1,7fbe,4825,
2751,6155,a2e8,92b1,7fbe,245d,
2752,6155,a2e8,92b1,7fbe,c8fa,
2753,6155,a2e8,92b1,7fbe,323f,
2754,6155,a2e8,92b1,7fbe,6f74,
2755,6155,a2e8,92b1,7fbe,e0a8,
2756,6155,a2e8,92b1,7fbe,cbb3,
2757,6155,a2e8,92b1,7fbe,ee0e,
2758,6155,a2e8,92b1,7fbe,2438,
2759,6155,a2e8,92b1,7fbe,becb,
2760,6155,a2e8,92b1,7fbe,d7c4,
2761,6155,a2e8,92b1,7fbe,d59a,
2762,6155,a2e8,92b1,7fbe,c04f,
2763,6155,a2e8,92b1,7fbe,086d,
2764,6155,a2e8,92b1,7fbe,52ca,
2765,6155,a2e8,92b1,7fbe,1731,
2766,6155,a2e8,92b1,7fbe,edd6,
2767,6155,a2e8,92b1,7fbe,6b39,
2768,6155,a2e8,92b1,7fbe,ddaa,
2769,6155,a2e8,92b1,7fbe,7434,
2770,6155,a2e8,92b1,7fbe,7d15,
2771,6155,a2e8,92b1,7fbe,d75e,
2772,6155,a2e8,92b1,7fbe,fb33,
2773,6155,a2e8,92b1,7fbe,30a9,
2774,6155,a2e8,92b1,7fbe,5b78,
2775,6155,a2e8,92b1,7fbe,c02c,
2776,6155,a2e8,92b1,7fbe,2535,
2777,6155,a2e8,92b1,7fbe,e208,
2778,6155,a2e8,92b1,7fbe,9626,
2779,6155,a2e8,92b1,7fbe,a804,
2780,6155,a2e8,92b1,7fbe,98c7,
2781,6155,a2e8,92b1,7fbe,0353,
2782,6155,a2e8,92b1,7fbe,daf7,
2783,6155,a2e8,92b1,7fbe,61da,
2784,6155,a2e8,92b1,7fbe,e34c,
2785,6155,a2e8,92b1,7fbe,78d7,
2786,6155,a2e8,92b1,7fbe,4e93,
2787,6155,a2e8,92b1,7fbe,672e,
2788,6155,a2e8,92b1,7fbe,ceaa,
2789,6155,a2e8,92b1,7fbe,8152,
2790,6155,a2e8,92b1,7fbe,798c,
2791,6155,a2e8,92b1,7fbe,5e6b,
2792,6155,a2e8,92b1,7fbe,8ef8,
2793,6155,a2e8,92b1,7fbe,697e,
2794,6155,a2e8,92b1,7fbe,e4ce,
2795,6155,a2e8,92b1,7fbe,8112,
2796,6155,a2e8,92b1,7fbe,3af0,
2797,6155,a2e8,92b1,7fbe,f0ad,
2798,6155,a2e8,92b1,7fbe,5abb,
2799,6155,a2e8,92b1,7fbe,0eaf,
2800,6155,a2e8,92b1,7fbe,8b99,
2801,6155,a2e8,92b1,7fbe,3a5f,
2802,6155,a2e8,92b1,7fbe,8848,
2803,6155,a2e8,92b1,7fbe,b59b,
2804,6155,a2e8,92b1,7fbe,88ad,
2805,6155,a2e8,92b1,7fbe,4c3f,
2806,6155,a2e8,92b1,7fbe,ff9a,
2807,6155,a2e8,92b1,7fbe,0166,
2808,6155,a2e8,92b1,7fbe,607e,
2809,6155,a2e8,92b1,7fbe,4269,
2810,6155,a2e8,92b1,7fbe,0876,
2811,6155,a2e8,92b1,7fbe,b23b,
2812,6155,a2e8,92b1,7fbe,9816,
2813,6155,a2e8,92b1,7fbe,4b77,
2814,6155,a2e8,92b1,7fbe,ba8c,
2815,6155,a2e8,92b1,7fbe,bd95,
2816,6155,a2e8,92b1,7fbe,6948,
2817,6155,a2e8,92b1,7fbe,b099,
2818,6155,a2e8,92b1,7fbe,d766,
2819,6155,a2e8,92b1,7fbe,d2d9,
2820,6155,a2e8,92b1,7fbe,a153,
2821,6155,a2e8,92b1,7fbe,e4a5,
2822,6155,a2e8,92b1,7fbe,d093,
2823,6155,a2e8,92b1,7fbe,fb06,
2824,6155,a2e8,92b1,7fbe,cfb7,
2825,6155,a2e8,92b1,7fbe,8fa4,
2826,6155,a2e8,92b1,7fbe,b0e5,
2827,6155,a2e8,92b1,7fbe,cd1d,
2828,6155,a2e8,92b1,7fbe,d799,
2829,6155,a2e8,92b1,7fbe,1821,
2830,6155,a2e8,92b1,7fbe,29d3,
2831,6155,a2e8,92b1,7fbe,214a,
2832,6155,a2e8,92b1,7fbe,6b00,
2833,6155,a2e8,92b1,7fbe,cf95,
2834,6155,a2e8,92b1,7fbe,c58f,
2835,6155,a2e8,92b1,7fbe,9108,
2836,6155,a2e8,92b1,7fbe,9874,
2837,6155,a2e8,92b1,7fbe,f24c,
2838,6155,a2e8,92b1,7fbe,99a2,
2839,6155,a2e8,92b1,7fbe,74d7,
2840,6155,a2e8,92b1,7fbe,181f,
2841,6155,a2e8,92b1,7fbe,3792,
2842,6155,a2e8,92b1,7fbe,9b57,
2843,6155,a2e8,92b1,7fbe,98cb,
2844,6155,a2e8,92b1,7fbe,1003,
2845,6155,a2e8,92b1,7fbe,c6da,
2846,6155,a2e8,92b1,7fbe,03ef,
2847,6155,a2e8,92b1,7fbe,1a01,
2848,6155,a2e8,92b1,7fbe,6bb2,
2849,6155,a2e8,92b1,7fbe,0c6b,
2850,6155,a2e8,92b1,7fbe,505f,
2851,6155,a2e8,92b1,7fbe,b5dc,
2852,6155,a2e8,92b1,7fbe,9dc2,
2853,6155,a2e8,92b1,7fbe,7174,
2854,6155,a2e8,92b1,7fbe,48ea,
2855,6155,a2e8,92b1,7fbe,d2c9,
2856,6155,a2e8,92b1,7fbe,396f,
2857,6155,a2e8,92b1,7fbe,e7b5,
2858,6155,a2e8,92b1,7fbe,4364,
2859,6155,a2e8,92b1,7fbe,93b2,
2860,6155,a2e8,92b1,7fbe,96e9,
2861,6155,a2e8,92b1,7fbe,2b11,
2862,6155,a2e8,92b1,7fbe,4639,
2863,6155,a2e8,92b1,7fbe,efe1,
2864,6155,a2e8,92b1,7fbe,b066,
2865,6155,a2e8,92b1,7fbe,a492,
2866,6155,a2e8,92b1,7fbe,0eea,
2867,6155,a2e8,92b1,7fbe,bef7,
2868,6155,a2e8,92b1,7fbe,692d,
2869,6155,a2e8,92b1,7fbe,a264,
2870,6155,a2e8,92b1,7fbe,e2fd,
2871,6155,a2e8,92b1,7fbe,68e4,
2872,6155,a2e8,92b1,7fbe,3084,
2873,6155,a2e8,92b1,7fbe,b7fb,
2874,6155,a2e8,92b1,7fbe,7fbf,
2875,6155,a2e8,92b1,7fbe,5174,
2876,6155,a2e8,92b1,7fbe,b788,
2877,6155,a2e8,92b1,7fbe,705d,
2878,6155,a2e8,92b1,7fbe,2dc5,
2879,6155,a2e8,92b1,7fbe,bec8,
2880,6155,a2e8,92b1,7fbe,eb60,
2881,6155,a2e8,92b1,7fbe,21ef,
2882,6155,a2e8,92b1,7fbe,c646,
2883,6155,a2e8,92b1,7fbe,94a5,
2884,6155,a2e8,92b1,7fbe,86dc,
2885,6155,a2e8,92b1,7fbe,0827,
2886,6155,a2e8,92b1,7fbe,95d1,
2887,6155,a2e8,92b1,7fbe,b9c6,
2888,6155,a2e8,92b1,7fbe,feb9,
2889,6155,a2e8,92b1,7fbe,ecb6,
2890,6155,a2e8,92b1,7fbe,5700,
2891,6155,a2e8,92b1,7fbe,55db,
2892,6155,a2e8,92b1,7fbe,5849,
2893,6155,a2e8,92b1,7fbe,529f,
2894,6155,a2e8,92b1,7fbe,63a0,
2895,6155,a2e8,92b1,7fbe,516e,
2896,6155,a2e8,92b1,7fbe,7359,
2897,6155,a2e8,92b1,7fbe,7766,
2898,6155,a2e8,92b1,7fbe,469d,
2899,6155,a2e8,92b1,7fbe,2273,
2900,6155,a2e8,92b1,7fbe,4bfe,
2901,6155,a2e8,92b1,7fbe,7dd9,
2902,6155,a2e8,92b1,7fbe,0e2d,
2903,6155,a2e8,92b1,7fbe,3536,
2904,6155,a2e8,92b1,7fbe,3ecf,
2905,6155,a2e8,92b1,7fbe,6a00,
2906,6155,a2e8,92b1,7fbe,f826,
2907,6155,a2e8,92b1,7fbe,7b17,
2908,6155,a2e8,92b1,7fbe,c945,
2909,6155,a2e8,92b1,7fbe,bb63,
2910,6155,a2e8,92b1,7fbe,5518,
2911,6155,a2e8,92b1,7fbe,e370,
2912,6155,a2e8,92b1,7fbe,4b79,
2913,6155,a2e8,92b1,7fbe,20ca,
2914,6155,a2e8,92b1,7fbe,45eb,
2915,6155,a2e8,92b1,7fbe,0545,
2916,6155,a2e8,92b1,7fbe,c569,
2917,6155,a2e8,92b1,7fbe,d197,
2918,6155,a2e8,92b1,7fbe,6498,
2919,6155,a2e8,92b1,7fbe,0faf,
2920,6155,a2e8,92b1,7fbe,65a8,
2921,6155,a2e8,92b1,7fbe,fe13,
2922,6155,a2e8,92b1,7fbe,36f3,
2923,6155,a2e8,92b1,7fbe,8842,
2924,6155,a2e8,92b1,7fbe,3a00,
2925,6155,a2e8,92b1,7fbe,fb1c,
2926,6155,a2e8,92b1,7fbe,412f,
2927,6155,a2e8,92b1,7fbe,6770,
2928,6155,a2e8,92b1,7fbe,80fa,
2929,6155,a2e8,92b1,7fbe,b9b4,
2930,6155,a2e8,92b1,7fbe,ce6b,
2931,6155,a2e8,92b1,7fbe,32df,
2932,6155,a2e8,92b1,7fbe,79a3,
2933,6155,a2e8,92b1,7fbe,6632,
2934,6155,a2e8,92b1,7fbe,500e,
2935,6155,a2e8,92b1,7fbe,b245,
2936,6155,a2e8,92b1,7fbe,80a0,
2937,6155,a2e8,92b1,7fbe,895d,
2938,6155,a2e8,92b1,7fbe,634e,
2939,6155,a2e8,92b1,7fbe,369c,
2940,6155,a2e8,92b1,7fbe,f51e,
2941,6155,a2e8,92b1,7fbe,5e5c,
2942,6155,a2e8,92b1,7fbe,1e22,
2943,6155,a2e8,92b1,7fbe,f12f,
2944,6155,a2e8,92b1,7fbe,8d08,
2945,6155,a2e8,92b1,7fbe,0842,
2946,6155,a2e8,92b1,7fbe,947a,
2947,6155,a2e8,92b1,7fbe,7624,
2948,6155,a2e8,92b1,7fbe,c0c9,
2949,6155,a2e8,92b1,7fbe,cd0b,
2950,6155,a2e8,92b1,7fbe,6e79,
2951,6155,a2e8,92b1,7fbe,f47e,
2952,6155,a2e8,92b1,7fbe,050d,
2953,6155,a2e8,92b1,7fbe,fb4e,
2954,6155,a2e8,92b1,7fbe,3d11,
2955,6155,a2e8,92b1,7fbe,3800,
2956,6155,a2e8,92b1,7fbe,1d32,
2957,6155,a2e8,92b1,7fbe,0f52,
2958,6155,a2e8,92b1,7fbe,32a6,
2959,6155,a2e8,92b1,7fbe,8497,
2960,6155,a2e8,92b1,7fbe,72e9,
2961,6155,a2e8,92b1,7fbe,6e21,
2962,6155,a2e8,92b1,7fbe,fbe1,
2963,6155,a2e8,92b1,7fbe,ada8,
2964,6155,a2e8,92b1,7fbe,b26c,
2965,6155,a2e8,92b1,7fbe,350d,
2966,6155,a2e8,92b1,7fbe,6ab8,
2967,6155,a2e8,92b1,7fbe,86a7,
2968,6155,a2e8,92b1,7fbe,f5cb,
2969,6155,a2e8,92b1,7fbe,4947,
2970,6155,a2e8,92b1,7fbe,6cf3,
2971,6155,a2e8,92b1,7fbe,08aa,
2972,6155,a2e8,92b1,7fbe,2536,
2973,6155,a2e8,92b1,7fbe,c0ec,
2974,6155,a2e8,92b1,7fbe,e277,
2975,6155,a2e8,92b1,7fbe,fc3d,
2976,6155,a2e8,92b1,7fbe,e66d,
2977,6155,a2e8,92b1,7fbe,f67d,
2978,6155,a2e8,92b1,7fbe,16fb,
2979,6155,a2e8,92b1,7fbe,50ca,
2980,6155,a2e8,92b1,7fbe,b131,
2981,6155,a2e8,92b1,7fbe,fbdb,
2982,6155,a2e8,92b1,7fbe,f121,
2983,6155,a2e8,92b1,7fbe,4f64,
2984,6155,a2e8,92b1,7fbe,c93a,
2985,6155,a2e8,92b1,7fbe,bc2e,
2986,6155,a2e8,92b1,7fbe,d4e1,
2987,6155,a2e8,92b1,7fbe,51d7,
2988,6155,a2e8,92b1,7fbe,c43d,
2989,6155,a2e8,92b1,7fbe,0f25,
2990,6155,a2e8,92b1,7fbe,bcf1,
2991,6155,a2e8,92b1,7fbe,3025,
2992,6155,a2e8,92b1,7fbe,d2e8,
2993,6155,a2e8,92b1,7fbe,484b,
2994,6155,a2e8,92b1,7fbe,132b,
2995,6155,a2e8,92b1,7fbe,a737,
2996,6155,a2e8,92b1,7fbe,f876,
2997,6155,a2e8,92b1,7fbe,ecd1,
2998,6155,a2e8,92b1,7fbe,fbcf,
2999,6155,a2e8,92b1,7fbe,1bc4,
3000,6155,a2e8,92b1,7fbe,abdc,
3001,6155,a2e8,92b1,7fbe,d248,
3002,6155,a2e8,92b1,7fbe,f123,
3003,6155,a2e8,92b1,7fbe,de77,
3004,6155,a2e8,92b1,7fbe,dfaf,
3005,6155,a2e8,92b1,7fbe,6caf,
3006,6155,a2e8,92b1,7fbe,6991,
3007,6155,a2e8,92b1,7fbe,32b5,
3008,6155,a2e8,92b1,7fbe,afd1,
3009,6155,a2e8,92b1,7fbe,9ac1,
3010,6155,a2e8,92b1,7fbe,ff96,
3011,6155,a2e8,92b1,7fbe,3524,
3012,6155,a2e8,92b1,7fbe,39dc,
3013,6155,a2e8,92b1,7fbe,5be2,
3014,6155,a2e8,92b1,7fbe,967b,
3015,6155,a2e8,92b1,7fbe,0d1b,
3016,6155,a2e8,92b1,7fbe,98bb,
3017,6155,a2e8,92b1,7fbe,ec52,
3018,6155,a2e8,92b1,7fbe,e411,
3019,6155,a2e8,92b1,7fbe,d256,
3020,6155,a2e8,92b1,7fbe,9ba3,
3021,6155,a2e8,92b1,7fbe,e970,
3022,6155,a2e8,92b1,7fbe,f95d,
3023,6155,a2e8,92b1,7fbe,fe44,
3024,6155,a2e8,92b1,7fbe,0f27,
3025,6155,a2e8,92b1,7fbe,698b,
3026,6155,a2e8,92b1,7fbe,44cd,
3027,6155,a2e8,92b1,7fbe,0771,
3028,6155,a2e8,92b1,7fbe,abf2,
3029,6155,a2e8,92b1,7fbe,be63,
3030,6155,a2e8,92b1,7fbe,4f63,
3031,6155,a2e8,92b1,7fbe,c9f8,
3032,6155,a2e8,92b1,7fbe,450e,
3033,6155,a2e8,92b1,7fbe,bcbc,
3034,6155,a2e8,92b1,7fbe,a23e,
3035,6155,a2e8,92b1,7fbe,3fbe,
3036,6155,a2e8,92b1,7fbe,c941,
3037,6155,a2e8,92b1,7fbe,eab1,
3038,6155,a2e8,92b1,7fbe,8ce0,
3039,6155,a2e8,92b1,7fbe,b041,
3040,6155,a2e8,92b1,7fbe,5177,
3041,6155,a2e8,92b1,7fbe,96b5,
3042,6155,a2e8,92b1,7fbe,647b,
3043,6155,a2e8,92b1,7fbe,c65a,
3044,6155,a2e8,92b1,7fbe,50fd,
3045,6155,a2e8,92b1,7fbe,802a,
3046,6155,a2e8,92b1,7fbe,d131,
3047,6155,a2e8,92b1,7fbe,98c8,
3048,6155,a2e8,92b1,7fbe,d87b,
3049,6155,a2e8,92b1,7fbe,b70a,
3050,6155,a2e8,92b1,7fbe,0f31,
3051,6155,a2e8,92b1,7fbe,aeb7,
3052,6155,a2e8,92b1,7fbe,5411,
3053,6155,a2e8,92b1,7fbe,d2fb,
3054,6155,a2e8,92b1,7fbe,817e,
3055,6155,a2e8,92b1,7fbe,3992,
3056,6155,a2e8,92b1,7fbe,3529,
3057,6155,a2e8,92b1,7fbe,d364,
3058,6155,a2e8,92b1,7fbe,ef6b,
3059,6155,a2e8,92b1,7fbe,0b7b,
3060,6155,a2e8,92b1,7fbe,630d,
3061,6155,a2e8,92b1,7fbe,946e,
3062,6155,a2e8,92b1,7fbe,d631,
3063,6155,a2e8,92b1,7fbe,9188,
3064,6155,a2e8,92b1,7fbe,b3cd,
3065,6155,a2e8,92b1,7fbe,94f7,
3066,6155,a2e8,92b1,7fbe,4b45,
3067,6155,a2e8,92b1,7fbe,95de,
3068,6155,a2e8,92b1,7fbe,f92e,
3069,6155,a2e8,92b1,7fbe,58e4,
3070,6155,a2e8,92b1,7fbe,ec1e,
3071,6155,a2e8,92b1,7fbe,fd61,
3072,6155,a2e8,92b1,7fbe,b216,
3073,6155,a2e8,92b1,7fbe,1e5f,
3074,6155,a2e8,92b1,7fbe,f759,
3075,6155,a2e8,92b1,7fbe,acc1,
3076,6155,a2e8,92b1,7fbe,8a4f,
3077,6155,a2e8,92b1,7fbe,ce69,
3078,6155,a2e8,92b1,7fbe,2dcc,
3079,6155,a2e8,92b1,7fbe,75ba,
3080,6155,a2e8,92b1,7fbe,97ff,
3081,6155,a2e8,92b1,7fbe,44a4,
3082,6155,a2e8,92b1,7fbe,974a,
3083,6155,a2e8,92b1,7fbe,f904,
3084,6155,a2e8,92b1,7fbe,7204,
3085,6155,a2e8,92b1,7fbe,99d6,
3086,6155,a2e8,92b1,7fbe,aaf7,
3087,6155,a2e8,92b1,7fbe,15a8,
3088,6155,a2e8,92b1,7fbe,d84a,
3089,6155,a2e8,92b1,7fbe,1e90,
3090,6155,a2e8,92b1,7fbe,2cca,
3091,6155,a2e8,92b1,7fbe,e8fa,
3092,6155,a2e8,92b1,7fbe,b97c,
3093,6155,a2e8,92b1,7fbe,e8f8,
3094,6155,a2e8,92b1,7fbe,2d8d,
3095,6155,a2e8,92b1,7fbe,b9e1,
3096,6155,a2e8,92b1,7fbe,ec0d,
3097,6155,a2e8,92b1,7fbe,9f9a,
3098,6155,a2e8,92b1,7fbe,6fb3,
3099,6155,a2e8,92b1,7fbe,dad6,
3100,6155,a2e8,92b1,7fbe,7cc4,
3101,6155,a2e8,92b1,7fbe,9285,
3102,6155,a2e8,92b1,7fbe,47ae,
3103,6155,a2e8,92b1,7fbe,2944,
3104,6155,a2e8,92b1,7fbe,c537,
3105,6155,a2e8,92b1,7fbe,cff1,
3106,6155,a2e8,92b1,7fbe,1d6e,
3107,6155,a2e8,92b1,7fbe,c0c8,
3108,6155,a2e8,92b1,7fbe,2929,
3109,6155,a2e8,92b1,7fbe,de30,
3110,6155,a2e8,92b1,7fbe,d756,
3111,6155,a2e8,92b1,7fbe,2db0,
3112,6155,a2e8,92b1,7fbe,ef0e,
3113,6155,a2e8,92b1,7fbe,b731,
3114,6155,a2e8,92b1,7fbe,55c6,
3115,6155,a2e8,92b1,7fbe,b78a,
3116,6155,a2e8,92b1,7fbe,6aef,
3117,6155,a2e8,92b1,7fbe,c7be,
3118,6155,a2e8,92b1,7fbe,2eca,
3119,6155,a2e8,92b1,7fbe,f689,
3120,6155,a2e8,92b1,7fbe,726e,
3121,6155,a2e8,92b1,7fbe,b4a0,
3122,6155,a2e8,92b1,7fbe,121a,
3123,6155,a2e8,92b1,7fbe,21f4,
3124,6155,a2e8,92b1,7fbe,8492,
3125,6155,a2e8,92b1,7fbe,8245,
3126,6155,a2e8,92b1,7fbe,e21b,
3127,6155,a2e8,92b1,7fbe,e8cc,
3128,6155,a2e8,92b1,7fbe,fce5,
3129,6155,a2e8,92b1,7fbe,abf5,
3130,6155,a2e8,92b1,7fbe,0f4f,
3131,6155,a2e8,92b1,7fbe,c86f,
3132,6155,a2e8,92b1,7fbe,a371,
3133,6155,a2e8,92b1,7fbe,f84e,
3134,6155,a2e8,92b1,7fbe,f943,
3135,6155,a2e8,92b1,7fbe,1915,
3136,6155,a2e8,92b1,7fbe,5302,
3137,6155,a2e8,92b1,7fbe,c7e5,
3138,6155,a2e8,92b1,7fbe,ba8b,
3139,6155,a2e8,92b1,7fbe,07cb,
3140,6155,a2e8,92b1,7fbe,23b8,
3141,6155,a2e8,92b1,7fbe,ca08,
3142,6155,a2e8,92b1,7fbe,6bc8,
3143,6155,a2e8,92b1,7fbe,dc79,
3144,6155,a2e8,92b1,7fbe,48f9,
3145,6155,a2e8,92b1,7fbe,8b94,
3146,6155,a2e8,92b1,7fbe,d816,
3147,6155,a2e8,92b1,7fbe,555f,
3148,6155,a2e8,92b1,7fbe,77e0,
3149,6155,a2e8,92b1,7fbe,8c6b,
3150,6155,a2e8,92b1,7fbe,b608,
3151,6155,a2e8,92b1,7fbe,b685,
3152,6155,a2e8,92b1,7fbe,07d1,
3153,6155,a2e8,92b1,7fbe,8819,
3154,6155,a2e8,92b1,7fbe,5f2c,
3155,6155,a2e8,92b1,7fbe,2eb8,
3156,6155,a2e8,92b1,7fbe,7ec8,
3157,6155,a2e8,92b1,7fbe,a468,
3158,6155,a2e8,92b1,7fbe,cc5a,
3159,6155,a2e8,92b1,7fbe,f68b,
3160,6155,a2e8,92b1,7fbe,2cd3,
3161,6155,a2e8,92b1,7fbe,42de,
3162,6155,a2e8,92b1,7fbe,f76f,
3163,6155,a2e8,92b1,7fbe,1ab6,
3164,6155,a2e8,92b1,7fbe,7e38,
3165,6155,a2e8,92b1,7fbe,3559,
3166,6155,a2e8,92b1,7fbe,b771,
3167,6155,a2e8,92b1,7fbe,43c6,
3168,6155,a2e8,92b1,7fbe,6c4c,
3169,6155,a2e8,92b1,7fbe,d423,
3170,6155,a2e8,92b1,7fbe,d6cd,
3171,6155,a2e8,92b1,7fbe,5357,
3172,6155,a2e8,92b1,7fbe,2440,
3173,6155,a2e8,92b1,7fbe,b302,
3174,6155,a2e8,92b1,7fbe,bf23,
3175,6155,a2e8,92b1,7fbe,eb13,
3176,6155,a2e8,92b1,7fbe,2b76,
3177,6155,a2e8,92b1,7fbe,c1bc,
3178,6155,a2e8,92b1,7fbe,01f9,
3179,6155,a2e8,92b1,7fbe,425e,
3180,6155,a2e8,92b1,7fbe,bc03,
3181,6155,a2e8,92b1,7fbe,dfb2,
3182,6155,a2e8,92b1,7fbe,8a09,
3183,6155,a2e8,92b1,7fbe,9f12,
3184,6155,a2e8,92b1,7fbe,652b,
3185,6155,a2e8,92b1,7fbe,682b,
3186,6155,a2e8,92b1,7fbe,b415,
3187,6155,a2e8,92b1,7fbe,4816,
3188,6155,a2e8,92b1,7fbe,c280,
3189,6155,a2e8,92b1,7fbe,30db,
3190,6155,a2e8,92b1,7fbe,ab05,
3191,6155,a2e8,92b1,7fbe,6698,
3192,6155,a2e8,92b1,7fbe,607d,
3193,6155,a2e8,92b1,7fbe,850e,
3194,6155,a2e8,92b1,7fbe,e3b4,
3195,6155,a2e8,92b1,7fbe,fe26,
3196,6155,a2e8,92b1,7fbe,106c,
3197,6155,a2e8,92b1,7fbe,8ee7,
3198,6155,a2e8,92b1,7fbe,0f29,
3199,6155,a2e8,92b1,7fbe,c996,
3200,6155,a2e8,92b1,7fbe,f9b2,
3201,6155,a2e8,92b1,7fbe,4299,
3202,6155,a2e8,92b1,7fbe,9660,
3203,6155,a2e8,92b1,7fbe,6656,
3204,6155,a2e8,92b1,7fbe,9559,
3205,6155,a2e8,92b1,7fbe,be8e,
3206,6155,a2e8,92b1,7fbe,2c71,
3207,6155,a2e8,92b1,7fbe,9714,
3208,6155,a2e8,92b1,7fbe,8e25,
3209,6155,a2e8,92b1,7fbe,7247,
3210,6155,a2e8,92b1,7fbe,9787,
3211,6155,a2e8,92b1,7fbe,8b2f,
3212,6155,a2e8,92b1,7fbe,85a5,
3213,6155,a2e8,92b1,7fbe,4241,
3214,6155,a2e8,92b1,7fbe,d2ea,
3215,6155,a2e8,92b1,7fbe,dc5a,
3216,6155,a2e8,92b1,7fbe,2de4,
3217,6155,a2e8,92b1,7fbe,3824,
3218,6155,a2e8,92b1,7fbe,ffaf,
3219,6155,a2e8,92b1,7fbe,8253,
3220,6155,a2e8,92b1,7fbe,96ad,
3221,6155,a2e8,92b1,7fbe,ca5b,
3222,6155,a2e8,92b1,7fbe,1671,
3223,6155,a2e8,92b1,7fbe,f4bf,
3224,6155,a2e8,92b1,7fbe,29ae,
3225,6155,a2e8,92b1,7fbe,6f64,
3226,6155,a2e8,92b1,7fbe,bd3e,
3227,6155,a2e8,92b1,7fbe,ccfd,
3228,6155,a2e8,92b1,7fbe,cd11,
3229,6155,a2e8,92b1,7fbe,6e73,
3230,6155,a2e8,92b1,7fbe,fbda,
3231,6155,a2e8,92b1,7fbe,59f4,
3232,6155,a2e8,92b1,7fbe,5c30,
3233,6155,a2e8,92b1,7fbe,5e1a,
3234,6155,a2e8,92b1,7fbe,0ddd,
3235,6155,a2e8,92b1,7fbe,ad45,
3236,6155,a2e8,92b1,7fbe,7eb2,
3237,6155,a2e8,92b1,7fbe,e688,
3238,6155,a2e8,92b1,7fbe,2b72,
3239,6155,a2e8,92b1,7fbe,db09,
3240,6155,a2e8,92b1,7fbe,01cb,
3241,6155,a2e8,92b1,7fbe,6501,
3242,6155,a2e8,92b1,7fbe,9daf,
3243,6155,a2e8,92b1,7fbe,fd96,
3244,6155,a2e8,92b1,7fbe,f739,
3245,6155,a2e8,92b1,7fbe,79bf,
3246,6155,a2e8,92b1,7fbe,551b,
3247,6155,a2e8,92b1,7fbe,fe58,
3248,6155,a2e8,92b1,7fbe,572c,
3249,6155,a2e8,92b1,7fbe,be4b,
3250,6155,a2e8,92b1,7fbe,5bd8,
3251,6155,a2e8,92b1,7fbe,7486,
3252,6155,a2e8,92b1,7fbe,cdad,
3253,6155,a2e8,92b1,7fbe,6c5d,
3254,6155,a2e8,92b1,7fbe,19d6,
3255,6155,a2e8,92b1,7fbe,23c6,
3256,6155,a2e8,92b1,7fbe,926a,
3257,6155,a2e8,92b1,7fbe,190a,
3258,6155,a2e8,92b1,7fbe,ae9b,
3259,6155,a2e8,92b1,7fbe,78cf,
3260,6155,a2e8,92b1,7fbe,ee89,
3261,6155,a2e8,92b1,7fbe,4cd0,
3262,6155,a2e8,92b1,7fbe,b55e,
3263,6155,a2e8,92b1,7fbe,9171,
3264,6155,a2e8,92b1,7fbe,f16e,
3265,6155,a2e8,92b1,7fbe,3777,
3266,6155,a2e8,92b1,7fbe,1816,
3267,6155,a2e8,92b1,7fbe,045d,
3268,6155,a2e8,92b1,7fbe,02a7,
3269,6155,a2e8,92b1,7fbe,aa3b,
3270,6155,a2e8,92b1,7fbe,eff6,
3271,6155,a2e8,92b1,7fbe,0e8a,
3272,6155,a2e8,92b1,7fbe,7a03,
3273,6155,a2e8,92b1,7fbe,e287,
3274,6155,a2e8,92b1,7fbe,66ca,
3275,6155,a2e8,92b1,7fbe,1139,
3276,6155,a2e8,92b1,7fbe,7245,
3277,6155,a2e8,92b1,7fbe,e161,
3278,6155,a2e8,92b1,7fbe,3ca5,
3279,6155,a2e8,92b1,7fbe,d8fb,
3280,6155,a2e8,92b1,7fbe,5482,
3281,6155,a2e8,92b1,7fbe,b50a,
3282,6155,a2e8,92b1,7fbe,f366,
3283,6155,a2e8,92b1,7fbe,722b,
3284,6155,a2e8,92b1,7fbe,a022,
3285,6155,a2e8,92b1,7fbe,1f9e,
3286,6155,a2e8,92b1,7fbe,3e08,
3287,6155,a2e8,92b1,7fbe,7ef5,
3288,6155,a2e8,92b1,7fbe,5e8f,
3289,6155,a2e8,92b1,7fbe,96fa,
3290,6155,a2e8,92b1,7fbe,d3b2,
3291,6155,a2e8,92b1,7fbe,c50e,
3292,6155,a2e8,92b1,7fbe,32fa,
3293,6155,a2e8,92b1,7fbe,a73a,
3294,6155,a2e8,92b1,7fbe,0b75,
3295,6155,a2e8,92b1,7fbe,9cbb,
3296,6155,a2e8,92b1,7fbe,bb40,
3297,6155,a2e8,92b1,7fbe,c09d,
3298,6155,a2e8,92b1,7fbe,60e1,
3299,6155,a2e8,92b1,7fbe,dfd3,
3300,6155,a2e8,92b1,7fbe,2ba5,
3301,6155,a2e8,92b1,7fbe,70c4,
3302,6155,a2e8,92b1,7fbe,6876,
3303,6155,a2e8,92b1,7fbe,681b,
3304,6155,a2e8,92b1,7fbe,fd26,
3305,6155,a2e8,92b1,7fbe,cab7,
3306,6155,a2e8,92b1,7fbe,19e8,
3307,6155,a2e8,92b1,7fbe,40b4,
3308,6155,a2e8,92b1,7fbe,c550,
3309,6155,a2e8,92b1,7fbe,9179,
3310,6155,a2e8,92b1,7fbe,870d,
3311,6155,a2e8,92b1,7fbe,f7fc,
3312,6155,a2e8,92b1,7fbe,ccc9,
3313,6155,a2e8,92b1,7fbe,bf3f,
3314,6155,a2e8,92b1,7fbe,38b3,
3315,6155,a2e8,92b1,7fbe,53df,
3316,6155,a2e8,92b1,7fbe,04e4,
3317,6155,a2e8,92b1,7fbe,35a1,
3318,6155,a2e8,92b1,7fbe,39a1,
3319,6155,a2e8,92b1,7fbe,5a5b,
3320,6155,a2e8,92b1,7fbe,7c32,
3321,6155,a2e8,92b1,7fbe,7f11,
3322,6155,a2e8,92b1,7fbe,22a1,
3323,6155,a2e8,92b1,7fbe,c31d,
3324,6155,a2e8,92b1,7fbe,76bd,
3325,6155,a2e8,92b1,7fbe,cd9e,
3326,6155,a2e8,92b1,7fbe,6332,
3327,6155,a2e8,92b1,7fbe,36bf,
3328,6155,a2e8,92b1,7fbe,c1f6,
3329,6155,a2e8,92b1,7fbe,27ba,
3330,6155,a2e8,92b1,7fbe,a0a5,
3331,6155,a2e8,92b1,7fbe,5732,
3332,6155,a2e8,92b1,7fbe,dd1b,
3333,6155,a2e8,92b1,7fbe,aa42,
3334,6155,a2e8,92b1,7fbe,f2f8,
3335,6155,a2e8,92b1,7fbe,9270,
3336,6155,a2e8,92b1,7fbe,a113,
3337,6155,a2e8,92b1,7fbe,2226,
3338,6155,a2e8,92b1,7fbe,1558,
3339,6155,a2e8,92b1,7fbe,6984,
3340,6155,a2e8,92b1,7fbe,cb6a,
3341,6155,a2e8,92b1,7fbe,7666,
3342,6155,a2e8,92b1,7fbe,fbe8,
3343,6155,a2e8,92b1,7fbe,b783,
3344,6155,a2e8,92b1,7fbe,626c,
3345,6155,a2e8,92b1,7fbe,c615,
3346,6155,a2e8,92b1,7fbe,ec2f,
3347,6155,a2e8,92b1,7fbe,3f61,
3348,6155,a2e8,92b1,7fbe,5c96,
3349,6155,a2e8,92b1,7fbe,c5bc,
3350,6155,a2e8,92b1,7fbe,0bd6,
3351,6155,a2e8,92b1,7fbe,5da4,
3352,6155,a2e8,92b1,7fbe,9e21,
3353,6155,a2e8,92b1,7fbe,31dc,
3354,6155,a2e8,92b1,7fbe,44d7,
3355,6155,a2e8,92b1,7fbe,3b6e,
3356,6155,a2e8,92b1,7fbe,8412,
3357,6155,a2e8,92b1,7fbe,5c41,
3358,6155,a2e8,92b1,7fbe,9d9d,
3359,6155,a2e8,92b1,7fbe,d6b8,
3360,6155,a2e8,92b1,7fbe,0f93,
3361,6155,a2e8,92b1,7fbe,12d1,
3362,6155,a2e8,92b1,7fbe,4d34,
3363,6155,a2e8,92b1,7fbe,ee7b,
3364,6155,a2e8,92b1,7fbe,76e8,
3365,6155,a2e8,92b1,7fbe,57f9,
3366,6155,a2e8,92b1,7fbe,370b,
3367,6155,a2e8,92b1,7fbe,4c91,
3368,6155,a2e8,92b1,7fbe,d684,
3369,6155,a2e8,92b1,7fbe,511d,
3370,6155,a2e8,92b1,7fbe,6633,
3371,6155,a2e8,92b1,7fbe,1e70,
3372,6155,a2e8,92b1,7fbe,ff80,
3373,6155,a2e8,92b1,7fbe,e597,
3374,6155,a2e8,92b1,7fbe,0467,
3375,6155,a2e8,92b1,7fbe,0a6b,
3376,6155,a2e8,92b1,7fbe,d1e9,
3377,6155,a2e8,92b1,7fbe,64aa,
3378,6155,a2e8,92b1,7fbe,f8b6,
3379,6155,a2e8,92b1,7fbe,cd3c,
3380,6155,a2e8,92b1,7fbe,240d,
3381,6155,a2e8,92b1,7fbe,a582,
3382,6155,a2e8,92b1,7fbe,935b,
3383,6155,a2e8,92b1,7fbe,2751,
3384,6155,a2e8,92b1,7fbe,3f84,
3385,6155,a2e8,92b1,7fbe,24c5,
3386,6155,a2e8,92b1,7fbe,700d,
3387,6155,a2e8,92b1,7fbe,0362,
3388,6155,a2e8,92b1,7fbe,dfe4,
3389,6155,a2e8,92b1,7fbe,3c0e,
3390,6155,a2e8,92b1,7fbe,c6e4,
3391,6155,a2e8,92b1,7fbe,affd,
3392,6155,a2e8,92b1,7fbe,4b87,
3393,6155,a2e8,92b1,7fbe,8e26,
3394,6155,a2e8,92b1,7fbe,5e0e,
3395,6155,a2e8,92b1,7fbe,d722,
3396,6155,a2e8,92b1,7fbe,8ce1,
3397,6155,a2e8,92b1,7fbe,f25a,
3398,6155,a2e8,92b1,7fbe,872e,
3399,6155,a2e8,92b1,7fbe,5292,
3400,6155,a2e8,92b1,7fbe,b80e,
3401,6155,a2e8,92b1,7fbe,f366,
3402,6155,a2e8,92b1,7fbe,b2cd,
3403,6155,a2e8,92b1,7fbe,7cb6,
3404,6155,a2e8,92b1,7fbe,3e26,
3405,6155,a2e8,92b1,7fbe,93b5,
3406,6155,a2e8,92b1,7fbe,bcdd,
3407,6155,a2e8,92b1,7fbe,72bb,
3408,6155,a2e8,92b1,7fbe,99c7,
3409,6155,a2e8,92b1,7fbe,5ec5,
3410,6155,a2e8,92b1,7fbe,b613,
3411,6155,a2e8,92b1,7fbe,4545,
3412,6155,a2e8,92b1,7fbe,92c3,
3413,6155,a2e8,92b1,7fbe,1dc5,
3414,6155,a2e8,92b1,7fbe,8eeb,
3415,6155,a2e8,92b1,7fbe,98b3,
3416,6155,a2e8,92b1,7fbe,5f89,
3417,6155,a2e8,92b1,7fbe,979d,
3418,6155,a2e8,92b1,7fbe,efee,
3419,6155,a2e8,92b1,7fbe,8099,
3420,6155,a2e8,92b1,7fbe,ee0f,
3421,6155,a2e8,92b1,7fbe,78a8,
3422,6155,a2e8,92b1,7fbe,8448,
3423,6155,a2e8,92b1,7fbe,8be1,
3424,6155,a2e8,92b1,7fbe,392b,
3425,6155,a2e8,92b1,7fbe,ba9e,
3426,6155,a2e8,92b1,7fbe,dddc,
3427,6155,a2e8,92b1,7fbe,6691,
3428,6155,a2e8,92b1,7fbe,e6fe,
3429,6155,a2e8,92b1,7fbe,3cf6,
3430,6155,a2e8,92b1,7fbe,21db,
3431,6155,a2e8,92b1,7fbe,2824,
3432,6155,a2e8,92b1,7fbe,bb8b,
3433,6155,a2e8,92b1,7fbe,7e42,
3434,6155,a2e8,92b1,7fbe,4ad2,
3435,6155,a2e8,92b1,7fbe,c9ce,
3436,6155,a2e8,92b1,7fbe,d372,
3437,6155,a2e8,92b1,7fbe,c206,
3438,6155,a2e8,92b1,7fbe,f293,
3439,6155,a2e8,92b1,7fbe,70b4,
3440,6155,a2e8,92b1,7fbe,903a,
3441,6155,a2e8,92b1,7fbe,bbc7,
3442,6155,a2e8,92b1,7fbe,0bce,
3443,6155,a2e8,92b1,7fbe,f04d,
3444,6155,a2e8,92b1,7fbe,762d,
3445,6155,a2e8,92b1,7fbe,9aa8,
3446,6155,a2e8,92b1,7fbe,53ff,
3447,6155,a2e8,92b1,7fbe,9c89,
3448,6155,a2e8,92b1,7fbe,3b93,
3449,6155,a2e8,92b1,7fbe,8e19,
3450,6155,a2e8,92b1,7fbe,c7ec,
3451,6155,a2e8,92b1,7fbe,d00d,
3452,6155,a2e8,92b1,7fbe,6fdb,
3453,6155,a2e8,92b1,7fbe,939b,
3454,6155,a2e8,92b1,7fbe,89b8,
3455,6155,a2e8,92b1,7fbe,1a75,
3456,6155,a2e8,92b1,7fbe,f8f5,
3457,6155,a2e8,92b1,7fbe,ab14,
3458,6155,a2e8,92b1,7fbe,3ea7,
3459,6155,a2e8,92b1,7fbe,8393,
3460,6155,a2e8,92b1,7fbe,1052,
3461,6155,a2e8,92b1,7fbe,86fd,
3462,6155,a2e8,92b1,7fbe,5e24,
3463,6155,a2e8,92b1,7fbe,63ac,
3464,6155,a2e8,92b1,7fbe,f5dc,
3465,6155,a2e8,92b1,7fbe,a210,
3466,6155,a2e8,92b1,7fbe,b9bb,
3467,6155,a2e8,92b1,7fbe,c0ee,
3468,6155,a2e8,92b1,7fbe,76c3,
3469,6155,a2e8,92b1,7fbe,0196,
3470,6155,a2e8,92b1,7fbe,c0cd,
3471,6155,a2e8,92b1,7fbe,20e1,
3472,6155,a2e8,92b1,7fbe,2bb4,
3473,6155,a2e8,92b1,7fbe,7249,
3474,6155,a2e8,92b1,7fbe,836e,
3475,6155,a2e8,92b1,7fbe,09bd,
3476,6155,a2e8,92b1,7fbe,aaa0,
3477,6155,a2e8,92b1,7fbe,2908,
3478,6155,a2e8,92b1,7fbe,0b88,
3479,6155,a2e8,92b1,7fbe,0c92,
3480,6155,a2e8,92b1,7fbe,b344,
3481,6155,a2e8,92b1,7fbe,9566,
3482,6155,a2e8,92b1,7fbe,3d31,
3483,6155,a2e8,92b1,7fbe,ec4e,
3484,6155,a2e8,92b1,7fbe,5b37,
3485,6155,a2e8,92b1,7fbe,bfec,
3486,6155,a2e8,92b1,7fbe,4bb9,
3487,6155,a2e8,92b1,7fbe,6c57,
3488,6155,a2e8,92b1,7fbe,1fe7,
3489,6155,a2e8,92b1,7fbe,44f3,
3490,6155,a2e8,92b1,7fbe,d757,
3491,6155,a2e8,92b1,7fbe,cc4a,
3492,6155,a2e8,92b1,7fbe,de1e,
3493,6155,a2e8,92b1,7fbe,a9fe,
3494,6155,a2e8,92b1,7fbe,f19b,
3495,6155,a2e8,92b1,7fbe,8de1,
3496,6155,a2e8,92b1,7fbe,bf94,
3497,6155,a2e8,92b1,7fbe,37c8,
3498,6155,a2e8,92b1,7fbe,0f7f,
3499,6155,a2e8,92b1,7fbe,aa08,
3500,6155,a2e8,92b1,7fbe,8051,
3501,6155,a2e8,92b1,7fbe,89ee,
3502,6155,a2e8,92b1,7fbe,a5d2,
3503,6155,a2e8,92b1,7fbe,abc6,
3504,6155,a2e8,92b1,7fbe,cf46,
3505,6155,a2e8,92b1,7fbe,6b78,
3506,6155,a2e8,92b1,7fbe,16c8,
3507,6155,a2e8,92b1,7fbe,2250,
3508,6155,a2e8,92b1,7fbe,6e50,
3509,6155,a2e8,92b1,7fbe,5921,
3510,6155,a2e8,92b1,7fbe,b9be,
3511,6155,a2e8,92b1,7fbe,4012,
3512,6155,a2e8,92b1,7fbe,3842,
3513,6155,a2e8,92b1,7fbe,0a56,
3514,6155,a2e8,92b1,7fbe,48d2,
3515,6155,a2e8,92b1,7fbe,9be1,
3516,6155,a2e8,92b1,7fbe,56f8,
3517,6155,a2e8,92b1,7fbe,c28c,
3518,6155,a2e8,92b1,7fbe,f59d,
3519,6155,a2e8,92b1,7fbe,5b2f,
3520,6155,a2e8,92b1,7fbe,c0ab,
3521,6155,a2e8,92b1,7fbe,6fae,
3522,6155,a2e8,92b1,7fbe,7f1d,
3523,6155,a2e8,92b1,7fbe,26f2,
3524,6155,a2e8,92b1,7fbe,fcdd,
3525,6155,a2e8,92b1,7fbe,7453,
3526,6155,a2e8,92b1,7fbe,db9b,
3527,6155,a2e8,92b1,7fbe,5898,
3528,6155,a2e8,92b1,7fbe,e318,
3529,6155,a2e8,92b1,7fbe,09cc,
3530,6155,a2e8,92b1,7fbe,3c71,
3531,6155,a2e8,92b1,7fbe,095b,
3532,6155,a2e8,92b1,7fbe,ee25,
3533,6155,a2e8,92b1,7fbe,ab9c,
3534,6155,a2e8,92b1,7fbe,87dd,
3535,6155,a2e8,92b1,7fbe,dadd,
3536,6155,a2e8,92b1,7fbe,4cb1,
3537,6155,a2e8,92b1,7fbe,2dd6,
3538,6155,a2e8,92b1,7fbe,e553,
3539,6155,a2e8,92b1,7fbe,59e3,
3540,6155,a2e8,92b1,7fbe,2e35,
3541,6155,a2e8,92b1,7fbe,223e,
3542,6155,a2e8,92b1,7fbe,2bbe,
3543,6155,a2e8,92b1,7fbe,4b40,
3544,6155,a2e8,92b1,7fbe,bf4e,
3545,6155,a2e8,92b1,7fbe,77ee,
3546,6155,a2e8,92b1,7fbe,7cae,
3547,6155,a2e8,92b1,7fbe,b6d6,
3548,6155,a2e8,92b1,7fbe,7be0,
3549,6155,a2e8,92b1,7fbe,6dae,
3550,6155,a2e8,92b1,7fbe,c07e,
3551,6155,a2e8,92b1,7fbe,a747,
3552,6155,a2e8,92b1,7fbe,5481,
3553,6155,a2e8,92b1,7fbe,9c89,
3554,6155,a2e8,92b1,7fbe,1c89,
3555,6155,a2e8,92b1,7fbe,7e90,
3556,6155,a2e8,92b1,7fbe,9464,
3557,6155,a2e8,92b1,7fbe,cba7,
3558,6155,a2e8,92b1,7fbe,b82b,
3559,6155,a2e8,92b1,7fbe,0a38,
3560,6155,a2e8,92b1,7fbe,0a36,
3561,6155,a2e8,92b1,7fbe,d0b4,
3562,6155,a2e8,92b1,7fbe,c329,
3563,6155,a2e8,92b1,7fbe,55fa,
3564,6155,a2e8,92b1,7fbe,bc82,
3565,6155,a2e8,92b1,7fbe,14e4,
3566,6155,a2e8,92b1,7fbe,bb17,
3567,6155,a2e8,92b1,7fbe,2cc6,
3568,6155,a2e8,92b1,7fbe,9294,
3569,6155,a2e8,92b1,7fbe,71a4,
3570,6155,a2e8,92b1,7fbe,72cd,
3571,6155,a2e8,92b1,7fbe,c67c,
3572,6155,a2e8,92b1,7fbe,f621,
3573,6155,a2e8,92b1,7fbe,e52a,
3574,6155,a2e8,92b1,7fbe,184a,
3575,6155,a2e8,92b1,7fbe,ed17,
3576,6155,a2e8,92b1,7fbe,e6e2,
3577,6155,a2e8,92b1,7fbe,564f,
3578,6155,a2e8,92b1,7fbe,3137,
3579,6155,a2e8,92b1,7fbe,9496,
3580,6155,a2e8,92b1,7fbe,d2d0,
3581,6155,a2e8,92b1,7fbe,7412,
3582,6155,a2e8,92b1,7fbe,8d23,
3583,6155,a2e8,92b1,7fbe,8ad0,
3584,6155,a2e8,92b1,7fbe,c9d3,
3585,6155,a2e8,92b1,7fbe,df88,
3586,6155,a2e8,92b1,7fbe,b8e4,
3587,6155,a2e8,92b1,7fbe,4485,
3588,6155,a2e8,92b1,7fbe,792d,
3589,6155,a2e8,92b1,7fbe,af2d,
3590,6155,a2e8,92b1,7fbe,7efa,
3591,6155,a2e8,92b1,7fbe,2d40,
3592,6155,a2e8,92b1,7fbe,e6db,
3593,6155,a2e8,92b1,7fbe,c397,
3594,6155,a2e8,92b1,7fbe,5f0b,
3595,6155,a2e8,92b1,7fbe,9293,
3596,6155,a2e8,92b1,7fbe,c6ff,
3597,6155,a2e8,92b1,7fbe,9b27,
3598,6155,a2e8,92b1,7fbe,b91a,
3599,6155,a2e8,92b1,7fbe,ab16,
3600,6155,a2e8,92b1,7fbe,927e,
3601,6155,a2e8,92b1,7fbe,0960,
3602,6155,a2e8,92b1,7fbe,2023,
3603,6155,a2e8,92b1,7fbe,c9a4,
3604,6155,a2e8,92b1,7fbe,0f92,
3605,6155,a2e8,92b1,7fbe,8453,
3606,6155,a2e8,92b1,7fbe,d671,
3607,6155,a2e8,92b1,7fbe,4087,
3608,6155,a2e8,92b1,7fbe,3403,
3609,6155,a2e8,92b1,7fbe,575e,
3610,6155,a2e8,92b1,7fbe,c6f0,
3611,6155,a2e8,92b1,7fbe,7edf,
3612,6155,a2e8,92b1,7fbe,3260,
3613,6155,a2e8,92b1,7fbe,83a7,
3614,6155,a2e8,92b1,7fbe,3925,
3615,6155,a2e8,92b1,7fbe,39dc,
3616,6155,a2e8,92b1,7fbe,26a3,
3617,6155,a2e8,92b1,7fbe,abcd,
3618,6155,a2e8,92b1,7fbe,e6af,
3619,6155,a2e8,92b1,7fbe,9feb,
3620,6155,a2e8,92b1,7fbe,e659,
3621,6155,a2e8,92b1,7fbe,851f,
3622,6155,a2e8,92b1,7fbe,5e7b,
3623,6155,a2e8,92b1,7fbe,5467,
3624,6155,a2e8,92b1,7fbe,07ad,
3625,6155,a2e8,92b1,7fbe,bd87,
3626,6155,a2e8,92b1,7fbe,2940,
3627,6155,a2e8,92b1,7fbe,a7ee,
3628,6155,a2e8,92b1,7fbe,340d,
3629,6155,a2e8,92b1,7fbe,88f6,
3630,6155,a2e8,92b1,7fbe,fbe5,
3631,6155,a2e8,92b1,7fbe,2d75,
3632,6155,a2e8,92b1,7fbe,1653,
3633,6155,a2e8,92b1,7fbe,da08,
3634,6155,a2e8,92b1,7fbe,fd6a,
3635,6155,a2e8,92b1,7fbe,b0e4,
3636,6155,a2e8,92b1,7fbe,10b0,
3637,6155,a2e8,92b1,7fbe,197b,
3638,6155,a2e8,92b1,7fbe,1508,
3639,6155,a2e8,92b1,7fbe,83ba,
3640,6155,a2e8,92b1,7fbe,3074,
3641,6155,a2e8,92b1,7fbe,a174,
3642,6155,a2e8,92b1,7fbe,ee7e,
3643,6155,a2e8,92b1,7fbe,7ad6,
3644,6155,a2e8,92b1,7fbe,81d5,
3645,6155,a2e8,92b1,7fbe,ae54,
3646,6155,a2e8,92b1,7fbe,7033,
3647,6155,a2e8,92b1,7fbe,0db4,
3648,6155,a2e8,92b1,7fbe,c986,
3649,6155,a2e8,92b1,7fbe,5dfd,
3650,6155,a2e8,92b1,7fbe,fa81,
3651,6155,a2e8,92b1,7fbe,45f9,
3652,6155,a2e8,92b1,7fbe,8e88,
3653,6155,a2e8,92b1,7fbe,9483,
3654,6155,a2e8,92b1,7fbe,68c1,
3655,6155,a2e8,92b1,7fbe,0fe7,
3656,6155,a2e8,92b1,7fbe,5aa7,
3657,6155,a2e8,92b1,7fbe,ed1f,
3658,6155,a2e8,92b1,7fbe,f344,
3659,6155,a2e8,92b1,7fbe,635e,
3660,6155,a2e8,92b1,7fbe,c656,
3661,6155,a2e8,92b1,7fbe,3c1d,
3662,6155,a2e8,92b1,7fbe,d090,
3663,6155,a2e8,92b1,7fbe,af1c,
3664,6155,a2e8,92b1,7fbe,75a8,
3665,6155,a2e8,92b1,7fbe,39c9,
3666,6155,a2e8,92b1,7fbe,5479,
3667,6155,a2e8,92b1,7fbe,ec97,
3668,6155,a2e8,92b1,7fbe,7e42,
3669,6155,a2e8,92b1,7fbe,eb3d,
3670,6155,a2e8,92b1,7fbe,9141,
3671,6155,a2e8,92b1,7fbe,860f,
3672,6155,a2e8,92b1,7fbe,abf2,
3673,6155,a2e8,92b1,7fbe,71ff,
3674,6155,a2e8,92b1,7fbe,a8e6,
3675,6155,a2e8,92b1,7fbe,2bfb,
3676,6155,a2e8,92b1,7fbe,7692,
3677,6155,a2e8,92b1,7fbe,8b92,
3678,6155,a2e8,92b1,7fbe,de7e,
3679,6155,a2e8,92b1,7fbe,d1bb,
3680,6155,a2e8,92b1,7fbe,a813,
3681,6155,a2e8,92b1,7fbe,72de,
3682,6155,a2e8,92b1,7fbe,20be,
3683,6155,a2e8,92b1,7fbe,caca,
3684,6155,a2e8,92b1,7fbe,d755,
3685,6155,a2e8,92b1,7fbe,4cb5,
3686,6155,a2e8,92b1,7fbe,674e,
3687,6155,a2e8,92b1,7fbe,240b,
3688,6155,a2e8,92b1,7fbe,7d88,
3689,6155,a2e8,92b1,7fbe,3526,
3690,6155,a2e8,92b1,7fbe,03e3,
3691,6155,a2e8,92b1,7fbe,3d02,
3692,6155,a2e8,92b1,7fbe,5d49,
3693,6155,a2e8,92b1,7fbe,a20b,
3694,6155,a2e8,92b1,7fbe,7294,
3695,6155,a2e8,92b1,7fbe,abff,
3696,6155,a2e8,92b1,7fbe,c559,
3697,6155,a2e8,92b1,7fbe,1364,
3698,6155,a2e8,92b1,7fbe,a64e,
3699,6155,a2e8,92b1,7fbe,5eb8,
3700,6155,a2e8,92b1,7fbe,9e2c,
3701,6155,a2e8,92b1,7fbe,3f53,
3702,6155,a2e8,92b1,7fbe,9c7f,
3703,6155,a2e8,92b1,7fbe,a5ca,
3704,6155,a2e8,92b1,7fbe,d541,
3705,6155,a2e8,92b1,7fbe,5f89,
3706,6155,a2e8,92b1,7fbe,e70a,
3707,6155,a2e8,92b1,7fbe,d481,
3708,6155,a2e8,92b1,7fbe,655e,
3709,6155,a2e8,92b1,7fbe,c330,
3710,6155,a2e8,92b1,7fbe,e1cb,
3711,6155,a2e8,92b1,7fbe,e444,
3712,6155,a2e8,92b1,7fbe,5d3d,
3713,6155,a2e8,92b1,7fbe,82b9,
3714,6155,a2e8,92b1,7fbe,377d,
3715,6155,a2e8,92b1,7fbe,5e4b,
3716,6155,a2e8,92b1,7fbe,7cfd,
3717,6155,a2e8,92b1,7fbe,d6a5,
3718,6155,a2e8,92b1,7fbe,2456,
3719,6155,a2e8,92b1,7fbe,e310,
3720,6155,a2e8,92b1,7fbe,97e5,
3721,6155,a2e8,92b1,7fbe,546a,
3722,6155,a2e8,92b1,7fbe,996d,
3723,6155,a2e8,92b1,7fbe,27bb,
3724,6155,a2e8,92b1,7fbe,0b62,
3725,6155,a2e8,92b1,7fbe,10f7,
3726,6155,a2e8,92b1,7fbe,0611,
3727,6155,a2e8,92b1,7fbe,b7a5,
3728,6155,a2e8,92b1,7fbe,7043,
3729,6155,a2e8,92b1,7fbe,0100,
3730,6155,a2e8,92b1,7fbe,a215,
3731,6155,a2e8,92b1,7fbe,6b83,
3732,6155,a2e8,92b1,7fbe,5994,
3733,6155,a2e8,92b1,7fbe,a230,
3734,6155,a2e8,92b1,7fbe,4dea,
3735,6155,a2e8,92b1,7fbe,d47c,
3736,6155,a2e8,92b1,7fbe,5cb9,
3737,6155,a2e8,92b1,7fbe,ecbf,
3738,6155,a2e8,92b1,7fbe,7c57,
3739,6155,a2e8,92b1,7fbe,56a2,
3740,6155,a2e8,92b1,7fbe,c9ab,
3741,6155,a2e8,92b1,7fbe,0e77,
3742,6155,a2e8,92b1,7fbe,4c7a,
3743,6155,a2e8,92b1,7fbe,b634,
3744,6155,a2e8,92b1,7fbe,b3b0,
3745,6155,a2e8,92b1,7fbe,1510,
3746,6155,a2e8,92b1,7fbe,bb41,
3747,6155,a2e8,92b1,7fbe,b50e,
3748,6155,a2e8,92b1,7fbe,43f9,
3749,6155,a2e8,92b1,7fbe,64a9,
3750,6155,a2e8,92b1,7fbe,c84e,
3751,6155,a2e8,92b1,7fbe,402a,
3752,6155,a2e8,92b1,7fbe,84cb,
3753,6155,a2e8,92b1,7fbe,d4a7,
3754,6155,a2e8,92b1,7fbe,5096,
3755,6155,a2e8,92b1,7fbe,3c9b,
3756,6155,a2e8,92b1,7fbe,a7fb,
3757,6155,a2e8,92b1,7fbe,ac1e,
3758,6155,a2e8,92b1,7fbe,0342,
3759,6155,a2e8,92b1,7fbe,95a4,
3760,6155,a2e8,92b1,7fbe,b98b,
3761,6155,a2e8,92b1,7fbe,c775,
3762,6155,a2e8,92b1,7fbe,5ceb,
3763,6155,a2e8,92b1,7fbe,e2ce,
3764,6155,a2e8,92b1,7fbe,e8b8,
3765,6155,a2e8,92b1,7fbe,f893,
3766,6155,a2e8,92b1,7fbe,fb17,
3767,6155,a2e8,92b1,7fbe,55c7,
3768,6155,a2e8,92b1,7fbe,fa59,
3769,6155,a2e8,92b1,7fbe,f7ff,
3770,6155,a2e8,92b1,7fbe,4ac3,
3771,6155,a2e8,92b1,7fbe,a977,
3772,6155,a2e8,92b1,7fbe,698a,
3773,6155,a2e8,92b1,7fbe,5a1b,
3774,6155,a2e8,92b1,7fbe,6b61,
3775,6155,a2e8,92b1,7fbe,f9be,
3776,6155,a2e8,92b1,7fbe,e8d3,
3777,6155,a2e8,92b1,7fbe,701b,
3778,6155,a2e8,92b1,7fbe,51ad,
3779,6155,a2e8,92b1,7fbe,756f,
3780,6155,a2e8,92b1,7fbe,95fc,
3781,6155,a2e8,92b1,7fbe,c8b0,
3782,6155,a2e8,92b1,7fbe,1f3b,
3783,6155,a2e8,92b1,7fbe,51cf,
3784,6155,a2e8,92b1,7fbe,1a6d,
3785,6155,a2e8,92b1,7fbe,bb66,
3786,6155,a2e8,92b1,7fbe,1c67,
3787,6155,a2e8,92b1,7fbe,92a8,
3788,6155,a2e8,92b1,7fbe,2845,
3789,6155,a2e8,92b1,7fbe,4501,
3790,6155,a2e8,92b1,7fbe,d6ca,
3791,6155,a2e8,92b1,7fbe,5f29,
3792,6155,a2e8,92b1,7fbe,3961,
3793,6155,a2e8,92b1,7fbe,2c10,
3794,6155,a2e8,92b1,7fbe,2a8c,
3795,6155,a2e8,92b1,7fbe,0588,
3796,6155,a2e8,92b1,7fbe,ada6,
3797,6155,a2e8,92b1,7fbe,29dc,
3798,6155,a2e8,92b1,7fbe,7655,
3799,6155,a2e8,92b1,7fbe,71e2,
3800,6155,a2e8,92b1,7fbe,249d,
3801,6155,a2e8,92b1,7fbe,c32b,
3802,6155,a2e8,92b1,7fbe,5dd5,
3803,6155,a2e8,92b1,7fbe,ac53,
3804,6155,a2e8,92b1,7fbe,0af0,
3805,6155,a2e8,92b1,7fbe,63a7,
3806,6155,a2e8,92b1,7fbe,3ffb,
3807,6155,a2e8,92b1,7fbe,2612,
3808,6155,a2e8,92b1,7fbe,b77c,
3809,6155,a2e8,92b1,7fbe,91c9,
3810,6155,a2e8,92b1,7fbe,021f,
3811,6155,a2e8,92b1,7fbe,4414,
3812,6155,a2e8,92b1,7fbe,88f2,
3813,6155,a2e8,92b1,7fbe,f64c,
3814,6155,a2e8,92b1,7fbe,32bf,
3815,6155,a2e8,92b1,7fbe,611c,
3816,6155,a2e8,92b1,7fbe,fae9,
3817,6155,a2e8,92b1,7fbe,464f,
3818,6155,a2e8,92b1,7fbe,74c5,
3819,6155,a2e8,92b1,7fbe,2cf8,
3820,6155,a2e8,92b1,7fbe,b4d0,
3821,6155,a2e8,92b1,7fbe,adb8,
3822,6155,a2e8,92b1,7fbe,3c2d,
3823,6155,a2e8,92b1,7fbe,7d02,
3824,6155,a2e8,92b1,7fbe,ccde,
3825,6155,a2e8,92b1,7fbe,62e6,
3826,6155,a2e8,92b1,7fbe,3416,
3827,6155,a2e8,92b1,7fbe,6dd8,
3828,6155,a2e8,92b1,7fbe,b0ea,
3829,6155,a2e8,92b1,7fbe,b817,
3830,6155,a2e8,92b1,7fbe,1413,
3831,6155,a2e8,92b1,7fbe,d533,
3832,6155,a2e8,92b1,7fbe,31e7,
3833,6155,a2e8,92b1,7fbe,b14c,
3834,6155,a2e8,92b1,7fbe,ba40,
3835,6155,a2e8,92b1,7fbe,0da1,
3836,6155,a2e8,92b1,7fbe,ce40,
3837,6155,a2e8,92b1,7fbe,ab3b,
3838,6155,a2e8,92b1,7fbe,4587,
3839,6155,a2e8,92b1,7fbe,f4cd,
3840,6155,a2e8,92b1,7fbe,cca8,
3841,6155,a2e8,92b1,7fbe,bf0f,
3842,6155,a2e8,92b1,7fbe,2476,
3843,6155,a2e8,92b1,7fbe,3ebb,
3844,6155,a2e8,92b1,7fbe,6fbb,
3845,6155,a2e8,92b1,7fbe,72d3,
3846,6155,a2e8,92b1,7fbe,4841,
3847,6155,a2e8,92b1,7fbe,9e07,
3848,6155,a2e8,92b1,7fbe,6dd9,
3849,6155,a2e8,92b1,7fbe,cc0f,
3850,6155,a2e8,92b1,7fbe,2e65,
3851,6155,a2e8,92b1,7fbe,2175,
3852,6155,a2e8,92b1,7fbe,8f42,
3853,6155,a2e8,92b1,7fbe,3382,
3854,6155,a2e8,92b1,7fbe,4fc6,
3855,6155,a2e8,92b1,7fbe,032f,
3856,6155,a2e8,92b1,7fbe,e8b2,
3857,6155,a2e8,92b1,7fbe,ab7b,
3858,6155,a2e8,92b1,7fbe,8815,
3859,6155,a2e8,92b1,7fbe,2d2c,
3860,6155,a2e8,92b1,7fbe,d78f,
3861,6155,a2e8,92b1,7fbe,e60e,
3862,6155,a2e8,92b1,7fbe,1a12,
3863,6155,a2e8,92b1,7fbe,c4b2,
3864,6155,a2e8,92b1,7fbe,764a,
3865,6155,a2e8,92b1,7fbe,8e23,
3866,6155,a2e8,92b1,7fbe,1552,
3867,6155,a2e8,92b1,7fbe,f9ae,
3868,6155,a2e8,92b1,7fbe,9364,
3869,6155,a2e8,92b1,7fbe,5e60,
3870,6155,a2e8,92b1,7fbe,815f,
3871,6155,a2e8,92b1,7fbe,b6c2,
3872,6155,a2e8,92b1,7fbe,a4c4,
3873,6155,a2e8,92b1,7fbe,66fa,
3874,6155,a2e8,92b1,7fbe,9260,
3875,6155,a2e8,92b1,7fbe,8218,
3876,6155,a2e8,92b1,7fbe,ada9,
3877,6155,a2e8,92b1,7fbe,5a0d,
3878,6155,a2e8,92b1,7fbe,2224,
3879,6155,a2e8,92b1,7fbe,ac6b,
3880,6155,a2e8,92b1,7fbe,af33,
3881,6155,a2e8,92b1,7fbe,ca67,
3882,6155,a2e8,92b1,7fbe,1fb7,
3883,6155,a2e8,92b1,7fbe,ed30,
3884,6155,a2e8,92b1,7fbe,ebd2,
3885,6155,a2e8,92b1,7fbe,a56f,
3886,6155,a2e8,92b1,7fbe,8a7f,
3887,6155,a2e8,92b1,7fbe,5502,
3888,6155,a2e8,92b1,7fbe,3d41,
3889,6155,a2e8,92b1,7fbe,b91e,
3890,6155,a2e8,92b1,7fbe,13e6,
3891,6155,a2e8,92b1,7fbe,bc3e,
3892,6155,a2e8,92b1,7fbe,0e2d,
3893,6155,a2e8,92b1,7fbe,d492,
3894,6155,a2e8,92b1,7fbe,74f3,
3895,6155,a2e8,92b1,7fbe,e919,
3896,6155,a2e8,92b1,7fbe,5a08,
3897,6155,a2e8,92b1,7fbe,c653,
3898,6155,a2e8,92b1,7fbe,a4ff,
3899,6155,a2e8,92b1,7fbe,d1e7,
3900,6155,a2e8,92b1,7fbe,7a5f,
3901,6155,a2e8,92b1,7fbe,0521,
3902,6155,a2e8,92b1,7fbe,acd5,
3903,6155,a2e8,92b1,7fbe,44d5,
3904,6155,a2e8,92b1,7fbe,8a13,
3905,6155,a2e8,92b1,7fbe,7fae,
3906,6155,a2e8,92b1,7fbe,84b8,
3907,6155,a2e8,92b1,7fbe,18d0,
3908,6155,a2e8,92b1,7fbe,87c4,
3909,6155,a2e8,92b1,7fbe,4c67,
3910,6155,a2e8,92b1,7fbe,e668,
3911,6155,a2e8,92b1,7fbe,0c76,
3912,6155,a2e8,92b1,7fbe,ae73,
3913,6155,a2e8,92b1,7fbe,180b,
3914,6155,a2e8,92b1,7fbe,9497,
3915,6155,a2e8,92b1,7fbe,ac9e,
3916,6155,a2e8,92b1,7fbe,7849,
3917,6155,a2e8,92b1,7fbe,fbc3,
3918,6155,a2e8,92b1,7fbe,e75d,
3919,6155,a2e8,92b1,7fbe,91e9,
3920,6155,a2e8,92b1,7fbe,2991,
3921,6155,a2e8,92b1,7fbe,dd4c,
3922,6155,a2e8,92b1,7fbe,0c67,
3923,6155,a2e8,92b1,7fbe,58e8,
3924,6155,a2e8,92b1,7fbe,ef2f,
3925,6155,a2e8,92b1,7fbe,f132,
3926,6155,a2e8,92b1,7fbe,89ca,
3927,6155,a2e8,92b1,7fbe,148c,
3928,6155,a2e8,92b1,7fbe,15d6,
3929,6155,a2e8,92b1,7fbe,7cba,
3930,6155,a2e8,92b1,7fbe,b8f9,
3931,6155,a2e8,92b1,7fbe,6998,
3932,6155,a2e8,92b1,7fbe,1b42,
3933,6155,a2e8,92b1,7fbe,503c,
3934,6155,a2e8,92b1,7fbe,6b6b,
3935,6155,a2e8,92b1,7fbe,6251,
3936,6155,a2e8,92b1,7fbe,b04d,
3937,6155,a2e8,92b1,7fbe,6474,
3938,6155,a2e8,92b1,7fbe,bb26,
3939,6155,a2e8,92b1,7fbe,cb8f,
3940,6155,a2e8,92b1,7fbe,160c,
3941,6155,a2e8,92b1,7fbe,b21c,
3942,6155,a2e8,92b1,7fbe,7558,
3943,6155,a2e8,92b1,7fbe,ffed,
3944,6155,a2e8,92b1,7fbe,4fb2,
3945,6155,a2e8,92b1,7fbe,2ceb,
3946,6155,a2e8,92b1,7fbe,addc,
3947,6155,a2e8,92b1,7fbe,ed0c,
3948,6155,a2e8,92b1,7fbe,fd12,
3949,6155,a2e8,92b1,7fbe,c14a,
3950,6155,a2e8,92b1,7fbe,9f13,
3951,6155,a2e8,92b1,7fbe,ceaa,
3952,6155,a2e8,92b1,7fbe,f9f8,
3953,6155,a2e8,92b1,7fbe,6a95,
3954,6155,a2e8,92b1,7fbe,862f,
3955,6155,a2e8,92b1,7fbe,99ba,
3956,6155,a2e8,92b1,7fbe,5c23,
3957,6155,a2e8,92b1,7fbe,fc29,
3958,6155,a2e8,92b1,7fbe,1719,
3959,6155,a2e8,92b1,7fbe,6f71,
3960,6155,a2e8,92b1,7fbe,de78,
3961,6155,a2e8,92b1,7fbe,a063,
3962,6155,a2e8,92b1,7fbe,011c,
3963,6155,a2e8,92b1,7fbe,24b0,
3964,6155,a2e8,92b1,7fbe,393f,
3965,6155,a2e8,92b1,7fbe,cdbe,
3966,6155,a2e8,92b1,7fbe,7e9a,
3967,6155,a2e8,92b1,7fbe,2461,
3968,6155,a2e8,92b1,7fbe,51e8,
3969,6155,a2e8,92b1,7fbe,5288,
3970,6155,a2e8,92b1,7fbe,29c6,
3971,6155,a2e8,92b1,7fbe,5af6,
3972,6155,a2e8,92b1,7fbe,3de2,
3973,6155,a2e8,92b1,7fbe,a38c,
3974,6155,a2e8,92b1,7fbe,f5a7,
3975,6155,a2e8,92b1,7fbe,1413,
3976,6155,a2e8,92b1,7fbe,933a,
3977,6155,a2e8,92b1,7fbe,9767,
3978,6155,a2e8,92b1,7fbe,8194,
3979,6155,a2e8,92b1,7fbe,1918,
3980,6155,a2e8,92b1,7fbe,4dc8,
3981,6155,a2e8,92b1,7fbe,6030,
3982,6155,a2e8,92b1,7fbe,7073,
3983,6155,a2e8,92b1,7fbe,1947,
3984,6155,a2e8,92b1,7fbe,dab8,
3985,6155,a2e8,92b1,7fbe,166c,
3986,6155,a2e8,92b1,7fbe,59f8,
3987,6155,a2e8,92b1,7fbe,a159,
3988,6155,a2e8,92b1,7fbe,c00f,
3989,6155,a2e8,92b1,7fbe,04cf,
3990,6155,a2e8,92b1,7fbe,427d,
3991,6155,a2e8,92b1,7fbe,afd9,
3992,6155,a2e8,92b1,7fbe,ff4a,
3993,6155,a2e8,92b1,7fbe,4222,
3994,6155,a2e8,92b1,7fbe,1bee,
3995,6155,a2e8,92b1,7fbe,f5fb,
3996,6155,a2e8,92b1,7fbe,1743,
3997,6155,a2e8,92b1,7fbe,9259,
3998,6155,a2e8,92b1,7fbe,c4cd,
3999,6155,a2e8,92b1,7fbe,c959,
4000,6155,a2e8,92b1,7fbe,c496,
4001,6155,a2e8,92b1,7fbe,6175,
4002,6155,a2e8,92b1,7fbe,333e,
4003,6155,a2e8,92b1,7fbe,e38b,
4004,6155,a2e8,92b1,7fbe,1a7b,
4005,6155,a2e8,92b1,7fbe,2e7e,
4006,6155,a2e8,92b1,7fbe,175b,
4007,6155,a2e8,92b1,7fbe,cb9e,
4008,6155,a2e8,92b1,7fbe,9f39,
4009,6155,a2e8,92b1,7fbe,31b9,
4010,6155,a2e8,92b1,7fbe,52e3,
4011,6155,a2e8,92b1,7fbe,80f4,
4012,6155,a2e8,92b1,7fbe,e8b2,
4013,6155,a2e8,92b1,7fbe,bea9,
4014,6155,a2e8,92b1,7fbe,964c,
4015,6155,a2e8,92b1,7fbe,77c8,
4016,6155,a2e8,92b1,7fbe,2caf,
4017,6155,a2e8,92b1,7fbe,baf3,
4018,6155,a2e8,92b1,7fbe,82c6,
4019,6155,a2e8,92b1,7fbe,83c6,
4020,6155,a2e8,92b1,7fbe,302f,
4021,6155,a2e8,92b1,7fbe,7809,
4022,6155,a2e8,92b1,7fbe,4f84,
4023,6155,a2e8,92b1,7fbe,70e9,
4024,6155,a2e8,92b1,7fbe,c698,
4025,6155,a2e8,92b1,7fbe,df90,
4026,6155,a2e8,92b1,7fbe,2759,
4027,6155,a2e8,92b1,7fbe,1a24,
4028,6155,a2e8,92b1,7fbe,9f2b,
4029,6155,a2e8,92b1,7fbe,43a2,
4030,6155,a2e8,92b1,7fbe,bbd4,
4031,6155,a2e8,92b1,7fbe,b3d4,
4032,6155,a2e8,92b1,7fbe,5c25,
4033,6155,a2e8,92b1,7fbe,a0ce,
4034,6155,a2e8,92b1,7fbe,1be5,
4035,6155,a2e8,92b1,7fbe,7ad1,
4036,6155,a2e8,92b1,7fbe,458f,
4037,6155,a2e8,92b1,7fbe,43a0,
4038,6155,a2e8,92b1,7fbe,9d05,
4039,6155,a2e8,92b1,7fbe,73e7,
4040,6155,a2e8,92b1,7fbe,4f51,
4041,6155,a2e8,92b1,7fbe,4404,
4042,6155,a2e8,92b1,7fbe,d336,
4043,6155,a2e8,92b1,7fbe,8d52,
4044,6155,a2e8,92b1,7fbe,2ec3,
4045,6155,a2e8,92b1,7fbe,4afe,
4046,6155,a2e8,92b1,7fbe,0367,
4047,6155,a2e8,92b1,7fbe,a97e,
4048,6155,a2e8,92b1,7fbe,9642,
4049,6155,a2e8,92b1,7fbe,3ee8,
4050,6155,a2e8,92b1,7fbe,f3fd,
4051,6155,a2e8,92b1,7fbe,e599,
4052,6155,a2e8,92b1,7fbe,e696,
4053,6155,a2e8,92b1,7fbe,5f16,
4054,6155,a2e8,92b1,7fbe,a1ab,
4055,6155,a2e8,92b1,7fbe,b450,
4056,6155,a2e8,92b1,7fbe,86d9,
4057,6155,a2e8,92b1,7fbe,cf2e,
4058,6155,a2e8,92b1,7fbe,e171,
4059,6155,a2e8,92b1,7fbe,f05a,
4060,6155,a2e8,92b1,7fbe,dec0,
4061,6155,a2e8,92b1,7fbe,7aa2,
4062,6155,a2e8,92b1,7fbe,a5b6,
4063,6155,a2e8,92b1,7fbe,4f95,
4064,6155,a2e8,92b1,7fbe,1c82,
4065,6155,a2e8,92b1,7fbe,2e24,
4066,6155,a2e8,92b1,7fbe,a6dc,
4067,6155,a2e8,92b1,7fbe,c8fb,
4068,6155,a2e8,92b1,7fbe,81bd,
4069,6155,a2e8,92b1,7fbe,55ef,
4070,6155,a2e8,92b1,7fbe,0f26,
4071,6155,a2e8,92b1,7fbe,2863,
4072,6155,a2e8,92b1,7fbe,7de9,
4073,6155,a2e8,92b1,7fbe,7037,
4074,6155,a2e8,92b1,7fbe,2a91,
4075,6155,a2e8,92b1,7fbe,8924,
4076,6155,a2e8,92b1,7fbe,db7a,
4077,6155,a2e8,92b1,7fbe,e44a,
4078,6155,a2e8,92b1,7fbe,3dd6,
4079,6155,a2e8,92b1,7fbe,6175,
4080,6155,a2e8,92b1,7fbe,6253,
4081,6155,a2e8,92b1,7fbe,6fb3,
4082,6155,a2e8,92b1,7fbe,db30,
4083,6155,a2e8,92b1,7fbe,a22a,
4084,6155,a2e8,92b1,7fbe,9b23,
4085,6155,a2e8,92b1,7fbe,e47c,
4086,6155,a2e8,92b1,7fbe,be46,
4087,6155,a2e8,92b1,7fbe,bec7,
4088,6155,a2e8,92b1,7fbe,ec7f,
4089,6155,a2e8,92b1,7fbe,6a06,
4090,6155,a2e8,92b1,7fbe,4916,
4091,6155,a2e8,92b1,7fbe,d8b4,
4092,6155,a2e8,92b1,7fbe,2f75,
4093,6155,a2e8,92b1,7fbe,b7a5,
4094,6155,a2e8,92b1,7fbe,216a,
4095,6155,a2e8,92b1,7fbe,0623,
4096,6155,a2e8,92b1,7fbe,7231,
4097,6155,a2e8,92b1,7fbe,3b5e,
4098,6155,a2e8,92b1,7fbe,5471,
4099,6155,a2e8,92b1,7fbe,f8ce,
4100,6155,a2e8,92b1,7fbe,61d3,
4101,6155,a2e8,92b1,7fbe,0ed0,
4102,6155,a2e8,92b1,7fbe,6942,
4103,6155,a2e8,92b1,7fbe,e5df,
4104,6155,a2e8,92b1,7fbe,eede,
4105,6155,a2e8,92b1,7fbe,b06e,
4106,6155,a2e8,92b1,7fbe,0722,
4107,6155,a2e8,92b1,7fbe,566c,
4108,6155,a2e8,92b1,7fbe,7537,
4109,6155,a2e8,92b1,7fbe,2b60,
4110,6155,a2e8,92b1,7fbe,c09d,
4111,6155,a2e8,92b1,7fbe,575c,
4112,6155,a2e8,92b1,7fbe,ebcb,
4113,6155,a2e8,92b1,7fbe,e7a5,
4114,6155,a2e8,92b1,7fbe,e108,
4115,6155,a2e8,92b1,7fbe,22a8,
4116,6155,a2e8,92b1,7fbe,b66f,
4117,6155,a2e8,92b1,7fbe,563c,
4118,6155,a2e8,92b1,7fbe,84f5,
4119,6155,a2e8,92b1,7fbe,c16b,
4120,6155,a2e8,92b1,7fbe,3057,
4121,6155,a2e8,92b1,7fbe,7bef,
4122,6155,a2e8,92b1,7fbe,0c85,
4123,6155,a2e8,92b1,7fbe,6e35,
4124,6155,a2e8,92b1,7fbe,26f1,
4125,6155,a2e8,92b1,7fbe,fdf3,
4126,6155,a2e8,92b1,7fbe,4cd0,
4127,6155,a2e8,92b1,7fbe,baf7,
4128,6155,a2e8,92b1,7fbe,9bb4,
4129,6155,a2e8,92b1,7fbe,68fa,
4130,6155,a2e8,92b1,7fbe,d0b9,
4131,6155,a2e8,92b1,7fbe,e909,
4132,6155,a2e8,92b1,7fbe,dce9,
4133,6155,a2e8,92b1,7fbe,3d61,
4134,6155,a2e8,92b1,7fbe,cab1,
4135,6155,a2e8,92b1,7fbe,b02d,
4136,6155,a2e8,92b1,7fbe,b8fe,
4137,6155,a2e8,92b1,7fbe,a196,
4138,6155,a2e8,92b1,7fbe,ea55,
4139,6155,a2e8,92b1,7fbe,1840,
4140,6155,a2e8,92b1,7fbe,720e,
4141,6155,a2e8,92b1,7fbe,150c,
4142,6155,a2e8,92b1,7fbe,0df5,
4143,6155,a2e8,92b1,7fbe,6948,
4144,6155,a2e8,92b1,7fbe,1fff,
4145,6155,a2e8,92b1,7fbe,0175,
4146,6155,a2e8,92b1,7fbe,c5df,
4147,6155,a2e8,92b1,7fbe,fc89,
4148,6155,a2e8,92b1,7fbe,e3a4,
4149,6155,a2e8,92b1,7fbe,f71d,
4150,6155,a2e8,92b1,7fbe,228c,
4151,6155,a2e8,92b1,7fbe,d3ef,
4152,6155,a2e8,92b1,7fbe,182f,
4153,6155,a2e8,92b1,7fbe,5ae6,
4154,6155,a2e8,92b1,7fbe,c820,
4155,6155,a2e8,92b1,7fbe,9185,
4156,6155,a2e8,92b1,7fbe,fd54,
4157,6155,a2e8,92b1,7fbe,1a4a,
4158,6155,a2e8,92b1,7fbe,bc16,
4159,6155,a2e8,92b1,7fbe,9db5,
4160,6155,a2e8,92b1,7fbe,993a,
4161,6155,a2e8,92b1,7fbe,2f6e,
4162,6155,a2e8,92b1,7fbe,89d7,
4163,6155,a2e8,92b1,7fbe,6e01,
4164,6155,a2e8,92b1,7fbe,d848,
4165,6155,a2e8,92b1,7fbe,ff86,
4166,6155,a2e8,92b1,7fbe,8650,
4167,6155,a2e8,92b1,7fbe,6d99,
4168,6155,a2e8,92b1,7fbe,ee1a,
4169,6155,a2e8,92b1,7fbe,61cc,
4170,6155,a2e8,92b1,7fbe,9748,
4171,6155,a2e8,92b1,7fbe,3162,
4172,6155,a2e8,92b1,7fbe,5614,
4173,6155,a2e8,92b1,7fbe,5041,
4174,6155,a2e8,92b1,7fbe,2187,
4175,6155,a2e8,92b1,7fbe,5565,
4176,6155,a2e8,92b1,7fbe,893f,
4177,6155,a2e8,92b1,7fbe,99a0,
4178,6155,a2e8,92b1,7fbe,78de,
4179,6155,a2e8,92b1,7fbe,117d,
4180,6155,a2e8,92b1,7fbe,739e,
4181,6155,a2e8,92b1,7fbe,b539,
4182,6155,a2e8,92b1,7fbe,f9e7,
4183,6155,a2e8,92b1,7fbe,244d,
4184,6155,a2e8,92b1,7fbe,3043,
4185,6155,a2e8,92b1,7fbe,02fc,
4186,6155,a2e8,92b1,7fbe,8b2c,
4187,6155,a2e8,92b1,7fbe,72f9,
4188,6155,a2e8,92b1,7fbe,72e4,
4189,6155,a2e8,92b1,7fbe,3530,
4190,6155,a2e8,92b1,7fbe,55d4,
4191,6155,a2e8,92b1,7fbe,91c4,
4192,6155,a2e8,92b1,7fbe,016a,
4193,6155,a2e8,92b1,7fbe,4396,
4194,6155,a2e8,92b1,7fbe,a6e2,
4195,6155,a2e8,92b1,7fbe,5f18,
4196,6155,a2e8,92b1,7fbe,d5a9,
4197,6155,a2e8,92b1,7fbe,5ba2,
4198,6155,a2e8,92b1,7fbe,ab2c,
4199,6155,a2e8,92b1,7fbe,2bc3,
4200,6155,a2e8,92b1,7fbe,0237,
4201,6155,a2e8,92b1,7fbe,738b,
4202,6155,a2e8,92b1,7fbe,459d,
4203,6155,a2e8,92b1,7fbe,d80e,
4204,6155,a2e8,92b1,7fbe,52bc,
4205,6155,a2e8,92b1,7fbe,241a,
4206,6155,a2e8,92b1,7fbe,868c,
4207,6155,a2e8,92b1,7fbe,b03c,
4208,6155,a2e8,92b1,7fbe,3059,
4209,6155,a2e8,92b1,7fbe,84d6,
4210,6155,a2e8,92b1,7fbe,c044,
4211,6155,a2e8,92b1,7fbe,729b,
4212,6155,a2e8,92b1,7fbe,7b18,
4213,6155,a2e8,92b1,7fbe,2bae,
4214,6155,a2e8,92b1,7fbe,ef52,
4215,6155,a2e8,92b1,7fbe,5eb8,
4216,6155,a2e8,92b1,7fbe,0240,
4217,6155,a2e8,92b1,7fbe,d0ba,
4218,6155,a2e8,92b1,7fbe,3b23,
4219,6155,a2e8,92b1,7fbe,e460,
4220,6155,a2e8,92b1,7fbe,883b,
4221,6155,a2e8,92b1,7fbe,f170,
4222,6155,a2e8,92b1,7fbe,5311,
4223,6155,a2e8,92b1,7fbe,f406,
4224,6155,a2e8,92b1,7fbe,cb2f,
4225,6155,a2e8,92b1,7fbe,e497,
4226,6155,a2e8,92b1,7fbe,339b,
4227,6155,a2e8,92b1,7fbe,e92c,
4228,6155,a2e8,92b1,7fbe,517e,
4229,6155,a2e8,92b1,7fbe,b41c,
4230,6155,a2e8,92b1,7fbe,ab56,
4231,6155,a2e8,92b1,7fbe,7626,
4232,6155,a2e8,92b1,7fbe,96d2,
4233,6155,a2e8,92b1,7fbe,e245,
4234,6155,a2e8,92b1,7fbe,1112,
4235,6155,a2e8,92b1,7fbe,3b9e,
4236,6155,a2e8,92b1,7fbe,eeaf,
4237,6155,a2e8,92b1,7fbe,9897,
4238,6155,a2e8,92b1,7fbe,db51,
4239,6155,a2e8,92b1,7fbe,0f2a,
4240,6155,a2e8,92b1,7fbe,7277,
4241,6155,a2e8,92b1,7fbe,2d0d,
4242,6155,a2e8,92b1,7fbe,8b9a,
4243,6155,a2e8,92b1,7fbe,d064,
4244,6155,a2e8,92b1,7fbe,cf23,
4245,6155,a2e8,92b1,7fbe,7594,
4246,6155,a2e8,92b1,7fbe,6e7b,
4247,6155,a2e8,92b1,7fbe,9717,
4248,6155,a2e8,92b1,7fbe,3fc3,
4249,6155,a2e8,92b1,7fbe,ffee,
4250,6155,a2e8,92b1,7fbe,4070,
4251,6155,a2e8,92b1,7fbe,8c59,
4252,6155,a2e8,92b1,7fbe,1647,
4253,6155,a2e8,92b1,7fbe,ad57,
4254,6155,a2e8,92b1,7fbe,47ca,
4255,6155,a2e8,92b1,7fbe,c6ea,
4256,6155,a2e8,92b1,7fbe,e22a,
4257,6155,a2e8,92b1,7fbe,a011,
4258,6155,a2e8,92b1,7fbe,6535,
4259,6155,a2e8,92b1,7fbe,eb45,
4260,6155,a2e8,92b1,7fbe,68c4,
4261,6155,a2e8,92b1,7fbe,0b39,
4262,6155,a2e8,92b1,7fbe,1235,
4263,6155,a2e8,92b1,7fbe,ace8,
4264,6155,a2e8,92b1,7fbe,657c,
4265,6155,a2e8,92b1,7fbe,0b1d,
4266,6155,a2e8,92b1,7fbe,d38e,
4267,6155,a2e8,92b1,7fbe,5477,
4268,6155,a2e8,92b1,7fbe,fc32,
4269,6155,a2e8,92b1,7fbe,01c3,
4270,6155,a2e8,92b1,7fbe,9aa0,
4271,6155,a2e8,92b1,7fbe,03c2,
4272,6155,a2e8,92b1,7fbe,d517,
4273,6155,a2e8,92b1,7fbe,1b2f,
4274,6155,a2e8,92b1,7fbe,cd34,
4275,6155,a2e8,92b1,7fbe,a6c4,
4276,6155,a2e8,92b1,7fbe,8150,
4277,6155,a2e8,92b1,7fbe,4fa6,
4278,6155,a2e8,92b1,7fbe,cb64,
4279,6155,a2e8,92b1,7fbe,0b39,
4280,6155,a2e8,92b1,7fbe,71bc,
4281,6155,a2e8,92b1,7fbe,6897,
4282,6155,a2e8,92b1,7fbe,bdd2,
4283,6155,a2e8,92b1,7fbe,005d,
4284,6155,a2e8,92b1,7fbe,9282,
4285,6155,a2e8,92b1,7fbe,1355,
4286,6155,a2e8,92b1,7fbe,94c2,
4287,6155,a2e8,92b1,7fbe,56eb,
4288,6155,a2e8,92b1,7fbe,c57f,
4289,6155,a2e8,92b1,7fbe,71ac,
4290,6155,a2e8,92b1,7fbe,2277,
4291,6155,a2e8,92b1,7fbe,e4ca,
4292,6155,a2e8,92b1,7fbe,2a76,
4293,6155,a2e8,92b1,7fbe,6ff3,
4294,6155,a2e8,92b1,7fbe,3ff1,
4295,6155,a2e8,92b1,7fbe,d638,
4296,6155,a2e8,92b1,7fbe,2963,
4297,6155,a2e8,92b1,7fbe,c74c,
4298,6155,a2e8,92b1,7fbe,840c,
4299,6155,a2e8,92b1,7fbe,7c73,
4300,6155,a2e8,92b1,7fbe,69e1,
4301,6155,a2e8,92b1,7fbe,181a,
4302,6155,a2e8,92b1,7fbe,a269,
4303,6155,a2e8,92b1,7fbe,8c12,
4304,6155,a2e8,92b1,7fbe,09bc,
4305,6155,a2e8,92b1,7fbe,6f10,
4306,6155,a2e8,92b1,7fbe,2009,
4307,6155,a2e8,92b1,7fbe,f93d,
4308,6155,a2e8,92b1,7fbe,10c9,
4309,6155,a2e8,92b1,7fbe,375c,
4310,6155,a2e8,92b1,7fbe,af22,
4311,6155,a2e8,92b1,7fbe,dc78,
4312,6155,a2e8,92b1,7fbe,73ec,
4313,6155,a2e8,92b1,7fbe,1966,
4314,6155,a2e8,92b1,7fbe,4c83,
4315,6155,a2e8,92b1,7fbe,06fa,
4316,6155,a2e8,92b1,7fbe,0f87,
4317,6155,a2e8,92b1,7fbe,e601,
4318,6155,a2e8,92b1,7fbe,3b11,
4319,6155,a2e8,92b1,7fbe,10f9,
4320,6155,a2e8,92b1,7fbe,6057,
4321,6155,a2e8,92b1,7fbe,8a52,
4322,6155,a2e8,92b1,7fbe,3073,
4323,6155,a2e8,92b1,7fbe,d4de,
4324,6155,a2e8,92b1,7fbe,4128,
4325,6155,a2e8,92b1,7fbe,ed14,
4326,6155,a2e8,92b1,7fbe,f83e,
4327,6155,a2e8,92b1,7fbe,e02b,
4328,6155,a2e8,92b1,7fbe,6625,
4329,6155,a2e8,92b1,7fbe,1ae8,
4330,6155,a2e8,92b1,7fbe,5224,
4331,6155,a2e8,92b1,7fbe,2723,
4332,6155,a2e8,92b1,7fbe,ea2d,
4333,6155,a2e8,92b1,7fbe,47d4,
4334,6155,a2e8,92b1,7fbe,476a,
4335,6155,a2e8,92b1,7fbe,da37,
4336,6155,a2e8,92b1,7fbe,0f7d,
4337,6155,a2e8,92b1,7fbe,24ef,
4338,6155,a2e8,92b1,7fbe,20fa,
4339,6155,a2e8,92b1,7fbe,91be,
4340,6155,a2e8,92b1,7fbe,f560,
4341,6155,a2e8,92b1,7fbe,81b8,
4342,6155,a2e8,92b1,7fbe,54d9,
4343,6155,a2e8,92b1,7fbe,3d91,
4344,6155,a2e8,92b1,7fbe,2a1e,
4345,6155,a2e8,92b1,7fbe,d901,
4346,6155,a2e8,92b1,7fbe,7958,
4347,6155,a2e8,92b1,7fbe,fe5e,
4348,6155,a2e8,92b1,7fbe,7254,
4349,6155,a2e8,92b1,7fbe,2e9b,
4350,6155,a2e8,92b1,7fbe,950f,
4351,6155,a2e8,92b1,7fbe,92f3,
4352,6155,a2e8,92b1,7fbe,ec78,
4353,6155,a2e8,92b1,7fbe,290f,
4354,6155,a2e8,92b1,7fbe,cf0a,
4355,6155,a2e8,92b1,7fbe,8da0,
4356,6155,a2e8,92b1,7fbe,46ee,
4357,6155,a2e8,92b1,7fbe,afa5,
4358,6155,a2e8,92b1,7fbe,afb1,
4359,6155,a2e8,92b1,7fbe,0efc,
4360,6155,a2e8,92b1,7fbe,828a,
4361,6155,a2e8,92b1,7fbe,35c5,
4362,6155,a2e8,92b1,7fbe,8362,
4363,6155,a2e8,92b1,7fbe,48b3,
4364,6155,a2e8,92b1,7fbe,d4d9,
4365,6155,a2e8,92b1,7fbe,4eb6,
4366,6155,a2e8,92b1,7fbe,59ac,
4367,6155,a2e8,92b1,7fbe,1ffc,
4368,6155,a2e8,92b1,7fbe,49de,
4369,6155,a2e8,92b1,7fbe,9a83,
4370,6155,a2e8,92b1,7fbe,4de2,
4371,6155,a2e8,92b1,7fbe,2017,
4372,6155,a2e8,92b1,7fbe,6676,
4373,6155,a2e8,92b1,7fbe,c667,
4374,6155,a2e8,92b1,7fbe,d944,
4375,6155,a2e8,92b1,7fbe,ada4,
4376,6155,a2e8,92b1,7fbe,a93c,
4377,6155,a2e8,92b1,7fbe,7dfe,
4378,6155,a2e8,92b1,7fbe,898d,
4379,6155,a2e8,92b1,7fbe,a1f2,
4380,6155,a2e8,92b1,7fbe,ecf4,
4381,6155,a2e8,92b1,7fbe,624e,
4382,6155,a2e8,92b1,7fbe,40ca,
4383,6155,a2e8,92b1,7fbe,90a8,
4384,6155,a2e8,92b1,7fbe,cdd9,
4385,6155,a2e8,92b1,7fbe,7d00,
4386,6155,a2e8,92b1,7fbe,5133,
4387,6155,a2e8,92b1,7fbe,278e,
4388,6155,a2e8,92b1,7fbe,5a53,
4389,6155,a2e8,92b1,7fbe,644f,
4390,6155,a2e8,92b1,7fbe,c072,
4391,6155,a2e8,92b1,7fbe,1b52,
4392,6155,a2e8,92b1,7fbe,02c7,
4393,6155,a2e8,92b1,7fbe,1b32,
4394,6155,a2e8,92b1,7fbe,7d98,
4395,6155,a2e8,92b1,7fbe,bb66,
4396,6155,a2e8,92b1,7fbe,5996,
4397,6155,a2e8,92b1,7fbe,1308,
4398,6155,a2e8,92b1,7fbe,fc4d,
4399,6155,a2e8,92b1,7fbe,f9fa,
4400,6155,a2e8,92b1,7fbe,79ed,
4401,6155,a2e8,92b1,7fbe,d66a,
4402,6155,a2e8,92b1,7fbe,8d6f,
4403,6155,a2e8,92b1,7fbe,4e5a,
4404,6155,a2e8,92b1,7fbe,9027,
4405,6155,a2e8,92b1,7fbe,8a17,
4406,6155,a2e8,92b1,7fbe,c889,
4407,6155,a2e8,92b1,7fbe,3b8f,
4408,6155,a2e8,92b1,7fbe,7bcc,
4409,6155,a2e8,92b1,7fbe,1ec7,
4410,6155,a2e8,92b1,7fbe,4728,
4411,6155,a2e8,92b1,7fbe,7b63,
4412,6155,a2e8,92b1,7fbe,a235,
4413,6155,a2e8,92b1,7fbe,e86e,
4414,6155,a2e8,92b1,7fbe,9b3f,
4415,6155,a2e8,92b1,7fbe,8d3a,
4416,6155,a2e8,92b1,7fbe,5189,
4417,6155,a2e8,92b1,7fbe,a225,
4418,6155,a2e8,92b1,7fbe,901a,
4419,6155,a2e8,92b1,7fbe,3d5d,
4420,6155,a2e8,92b1,7fbe,21fe,
4421,6155,a2e8,92b1,7fbe,287c,
4422,6155,a2e8,92b1,7fbe,a680,
4423,6155,a2e8,92b1,7fbe,0e5f,
4424,6155,a2e8,92b1,7fbe,757c,
4425,6155,a2e8,92b1,7fbe,0339,
4426,6155,a2e8,92b1,7fbe,c7b7,
4427,6155,a2e8,92b1,7fbe,6b24,
4428,6155,a2e8,92b1,7fbe,12d2,
4429,6155,a2e8,92b1,7fbe,2df8,
4430,6155,a2e8,92b1,7fbe,720a,
4431,6155,a2e8,92b1,7fbe,8151,
4432,6155,a2e8,92b1,7fbe,c796,
4433,6155,a2e8,92b1,7fbe,c0b4,
4434,6155,a2e8,92b1,7fbe,c005,
4435,6155,a2e8,92b1,7fbe,2114,
4436,6155,a2e8,92b1,7fbe,a2b8,
4437,6155,a2e8,92b1,7fbe,2345,
4438,6155,a2e8,92b1,7fbe,0ea2,
4439,6155,a2e8,92b1,7fbe,5524,
4440,6155,a2e8,92b1,7fbe,c9ff,
4441,6155,a2e8,92b1,7fbe,bcc0,
4442,6155,a2e8,92b1,7fbe,ee7c,
4443,6155,a2e8,92b1,7fbe,5d96,
4444,6155,a2e8,92b1,7fbe,4f08,
4445,6155,a2e8,92b1,7fbe,17d9,
4446,6155,a2e8,92b1,7fbe,9d22,
4447,6155,a2e8,92b1,7fbe,674c,
4448,6155,a2e8,92b1,7fbe,bfcb,
4449,6155,a2e8,92b1,7fbe,6eea,
4450,6155,a2e8,92b1,7fbe,58ea,
4451,6155,a2e8,92b1,7fbe,aac7,
4452,6155,a2e8,92b1,7fbe,d86a,
4453,6155,a2e8,92b1,7fbe,b905,
4454,6155,a2e8,92b1,7fbe,0642,
4455,6155,a2e8,92b1,7fbe,b8db,
4456,6155,a2e8,92b1,7fbe,9865,
4457,6155,a2e8,92b1,7fbe,02ae,
4458,6155,a2e8,92b1,7fbe,4291,
4459,6155,a2e8,92b1,7fbe,6c15,
4460,6155,a2e8,92b1,7fbe,87fd,
4461,6155,a2e8,92b1,7fbe,6b5c,
4462,6155,a2e8,92b1,7fbe,20f2,
4463,6155,a2e8,92b1,7fbe,3785,
4464,6155,a2e8,92b1,7fbe,b1cc,
4465,6155,a2e8,92b1,7fbe,2531,
4466,6155,a2e8,92b1,7fbe,8674,
4467,6155,a2e8,92b1,7fbe,c5b7,
4468,6155,a2e8,92b1,7fbe,cec4,
4469,6155,a2e8,92b1,7fbe,b07f,
4470,6155,a2e8,92b1,7fbe,98b2,
4471,6155,a2e8,92b1,7fbe,45a6,
4472,6155,a2e8,92b1,7fbe,2d95,
4473,6155,a2e8,92b1,7fbe,b6e1,
4474,6155,a2e8,92b1,7fbe,8ac9,
4475,6155,a2e8,92b1,7fbe,3c73,
4476,6155,a2e8,92b1,7fbe,e1bd,
4477,6155,a2e8,92b1,7fbe,1e6e,
4478,6155,a2e8,92b1,7fbe,7bcf,
4479,6155,a2e8,92b1,7fbe,0001,
4480,6155,a2e8,92b1,7fbe,ed92,
4481,6155,a2e8,92b1,7fbe,9e6e,
4482,6155,a2e8,92b1,7fbe,212f,
4483,6155,a2e8,92b1,7fbe,353f,
4484,6155,a2e8,92b1,7fbe,c0f9,
4485,6155,a2e8,92b1,7fbe,8e99,
4486,6155,a2e8,92b1,7fbe,4e5d,
4487,6155,a2e8,92b1,7fbe,9ad7,
4488,6155,a2e8,92b1,7fbe,d4b8,
4489,6155,a2e8,92b1,7fbe,2640,
4490,6155,a2e8,92b1,7fbe,a1bd,
4491,6155,a2e8,92b1,7fbe,c3ca,
4492,6155,a2e8,92b1,7fbe,47d7,
4493,6155,a2e8,92b1,7fbe,32e4,
4494,6155,a2e8,92b1,7fbe,0a27,
4495,6155,a2e8,92b1,7fbe,9043,
4496,6155,a2e8,92b1,7fbe,6e6f,
4497,6155,a2e8,92b1,7fbe,e61c,
4498,6155,a2e8,92b1,7fbe,d9eb,
4499,6155,a2e8,92b1,7fbe,830d,
4500,6155,a2e8,92b1,7fbe,e507,
4501,6155,a2e8,92b1,7fbe,0aa6,
4502,6155,a2e8,92b1,7fbe,e0eb,
4503,6155,a2e8,92b1,7fbe,a168,
4504,6155,a2e8,92b1,7fbe,1a24,
4505,6155,a2e8,92b1,7fbe,e67c,
4506,6155,a2e8,92b1,7fbe,e661,
4507,6155,a2e8,92b1,7fbe,b053,
4508,6155,a2e8,92b1,7fbe,62cb,
4509,6155,a2e8,92b1,7fbe,64bd,
4510,6155,a2e8,92b1,7fbe,ebc2,
4511,6155,a2e8,92b1,7fbe,86eb,
4512,6155,a2e8,92b1,7fbe,80e7,
4513,6155,a2e8,92b1,7fbe,319e,
4514,6155,a2e8,92b1,7fbe,22d8,
4515,6155,a2e8,92b1,7fbe,ed92,
4516,6155,a2e8,92b1,7fbe,b7c7,
4517,6155,a2e8,92b1,7fbe,00d5,
4518,6155,a2e8,92b1,7fbe,fb03,
4519,6155,a2e8,92b1,7fbe,6f91,
4520,6155,a2e8,92b1,7fbe,2e74,
4521,6155,a2e8,92b1,7fbe,9f15,
4522,6155,a2e8,92b1,7fbe,8867,
4523,6155,a2e8,92b1,7fbe,d963,
4524,6155,a2e8,92b1,7fbe,45aa,
4525,6155,a2e8,92b1,7fbe,aeb9,
4526,6155,a2e8,92b1,7fbe,5c11,
4527,6155,a2e8,92b1,7fbe,35ea,
4528,6155,a2e8,92b1,7fbe,faf4,
4529,6155,a2e8,92b1,7fbe,e664,
4530,6155,a2e8,92b1,7fbe,6fec,
4531,6155,a2e8,92b1,7fbe,fc94,
4532,6155,a2e8,92b1,7fbe,daa1,
4533,6155,a2e8,92b1,7fbe,bd2a,
4534,6155,a2e8,92b1,7fbe,0682,
4535,6155,a2e8,92b1,7fbe,249b,
4536,6155,a2e8,92b1,7fbe,ad26,
4537,6155,a2e8,92b1,7fbe,5357,
4538,6155,a2e8,92b1,7fbe,4f54,
4539,6155,a2e8,92b1,7fbe,902a,
4540,6155,a2e8,92b1,7fbe,1747,
4541,6155,a2e8,92b1,7fbe,e7af,
4542,6155,a2e8,92b1,7fbe,1436,
4543,6155,a2e8,92b1,7fbe,ceec,
4544,6155,a2e8,92b1,7fbe,8448,
4545,6155,a2e8,92b1,7fbe,5c1a,
4546,6155,a2e8,92b1,7fbe,9de6,
4547,6155,a2e8,92b1,7fbe,6693,
4548,6155,a2e8,92b1,7fbe,dca9,
4549,6155,a2e8,92b1,7fbe,efcf,
4550,6155,a2e8,92b1,7fbe,6887,
4551,6155,a2e8,92b1,7fbe,2e30,
4552,6155,a2e8,92b1,7fbe,447b,
4553,6155,a2e8,92b1,7fbe,0017,
4554,6155,a2e8,92b1,7fbe,5900,
4555,6155,a2e8,92b1,7fbe,ffdf,
4556,6155,a2e8,92b1,7fbe,167a,
4557,6155,a2e8,92b1,7fbe,432c,
4558,6155,a2e8,92b1,7fbe,663e,
4559,6155,a2e8,92b1,7fbe,8ea9,
4560,6155,a2e8,92b1,7fbe,70c5,
4561,6155,a2e8,92b1,7fbe,e183,
4562,6155,a2e8,92b1,7fbe,2d1e,
4563,6155,a2e8,92b1,7fbe,560d,
4564,6155,a2e8,92b1,7fbe,d920,
4565,6155,a2e8,92b1,7fbe,d8f9,
4566,6155,a2e8,92b1,7fbe,4ece,
4567,6155,a2e8,92b1,7fbe,ade7,
4568,6155,a2e8,92b1,7fbe,130b,
4569,6155,a2e8,92b1,7fbe,e5b1,
4570,6155,a2e8,92b1,7fbe,6dcf,
4571,6155,a2e8,92b1,7fbe,f351,
4572,6155,a2e8,92b1,7fbe,3c8f,
4573,6155,a2e8,92b1,7fbe,a3cb,
4574,6155,a2e8,92b1,7fbe,adde,
4575,6155,a2e8,92b1,7fbe,b46e,
4576,6155,a2e8,92b1,7fbe,68f2,
4577,6155,a2e8,92b1,7fbe,09bb,
4578,6155,a2e8,92b1,7fbe,9d1a,
4579,6155,a2e8,92b1,7fbe,479a,
4580,6155,a2e8,92b1,7fbe,35d8,
4581,6155,a2e8,92b1,7fbe,3068,
4582,6155,a2e8,92b1,7fbe,d955,
4583,6155,a2e8,92b1,7fbe,07aa,
4584,6155,a2e8,92b1,7fbe,306b,
4585,6155,a2e8,92b1,7fbe,b6c1,
4586,6155,a2e8,92b1,7fbe,d274,
4587,6155,a2e8,92b1,7fbe,9bc2,
4588,6155,a2e8,92b1,7fbe,7b10,
4589,6155,a2e8,92b1,7fbe,3e7c,
4590,6155,a2e8,92b1,7fbe,2e70,
4591,6155,a2e8,92b1,7fbe,1ccd,
4592,6155,a2e8,92b1,7fbe,be40,
4593,6155,a2e8,92b1,7fbe,cc5e,
4594,6155,a2e8,92b1,7fbe,2859,
4595,6155,a2e8,92b1,7fbe,c070,
4596,6155,a2e8,92b1,7fbe,de46,
4597,6155,a2e8,92b1,7fbe,d80d,
4598,6155,a2e8,92b1,7fbe,9a8c,
4599,6155,a2e8,92b1,7fbe,26b9,
4600,6155,a2e8,92b1,7fbe,8957,
4601,6155,a2e8,92b1,7fbe,9fb1,
4602,6155,a2e8,92b1,7fbe,1c5e,
4603,6155,a2e8,92b1,7fbe,9f68,
4604,6155,a2e8,92b1,7fbe,b1a0,
4605,6155,a2e8,92b1,7fbe,11cb,
4606,6155,a2e8,92b1,7fbe,ac80,
4607,6155,a2e8,92b1,7fbe,9faa,
4608,6155,a2e8,92b1,7fbe,a9a8,
4609,6155,a2e8,92b1,7fbe,f7c1,
4610,6155,a2e8,92b1,7fbe,0986,
4611,6155,a2e8,92b1,7fbe,02a8,
4612,6155,a2e8,92b1,7fbe,0a3c,
4613,6155,a2e8,92b1,7fbe,f367,
4614,6155,a2e8,92b1,7fbe,73fb,
4615,6155,a2e8,92b1,7fbe,070c,
4616,6155,a2e8,92b1,7fbe,8397,
4617,6155,a2e8,92b1,7fbe,867f,
4618,6155,a2e8,92b1,7fbe,f552,
4619,6155,a2e8,92b1,7fbe,52b3,
4620,6155,a2e8,92b1,7fbe,c08c,
4621,6155,a2e8,92b1,7fbe,8709,
4622,6155,a2e8,92b1,7fbe,b0a3,
4623,6155,a2e8,92b1,7fbe,f61b,
4624,6155,a2e8,92b1,7fbe,789b,
4625,6155,a2e8,92b1,7fbe,d9fc,
4626,6155,a2e8,92b1,7fbe,318f,
4627,6155,a2e8,92b1,7fbe,66fa,
4628,6155,a2e8,92b1,7fbe,c111,
4629,6155,a2e8,92b1,7fbe,bcec,
4630,6155,a2e8,92b1,7fbe,9320,
4631,6155,a2e8,92b1,7fbe,0f35,
4632,6155,a2e8,92b1,7fbe,44b9,
4633,6155,a2e8,92b1,7fbe,99c2,
4634,6155,a2e8,92b1,7fbe,8ee2,
4635,6155,a2e8,92b1,7fbe,d3ae,
4636,6155,a2e8,92b1,7fbe,4f29,
4637,6155,a2e8,92b1,7fbe,30de,
4638,6155,a2e8,92b1,7fbe,dfee,
4639,6155,a2e8,92b1,7fbe,8ca0,
4640,6155,a2e8,92b1,7fbe,28d9,
4641,6155,a2e8,92b1,7fbe,2c4a,
4642,6155,a2e8,92b1,7fbe,2317,
4643,6155,a2e8,92b1,7fbe,9490,
4644,6155,a2e8,92b1,7fbe,3573,
4645,6155,a2e8,92b1,7fbe,9df2,
4646,6155,a2e8,92b1,7fbe,34c4,
4647,6155,a2e8,92b1,7fbe,6851,
4648,6155,a2e8,92b1,7fbe,b0af,
4649,6155,a2e8,92b1,7fbe,ae06,
4650,6155,a2e8,92b1,7fbe,983b,
4651,6155,a2e8,92b1,7fbe,0915,
4652,6155,a2e8,92b1,7fbe,9dd6,
4653,6155,a2e8,92b1,7fbe,804e,
4654,6155,a2e8,92b1,7fbe,febf,
4655,6155,a2e8,92b1,7fbe,cb88,
4656,6155,a2e8,92b1,7fbe,fdef,
4657,6155,a2e8,92b1,7fbe,b27a,
4658,6155,a2e8,92b1,7fbe,e11e,
4659,6155,a2e8,92b1,7fbe,4684,
4660,6155,a2e8,92b1,7fbe,65dc,
4661,6155,a2e8,92b1,7fbe,a271,
4662,6155,a2e8,92b1,7fbe,c5d0,
4663,6155,a2e8,92b1,7fbe,e2d8,
4664,6155,a2e8,92b1,7fbe,36ba,
4665,6155,a2e8,92b1,7fbe,ab48,
4666,6155,a2e8,92b1,7fbe,9bce,
4667,6155,a2e8,92b1,7fbe,4838,
4668,6155,a2e8,92b1,7fbe,694c,
4669,6155,a2e8,92b1,7fbe,0728,
4670,6155,a2e8,92b1,7fbe,5b71,
4671,6155,a2e8,92b1,7fbe,418d,
4672,6155,a2e8,92b1,7fbe,b21c,
4673,6155,a2e8,92b1,7fbe,9ac7,
4674,6155,a2e8,92b1,7fbe,3d86,
4675,6155,a2e8,92b1,7fbe,4751,
4676,6155,a2e8,92b1,7fbe,fc11,
4677,6155,a2e8,92b1,7fbe,dd96,
4678,6155,a2e8,92b1,7fbe,8ca6,
4679,6155,a2e8,92b1,7fbe,df39,
4680,6155,a2e8,92b1,7fbe,522f,
4681,6155,a2e8,92b1,7fbe,3d22,
4682,6155,a2e8,92b1,7fbe,3c57,
4683,6155,a2e8,92b1,7fbe,3b6c,
4684,6155,a2e8,92b1,7fbe,a818,
4685,6155,a2e8,92b1,7fbe,25f2,
4686,6155,a2e8,92b1,7fbe,0d5b,
4687,6155,a2e8,92b1,7fbe,d0c8,
4688,6155,a2e8,92b1,7fbe,0b43,
4689,6155,a2e8,92b1,7fbe,cf35,
4690,6155,a2e8,92b1,7fbe,9b48,
4691,6155,a2e8,92b1,7fbe,5a69,
4692,6155,a2e8,92b1,7fbe,30db,
4693,6155,a2e8,92b1,7fbe,86fc,
4694,6155,a2e8,92b1,7fbe,65fc,
4695,6155,a2e8,92b1,7fbe,1d62,
4696,6155,a2e8,92b1,7fbe,ca9e,
4697,6155,a2e8,92b1,7fbe,d37f,
4698,6155,a2e8,92b1,7fbe,653f,
4699,6155,a2e8,92b1,7fbe,9d45,
4700,6155,a2e8,92b1,7fbe,61bc,
4701,6155,a2e8,92b1,7fbe,257d,
4702,6155,a2e8,92b1,7fbe,8f7d,
4703,6155,a2e8,92b1,7fbe,d521,
4704,6155,a2e8,92b1,7fbe,ad00,
4705,6155,a2e8,92b1,7fbe,8f03,
4706,6155,a2e8,92b1,7fbe,81a8,
4707,6155,a2e8,92b1,7fbe,8228,
4708,6155,a2e8,92b1,7fbe,fb6a,
4709,6155,a2e8,92b1,7fbe,3b94,
4710,6155,a2e8,92b1,7fbe,9370,
4711,6155,a2e8,92b1,7fbe,4e85,
4712,6155,a2e8,92b1,7fbe,d052,
4713,6155,a2e8,92b1,7fbe,f909,
4714,6155,a2e8,92b1,7fbe,df25,
4715,6155,a2e8,92b1,7fbe,76f3,
4716,6155,a2e8,92b1,7fbe,db9d,
4717,6155,a2e8,92b1,7fbe,840b,
4718,6155,a2e8,92b1,7fbe,3f5d,
4719,6155,a2e8,92b1,7fbe,bc65,
4720,6155,a2e8,92b1,7fbe,d2e5,
4721,6155,a2e8,92b1,7fbe,a6d4,
4722,6155,a2e8,92b1,7fbe,c7fb,
4723,6155,a2e8,92b1,7fbe,d4a6,
4724,6155,a2e8,92b1,7fbe,8056,
4725,6155,a2e8,92b1,7fbe,7f88,
4726,6155,a2e8,92b1,7fbe,29a6,
4727,6155,a2e8,92b1,7fbe,3e74,
4728,6155,a2e8,92b1,7fbe,5098,
4729,6155,a2e8,92b1,7fbe,7ef1,
4730,6155,a2e8,92b1,7fbe,f4d0,
4731,6155,a2e8,92b1,7fbe,6ae9,
4732,6155,a2e8,92b1,7fbe,35b3,
4733,6155,a2e8,92b1,7fbe,a664,
4734,6155,a2e8,92b1,7fbe,8f72,
4735,6155,a2e8,92b1,7fbe,51ec,
4736,6155,a2e8,92b1,7fbe,147c,
4737,6155,a2e8,92b1,7fbe,a15b,
4738,6155,a2e8,92b1,7fbe,a659,
4739,6155,a2e8,92b1,7fbe,319e,
4740,6155,a2e8,92b1,7fbe,60d4,
4741,6155,a2e8,92b1,7fbe,9175,
4742,6155,a2e8,92b1,7fbe,001b,
4743,6155,a2e8,92b1,7fbe,bc30,
4744,6155,a2e8,92b1,7fbe,a0ab,
4745,6155,a2e8,92b1,7fbe,c773,
4746,6155,a2e8,92b1,7fbe,454d,
4747,6155,a2e8,92b1,7fbe,baa3,
4748,6155,a2e8,92b1,7fbe,fabe,
4749,6155,a2e8,92b1,7fbe,2175,
4750,6155,a2e8,92b1,7fbe,3e2f,
4751,6155,a2e8,92b1,7fbe,04a3,
4752,6155,a2e8,92b1,7fbe,f4d5,
4753,6155,a2e8,92b1,7fbe,df3f,
4754,6155,a2e8,92b1,7fbe,55e7,
4755,6155,a2e8,92b1,7fbe,a85b,
4756,6155,a2e8,92b1,7fbe,ad7f,
4757,6155,a2e8,92b1,7fbe,d0c9,
4758,6155,a2e8,92b1,7fbe,363a,
4759,6155,a2e8,92b1,7fbe,185e,
4760,6155,a2e8,92b1,7fbe,953b,
4761,6155,a2e8,92b1,7fbe,1b0b,
4762,6155,a2e8,92b1,7fbe,6fac,
4763,6155,a2e8,92b1,7fbe,5e52,
4764,6155,a2e8,92b1,7fbe,7717,
4765,6155,a2e8,92b1,7fbe,68f3,
4766,6155,a2e8,92b1,7fbe,7af4,
4767,6155,a2e8,92b1,7fbe,3ae8,
4768,6155,a2e8,92b1,7fbe,eb92,
4769,6155,a2e8,92b1,7fbe,cb0c,
4770,6155,a2e8,92b1,7fbe,1607,
4771,6155,a2e8,92b1,7fbe,f370,
4772,6155,a2e8,92b1,7fbe,77a0,
4773,6155,a2e8,92b1,7fbe,3efc,
4774,6155,a2e8,92b1,7fbe,4d44,
4775,6155,a2e8,92b1,7fbe,5232,
4776,6155,a2e8,92b1,7fbe,fd46,
4777,6155,a2e8,92b1,7fbe,7395,
4778,6155,a2e8,92b1,7fbe,d992,
4779,6155,a2e8,92b1,7fbe,e1eb,
4780,6155,a2e8,92b1,7fbe,66fd,
4781,6155,a2e8,92b1,7fbe,c64c,
4782,6155,a2e8,92b1,7fbe,13a7,
4783,6155,a2e8,92b1,7fbe,6e76,
4784,6155,a2e8,92b1,7fbe,57be,
4785,6155,a2e8,92b1,7fbe,2848,
4786,6155,a2e8,92b1,7fbe,ecae,
4787,6155,a2e8,92b1,7fbe,0b51,
4788,6155,a2e8,92b1,7fbe,56a7,
4789,6155,a2e8,92b1,7fbe,077f,
4790,6155,a2e8,92b1,7fbe,9d37,
4791,6155,a2e8,92b1,7fbe,3887,
4792,6155,a2e8,92b1,7fbe,7d60,
4793,6155,a2e8,92b1,7fbe,a7cf,
4794,6155,a2e8,92b1,7fbe,cbd5,
4795,6155,a2e8,92b1,7fbe,1c76,
4796,6155,a2e8,92b1,7fbe,9fc1,
4797,6155,a2e8,92b1,7fbe,55b3,
4798,6155,a2e8,92b1,7fbe,1c7a,
4799,6155,a2e8,92b1,7fbe,24b2,
4800,6155,a2e8,92b1,7fbe,209a,
4801,6155,a2e8,92b1,7fbe,b563,
4802,6155,a2e8,92b1,7fbe,7b90,
4803,6155,a2e8,92b1,7fbe,0513,
4804,6155,a2e8,92b1,7fbe,71c7,
4805,6155,a2e8,92b1,7fbe,4deb,
4806,6155,a2e8,92b1,7fbe,d9b6,
4807,6155,a2e8,92b1,7fbe,9a4e,
4808,6155,a2e8,92b1,7fbe,f243,
4809,6155,a2e8,92b1,7fbe,e2fd,
4810,6155,a2e8,92b1,7fbe,c576,
4811,6155,a2e8,92b1,7fbe,25b8,
4812,6155,a2e8,92b1,7fbe,6083,
4813,6155,a2e8,92b1,7fbe,dc08,
4814,6155,a2e8,92b1,7fbe,131b,
4815,6155,a2e8,92b1,7fbe,6966,
4816,6155,a2e8,92b1,7fbe,8a2f,
4817,6155,a2e8,92b1,7fbe,52f7,
4818,6155,a2e8,92b1,7fbe,909f,
4819,6155,a2e8,92b1,7fbe,2094,
4820,6155,a2e8,92b1,7fbe,7da1,
4821,6155,a2e8,92b1,7fbe,a981,
4822,6155,a2e8,92b1,7fbe,6de5,
4823,6155,a2e8,92b1,7fbe,dece,
4824,6155,a2e8,92b1,7fbe,c77f,
4825,6155,a2e8,92b1,7fbe,5cbd,
4826,6155,a2e8,92b1,7fbe,52a2,
4827,6155,a2e8,92b1,7fbe,70ea,
4828,6155,a2e8,92b1,7fbe,a1bb,
4829,6155,a2e8,92b1,7fbe,38ad,
4830,6155,a2e8,92b1,7fbe,22e2,
4831,6155,a2e8,92b1,7fbe,e204,
4832,6155,a2e8,92b1,7fbe,fc10,
4833,6155,a2e8,92b1,7fbe,59e9,
4834,6155,a2e8,92b1,7fbe,13dc,
4835,6155,a2e8,92b1,7fbe,7c60,
4836,6155,a2e8,92b1,7fbe,1472,
4837,6155,a2e8,92b1,7fbe,cf0a,
4838,6155,a2e8,92b1,7fbe,dfde,
4839,6155,a2e8,92b1,7fbe,0189,
4840,6155,a2e8,92b1,7fbe,fbc5,
4841,6155,a2e8,92b1,7fbe,579f,
4842,6155,a2e8,92b1,7fbe,4f1b,
4843,6155,a2e8,92b1,7fbe,3ed2,
4844,6155,a2e8,92b1,7fbe,de83,
4845,6155,a2e8,92b1,7fbe,dbb8,
4846,6155,a2e8,92b1,7fbe,a5ec,
4847,6155,a2e8,92b1,7fbe,4117,
4848,6155,a2e8,92b1,7fbe,51c3,
4849,6155,a2e8,92b1,7fbe,57dd,
4850,6155,a2e8,92b1,7fbe,1007,
4851,6155,a2e8,92b1,7fbe,7ada,
4852,6155,a2e8,92b1,7fbe,1f2d,
4853,6155,a2e8,92b1,7fbe,3dd0,
4854,6155,a2e8,92b1,7fbe,59d9,
4855,6155,a2e8,92b1,7fbe,bd8f,
4856,6155,a2e8,92b1,7fbe,08a8,
4857,6155,a2e8,92b1,7fbe,8488,
4858,6155,a2e8,92b1,7fbe,40a9,
4859,6155,a2e8,92b1,7fbe,3c57,
4860,6155,a2e8,92b1,7fbe,956a,
4861,6155,a2e8,92b1,7fbe,120a,
4862,6155,a2e8,92b1,7fbe,290a,
4863,6155,a2e8,92b1,7fbe,4166,
4864,6155,a2e8,92b1,7fbe,e746,
4865,6155,a2e8,92b1,7fbe,5427,
4866,6155,a2e8,92b1,7fbe,9d28,
4867,6155,a2e8,92b1,7fbe,c952,
4868,6155,a2e8,92b1,7fbe,6169,
4869,6155,a2e8,92b1,7fbe,3258,
4870,6155,a2e8,92b1,7fbe,3631,
4871,6155,a2e8,92b1,7fbe,8ffc,
4872,6155,a2e8,92b1,7fbe,d998,
4873,6155,a2e8,92b1,7fbe,866e,
4874,6155,a2e8,92b1,7fbe,0439,
4875,6155,a2e8,92b1,7fbe,9d18,
4876,6155,a2e8,92b1,7fbe,c6f8,
4877,6155,a2e8,92b1,7fbe,ef7a,
4878,6155,a2e8,92b1,7fbe,4547,
4879,6155,a2e8,92b1,7fbe,6e21,
4880,6155,a2e8,92b1,7fbe,915a,
4881,6155,a2e8,92b1,7fbe,c604,
4882,6155,a2e8,92b1,7fbe,5547,
4883,6155,a2e8,92b1,7fbe,d339,
4884,6155,a2e8,92b1,7fbe,07d8,
4885,6155,a2e8,92b1,7fbe,6f8a,
4886,6155,a2e8,92b1,7fbe,41df,
4887,6155,a2e8,92b1,7fbe,3800,
4888,6155,a2e8,92b1,7fbe,dff2,
4889,6155,a2e8,92b1,7fbe,027b,
4890,6155,a2e8,92b1,7fbe,6b00,
4891,6155,a2e8,92b1,7fbe,cbc0,
4892,6155,a2e8,92b1,7fbe,20e2,
4893,6155,a2e8,92b1,7fbe,79af,
4894,6155,a2e8,92b1,7fbe,5e46,
4895,6155,a2e8,92b1,7fbe,9b50,
4896,6155,a2e8,92b1,7fbe,05aa,
4897,6155,a2e8,92b1,7fbe,a553,
4898,6155,a2e8,92b1,7fbe,4e99,
4899,6155,a2e8,92b1,7fbe,3581,
4900,6155,a2e8,92b1,7fbe,8b73,
4901,6155,a2e8,92b1,7fbe,4de2,
4902,6155,a2e8,92b1,7fbe,ea9e,
4903,6155,a2e8,92b1,7fbe,6392,
4904,6155,a2e8,92b1,7fbe,e137,
4905,6155,a2e8,92b1,7fbe,8848,
4906,6155,a2e8,92b1,7fbe,32fb,
4907,6155,a2e8,92b1,7fbe,c024,
4908,6155,a2e8,92b1,7fbe,8b24,
4909,6155,a2e8,92b1,7fbe,cee4,
4910,6155,a2e8,92b1,7fbe,1ec1,
4911,6155,a2e8,92b1,7fbe,6e17,
4912,6155,a2e8,92b1,7fbe,64f4,
4913,6155,a2e8,92b1,7fbe,cf29,
4914,6155,a2e8,92b1,7fbe,623c,
4915,6155,a2e8,92b1,7fbe,ca4e,
4916,6155,a2e8,92b1,7fbe,2af9,
4917,6155,a2e8,92b1,7fbe,373c,
4918,6155,a2e8,92b1,7fbe,4b62,
4919,6155,a2e8,92b1,7fbe,0f9e,
4920,6155,a2e8,92b1,7fbe,5977,
4921,6155,a2e8,92b1,7fbe,b35f,
4922,6155,a2e8,92b1,7fbe,a16d,
4923,6155,a2e8,92b1,7fbe,0b0f,
4924,6155,a2e8,92b1,7fbe,2a99,
4925,6155,a2e8,92b1,7fbe,e675,
4926,6155,a2e8,92b1,7fbe,5d44,
4927,6155,a2e8,92b1,7fbe,6967,
4928,6155,a2e8,92b1,7fbe,cea7,
4929,6155,a2e8,92b1,7fbe,c335,
4930,6155,a2e8,92b1,7fbe,27ee,
4931,6155,a2e8,92b1,7fbe,f7ca,
4932,6155,a2e8,92b1,7fbe,973e,
4933,6155,a2e8,92b1,7fbe,fa1a,
4934,6155,a2e8,92b1,7fbe,f61a,
4935,6155,a2e8,92b1,7fbe,fd74,
4936,6155,a2e8,92b1,7fbe,bab4,
4937,6155,a2e8,92b1,7fbe,d525,
4938,6155,a2e8,92b1,7fbe,d67b,
4939,6155,a2e8,92b1,7fbe,461c,
4940,6155,a2e8,92b1,7fbe,6ae5,
4941,6155,a2e8,92b1,7fbe,6913,
4942,6155,a2e8,92b1,7fbe,1f8e,
4943,6155,a2e8,92b1,7fbe,707c,
4944,6155,a2e8,92b1,7fbe,fded,
4945,6155,a2e8,92b1,7fbe,bf35,
4946,6155,a2e8,92b1,7fbe,f093,
4947,6155,a2e8,92b1,7fbe,a07d,
4948,6155,a2e8,92b1,7fbe,3df5,
4949,6155,a2e8,92b1,7fbe,46cf,
4950,6155,a2e8,92b1,7fbe,31b8,
4951,6155,a2e8,92b1,7fbe,58dc,
4952,6155,a2e8,92b1,7fbe,16ec,
4953,6155,a2e8,92b1,7fbe,9e30,
4954,6155,a2e8,92b1,7fbe,1d64,
4955,6155,a2e8,92b1,7fbe,bcf5,
4956,6155,a2e8,92b1,7fbe,5ff9,
4957,6155,a2e8,92b1,7fbe,031a,
4958,6155,a2e8,92b1,7fbe,bd0b,
4959,6155,a2e8,92b1,7fbe,6015,
4960,6155,a2e8,92b1,7fbe,3186,
4961,6155,a2e8,92b1,7fbe,765c,
4962,6155,a2e8,92b1,7fbe,2a24,
4963,6155,a2e8,92b1,7fbe,a1e6,
4964,6155,a2e8,92b1,7fbe,144b,
4965,6155,a2e8,92b1,7fbe,037c,
4966,6155,a2e8,92b1,7fbe,8dff,
4967,6155,a2e8,92b1,7fbe,590b,
4968,6155,a2e8,92b1,7fbe,f6fb,
4969,6155,a2e8,92b1,7fbe,8ea5,
4970,6155,a2e8,92b1,7fbe,2d29,
4971,6155,a2e8,92b1,7fbe,1bb5,
4972,6155,a2e8,92b1,7fbe,54db,
4973,6155,a2e8,92b1,7fbe,fcd9,
4974,6155,a2e8,92b1,7fbe,3005,
4975,6155,a2e8,92b1,7fbe,f76d,
4976,6155,a2e8,92b1,7fbe,b28b,
4977,6155,a2e8,92b1,7fbe,e21c,
4978,6155,a2e8,92b1,7fbe,8602,
4979,6155,a2e8,92b1,7fbe,e80b,
4980,6155,a2e8,92b1,7fbe,8be4,
4981,6155,a2e8,92b1,7fbe,c271,
4982,6155,a2e8,92b1,7fbe,438b,
4983,6155,a2e8,92b1,7fbe,1307,
4984,6155,a2e8,92b1,7fbe,74c3,
4985,6155,a2e8,92b1,7fbe,1dcd,
4986,6155,a2e8,92b1,7fbe,7d75,
4987,6155,a2e8,92b1,7fbe,b3dd,
4988,6155,a2e8,92b1,7fbe,020a,
4989,6155,a2e8,92b1,7fbe,2338,
4990,6155,a2e8,92b1,7fbe,4cdf,
4991,6155,a2e8,92b1,7fbe,eb68,
4992,6155,a2e8,92b1,7fbe,299b,
4993,6155,a2e8,92b1,7fbe,e0bd,
4994,6155,a2e8,92b1,7fbe,b576,
4995,6155,a2e8,92b1,7fbe,71d9,
4996,6155,a2e8,92b1,7fbe,a195,
4997,6155,a2e8,92b1,7fbe,dcfb,
4998,6155,a2e8,92b1,7fbe,4048,
4999,6155,a2e8,92b1,7fbe,3ae1,
5000,6155,a2e8,92b1,7fbe,f2c4,
5001,6155,a2e8,92b1,7fbe,4dcf,
5002,6155,a2e8,92b1,7fbe,fff9,
5003,6155,a2e8,92b1,7fbe,d7c6,
5004,6155,a2e8,92b1,7fbe,f0ef,
5005,6155,a2e8,92b1,7fbe,029e,
5006,6155,a2e8,92b1,7fbe,4671,
5007,6155,a2e8,92b1,7fbe,8427,
5008,6155,a2e8,92b1,7fbe,6272,
5009,6155,a2e8,92b1,7fbe,5389,
5010,6155,a2e8,92b1,7fbe,b11e,
5011,6155,a2e8,92b1,7fbe,1a25,
5012,6155,a2e8,92b1,7fbe,44e3,
5013,6155,a2e8,92b1,7fbe,6ade,
5014,6155,a2e8,92b1,7fbe,0653,
5015,6155,a2e8,92b1,7fbe,492f,
5016,6155,a2e8,92b1,7fbe,a236,
5017,6155,a2e8,92b1,7fbe,d41c,
5018,6155,a2e8,92b1,7fbe,bfc8,
5019,6155,a2e8,92b1,7fbe,05d8,
5020,6155,a2e8,92b1,7fbe,0af9,
5021,6155,a2e8,92b1,7fbe,d368,
5022,6155,a2e8,92b1,7fbe,4cb5,
5023,6155,a2e8,92b1,7fbe,994a,
5024,6155,a2e8,92b1,7fbe,b38e,
5025,6155,a2e8,92b1,7fbe,d8bb,
5026,6155,a2e8,92b1,7fbe,2a6d,
5027,6155,a2e8,92b1,7fbe,938e,
5028,6155,a2e8,92b1,7fbe,7dac,
5029,6155,a2e8,92b1,7fbe,2157,
5030,6155,a2e8,92b1,7fbe,9e1f,
5031,6155,a2e8,92b1,7fbe,8b7b,
5032,6155,a2e8,92b1,7fbe,3ad3,
5033,6155,a2e8,92b1,7fbe,a1d3,
5034,6155,a2e8,92b1,7fbe,25fc,
5035,6155,a2e8,92b1,7fbe,219e,
5036,6155,a2e8,92b1,7fbe,b142,
5037,6155,a2e8,92b1,7fbe,4c23,
5038,6155,a2e8,92b1,7fbe,94cb,
5039,6155,a2e8,92b1,7fbe,ce90,
5040,6155,a2e8,92b1,7fbe,c5b3,
5041,6155,a2e8,92b1,7fbe,6f67,
5042,6155,a2e8,92b1,7fbe,f14a,
5043,6155,a2e8,92b1,7fbe,03b8,
5044,6155,a2e8,92b1,7fbe,1964,
5045,6155,a2e8,92b1,7fbe,b947,
5046,6155,a2e8,92b1,7fbe,a703,
5047,6155,a2e8,92b1,7fbe,07a3,
5048,6155,a2e8,92b1,7fbe,1c8d,
5049,6155,a2e8,92b1,7fbe,0119,
5050,6155,a2e8,92b1,7fbe,6e50,
5051,6155,a2e8,92b1,7fbe,af03,
5052,6155,a2e8,92b1,7fbe,0ead,
5053,6155,a2e8,92b1,7fbe,8922,
5054,6155,a2e8,92b1,7fbe,5bf7,
5055,6155,a2e8,92b1,7fbe,a624,
5056,6155,a2e8,92b1,7fbe,e0bc,
5057,6155,a2e8,92b1,7fbe,7759,
5058,6155,a2e8,92b1,7fbe,b471,
5059,6155,a2e8,92b1,7fbe,4d91,
5060,6155,a2e8,92b1,7fbe,0cbb,
5061,6155,a2e8,92b1,7fbe,1d76,
5062,6155,a2e8,92b1,7fbe,dc40,
5063,6155,a2e8,92b1,7fbe,26d1,
5064,6155,a2e8,92b1,7fbe,eddb,
5065,6155,a2e8,92b1,7fbe,58d0,
5066,6155,a2e8,92b1,7fbe,0ae8,
5067,6155,a2e8,92b1,7fbe,8ed0,
5068,6155,a2e8,92b1,7fbe,9546,
5069,6155,a2e8,92b1,7fbe,805d,
5070,6155,a2e8,92b1,7fbe,8e99,
5071,6155,a2e8,92b1,7fbe,5e30,
5072,6155,a2e8,92b1,7fbe,2db3,
5073,6155,a2e8,92b1,7fbe,e899,
5074,6155,a2e8,92b1,7fbe,3240,
5075,6155,a2e8,92b1,7fbe,e245,
5076,6155,a2e8,92b1,7fbe,3cfa,
5077,6155,a2e8,92b1,7fbe,34f9,
5078,6155,a2e8,92b1,7fbe,284e,
5079,6155,a2e8,92b1,7fbe,9e50,
5080,6155,a2e8,92b1,7fbe,f83d,
5081,6155,a2e8,92b1,7fbe,b0ac,
5082,6155,a2e8,92b1,7fbe,443c,
5083,6155,a2e8,92b1,7fbe,033c,
5084,6155,a2e8,92b1,7fbe,c7e9,
5085,6155,a2e8,92b1,7fbe,1579,
5086,6155,a2e8,92b1,7fbe,1f36,
5087,6155,a2e8,92b1,7fbe,002d,
5088,6155,a2e8,92b1,7fbe,1624,
5089,6155,a2e8,92b1,7fbe,8b9e,
5090,6155,a2e8,92b1,7fbe,ccc2,
5091,6155,a2e8,92b1,7fbe,1f5b,
5092,6155,a2e8,92b1,7fbe,eab3,
5093,6155,a2e8,92b1,7fbe,46e3,
5094,6155,a2e8,92b1,7fbe,feae,
5095,6155,a2e8,92b1,7fbe,3111,
5096,6155,a2e8,92b1,7fbe,97b5,
5097,6155,a2e8,92b1,7fbe,3ad4,
5098,6155,a2e8,92b1,7fbe,f439,
5099,6155,a2e8,92b1,7fbe,125f,
5100,6155,a2e8,92b1,7fbe,ac3c,
5101,6155,a2e8,92b1,7fbe,889e,
5102,6155,a2e8,92b1,7fbe,73a2,
5103,6155,a2e8,92b1,7fbe,b373,
5104,6155,a2e8,92b1,7fbe,6595,
5105,6155,a2e8,92b1,7fbe,d2b6,
5106,6155,a2e8,92b1,7fbe,1bbc,
5107,6155,a2e8,92b1,7fbe,e195,
5108,6155,a2e8,92b1,7fbe,dbec,
5109,6155,a2e8,92b1,7fbe,b979,
5110,6155,a2e8,92b1,7fbe,a5f8,
5111,6155,a2e8,92b1,7fbe,f79b,
5112,6155,a2e8,92b1,7fbe,4229,
5113,6155,a2e8,92b1,7fbe,c8c4,
5114,6155,a2e8,92b1,7fbe,5a11,
5115,6155,a2e8,92b1,7fbe,6f98,
5116,6155,a2e8,92b1,7fbe,5b77,
5117,6155,a2e8,92b1,7fbe,2886,
5118,6155,a2e8,92b1,7fbe,1edb,
5119,6155,a2e8,92b1,7fbe,6792,
5120,6155,a2e8,92b1,7fbe,61a8,
5121,6155,a2e8,92b1,7fbe,1288,
5122,6155,a2e8,92b1,7fbe,1ce7,
5123,6155,a2e8,92b1,7fbe,ef92,
5124,6155,a2e8,92b1,7fbe,a307,
5125,6155,a2e8,92b1,7fbe,10d2,
5126,6155,a2e8,92b1,7fbe,5c4c,
5127,6155,a2e8,92b1,7fbe,eb2c,
5128,6155,a2e8,92b1,7fbe,b1e3,
5129,6155,a2e8,92b1,7fbe,8437,
5130,6155,a2e8,92b1,7fbe,fff6,
5131,6155,a2e8,92b1,7fbe,6bc7,
5132,6155,a2e8,92b1,7fbe,a164,
5133,6155,a2e8,92b1,7fbe,1d08,
5134,6155,a2e8,92b1,7fbe,aab3,
5135,6155,a2e8,92b1,7fbe,eff0,
5136,6155,a2e8,92b1,7fbe,fa4e,
5137,6155,a2e8,92b1,7fbe,56ca,
5138,6155,a2e8,92b1,7fbe,f913,
5139,6155,a2e8,92b1,7fbe,6bd1,
5140,6155,a2e8,92b1,7fbe,332d,
5141,6155,a2e8,92b1,7fbe,0625,
5142,6155,a2e8,92b1,7fbe,8695,
5143,6155,a2e8,92b1,7fbe,92b4,
5144,6155,a2e8,92b1,7fbe,6612,
5145,6155,a2e8,92b1,7fbe,0825,
5146,6155,a2e8,92b1,7fbe,e56f,
5147,6155,a2e8,92b1,7fbe,5da1,
5148,6155,a2e8,92b1,7fbe,b919,
5149,6155,a2e8,92b1,7fbe,8b54,
5150,6155,a2e8,92b1,7fbe,ce72,
5151,6155,a2e8,92b1,7fbe,9282,
5152,6155,a2e8,92b1,7fbe,e469,
5153,6155,a2e8,92b1,7fbe,b51a,
5154,6155,a2e8,92b1,7fbe,d019,
5155,6155,a2e8,92b1,7fbe,c23f,
5156,6155,a2e8,92b1,7fbe,e2fb,
5157,6155,a2e8,92b1,7fbe,4fb9,
5158,6155,a2e8,92b1,7fbe,c924,
5159,6155,a2e8,92b1,7fbe,c748,
5160,6155,a2e8,92b1,7fbe,8b6e,
5161,6155,a2e8,92b1,7fbe,80d2,
5162,6155,a2e8,92b1,7fbe,4c9f,
5163,6155,a2e8,92b1,7fbe,754d,
5164,6155,a2e8,92b1,7fbe,623c,
5165,6155,a2e8,92b1,7fbe,1948,
5166,6155,a2e8,92b1,7fbe,5a5b,
5167,6155,a2e8,92b1,7fbe,05c7,
5168,6155,a2e8,92b1,7fbe,5331,
5169,6155,a2e8,92b1,7fbe,c71e,
5170,6155,a2e8,92b1,7fbe,29e7,
5171,6155,a2e8,92b1,7fbe,b28e,
5172,6155,a2e8,92b1,7fbe,d5ec,
5173,6155,a2e8,92b1,7fbe,4f7e,
5174,6155,a2e8,92b1,7fbe,a104,
5175,6155,a2e8,92b1,7fbe,9aff,
5176,6155,a2e8,92b1,7fbe,6cc4,
5177,6155,a2e8,92b1,7fbe,db39,
5178,6155,a2e8,92b1,7fbe,a72f,
5179,6155,a2e8,92b1,7fbe,577d,
5180,6155,a2e8,92b1,7fbe,d6f4,
5181,6155,a2e8,92b1,7fbe,3339,
5182,6155,a2e8,92b1,7fbe,139b,
5183,6155,a2e8,92b1,7fbe,1fae,
5184,6155,a2e8,92b1,7fbe,17de,
5185,6155,a2e8,92b1,7fbe,e802,
5186,6155,a2e8,92b1,7fbe,597c,
5187,6155,a2e8,92b1,7fbe,9dbb,
5188,6155,a2e8,92b1,7fbe,50a2,
5189,6155,a2e8,92b1,7fbe,3f23,
5190,6155,a2e8,92b1,7fbe,cb5d,
5191,6155,a2e8,92b1,7fbe,f8a8,
5192,6155,a2e8,92b1,7fbe,3c28,
5193,6155,a2e8,92b1,7fbe,06e0,
5194,6155,a2e8,92b1,7fbe,3e25,
5195,6155,a2e8,92b1,7fbe,ac82,
5196,6155,a2e8,92b1,7fbe,87b9,
5197,6155,a2e8,92b1,7fbe,ef5a,
5198,6155,a2e8,92b1,7fbe,e7a7,
5199,6155,a2e8,92b1,7fbe,f00a,
5200,6155,a2e8,92b1,7fbe,2191,
5201,6155,a2e8,92b1,7fbe,3c3f,
5202,6155,a2e8,92b1,7fbe,33b1,
5203,6155,a2e8,92b1,7fbe,399f,
5204,6155,a2e8,92b1,7fbe,eb82,
5205,6155,a2e8,92b1,7fbe,8e33,
5206,6155,a2e8,92b1,7fbe,2a57,
5207,6155,a2e8,92b1,7fbe,5607,
5208,6155,a2e8,92b1,7fbe,e5f0,
5209,6155,a2e8,92b1,7fbe,368d,
5210,6155,a2e8,92b1,7fbe,5fc5,
5211,6155,a2e8,92b1,7fbe,0e98,
5212,6155,a2e8,92b1,7fbe,cabd,
5213,6155,a2e8,92b1,7fbe,a4cd,
5214,6155,a2e8,92b1,7fbe,db87,
5215,6155,a2e8,92b1,7fbe,e50e,
5216,6155,a2e8,92b1,7fbe,5e41,
5217,6155,a2e8,92b1,7fbe,276d,
5218,6155,a2e8,92b1,7fbe,b95c,
5219,6155,a2e8,92b1,7fbe,1ecf,
5220,6155,a2e8,92b1,7fbe,57c9,
5221,6155,a2e8,92b1,7fbe,9448,
5222,6155,a2e8,92b1,7fbe,b9e9,
5223,6155,a2e8,92b1,7fbe,cc8c,
5224,6155,a2e8,92b1,7fbe,0259,
5225,6155,a2e8,92b1,7fbe,c43b,
5226,6155,a2e8,92b1,7fbe,15aa,
5227,6155,a2e8,92b1,7fbe,e082,
5228,6155,a2e8,92b1,7fbe,5e74,
5229,6155,a2e8,92b1,7fbe,8837,
5230,6155,a2e8,92b1,7fbe,b1de,
5231,6155,a2e8,92b1,7fbe,9cc9,
5232,6155,a2e8,92b1,7fbe,af03,
5233,6155,a2e8,92b1,7fbe,7263,
5234,6155,a2e8,92b1,7fbe,1237,
5235,6155,a2e8,92b1,7fbe,5b1a,
5236,6155,a2e8,92b1,7fbe,6e9c,
5237,6155,a2e8,92b1,7fbe,e9d3,
5238,6155,a2e8,92b1,7fbe,31a1,
5239,6155,a2e8,92b1,7fbe,d7a8,
5240,6155,a2e8,92b1,7fbe,f727,
5241,6155,a2e8,92b1,7fbe,25cf,
5242,6155,a2e8,92b1,7fbe,bb18,
5243,6155,a2e8,92b1,7fbe,3c1c,
5244,6155,a2e8,92b1,7fbe,18c9,
5245,6155,a2e8,92b1,7fbe,a4ce,
5246,6155,a2e8,92b1,7fbe,bd7c,
5247,6155,a2e8,92b1,7fbe,cd28,
5248,6155,a2e8,92b1,7fbe,78ce,
5249,6155,a2e8,92b1,7fbe,0c3b,
5250,6155,a2e8,92b1,7fbe,97a2,
5251,6155,a2e8,92b1,7fbe,27a2,
5252,6155,a2e8,92b1,7fbe,f721,
5253,6155,a2e8,92b1,7fbe,78b4,
5254,6155,a2e8,92b1,7fbe,e3ac,
5255,6155,a2e8,92b1,7fbe,c28f,
5256,6155,a2e8,92b1,7fbe,94a1,
5257,6155,a2e8,92b1,7fbe,fb74,
5258,6155,a2e8,92b1,7fbe,cf4b,
5259,6155,a2e8,92b1,7fbe,0f99,
5260,6155,a2e8,92b1,7fbe,492f,
5261,6155,a2e8,92b1,7fbe,e534,
5262,6155,a2e8,92b1,7fbe,0dbb,
5263,6155,a2e8,92b1,7fbe,de9b,
5264,6155,a2e8,92b1,7fbe,1067,
5265,6155,a2e8,92b1,7fbe,d846,
5266,6155,a2e8,92b1,7fbe,8168,
5267,6155,a2e8,92b1,7fbe,3915,
5268,6155,a2e8,92b1,7fbe,f76d,
5269,6155,a2e8,92b1,7fbe,7132,
5270,6155,a2e8,92b1,7fbe,84dc,
5271,6155,a2e8,92b1,7fbe,4fa7,
5272,6155,a2e8,92b1,7fbe,682a,
5273,6155,a2e8,92b1,7fbe,a6ab,
5274,6155,a2e8,92b1,7fbe,f23a,
5275,6155,a2e8,92b1,7fbe,acd0,
5276,6155,a2e8,92b1,7fbe,88b4,
5277,6155,a2e8,92b1,7fbe,5138,
5278,6155,a2e8,92b1,7fbe,3efd,
5279,6155,a2e8,92b1,7fbe,5727,
5280,6155,a2e8,92b1,7fbe,ed85,
5281,6155,a2e8,92b1,7fbe,6340,
5282,6155,a2e8,92b1,7fbe,068c,
5283,6155,a2e8,92b1,7fbe,d88e,
5284,6155,a2e8,92b1,7fbe,3622,
5285,6155,a2e8,92b1,7fbe,4428,
5286,6155,a2e8,92b1,7fbe,373d,
5287,6155,a2e8,92b1,7fbe,46e1,
5288,6155,a2e8,92b1,7fbe,3452,
5289,6155,a2e8,92b1,7fbe,2c8d,
5290,6155,a2e8,92b1,7fbe,677d,
5291,6155,a2e8,92b1,7fbe,82fc,
5292,6155,a2e8,92b1,7fbe,315e,
5293,6155,a2e8,92b1,7fbe,2be4,
5294,6155,a2e8,92b1,7fbe,2076,
5295,6155,a2e8,92b1,7fbe,b35d,
5296,6155,a2e8,92b1,7fbe,6307,
5297,6155,a2e8,92b1,7fbe,a2c6,
5298,6155,a2e8,92b1,7fbe,9ada,
5299,6155,a2e8,92b1,7fbe,14a5,
5300,6155,a2e8,92b1,7fbe,cede,
5301,6155,a2e8,92b1,7fbe,84ed,
5302,6155,a2e8,92b1,7fbe,8d6f,
5303,6155,a2e8,92b1,7fbe,a1c0,
5304,6155,a2e8,92b1,7fbe,4e80,
5305,6155,a2e8,92b1,7fbe,d53b,
5306,6155,a2e8,92b1,7fbe,ad57,
5307,6155,a2e8,92b1,7fbe,7021,
5308,6155,a2e8,92b1,7fbe,b083,
5309,6155,a2e8,92b1,7fbe,f695,
5310,6155,a2e8,92b1,7fbe,8cdb,
5311,6155,a2e8,92b1,7fbe,1274,
5312,6155,a2e8,92b1,7fbe,8046,
5313,6155,a2e8,92b1,7fbe,88f8,
5314,6155,a2e8,92b1,7fbe,d831,
5315,6155,a2e8,92b1,7fbe,d041,
5316,6155,a2e8,92b1,7fbe,3a73,
5317,6155,a2e8,92b1,7fbe,bce5,
5318,6155,a2e8,92b1,7fbe,69e0,
5319,6155,a2e8,92b1,7fbe,17d7,
5320,6155,a2e8,92b1,7fbe,ae7e,
5321,6155,a2e8,92b1,7fbe,b804,
5322,6155,a2e8,92b1,7fbe,0fd6,
5323,6155,a2e8,92b1,7fbe,e5b7,
5324,6155,a2e8,92b1,7fbe,9e18,
5325,6155,a2e8,92b1,7fbe,1d35,
5326,6155,a2e8,92b1,7fbe,8549,
5327,6155,a2e8,92b1,7fbe,54c6,
5328,6155,a2e8,92b1,7fbe,2978,
5329,6155,a2e8,92b1,7fbe,270d,
5330,6155,a2e8,92b1,7fbe,9c09,
5331,6155,a2e8,92b1,7fbe,877d,
5332,6155,a2e8,92b1,7fbe,1c3c,
5333,6155,a2e8,92b1,7fbe,d7c2,
5334,6155,a2e8,92b1,7fbe,7d72,
5335,6155,a2e8,92b1,7fbe,618b,
5336,6155,a2e8,92b1,7fbe,f787,
5337,6155,a2e8,92b1,7fbe,856f,
5338,6155,a2e8,92b1,7fbe,085b,
5339,6155,a2e8,92b1,7fbe,faba,
5340,6155,a2e8,92b1,7fbe,63ff,
5341,6155,a2e8,92b1,7fbe,fbb8,
5342,6155,a2e8,92b1,7fbe,14d5,
5343,6155,a2e8,92b1,7fbe,90cc,
5344,6155,a2e8,92b1,7fbe,4e03,
5345,6155,a2e8,92b1,7fbe,ba78,
5346,6155,a2e8,92b1,7fbe,509b,
5347,6155,a2e8,92b1,7fbe,4387,
5348,6155,a2e8,92b1,7fbe,c1f6,
5349,6155,a2e8,92b1,7fbe,1074,
5350,6155,a2e8,92b1,7fbe,a093,
5351,6155,a2e8,92b1,7fbe,334b,
5352,6155,a2e8,92b1,7fbe,2a4b,
5353,6155,a2e8,92b1,7fbe,487e,
5354,6155,a2e8,92b1,7fbe,c251,
5355,6155,a2e8,92b1,7fbe,c587,
5356,6155,a2e8,92b1,7fbe,621e,
5357,6155,a2e8,92b1,7fbe,191a,
5358,6155,a2e8,92b1,7fbe,64e2,
5359,6155,a2e8,92b1,7fbe,aadd,
5360,6155,a2e8,92b1,7fbe,139e,
5361,6155,a2e8,92b1,7fbe,e959,
5362,6155,a2e8,92b1,7fbe,ea9c,
5363,6155,a2e8,92b1,7fbe,6486,
5364,6155,a2e8,92b1,7fbe,038e,
5365,6155,a2e8,92b1,7fbe,efb1,
5366,6155,a2e8,92b1,7fbe,4ba5,
5367,6155,a2e8,92b1,7fbe,4f8d,
5368,6155,a2e8,92b1,7fbe,176b,
5369,6155,a2e8,92b1,7fbe,eae0,
5370,6155,a2e8,92b1,7fbe,0c62,
5371,6155,a2e8,92b1,7fbe,7312,
5372,6155,a2e8,92b1,7fbe,eb9e,
5373,6155,a2e8,92b1,7fbe,a694,
5374,6155,a2e8,92b1,7fbe,ffdc,
5375,6155,a2e8,92b1,7fbe,e4d4,
5376,6155,a2e8,92b1,7fbe,9d9c,
5377,6155,a2e8,92b1,7fbe,4ee5,
5378,6155,a2e8,92b1,7fbe,7607,
5379,6155,a2e8,92b1,7fbe,e504,
5380,6155,a2e8,92b1,7fbe,c1be,
5381,6155,a2e8,92b1,7fbe,1b78,
5382,6155,a2e8,92b1,7fbe,b84e,
5383,6155,a2e8,92b1,7fbe,82bb,
5384,6155,a2e8,92b1,7fbe,c1d9,
5385,6155,a2e8,92b1,7fbe,5975,
5386,6155,a2e8,92b1,7fbe,fd5b,
5387,6155,a2e8,92b1,7fbe,5e09,
5388,6155,a2e8,92b1,7fbe,fc62,
5389,6155,a2e8,92b1,7fbe,3626,
5390,6155,a2e8,92b1,7fbe,b09e,
5391,6155,a2e8,92b1,7fbe,3dca,
5392,6155,a2e8,92b1,7fbe,bd67,
5393,6155,a2e8,92b1,7fbe,5250,
5394,6155,a2e8,92b1,7fbe,1584,
5395,6155,a2e8,92b1,7fbe,5510,
5396,6155,a2e8,92b1,7fbe,3885,
5397,6155,a2e8,92b1,7fbe,84e7,
5398,6155,a2e8,92b1,7fbe,5036,
5399,6155,a2e8,92b1,7fbe,877a,
5400,6155,a2e8,92b1,7fbe,6cf7,
5401,6155,a2e8,92b1,7fbe,d58f,
5402,6155,a2e8,92b1,7fbe,4284,
5403,6155,a2e8,92b1,7fbe,0e19,
5404,6155,a2e8,92b1,7fbe,70fc,
5405,6155,a2e8,92b1,7fbe,e379,
5406,6155,a2e8,92b1,7fbe,b6af,
5407,6155,a2e8,92b1,7fbe,a83c,
5408,6155,a2e8,92b1,7fbe,06bb,
5409,6155,a2e8,92b1,7fbe,5153,
5410,6155,a2e8,92b1,7fbe,037f,
5411,6155,a2e8,92b1,7fbe,471a,
5412,6155,a2e8,92b1,7fbe,d0c4,
5413,6155,a2e8,92b1,7fbe,3518,
5414,6155,a2e8,92b1,7fbe,821d,
5415,6155,a2e8,92b1,7fbe,55d7,
5416,6155,a2e8,92b1,7fbe,25df,
5417,6155,a2e8,92b1,7fbe,0987,
5418,6155,a2e8,92b1,7fbe,e7c4,
5419,6155,a2e8,92b1,7fbe,1691,
5420,6155,a2e8,92b1,7fbe,bf2f,
5421,6155,a2e8,92b1,7fbe,d92b,
5422,6155,a2e8,92b1,7fbe,f309,
5423,6155,a2e8,92b1,7fbe,15f7,
5424,6155,a2e8,92b1,7fbe,ff0b,
5425,6155,a2e8,92b1,7fbe,f56e,
5426,6155,a2e8,92b1,7fbe,6cfb,
5427,6155,a2e8,92b1,7fbe,0d86,
5428,6155,a2e8,92b1,7fbe,c203,
5429,6155,a2e8,92b1,7fbe,d2ea,
5430,6155,a2e8,92b1,7fbe,75f4,
5431,6155,a2e8,92b1,7fbe,2301,
5432,6155,a2e8,92b1,7fbe,36cd,
5433,6155,a2e8,92b1,7fbe,7518,
5434,6155,a2e8,92b1,7fbe,f90d,
5435,6155,a2e8,92b1,7fbe,c23e,
5436,6155,a2e8,92b1,7fbe,e936,
5437,6155,a2e8,92b1,7fbe,858a,
5438,6155,a2e8,92b1,7fbe,a5e0,
5439,6155,a2e8,92b1,7fbe,3b6c,
5440,6155,a2e8,92b1,7fbe,5889,
5441,6155,a2e8,92b1,7fbe,c8c2,
5442,6155,a2e8,92b1,7fbe,bd36,
5443,6155,a2e8,92b1,7fbe,e90c,
5444,6155,a2e8,92b1,7fbe,8b1f,
5445,6155,a2e8,92b1,7fbe,a7c2,
5446,6155,a2e8,92b1,7fbe,bcf6,
5447,6155,a2e8,92b1,7fbe,09d3,
5448,6155,a2e8,92b1,7fbe,cfae,
5449,6155,a2e8,92b1,7fbe,040d,
5450,6155,a2e8,92b1,7fbe,9802,
5451,6155,a2e8,92b1,7fbe,2152,
5452,6155,a2e8,92b1,7fbe,6f44,
5453,6155,a2e8,92b1,7fbe,eeb5,
5454,6155,a2e8,92b1,7fbe,d7d1,
5455,6155,a2e8,92b1,7fbe,a226,
5456,6155,a2e8,92b1,7fbe,9163,
5457,6155,a2e8,92b1,7fbe,f4a5,
5458,6155,a2e8,92b1,7fbe,95a6,
5459,6155,a2e8,92b1,7fbe,90a2,
5460,6155,a2e8,92b1,7fbe,69c8,
5461,6155,a2e8,92b1,7fbe,0817,
5462,6155,a2e8,92b1,7fbe,5778,
5463,6155,a2e8,92b1,7fbe,01e3,
5464,6155,a2e8,92b1,7fbe,64dc,
5465,6155,a2e8,92b1,7fbe,2941,
5466,6155,a2e8,92b1,7fbe,1d3f,
5467,6155,a2e8,92b1,7fbe,ffe7,
5468,6155,a2e8,92b1,7fbe,b46d,
5469,6155,a2e8,92b1,7fbe,8772,
5470,6155,a2e8,92b1,7fbe,08c5,
5471,6155,a2e8,92b1,7fbe,dafa,
5472,6155,a2e8,92b1,7fbe,1ba8,
5473,6155,a2e8,92b1,7fbe,9527,
5474,6155,a2e8,92b1,7fbe,e2fd,
5475,6155,a2e8,92b1,7fbe,dc99,
5476,6155,a2e8,92b1,7fbe,5131,
5477,6155,a2e8,92b1,7fbe,ac41,
5478,6155,a2e8,92b1,7fbe,c781,
5479,6155,a2e8,92b1,7fbe,8b9c,
5480,6155,a2e8,92b1,7fbe,ab1e,
5481,6155,a2e8,92b1,7fbe,911e,
5482,6155,a2e8,92b1,7fbe,e9ce,
5483,6155,a2e8,92b1,7fbe,642c,
5484,6155,a2e8,92b1,7fbe,7be0,
5485,6155,a2e8,92b1,7fbe,e57f,
5486,6155,a2e8,92b1,7fbe,6007,
5487,6155,a2e8,92b1,7fbe,bb38,
5488,6155,a2e8,92b1,7fbe,cc33,
5489,6155,a2e8,92b1,7fbe,3667,
5490,6155,a2e8,92b1,7fbe,861f,
5491,6155,a2e8,92b1,7fbe,6927,
5492,6155,a2e8,92b1,7fbe,c279,
5493,6155,a2e8,92b1,7fbe,4af3,
5494,6155,a2e8,92b1,7fbe,f7c5,
5495,6155,a2e8,92b1,7fbe,a235,
5496,6155,a2e8,92b1,7fbe,c0f6,
5497,6155,a2e8,92b1,7fbe,de68,
5498,6155,a2e8,92b1,7fbe,56a6,
5499,6155,a2e8,92b1,7fbe,eb06,
5500,6155,a2e8,92b1,7fbe,61db,
5501,6155,a2e8,92b1,7fbe,ecea,
5502,6155,a2e8,92b1,7fbe,3c85,
5503,6155,a2e8,92b1,7fbe,406c,
5504,6155,a2e8,92b1,7fbe,b16b,
5505,6155,a2e8,92b1,7fbe,376f,
5506,6155,a2e8,92b1,7fbe,5173,
5507,6155,a2e8,92b1,7fbe,6a2e,
5508,6155,a2e8,92b1,7fbe,eb9c,
5509,6155,a2e8,92b1,7fbe,722b,
5510,6155,a2e8,92b1,7fbe,1ee7,
5511,6155,a2e8,92b1,7fbe,35fc,
5512,6155,a2e8,92b1,7fbe,d2b8,
5513,6155,a2e8,92b1,7fbe,a83a,
5514,6155,a2e8,92b1,7fbe,5291,
5515,6155,a2e8,92b1,7fbe,4c66,
5516,6155,a2e8,92b1,7fbe,3a0f,
5517,6155,a2e8,92b1,7fbe,6752,
5518,6155,a2e8,92b1,7fbe,90ec,
5519,6155,a2e8,92b1,7fbe,26fb,
5520,6155,a2e8,92b1,7fbe,997b,
5521,6155,a2e8,92b1,7fbe,8f02,
5522,6155,a2e8,92b1,7fbe,9517,
5523,6155,a2e8,92b1,7fbe,edcb,
5524,6155,a2e8,92b1,7fbe,fd9f,
5525,6155,a2e8,92b1,7fbe,49ed,
5526,6155,a2e8,92b1,7fbe,0165,
5527,6155,a2e8,92b1,7fbe,1846,
5528,6155,a2e8,92b1,7fbe,0ec6,
5529,6155,a2e8,92b1,7fbe,9f77,
5530,6155,a2e8,92b1,7fbe,4c63,
5531,6155,a2e8,92b1,7fbe,884f,
5532,6155,a2e8,92b1,7fbe,2e4a,
5533,6155,a2e8,92b1,7fbe,a56b,
5534,6155,a2e8,92b1,7fbe,7a73,
5535,6155,a2e8,92b1,7fbe,86df,
5536,6155,a2e8,92b1,7fbe,35a9,
5537,6155,a2e8,92b1,7fbe,12ce,
5538,6155,a2e8,92b1,7fbe,220f,
5539,6155,a2e8,92b1,7fbe,822a,
5540,6155,a2e8,92b1,7fbe,9284,
5541,6155,a2e8,92b1,7fbe,b55f,
5542,6155,a2e8,92b1,7fbe,0feb,
5543,6155,a2e8,92b1,7fbe,2269,
5544,6155,a2e8,92b1,7fbe,e69e,
5545,6155,a2e8,92b1,7fbe,90ef,
5546,6155,a2e8,92b1,7fbe,2560,
5547,6155,a2e8,92b1,7fbe,ef4e,
5548,6155,a2e8,92b1,7fbe,8f24,
5549,6155,a2e8,92b1,7fbe,6e3b,
5550,6155,a2e8,92b1,7fbe,a0fa,
5551,6155,a2e8,92b1,7fbe,17a0,
5552,6155,a2e8,92b1,7fbe,ea17,
5553,6155,a2e8,92b1,7fbe,9fcb,
5554,6155,a2e8,92b1,7fbe,a4b3,
5555,6155,a2e8,92b1,7fbe,6fdc,
5556,6155,a2e8,92b1,7fbe,6a3a,
5557,6155,a2e8,92b1,7fbe,12ed,
5558,6155,a2e8,92b1,7fbe,f485,
5559,6155,a2e8,92b1,7fbe,d098,
5560,6155,a2e8,92b1,7fbe,c1ab,
5561,6155,a2e8,92b1,7fbe,f212,
5562,6155,a2e8,92b1,7fbe,cceb,
5563,6155,a2e8,92b1,7fbe,32e5,
5564,6155,a2e8,92b1,7fbe,7e63,
5565,6155,a2e8,92b1,7fbe,f0d4,
5566,6155,a2e8,92b1,7fbe,a4fc,
5567,6155,a2e8,92b1,7fbe,d236,
5568,6155,a2e8,92b1,7fbe,2ec0,
5569,6155,a2e8,92b1,7fbe,6674,
5570,6155,a2e8,92b1,7fbe,a2f1,
5571,6155,a2e8,92b1,7fbe,2341,
5572,6155,a2e8,92b1,7fbe,1bbd,
5573,6155,a2e8,92b1,7fbe,79b2,
5574,6155,a2e8,92b1,7fbe,a060,
5575,6155,a2e8,92b1,7fbe,1c4a,
5576,6155,a2e8,92b1,7fbe,c0a6,
5577,6155,a2e8,92b1,7fbe,7b28,
5578,6155,a2e8,92b1,7fbe,9f37,
5579,6155,a2e8,92b1,7fbe,00f1,
5580,6155,a2e8,92b1,7fbe,6437,
5581,6155,a2e8,92b1,7fbe,346a,
5582,6155,a2e8,92b1,7fbe,018b,
5583,6155,a2e8,92b1,7fbe,785c,
5584,6155,a2e8,92b1,7fbe,3342,
5585,6155,a2e8,92b1,7fbe,881a,
5586,6155,a2e8,92b1,7fbe,24f0,
5587,6155,a2e8,92b1,7fbe,11de,
5588,6155,a2e8,92b1,7fbe,2251,
5589,6155,a2e8,92b1,7fbe,10ba,
5590,6155,a2e8,92b1,7fbe,43a4,
5591,6155,a2e8,92b1,7fbe,b46a,
5592,6155,a2e8,92b1,7fbe,25cf,
5593,6155,a2e8,92b1,7fbe,ba5f,
5594,6155,a2e8,92b1,7fbe,a3ec,
5595,6155,a2e8,92b1,7fbe,34a9,
5596,6155,a2e8,92b1,7fbe,2291,
5597,6155,a2e8,92b1,7fbe,970f,
5598,6155,a2e8,92b1,7fbe,b8ed,
5599,6155,a2e8,92b1,7fbe,0845,
5600,6155,a2e8,92b1,7fbe,a211,
5601,6155,a2e8,92b1,7fbe,af4e,
5602,6155,a2e8,92b1,7fbe,6356,
5603,6155,a2e8,92b1,7fbe,87c1,
5604,6155,a2e8,92b1,7fbe,b34b,
5605,6155,a2e8,92b1,7fbe,d6b7,
5606,6155,a2e8,92b1,7fbe,cdd8,
5607,6155,a2e8,92b1,7fbe,0db6,
5608,6155,a2e8,92b1,7fbe,7b24,
5609,6155,a2e8,92b1,7fbe,36a4,
5610,6155,a2e8,92b1,7fbe,6a41,
5611,6155,a2e8,92b1,7fbe,5ec9,
5612,6155,a2e8,92b1,7fbe,200f,
5613,6155,a2e8,92b1,7fbe,06f3,
5614,6155,a2e8,92b1,7fbe,8cdd,
5615,6155,a2e8,92b1,7fbe,d29e,
5616,6155,a2e8,92b1,7fbe,d5a7,
5617,6155,a2e8,92b1,7fbe,7b64,
5618,6155,a2e8,92b1,7fbe,cbac,
5619,6155,a2e8,92b1,7fbe,e608,
5620,6155,a2e8,92b1,7fbe,0f72,
5621,6155,a2e8,92b1,7fbe,2725,
5622,6155,a2e8,92b1,7fbe,c74c,
5623,6155,a2e8,92b1,7fbe,0c35,
5624,6155,a2e8,92b1,7fbe,3665,
5625,6155,a2e8,92b1,7fbe,0f4e,
5626,6155,a2e8,92b1,7fbe,f74d,
5627,6155,a2e8,92b1,7fbe,e569,
5628,6155,a2e8,92b1,7fbe,ff0f,
5629,6155,a2e8,92b1,7fbe,4e33,
5630,6155,a2e8,92b1,7fbe,f214,
5631,6155,a2e8,92b1,7fbe,1a55,
5632,6155,a2e8,92b1,7fbe,2203,
5633,6155,a2e8,92b1,7fbe,090b,
5634,6155,a2e8,92b1,7fbe,8465,
5635,6155,a2e8,92b1,7fbe,e576,
5636,6155,a2e8,92b1,7fbe,6496,
5637,6155,a2e8,92b1,7fbe,0587,
5638,6155,a2e8,92b1,7fbe,7d74,
5639,6155,a2e8,92b1,7fbe,59ce,
5640,6155,a2e8,92b1,7fbe,d570,
5641,6155,a2e8,92b1,7fbe,e880,
5642,6155,a2e8,92b1,7fbe,44f0,
5643,6155,a2e8,92b1,7fbe,f84d,
5644,6155,a2e8,92b1,7fbe,7833,
5645,6155,a2e8,92b1,7fbe,7805,
5646,6155,a2e8,92b1,7fbe,4636,
5647,6155,a2e8,92b1,7fbe,4640,
5648,6155,a2e8,92b1,7fbe,7d2a,
5649,6155,a2e8,92b1,7fbe,c7ef,
5650,6155,a2e8,92b1,7fbe,fba9,
5651,6155,a2e8,92b1,7fbe,708a,
5652,6155,a2e8,92b1,7fbe,369a,
5653,6155,a2e8,92b1,7fbe,6571,
5654,6155,a2e8,92b1,7fbe,d63c,
5655,6155,a2e8,92b1,7fbe,2c98,
5656,6155,a2e8,92b1,7fbe,35ab,
5657,6155,a2e8,92b1,7fbe,1ac8,
5658,6155,a2e8,92b1,7fbe,a1b3,
5659,6155,a2e8,92b1,7fbe,3358,
5660,6155,a2e8,92b1,7fbe,fad3,
5661,6155,a2e8,92b1,7fbe,40cd,
5662,6155,a2e8,92b1,7fbe,96be,
5663,6155,a2e8,92b1,7fbe,dcb6,
5664,6155,a2e8,92b1,7fbe,d9f7,
5665,6155,a2e8,92b1,7fbe,e433,
5666,6155,a2e8,92b1,7fbe,6c2d,
5667,6155,a2e8,92b1,7fbe,9467,
5668,6155,a2e8,92b1,7fbe,47bc,
5669,6155,a2e8,92b1,7fbe,d476,
5670,6155,a2e8,92b1,7fbe,f29d,
5671,6155,a2e8,92b1,7fbe,3694,
5672,6155,a2e8,92b1,7fbe,2205,
5673,6155,a2e8,92b1,7fbe,5235,
5674,6155,a2e8,92b1,7fbe,753c,
5675,6155,a2e8,92b1,7fbe,bebc,
5676,6155,a2e8,92b1,7fbe,3548,
5677,6155,a2e8,92b1,7fbe,3d65,
5678,6155,a2e8,92b1,7fbe,1e28,
5679,6155,a2e8,92b1,7fbe,e088,
5680,6155,a2e8,92b1,7fbe,022a,
5681,6155,a2e8,92b1,7fbe,249a,
5682,6155,a2e8,92b1,7fbe,071d,
5683,6155,a2e8,92b1,7fbe,4b87,
5684,6155,a2e8,92b1,7fbe,2658,
5685,6155,a2e8,92b1,7fbe,ef37,
5686,6155,a2e8,92b1,7fbe,e990,
5687,6155,a2e8,92b1,7fbe,a6d6,
5688,6155,a2e8,92b1,7fbe,00f3,
5689,6155,a2e8,92b1,7fbe,668d,
5690,6155,a2e8,92b1,7fbe,2fe2,
5691,6155,a2e8,92b1,7fbe,8aaa,
5692,6155,a2e8,92b1,7fbe,5b86,
5693,6155,a2e8,92b1,7fbe,e348,
5694,6155,a2e8,92b1,7fbe,02de,
5695,6155,a2e8,92b1,7fbe,111b,
5696,6155,a2e8,92b1,7fbe,74da,
5697,6155,a2e8,92b1,7fbe,71f7,
5698,6155,a2e8,92b1,7fbe,84b9,
5699,6155,a2e8,92b1,7fbe,0530,
5700,6155,a2e8,92b1,7fbe,634a,
5701,6155,a2e8,92b1,7fbe,ccf4,
5702,6155,a2e8,92b1,7fbe,34db,
5703,6155,a2e8,92b1,7fbe,0ec0,
5704,6155,a2e8,92b1,7fbe,9786,
5705,6155,a2e8,92b1,7fbe,ed20,
5706,6155,a2e8,92b1,7fbe,f762,
5707,6155,a2e8,92b1,7fbe,7a0f,
5708,6155,a2e8,92b1,7fbe,6bfb,
5709,6155,a2e8,92b1,7fbe,75ac,
5710,6155,a2e8,92b1,7fbe,8e56,
5711,6155,a2e8,92b1,7fbe,2611,
5712,6155,a2e8,92b1,7fbe,cd8b,
5713,6155,a2e8,92b1,7fbe,2373,
5714,6155,a2e8,92b1,7fbe,ff18,
5715,6155,a2e8,92b1,7fbe,7421,
5716,6155,a2e8,92b1,7fbe,4bdb,
5717,6155,a2e8,92b1,7fbe,4beb,
5718,6155,a2e8,92b1,7fbe,762f,
5719,6155,a2e8,92b1,7fbe,e0a0,
5720,6155,a2e8,92b1,7fbe,0eca,
5721,6155,a2e8,92b1,7fbe,d821,
5722,6155,a2e8,92b1,7fbe,a14d,
5723,6155,a2e8,92b1,7fbe,60f4,
5724,6155,a2e8,92b1,7fbe,5b48,
5725,6155,a2e8,92b1,7fbe,c828,
5726,6155,a2e8,92b1,7fbe,4b2e,
5727,6155,a2e8,92b1,7fbe,bcc9,
5728,6155,a2e8,92b1,7fbe,94c2,
5729,6155,a2e8,92b1,7fbe,cab6,
5730,6155,a2e8,92b1,7fbe,8266,
5731,6155,a2e8,92b1,7fbe,31ce,
5732,6155,a2e8,92b1,7fbe,30ce,
5733,6155,a2e8,92b1,7fbe,1813,
5734,6155,a2e8,92b1,7fbe,d91a,
5735,6155,a2e8,92b1,7fbe,b8b5,
5736,6155,a2e8,92b1,7fbe,68e7,
5737,6155,a2e8,92b1,7fbe,c333,
5738,6155,a2e8,92b1,7fbe,0788,
5739,6155,a2e8,92b1,7fbe,1a17,
5740,6155,a2e8,92b1,7fbe,c0aa,
5741,6155,a2e8,92b1,7fbe,30e7,
5742,6155,a2e8,92b1,7fbe,7e98,
5743,6155,a2e8,92b1,7fbe,a6bc,
5744,6155,a2e8,92b1,7fbe,2775,
5745,6155,a2e8,92b1,7fbe,6e23,
5746,6155,a2e8,92b1,7fbe,3270,
5747,6155,a2e8,92b1,7fbe,e5d3,
5748,6155,a2e8,92b1,7fbe,9c23,
5749,6155,a2e8,92b1,7fbe,6847,
5750,6155,a2e8,92b1,7fbe,c7e4,
5751,6155,a2e8,92b1,7fbe,bd67,
5752,6155,a2e8,92b1,7fbe,0d06,
5753,6155,a2e8,92b1,7fbe,c191,
5754,6155,a2e8,92b1,7fbe,375c,
5755,6155,a2e8,92b1,7fbe,81c0,
5756,6155,a2e8,92b1,7fbe,46b9,
5757,6155,a2e8,92b1,7fbe,9e48,
5758,6155,a2e8,92b1,7fbe,b7db,
5759,6155,a2e8,92b1,7fbe,0fb2,
5760,6155,a2e8,92b1,7fbe,2544,
5761,6155,a2e8,92b1,7fbe,f333,
5762,6155,a2e8,92b1,7fbe,a401,
5763,6155,a2e8,92b1,7fbe,32e8,
5764,6155,a2e8,92b1,7fbe,4f21,
5765,6155,a2e8,92b1,7fbe,67fa,
5766,6155,a2e8,92b1,7fbe,72da,
5767,6155,a2e8,92b1,7fbe,4470,
5768,6155,a2e8,92b1,7fbe,31ad,
5769,6155,a2e8,92b1,7fbe,288c,
5770,6155,a2e8,92b1,7fbe,3bc3,
5771,6155,a2e8,92b1,7fbe,b5f6,
5772,6155,a2e8,92b1,7fbe,f3f7,
5773,6155,a2e8,92b1,7fbe,a073,
5774,6155,a2e8,92b1,7fbe,a71d,
5775,6155,a2e8,92b1,7fbe,bc29,
5776,6155,a2e8,92b1,7fbe,56df,
5777,6155,a2e8,92b1,7fbe,c702,
5778,6155,a2e8,92b1,7fbe,3441,
5779,6155,a2e8,92b1,7fbe,19c5,
5780,6155,a2e8,92b1,7fbe,f02b,
5781,6155,a2e8,92b1,7fbe,deba,
5782,6155,a2e8,92b1,7fbe,f38d,
5783,6155,a2e8,92b1,7fbe,faa3,
5784,6155,a2e8,92b1,7fbe,b9c9,
5785,6155,a2e8,92b1,7fbe,c423,
5786,6155,a2e8,92b1,7fbe,dcfb,
5787,6155,a2e8,92b1,7fbe,149f,
5788,6155,a2e8,92b1,7fbe,d832,
5789,6155,a2e8,92b1,7fbe,351c,
5790,6155,a2e8,92b1,7fbe,49a4,
5791,6155,a2e8,92b1,7fbe,a299,
5792,6155,a2e8,92b1,7fbe,c3ba,
5793,6155,a2e8,92b1,7fbe,6ec9,
5794,6155,a2e8,92b1,7fbe,dad4,
5795,6155,a2e8,92b1,7fbe,5b78,
5796,6155,a2e8,92b1,7fbe,ffa8,
5797,6155,a2e8,92b1,7fbe,bbaa,
5798,6155,a2e8,92b1,7fbe,dc17,
5799,6155,a2e8,92b1,7fbe,f298,
5800,6155,a2e8,92b1,7fbe,5256,
5801,6155,a2e8,92b1,7fbe,8316,
5802,6155,a2e8,92b1,7fbe,00ed,
5803,6155,a2e8,92b1,7fbe,8e8a,
5804,6155,a2e8,92b1,7fbe,c707,
5805,6155,a2e8,92b1,7fbe,13fd,
5806,6155,a2e8,92b1,7fbe,9f6a,
5807,6155,a2e8,92b1,7fbe,f908,
5808,6155,a2e8,92b1,7fbe,eb92,
5809,6155,a2e8,92b1,7fbe,9d7f,
5810,6155,a2e8,92b1,7fbe,0c16,
5811,6155,a2e8,92b1,7fbe,9790,
5812,6155,a2e8,92b1,7fbe,f276,
5813,6155,a2e8,92b1,7fbe,0dce,
5814,6155,a2e8,92b1,7fbe,0058,
5815,6155,a2e8,92b1,7fbe,7e98,
5816,6155,a2e8,92b1,7fbe,2445,
5817,6155,a2e8,92b1,7fbe,af9b,
5818,6155,a2e8,92b1,7fbe,2fe4,
5819,6155,a2e8,92b1,7fbe,2d54,
5820,6155,a2e8,92b1,7fbe,c8a0,
5821,6155,a2e8,92b1,7fbe,0a66,
5822,6155,a2e8,92b1,7fbe,d5de,
5823,6155,a2e8,92b1,7fbe,8770,
5824,6155,a2e8,92b1,7fbe,dce4,
5825,6155,a2e8,92b1,7fbe,86dc,
5826,6155,a2e8,92b1,7fbe,9e7f,
5827,6155,a2e8,92b1,7fbe,614f,
5828,6155,a2e8,92b1,7fbe,2fca,
5829,6155,a2e8,92b1,7fbe,53f4,
5830,6155,a2e8,92b1,7fbe,60fe,
5831,6155,a2e8,92b1,7fbe,c949,
5832,6155,a2e8,92b1,7fbe,0455,
5833,6155,a2e8,92b1,7fbe,6658,
5834,6155,a2e8,92b1,7fbe,6597,
5835,6155,a2e8,92b1,7fbe,a9db,
5836,6155,a2e8,92b1,7fbe,c00d,
5837,6155,a2e8,92b1,7fbe,01c7,
5838,6155,a2e8,92b1,7fbe,1cac,
5839,6155,a2e8,92b1,7fbe,e839,
5840,6155,a2e8,92b1,7fbe,d22a,
5841,6155,a2e8,92b1,7fbe,e1f8,
5842,6155,a2e8,92b1,7fbe,3ce3,
5843,6155,a2e8,92b1,7fbe,421e,
5844,6155,a2e8,92b1,7fbe,0964,
5845,6155,a2e8,92b1,7fbe,91f7,
5846,6155,a2e8,92b1,7fbe,02a2,
5847,6155,a2e8,92b1,7fbe,e411,
5848,6155,a2e8,92b1,7fbe,817f,
5849,6155,a2e8,92b1,7fbe,880a,
5850,6155,a2e8,92b1,7fbe,3b50,
5851,6155,a2e8,92b1,7fbe,dbaf,
5852,6155,a2e8,92b1,7fbe,5799,
5853,6155,a2e8,92b1,7fbe,7397,
5854,6155,a2e8,92b1,7fbe,8ef8,
5855,6155,a2e8,92b1,7fbe,9840,
5856,6155,a2e8,92b1,7fbe,0a18,
5857,6155,a2e8,92b1,7fbe,5222,
5858,6155,a2e8,92b1,7fbe,21df,
5859,6155,a2e8,92b1,7fbe,9f5c,
5860,6155,a2e8,92b1,7fbe,13d6,
5861,6155,a2e8,92b1,7fbe,a74a,
5862,6155,a2e8,92b1,7fbe,19cc,
5863,6155,a2e8,92b1,7fbe,1604,
5864,6155,a2e8,92b1,7fbe,2ae5,
5865,6155,a2e8,92b1,7fbe,44c6,
5866,6155,a2e8,92b1,7fbe,5dff,
5867,6155,a2e8,92b1,7fbe,183a,
5868,6155,a2e8,92b1,7fbe,1658,
5869,6155,a2e8,92b1,7fbe,d2bc,
5870,6155,a2e8,92b1,7fbe,74b7,
5871,6155,a2e8,92b1,7fbe,9262,
5872,6155,a2e8,92b1,7fbe,2306,
5873,6155,a2e8,92b1,7fbe,3fd9,
5874,6155,a2e8,92b1,7fbe,dadf,
5875,6155,a2e8,92b1,7fbe,49d6,
5876,6155,a2e8,92b1,7fbe,0647,
5877,6155,a2e8,92b1,7fbe,5a80,
5878,6155,a2e8,92b1,7fbe,5c77,
5879,6155,a2e8,92b1,7fbe,75a0,
5880,6155,a2e8,92b1,7fbe,1ef9,
5881,6155,a2e8,92b1,7fbe,1c61,
5882,6155,a2e8,92b1,7fbe,c7c3,
5883,6155,a2e8,92b1,7fbe,728e,
5884,6155,a2e8,92b1,7fbe,e127,
5885,6155,a2e8,92b1,7fbe,290b,
5886,6155,a2e8,92b1,7fbe,c0cf,
5887,6155,a2e8,92b1,7fbe,0ac2,
5888,6155,a2e8,92b1,7fbe,a242,
5889,6155,a2e8,92b1,7fbe,2791,
5890,6155,a2e8,92b1,7fbe,61f8,
5891,6155,a2e8,92b1,7fbe,6a01,
5892,6155,a2e8,92b1,7fbe,7b5c,
5893,6155,a2e8,92b1,7fbe,65b6,
5894,6155,a2e8,92b1,7fbe,2577,
5895,6155,a2e8,92b1,7fbe,af2a,
5896,6155,a2e8,92b1,7fbe,a412,
5897,6155,a2e8,92b1,7fbe,e706,
5898,6155,a2e8,92b1,7fbe,2d69,
5899,6155,a2e8,92b1,7fbe,3981,
5900,6155,a2e8,92b1,7fbe,4616,
5901,6155,a2e8,92b1,7fbe,698f,
5902,6155,a2e8,92b1,7fbe,01f4,
5903,6155,a2e8,92b1,7fbe,7d80,
5904,6155,a2e8,92b1,7fbe,3ed3,
5905,6155,a2e8,92b1,7fbe,f357,
5906,6155,a2e8,92b1,7fbe,b0d5,
5907,6155,a2e8,92b1,7fbe,6874,
5908,6155,a2e8,92b1,7fbe,498c,
5909,6155,a2e8,92b1,7fbe,2fe8,
5910,6155,a2e8,92b1,7fbe,6a13,
5911,6155,a2e8,92b1,7fbe,bd11,
5912,6155,a2e8,92b1,7fbe,e950,
5913,6155,a2e8,92b1,7fbe,5fb9,
5914,6155,a2e8,92b1,7fbe,60b5,
5915,6155,a2e8,92b1,7fbe,6460,
5916,6155,a2e8,92b1,7fbe,b544,
5917,6155,a2e8,92b1,7fbe,b746,
5918,6155,a2e8,92b1,7fbe,73fa,
5919,6155,a2e8,92b1,7fbe,a478,
5920,6155,a2e8,92b1,7fbe,b681,
5921,6155,a2e8,92b1,7fbe,a69e,
5922,6155,a2e8,92b1,7fbe,ee8a,
5923,6155,a2e8,92b1,7fbe,231f,
5924,6155,a2e8,92b1,7fbe,7bc1,
5925,6155,a2e8,92b1,7fbe,3504,
5926,6155,a2e8,92b1,7fbe,a7ba,
5927,6155,a2e8,92b1,7fbe,555a,
5928,6155,a2e8,92b1,7fbe,14c4,
5929,6155,a2e8,92b1,7fbe,f1b0,
5930,6155,a2e8,92b1,7fbe,bdb7,
5931,6155,a2e8,92b1,7fbe,5494,
5932,6155,a2e8,92b1,7fbe,29ac,
5933,6155,a2e8,92b1,7fbe,d329,
5934,6155,a2e8,92b1,7fbe,8614,
5935,6155,a2e8,92b1,7fbe,92f2,
5936,6155,a2e8,92b1,7fbe,2c1a,
5937,6155,a2e8,92b1,7fbe,0c03,
5938,6155,a2e8,92b1,7fbe,e9b9,
5939,6155,a2e8,92b1,7fbe,a49f,
5940,6155,a2e8,92b1,7fbe,5ccd,
5941,6155,a2e8,92b1,7fbe,55fa,
5942,6155,a2e8,92b1,7fbe,97cf,
5943,6155,a2e8,92b1,7fbe,e301,
5944,6155,a2e8,92b1,7fbe,61a1,
5945,6155,a2e8,92b1,7fbe,1b42,
5946,6155,a2e8,92b1,7fbe,b07d,
5947,6155,a2e8,92b1,7fbe,5db7,
5948,6155,a2e8,92b1,7fbe,6eef,
5949,6155,a2e8,92b1,7fbe,6ae5,
5950,6155,a2e8,92b1,7fbe,3bd6,
5951,6155,a2e8,92b1,7fbe,efdb,
5952,6155,a2e8,92b1,7fbe,6fe0,
5953,6155,a2e8,92b1,7fbe,6a43,
5954,6155,a2e8,92b1,7fbe,fbd5,
5955,6155,a2e8,92b1,7fbe,eb87,
5956,6155,a2e8,92b1,7fbe,601e,
5957,6155,a2e8,92b1,7fbe,ce2d,
5958,6155,a2e8,92b1,7fbe,194e,
5959,6155,a2e8,92b1,7fbe,a6c5,
5960,6155,a2e8,92b1,7fbe,6db6,
5961,6155,a2e8,92b1,7fbe,8684,
5962,6155,a2e8,92b1,7fbe,6f98,
5963,6155,a2e8,92b1,7fbe,ad6f,
5964,6155,a2e8,92b1,7fbe,ec96,
5965,6155,a2e8,92b1,7fbe,c4ec,
5966,6155,a2e8,92b1,7fbe,75e6,
5967,6155,a2e8,92b1,7fbe,5cbf,
5968,6155,a2e8,92b1,7fbe,61df,
5969,6155,a2e8,92b1,7fbe,271e,
5970,6155,a2e8,92b1,7fbe,b912,
5971,6155,a2e8,92b1,7fbe,45b1,
5972,6155,a2e8,92b1,7fbe,8de1,
5973,6155,a2e8,92b1,7fbe,67a4,
5974,6155,a2e8,92b1,7fbe,889f,
5975,6155,a2e8,92b1,7fbe,c930,
5976,6155,a2e8,92b1,7fbe,eeba,
5977,6155,a2e8,92b1,7fbe,295b,
5978,6155,a2e8,92b1,7fbe,8fcc,
5979,6155,a2e8,92b1,7fbe,522f,
5980,6155,a2e8,92b1,7fbe,4471,
5981,6155,a2e8,92b1,7fbe,2c8e,
5982,6155,a2e8,92b1,7fbe,3de0,
5983,6155,a2e8,92b1,7fbe,9f9b,
5984,6155,a2e8,92b1,7fbe,364c,
5985,6155,a2e8,92b1,7fbe,2b15,
5986,6155,a2e8,92b1,7fbe,5a09,
5987,6155,a2e8,92b1,7fbe,1497,
5988,6155,a2e8,92b1,7fbe,4e17,
5989,6155,a2e8,92b1,7fbe,e6c8,
5990,6155,a2e8,92b1,7fbe,3e9f,
5991,6155,a2e8,92b1,7fbe,22a4,
5992,6155,a2e8,92b1,7fbe,22ad,
5993,6155,a2e8,92b1,7fbe,a75a,
5994,6155,a2e8,92b1,7fbe,cfb1,
5995,6155,a2e8,92b1,7fbe,ef07,
5996,6155,a2e8,92b1,7fbe,4cc8,
5997,6155,a2e8,92b1,7fbe,ef21,
5998,6155,a2e8,92b1,7fbe,63fe,
5999,6155,a2e8,92b1,7fbe,8e77,
6000,6155,a2e8,92b1,7fbe,8db8,
6001,6155,a2e8,92b1,7fbe,6fc8,
6002,6155,a2e8,92b1,7fbe,13e4,
6003,6155,a2e8,92b1,7fbe,ce21,
6004,6155,a2e8,92b1,7fbe,b398,
6005,6155,a2e8,92b1,7fbe,87e3,
6006,6155,a2e8,92b1,7fbe,bf62,
6007,6155,a2e8,92b1,7fbe,aeaf,
6008,6155,a2e8,92b1,7fbe,661f,
6009,6155,a2e8,92b1,7fbe,9717,
6010,6155,a2e8,92b1,7fbe,cd68,
6011,6155,a2e8,92b1,7fbe,a429,
6012,6155,a2e8,92b1,7fbe,d40a,
6013,6155,a2e8,92b1,7fbe,d69f,
6014,6155,a2e8,92b1,7fbe,aff9,
6015,6155,a2e8,92b1,7fbe,666b,
6016,6155,a2e8,92b1,7fbe,3369,
6017,6155,a2e8,92b1,7fbe,1adc,
6018,6155,a2e8,92b1,7fbe,65dd,
6019,6155,a2e8,92b1,7fbe,d23f,
6020,6155,a2e8,92b1,7fbe,1e10,
6021,6155,a2e8,92b1,7fbe,7d9e,
6022,6155,a2e8,92b1,7fbe,4da4,
6023,6155,a2e8,92b1,7fbe,be2c,
6024,6155,a2e8,92b1,7fbe,a47d,
6025,6155,a2e8,92b1,7fbe,cc7f,
6026,6155,a2e8,92b1,7fbe,8ce2,
6027,6155,a2e8,92b1,7fbe,c309,
6028,6155,a2e8,92b1,7fbe,2310,
6029,6155,a2e8,92b1,7fbe,4643,
6030,6155,a2e8,92b1,7fbe,6ccf,
6031,6155,a2e8,92b1,7fbe,927d,
6032,6155,a2e8,92b1,7fbe,7832,
6033,6155,a2e8,92b1,7fbe,e319,
6034,6155,a2e8,92b1,7fbe,dda9,
6035,6155,a2e8,92b1,7fbe,f3ac,
6036,6155,a2e8,92b1,7fbe,9958,
6037,6155,a2e8,92b1,7fbe,0190,
6038,6155,a2e8,92b1,7fbe,d490,
6039,6155,a2e8,92b1,7fbe,d741,
6040,6155,a2e8,92b1,7fbe,c397,
6041,6155,a2e8,92b1,7fbe,b1f5,
6042,6155,a2e8,92b1,7fbe,64b2,
6043,6155,a2e8,92b1,7fbe,85ef,
6044,6155,a2e8,92b1,7fbe,c2b9,
6045,6155,a2e8,92b1,7fbe,1a1f,
6046,6155,a2e8,92b1,7fbe,db27,
6047,6155,a2e8,92b1,7fbe,55e2,
6048,6155,a2e8,92b1,7fbe,583d,
6049,6155,a2e8,92b1,7fbe,5089,
6050,6155,a2e8,92b1,7fbe,a31c,
6051,6155,a2e8,92b1,7fbe,8377,
6052,6155,a2e8,92b1,7fbe,0597,
6053,6155,a2e8,92b1,7fbe,d404,
6054,6155,a2e8,92b1,7fbe,c730,
6055,6155,a2e8,92b1,7fbe,857b,
6056,6155,a2e8,92b1,7fbe,3bc9,
6057,6155,a2e8,92b1,7fbe,274a,
6058,6155,a2e8,92b1,7fbe,3430,
6059,6155,a2e8,92b1,7fbe,6c40,
6060,6155,a2e8,92b1,7fbe,5bd2,
6061,6155,a2e8,92b1,7fbe,0685,
6062,6155,a2e8,92b1,7fbe,248d,
6063,6155,a2e8,92b1,7fbe,3901,
6064,6155,a2e8,92b1,7fbe,3d49,
6065,6155,a2e8,92b1,7fbe,7b27,
6066,6155,a2e8,92b1,7fbe,6f06,
6067,6155,a2e8,92b1,7fbe,c541,
6068,6155,a2e8,92b1,7fbe,9e50,
6069,6155,a2e8,92b1,7fbe,0ff7,
6070,6155,a2e8,92b1,7fbe,ea04,
6071,6155,a2e8,92b1,7fbe,251c,
6072,6155,a2e8,92b1,7fbe,36e7,
6073,6155,a2e8,92b1,7fbe,1d3f,
6074,6155,a2e8,92b1,7fbe,ef22,
6075,6155,a2e8,92b1,7fbe,3260,
6076,6155,a2e8,92b1,7fbe,5983,
6077,6155,a2e8,92b1,7fbe,7c6a,
6078,6155,a2e8,92b1,7fbe,4549,
6079,6155,a2e8,92b1,7fbe,9a22,
6080,6155,a2e8,92b1,7fbe,83f2,
6081,6155,a2e8,92b1,7fbe,95e8,
6082,6155,a2e8,92b1,7fbe,8186,
6083,6155,a2e8,92b1,7fbe,1eee,
6084,6155,a2e8,92b1,7fbe,43e8,
6085,6155,a2e8,92b1,7fbe,ca29,
6086,6155,a2e8,92b1,7fbe,449c,
6087,6155,a2e8,92b1,7fbe,7cbb,
6088,6155,a2e8,92b1,7fbe,8d6b,
6089,6155,a2e8,92b1,7fbe,d987,
6090,6155,a2e8,92b1,7fbe,e0aa,
6091,6155,a2e8,92b1,7fbe,2105,
6092,6155,a2e8,92b1,7fbe,2d7f,
6093,6155,a2e8,92b1,7fbe,ee26,
6094,6155,a2e8,92b1,7fbe,0a55,
6095,6155,a2e8,92b1,7fbe,3ce8,
6096,6155,a2e8,92b1,7fbe,fe5e,
6097,6155,a2e8,92b1,7fbe,85bb,
6098,6155,a2e8,92b1,7fbe,a35e,
6099,6155,a2e8,92b1,7fbe,3e33,
6100,6155,a2e8,92b1,7fbe,a6c2,
6101,6155,a2e8,92b1,7fbe,fcb3,
6102,6155,a2e8,92b1,7fbe,f603,
6103,6155,a2e8,92b1,7fbe,3cef,
6104,6155,a2e8,92b1,7fbe,0a53,
6105,6155,a2e8,92b1,7fbe,d88a,
6106,6155,a2e8,92b1,7fbe,d4ac,
6107,6155,a2e8,92b1,7fbe,93ac,
6108,6155,a2e8,92b1,7fbe,d9a2,
6109,6155,a2e8,92b1,7fbe,a6ce,
6110,6155,a2e8,92b1,7fbe,0b26,
6111,6155,a2e8,92b1,7fbe,34b5,
6112,6155,a2e8,92b1,7fbe,5816,
6113,6155,a2e8,92b1,7fbe,6c7c,
6114,6155,a2e8,92b1,7fbe,fbae,
6115,6155,a2e8,92b1,7fbe,c136,
6116,6155,a2e8,92b1,7fbe,dde9,
6117,6155,a2e8,92b1,7fbe,f634,
6118,6155,a2e8,92b1,7fbe,266f,
6119,6155,a2e8,92b1,7fbe,cd0f,
6120,6155,a2e8,92b1,7fbe,2a52,
6121,6155,a2e8,92b1,7fbe,4b9d,
6122,6155,a2e8,92b1,7fbe,f536,
6123,6155,a2e8,92b1,7fbe,17ba,
6124,6155,a2e8,92b1,7fbe,17ce,
6125,6155,a2e8,92b1,7fbe,a1a2,
6126,6155,a2e8,92b1,7fbe,ea19,
6127,6155,a2e8,92b1,7fbe,af51,
6128,6155,a2e8,92b1,7fbe,3129,
6129,6155,a2e8,92b1,7fbe,171d,
6130,6155,a2e8,92b1,7fbe,3114,
6131,6155,a2e8,92b1,7fbe,adbf,
6132,6155,a2e8,92b1,7fbe,da23,
6133,6155,a2e8,92b1,7fbe,81ab,
6134,6155,a2e8,92b1,7fbe,3fe6,
6135,6155,a2e8,92b1,7fbe,403b,
6136,6155,a2e8,92b1,7fbe,f8aa,
6137,6155,a2e8,92b1,7fbe,2adc,
6138,6155,a2e8,92b1,7fbe,985e,
6139,6155,a2e8,92b1,7fbe,2d0b,
6140,6155,a2e8,92b1,7fbe,f57b,
6141,6155,a2e8,92b1,7fbe,2aaf,
6142,6155,a2e8,92b1,7fbe,a121,
6143,6155,a2e8,92b1,7fbe,3b20,
6144,6155,a2e8,92b1,7fbe,59c0,
6145,6155,a2e8,92b1,7fbe,b9d8,
6146,6155,a2e8,92b1,7fbe,1f0e,
6147,6155,a2e8,92b1,7fbe,a6cd,
6148,6155,a2e8,92b1,7fbe,3f66,
6149,6155,a2e8,92b1,7fbe,8ec3,
6150,6155,a2e8,92b1,7fbe,abd5,
6151,6155,a2e8,92b1,7fbe,87f3,
6152,6155,a2e8,92b1,7fbe,5575,
6153,6155,a2e8,92b1,7fbe,5e27,
6154,6155,a2e8,92b1,7fbe,d3d2,
6155,6155,a2e8,92b1,7fbe,5393,
6156,6155,a2e8,92b1,7fbe,8fca,
6157,6155,a2e8,92b1,7fbe,612b,
6158,6155,a2e8,92b1,7fbe,7a9b,
6159,6155,a2e8,92b1,7fbe,b74b,
6160,6155,a2e8,92b1,7fbe,7c38,
6161,6155,a2e8,92b1,7fbe,5438,
6162,6155,a2e8,92b1,7fbe,1328,
6163,6155,a2e8,92b1,7fbe,8ac5,
6164,6155,a2e8,92b1,7fbe,831e,
6165,6155,a2e8,92b1,7fbe,65f3,
6166,6155,a2e8,92b1,7fbe,8611,
6167,6155,a2e8,92b1,7fbe,c448,
6168,6155,a2e8,92b1,7fbe,acdf,
6169,6155,a2e8,92b1,7fbe,3f02,
6170,6155,a2e8,92b1,7fbe,3674,
6171,6155,a2e8,92b1,7fbe,97a0,
6172,6155,a2e8,92b1,7fbe,8acc,
6173,6155,a2e8,92b1,7fbe,6962,
6174,6155,a2e8,92b1,7fbe,1cd1,
6175,6155,a2e8,92b1,7fbe,d5e9,
6176,6155,a2e8,92b1,7fbe,d388,
6177,6155,a2e8,92b1,7fbe,a289,
6178,6155,a2e8,92b1,7fbe,6f01,
6179,6155,a2e8,92b1,7fbe,d413,
6180,6155,a2e8,92b1,7fbe,5c0d,
6181,6155,a2e8,92b1,7fbe,5359,
6182,6155,a2e8,92b1,7fbe,bd07,
6183,6155,a2e8,92b1,7fbe,c369,
6184,6155,a2e8,92b1,7fbe,1333,
6185,6155,a2e8,92b1,7fbe,bdf1,
6186,6155,a2e8,92b1,7fbe,3beb,
6187,6155,a2e8,92b1,7fbe,1281,
6188,6155,a2e8,92b1,7fbe,05d5,
6189,6155,a2e8,92b1,7fbe,8a71,
6190,6155,a2e8,92b1,7fbe,97c9,
6191,6155,a2e8,92b1,7fbe,ba31,
6192,6155,a2e8,92b1,7fbe,c955,
6193,6155,a2e8,92b1,7fbe,2c71,
6194,6155,a2e8,92b1,7fbe,1f1a,
6195,6155,a2e8,92b1,7fbe,30e6,
6196,6155,a2e8,92b1,7fbe,147d,
6197,6155,a2e8,92b1,7fbe,7e93,
6198,6155,a2e8,92b1,7fbe,f0ec,
6199,6155,a2e8,92b1,7fbe,85a6,
6200,6155,a2e8,92b1,7fbe,a64b,
6201,6155,a2e8,92b1,7fbe,bd9f,
6202,6155,a2e8,92b1,7fbe,b124,
6203,6155,a2e8,92b1,7fbe,23fe,
6204,6155,a2e8,92b1,7fbe,ddfd,
6205,6155,a2e8,92b1,7fbe,4770,
6206,6155,a2e8,92b1,7fbe,3277,
6207,6155,a2e8,92b1,7fbe,c4ed,
6208,6155,a2e8,92b1,7fbe,cf71,
6209,6155,a2e8,92b1,7fbe,f163,
6210,6155,a2e8,92b1,7fbe,c1a6,
6211,6155,a2e8,92b1,7fbe,8a58,
6212,6155,a2e8,92b1,7fbe,d73f,
6213,6155,a2e8,92b1,7fbe,4043,
6214,6155,a2e8,92b1,7fbe,96ab,
6215,6155,a2e8,92b1,7fbe,88d0,
6216,6155,a2e8,92b1,7fbe,876a,
6217,6155,a2e8,92b1,7fbe,8cb9,
6218,6155,a2e8,92b1,7fbe,8df4,
6219,6155,a2e8,92b1,7fbe,5f83,
6220,6155,a2e8,92b1,7fbe,9b28,
6221,6155,a2e8,92b1,7fbe,60fc,
6222,6155,a2e8,92b1,7fbe,8a4d,
6223,6155,a2e8,92b1,7fbe,d830,
6224,6155,a2e8,92b1,7fbe,165d,
6225,6155,a2e8,92b1,7fbe,4e97,
6226,6155,a2e8,92b1,7fbe,b52a,
6227,6155,a2e8,92b1,7fbe,dd59,
6228,6155,a2e8,92b1,7fbe,ca7e,
6229,6155,a2e8,92b1,7fbe,ef29,
6230,6155,a2e8,92b1,7fbe,c472,
6231,6155,a2e8,92b1,7fbe,9475,
6232,6155,a2e8,92b1,7fbe,365f,
6233,6155,a2e8,92b1,7fbe,174c,
6234,6155,a2e8,92b1,7fbe,0e3d,
6235,6155,a2e8,92b1,7fbe,7973,
6236,6155,a2e8,92b1,7fbe,519e,
6237,6155,a2e8,92b1,7fbe,968f,
6238,6155,a2e8,92b1,7fbe,c899,
6239,6155,a2e8,92b1,7fbe,2f81,
6240,6155,a2e8,92b1,7fbe,9ff7,
6241,6155,a2e8,92b1,7fbe,ed4e,
6242,6155,a2e8,92b1,7fbe,c3d6,
6243,6155,a2e8,92b1,7fbe,ed36,
6244,6155,a2e8,92b1,7fbe,5afc,
6245,6155,a2e8,92b1,7fbe,ea63,
6246,6155,a2e8,92b1,7fbe,ca12,
6247,6155,a2e8,92b1,7fbe,30d6,
6248,6155,a2e8,92b1,7fbe,862e,
6249,6155,a2e8,92b1,7fbe,ced9,
6250,6155,a2e8,92b1,7fbe,4edf,
6251,6155,a2e8,92b1,7fbe,52dc,
6252,6155,a2e8,92b1,7fbe,d5f9,
6253,6155,a2e8,92b1,7fbe,de82,
6254,6155,a2e8,92b1,7fbe,ebc0,
6255,6155,a2e8,92b1,7fbe,80a9,
6256,6155,a2e8,92b1,7fbe,7aa1,
6257,6155,a2e8,92b1,7fbe,dc09,
6258,6155,a2e8,92b1,7fbe,8f8a,
6259,6155,a2e8,92b1,7fbe,95e0,
6260,6155,a2e8,92b1,7fbe,4679,
6261,6155,a2e8,92b1,7fbe,0cff,
6262,6155,a2e8,92b1,7fbe,196e,
6263,6155,a2e8,92b1,7fbe,88b2,
6264,6155,a2e8,92b1,7fbe,266c,
6265,6155,a2e8,92b1,7fbe,9867,
6266,6155,a2e8,92b1,7fbe,eb2f,
6267,6155,a2e8,92b1,7fbe,381e,
6268,6155,a2e8,92b1,7fbe,6f17,
6269,6155,a2e8,92b1,7fbe,2ab7,
6270,6155,a2e8,92b1,7fbe,f235,
6271,6155,a2e8,92b1,7fbe,6f8e,
6272,6155,a2e8,92b1,7fbe,9355,
6273,6155,a2e8,92b1,7fbe,db74,
6274,6155,a2e8,92b1,7fbe,c91d,
6275,6155,a2e8,92b1,7fbe,3bd2,
6276,6155,a2e8,92b1,7fbe,f0ee,
6277,6155,a2e8,92b1,7fbe,3801,
6278,6155,a2e8,92b1,7fbe,ab7d,
6279,6155,a2e8,92b1,7fbe,f636,
6280,6155,a2e8,92b1,7fbe,8e88,
6281,6155,a2e8,92b1,7fbe,6d23,
6282,6155,a2e8,92b1,7fbe,20e6,
6283,6155,a2e8,92b1,7fbe,ecfc,
6284,6155,a2e8,92b1,7fbe,b916,
6285,6155,a2e8,92b1,7fbe,ed94,
6286,6155,a2e8,92b1,7fbe,1f1a,
6287,6155,a2e8,92b1,7fbe,29d3,
6288,6155,a2e8,92b1,7fbe,bd02,
6289,6155,a2e8,92b1,7fbe,7276,
6290,6155,a2e8,92b1,7fbe,65b7,
6291,6155,a2e8,92b1,7fbe,ea60,
6292,6155,a2e8,92b1,7fbe,3d37,
6293,6155,a2e8,92b1,7fbe,376b,
6294,6155,a2e8,92b1,7fbe,cfd5,
6295,6155,a2e8,92b1,7fbe,0352,
6296,6155,a2e8,92b1,7fbe,dc75,
6297,6155,a2e8,92b1,7fbe,84f4,
6298,6155,a2e8,92b1,7fbe,e789,
6299,6155,a2e8,92b1,7fbe,51f7,
6300,6155,a2e8,92b1,7fbe,c4b6,
6301,6155,a2e8,92b1,7fbe,d954,
6302,6155,a2e8,92b1,7fbe,8bbc,
6303,6155,a2e8,92b1,7fbe,48b9,
6304,6155,a2e8,92b1,7fbe,5d97,
6305,6155,a2e8,92b1,7fbe,e8bc,
6306,6155,a2e8,92b1,7fbe,669a,
6307,6155,a2e8,92b1,7fbe,569c,
6308,6155,a2e8,92b1,7fbe,960b,
6309,6155,a2e8,92b1,7fbe,162e,
6310,6155,a2e8,92b1,7fbe,493f,
6311,6155,a2e8,92b1,7fbe,7ab2,
6312,6155,a2e8,92b1,7fbe,08c2,
6313,6155,a2e8,92b1,7fbe,6d4a,
6314,6155,a2e8,92b1,7fbe,a0bb,
6315,6155,a2e8,92b1,7fbe,6cca,
6316,6155,a2e8,92b1,7fbe,8a7e,
6317,6155,a2e8,92b1,7fbe,2998,
6318,6155,a2e8,92b1,7fbe,b139,
6319,6155,a2e8,92b1,7fbe,d4b7,
6320,6155,a2e8,92b1,7fbe,9c4d,
6321,6155,a2e8,92b1,7fbe,8b58,
6322,6155,a2e8,92b1,7fbe,4e75,
6323,6155,a2e8,92b1,7fbe,df1e,
6324,6155,a2e8,92b1,7fbe,4586,
6325,6155,a2e8,92b1,7fbe,0c09,
6326,6155,a2e8,92b1,7fbe,d09f,
6327,6155,a2e8,92b1,7fbe,21fd,
6328,6155,a2e8,92b1,7fbe,0520,
6329,6155,a2e8,92b1,7fbe,125a,
6330,6155,a2e8,92b1,7fbe,7795,
6331,6155,a2e8,92b1,7fbe,3196,
6332,6155,a2e8,92b1,7fbe,0f62,
6333,6155,a2e8,92b1,7fbe,85c8,
6334,6155,a2e8,92b1,7fbe,6df6,
6335,6155,a2e8,92b1,7fbe,05f6,
6336,6155,a2e8,92b1,7fbe,64d5,
6337,6155,a2e8,92b1,7fbe,1ccb,
6338,6155,a2e8,92b1,7fbe,0d34,
6339,6155,a2e8,92b1,7fbe,68b1,
6340,6155,a2e8,92b1,7fbe,7b21,
6341,6155,a2e8,92b1,7fbe,3d84,
6342,6155,a2e8,92b1,7fbe,a0b9,
6343,6155,a2e8,92b1,7fbe,59a3,
6344,6155,a2e8,92b1,7fbe,21a8,
6345,6155,a2e8,92b1,7fbe,77a9,
6346,6155,a2e8,92b1,7fbe,f655,
6347,6155,a2e8,92b1,7fbe,62bc,
6348,6155,a2e8,92b1,7fbe,664e,
6349,6155,a2e8,92b1,7fbe,7960,
6350,6155,a2e8,92b1,7fbe,fdf1,
6351,6155,a2e8,92b1,7fbe,d758,
6352,6155,a2e8,92b1,7fbe,d95e,
6353,6155,a2e8,92b1,7fbe,7caa,
6354,6155,a2e8,92b1,7fbe,983b,
6355,6155,a2e8,92b1,7fbe,5673,
6356,6155,a2e8,92b1,7fbe,440c,
6357,6155,a2e8,92b1,7fbe,8100,
6358,6155,a2e8,92b1,7fbe,6651,
6359,6155,a2e8,92b1,7fbe,54fe,
6360,6155,a2e8,92b1,7fbe,ba0e,
6361,6155,a2e8,92b1,7fbe,b7b3,
6362,6155,a2e8,92b1,7fbe,42e1,
6363,6155,a2e8,92b1,7fbe,bee0,
6364,6155,a2e8,92b1,7fbe,2fe2,
6365,6155,a2e8,92b1,7fbe,4739,
6366,6155,a2e8,92b1,7fbe,b22b,
6367,6155,a2e8,92b1,7fbe,926c,
6368,6155,a2e8,92b1,7fbe,e053,
6369,6155,a2e8,92b1,7fbe,af1e,
6370,6155,a2e8,92b1,7fbe,904b,
6371,6155,a2e8,92b1,7fbe,4dfb,
6372,6155,a2e8,92b1,7fbe,0d3e,
6373,6155,a2e8,92b1,7fbe,e98d,
6374,6155,a2e8,92b1,7fbe,9a86,
6375,6155,a2e8,92b1,7fbe,67fd,
6376,6155,a2e8,92b1,7fbe,6c38,
6377,6155,a2e8,92b1,7fbe,19cb,
6378,6155,a2e8,92b1,7fbe,49f2,
6379,6155,a2e8,92b1,7fbe,3f5d,
6380,6155,a2e8,92b1,7fbe,d236,
6381,6155,a2e8,92b1,7fbe,c238,
6382,6155,a2e8,92b1,7fbe,9995,
6383,6155,a2e8,92b1,7fbe,322e,
6384,6155,a2e8,92b1,7fbe,7daa,
6385,6155,a2e8,92b1,7fbe,cf93,
6386,6155,a2e8,92b1,7fbe,5b47,
6387,6155,a2e8,92b1,7fbe,8f47,
6388,6155,a2e8,92b1,7fbe,6296,
6389,6155,a2e8,92b1,7fbe,8cd5,
6390,6155,a2e8,92b1,7fbe,538f,
6391,6155,a2e8,92b1,7fbe,2b12,
6392,6155,a2e8,92b1,7fbe,a2e2,
6393,6155,a2e8,92b1,7fbe,f497,
6394,6155,a2e8,92b1,7fbe,92b6,
6395,6155,a2e8,92b1,7fbe,6fc8,
6396,6155,a2e8,92b1,7fbe,406f,
6397,6155,a2e8,92b1,7fbe,1aa5,
6398,6155,a2e8,92b1,7fbe,ba8b,
6399,6155,a2e8,92b1,7fbe,8393,
6400,6155,a2e8,92b1,7fbe,b475,
6401,6155,a2e8,92b1,7fbe,32a1,
6402,6155,a2e8,92b1,7fbe,91a8,
6403,6155,a2e8,92b1,7fbe,ec32,
6404,6155,a2e8,92b1,7fbe,ebe9,
6405,6155,a2e8,92b1,7fbe,d3b3,
6406,6155,a2e8,92b1,7fbe,0307,
6407,6155,a2e8,92b1,7fbe,35fe,
6408,6155,a2e8,92b1,7fbe,1641,
6409,6155,a2e8,92b1,7fbe,00f4,
6410,6155,a2e8,92b1,7fbe,f201,
6411,6155,a2e8,92b1,7fbe,cbdd,
6412,6155,a2e8,92b1,7fbe,2af5,
6413,6155,a2e8,92b1,7fbe,4c28,
6414,6155,a2e8,92b1,7fbe,aace,
6415,6155,a2e8,92b1,7fbe,aa17,
6416,6155,a2e8,92b1,7fbe,a1b4,
6417,6155,a2e8,92b1,7fbe,17fc,
6418,6155,a2e8,92b1,7fbe,00ed,
6419,6155,a2e8,92b1,7fbe,2861,
6420,6155,a2e8,92b1,7fbe,b5de,
6421,6155,a2e8,92b1,7fbe,5ab3,
6422,6155,a2e8,92b1,7fbe,4f44,
6423,6155,a2e8,92b1,7fbe,e7e4,
6424,6155,a2e8,92b1,7fbe,97f0,
6425,6155,a2e8,92b1,7fbe,3ad4,
6426,6155,a2e8,92b1,7fbe,24a7,
6427,6155,a2e8,92b1,7fbe,20b8,
6428,6155,a2e8,92b1,7fbe,fdeb,
6429,6155,a2e8,92b1,7fbe,49f1,
6430,6155,a2e8,92b1,7fbe,675b,
6431,6155,a2e8,92b1,7fbe,9ef1,
6432,6155,a2e8,92b1,7fbe,9aa2,
6433,6155,a2e8,92b1,7fbe,ee18,
6434,6155,a2e8,92b1,7fbe,1533,
6435,6155,a2e8,92b1,7fbe,fc59,
6436,6155,a2e8,92b1,7fbe,a847,
6437,6155,a2e8,92b1,7fbe,b3f6,
6438,6155,a2e8,92b1,7fbe,1985,
6439,6155,a2e8,92b1,7fbe,cb20,
6440,6155,a2e8,92b1,7fbe,819e,
6441,6155,a2e8,92b1,7fbe,0186,
6442,6155,a2e8,92b1,7fbe,0760,
6443,6155,a2e8,92b1,7fbe,f527,
6444,6155,a2e8,92b1,7fbe,5663,
6445,6155,a2e8,92b1,7fbe,5ae1,
6446,6155,a2e8,92b1,7fbe,d1cc,
6447,6155,a2e8,92b1,7fbe,35f9,
6448,6155,a2e8,92b1,7fbe,7a73,
6449,6155,a2e8,92b1,7fbe,2f4c,
6450,6155,a2e8,92b1,7fbe,1ec6,
6451,6155,a2e8,92b1,7fbe,156c,
6452,6155,a2e8,92b1,7fbe,97f7,
6453,6155,a2e8,92b1,7fbe,e551,
6454,6155,a2e8,92b1,7fbe,3474,
6455,6155,a2e8,92b1,7fbe,b76d,
6456,6155,a2e8,92b1,7fbe,f558,
6457,6155,a2e8,92b1,7fbe,62cf,
6458,6155,a2e8,92b1,7fbe,a83c,
6459,6155,a2e8,92b1,7fbe,9044,
6460,6155,a2e8,92b1,7fbe,bbe1,
6461,6155,a2e8,92b1,7fbe,b7a0,
6462,6155,a2e8,92b1,7fbe,7f6a,
6463,6155,a2e8,92b1,7fbe,76fa,
6464,6155,a2e8,92b1,7fbe,03db,
6465,6155,a2e8,92b1,7fbe,65f1,
6466,6155,a2e8,92b1,7fbe,13d6,
6467,6155,a2e8,92b1,7fbe,4ad8,
6468,6155,a2e8,92b1,7fbe,cfc2,
6469,6155,a2e8,92b1,7fbe,10b3,
6470,6155,a2e8,92b1,7fbe,d683,
6471,6155,a2e8,92b1,7fbe,f300,
6472,6155,a2e8,92b1,7fbe,35ea,
6473,6155,a2e8,92b1,7fbe,d012,
6474,6155,a2e8,92b1,7fbe,1e9b,
6475,6155,a2e8,92b1,7fbe,3e81,
6476,6155,a2e8,92b1,7fbe,f1b0,
6477,6155,a2e8,92b1,7fbe,33c0,
6478,6155,a2e8,92b1,7fbe,831c,
6479,6155,a2e8,92b1,7fbe,5df0,
6480,6155,a2e8,92b1,7fbe,1225,
6481,6155,a2e8,92b1,7fbe,49f0,
6482,6155,a2e8,92b1,7fbe,ae69,
6483,6155,a2e8,92b1,7fbe,ed37,
6484,6155,a2e8,92b1,7fbe,920c,
6485,6155,a2e8,92b1,7fbe,0764,
6486,6155,a2e8,92b1,7fbe,84a4,
6487,6155,a2e8,92b1,7fbe,ca4b,
6488,6155,a2e8,92b1,7fbe,2908,
6489,6155,a2e8,92b1,7fbe,576e,
6490,6155,a2e8,92b1,7fbe,f39e,
6491,6155,a2e8,92b1,7fbe,0c20,
6492,6155,a2e8,92b1,7fbe,324e,
6493,6155,a2e8,92b1,7fbe,f948,
6494,6155,a2e8,92b1,7fbe,c30c,
6495,6155,a2e8,92b1,7fbe,94b2,
6496,6155,a2e8,92b1,7fbe,f94e,
6497,6155,a2e8,92b1,7fbe,49f9,
6498,6155,a2e8,92b1,7fbe,82f7,
6499,6155,a2e8,92b1,7fbe,8e46,
6500,6155,a2e8,92b1,7fbe,32f1,
6501,6155,a2e8,92b1,7fbe,a7ee,
6502,6155,a2e8,92b1,7fbe,2791,
6503,6155,a2e8,92b1,7fbe,39d9,
6504,6155,a2e8,92b1,7fbe,890c,
6505,6155,a2e8,92b1,7fbe,13ca,
6506,6155,a2e8,92b1,7fbe,08e1,
6507,6155,a2e8,92b1,7fbe,4157,
6508,6155,a2e8,92b1,7fbe,cbc0,
6509,6155,a2e8,92b1,7fbe,c7f7,
6510,6155,a2e8,92b1,7fbe,0434,
6511,6155,a2e8,92b1,7fbe,3b6f,
6512,6155,a2e8,92b1,7fbe,6413,
6513,6155,a2e8,92b1,7fbe,f4ff,
6514,6155,a2e8,92b1,7fbe,42a3,
6515,6155,a2e8,92b1,7fbe,e012,
6516,6155,a2e8,92b1,7fbe,0e88,
6517,6155,a2e8,92b1,7fbe,578c,
6518,6155,a2e8,92b1,7fbe,c5da,
6519,6155,a2e8,92b1,7fbe,efee,
6520,6155,a2e8,92b1,7fbe,2c27,
6521,6155,a2e8,92b1,7fbe,3982,
6522,6155,a2e8,92b1,7fbe,e74d,
6523,6155,a2e8,92b1,7fbe,f275,
6524,6155,a2e8,92b1,7fbe,2b03,
6525,6155,a2e8,92b1,7fbe,0f55,
6526,6155,a2e8,92b1,7fbe,fc8f,
6527,6155,a2e8,92b1,7fbe,990d,
6528,6155,a2e8,92b1,7fbe,7afc,
6529,6155,a2e8,92b1,7fbe,ad44,
6530,6155,a2e8,92b1,7fbe,8498,
6531,6155,a2e8,92b1,7fbe,8426,
6532,6155,a2e8,92b1,7fbe,8694,
6533,6155,a2e8,92b1,7fbe,cb52,
6534,6155,a2e8,92b1,7fbe,e863,
6535,6155,a2e8,92b1,7fbe,3e97,
6536,6155,a2e8,92b1,7fbe,5cfd,
6537,6155,a2e8,92b1,7fbe,3984,
6538,6155,a2e8,92b1,7fbe,26b5,
6539,6155,a2e8,92b1,7fbe,8fb8,
6540,6155,a2e8,92b1,7fbe,c5f6,
6541,6155,a2e8,92b1,7fbe,b7dd,
6542,6155,a2e8,92b1,7fbe,d9e7,
6543,6155,a2e8,92b1,7fbe,1b0d,
6544,6155,a2e8,92b1,7fbe,d10d,
6545,6155,a2e8,92b1,7fbe,ef43,
6546,6155,a2e8,92b1,7fbe,7af3,
6547,6155,a2e8,92b1,7fbe,1877,
6548,6155,a2e8,92b1,7fbe,5998,
6549,6155,a2e8,92b1,7fbe,722d,
6550,6155,a2e8,92b1,7fbe,74e8,
6551,6155,a2e8,92b1,7fbe,8fe5,
6552,6155,a2e8,92b1,7fbe,2fd1,
6553,6155,a2e8,92b1,7fbe,33dd,
6554,6155,a2e8,92b1,7fbe,a757,
6555,6155,a2e8,92b1,7fbe,856c,
6556,6155,a2e8,92b1,7fbe,710c,
6557,6155,a2e8,92b1,7fbe,7102,
6558,6155,a2e8,92b1,7fbe,62a8,
6559,6155,a2e8,92b1,7fbe,62f6,
6560,6155,a2e8,92b1,7fbe,e919,
6561,6155,a2e8,92b1,7fbe,6e4f,
6562,6155,a2e8,92b1,7fbe,9ff8,
6563,6155,a2e8,92b1,7fbe,3491,
6564,6155,a2e8,92b1,7fbe,8ad8,
6565,6155,a2e8,92b1,7fbe,5300,
6566,6155,a2e8,92b1,7fbe,f6ff,
6567,6155,a2e8,92b1,7fbe,2595,
6568,6155,a2e8,92b1,7fbe,f125,
6569,6155,a2e8,92b1,7fbe,32ac,
6570,6155,a2e8,92b1,7fbe,a3c2,
6571,6155,a2e8,92b1,7fbe,97ec,
6572,6155,a2e8,92b1,7fbe,86f7,
6573,6155,a2e8,92b1,7fbe,c8d4,
6574,6155,a2e8,92b1,7fbe,3158,
6575,6155,a2e8,92b1,7fbe,24e3,
6576,6155,a2e8,92b1,7fbe,f164,
6577,6155,a2e8,92b1,7fbe,7561,
6578,6155,a2e8,92b1,7fbe,bd0c,
6579,6155,a2e8,92b1,7fbe,6dfa,
6580,6155,a2e8,92b1,7fbe,59a7,
6581,6155,a2e8,92b1,7fbe,2e07,
6582,6155,a2e8,92b1,7fbe,41ab,
6583,6155,a2e8,92b1,7fbe,1e19,
6584,6155,a2e8,92b1,7fbe,5a7b,
6585,6155,a2e8,92b1,7fbe,5182,
6586,6155,a2e8,92b1,7fbe,0f9a,
6587,6155,a2e8,92b1,7fbe,d33c,
6588,6155,a2e8,92b1,7fbe,4c0c,
6589,6155,a2e8,92b1,7fbe,e81e,
6590,6155,a2e8,92b1,7fbe,c04d,
6591,6155,a2e8,92b1,7fbe,953d,
6592,6155,a2e8,92b1,7fbe,0c27,
6593,6155,a2e8,92b1,7fbe,7117,
6594,6155,a2e8,92b1,7fbe,41ba,
6595,6155,a2e8,92b1,7fbe,3983,
6596,6155,a2e8,92b1,7fbe,fab9,
6597,6155,a2e8,92b1,7fbe,c65d,
6598,6155,a2e8,92b1,7fbe,6e42,
6599,6155,a2e8,92b1,7fbe,94ab,
6600,6155,a2e8,92b1,7fbe,99f8,
6601,6155,a2e8,92b1,7fbe,7532,
6602,6155,a2e8,92b1,7fbe,9b00,
6603,6155,a2e8,92b1,7fbe,e339,
6604,6155,a2e8,92b1,7fbe,c3c6,
6605,6155,a2e8,92b1,7fbe,db65,
6606,6155,a2e8,92b1,7fbe,c10c,
6607,6155,a2e8,92b1,7fbe,2ef9,
6608,6155,a2e8,92b1,7fbe,7f94,
6609,6155,a2e8,92b1,7fbe,4dbe,
6610,6155,a2e8,92b1,7fbe,c0b6,
6611,6155,a2e8,92b1,7fbe,4361,
6612,6155,a2e8,92b1,7fbe,15e0,
6613,6155,a2e8,92b1,7fbe,fd74,
6614,6155,a2e8,92b1,7fbe,756a,
6615,6155,a2e8,92b1,7fbe,e937,
6616,6155,a2e8,92b1,7fbe,7f0b,
6617,6155,a2e8,92b1,7fbe,b280,
6618,6155,a2e8,92b1,7fbe,1978,
6619,6155,a2e8,92b1,7fbe,278e,
6620,6155,a2e8,92b1,7fbe,ef31,
6621,6155,a2e8,92b1,7fbe,eb4f,
6622,6155,a2e8,92b1,7fbe,931e,
6623,6155,a2e8,92b1,7fbe,6679,
6624,6155,a2e8,92b1,7fbe,95be,
6625,6155,a2e8,92b1,7fbe,a177,
6626,6155,a2e8,92b1,7fbe,73c3,
6627,6155,a2e8,92b1,7fbe,6b24,
6628,6155,a2e8,92b1,7fbe,5786,
6629,6155,a2e8,92b1,7fbe,ea2d,
6630,6155,a2e8,92b1,7fbe,b624,
6631,6155,a2e8,92b1,7fbe,1c4c,
6632,6155,a2e8,92b1,7fbe,2615,
6633,6155,a2e8,92b1,7fbe,409e,
6634,6155,a2e8,92b1,7fbe,e95a,
6635,6155,a2e8,92b1,7fbe,33ad,
6636,6155,a2e8,92b1,7fbe,c707,
6637,6155,a2e8,92b1,7fbe,97ea,
6638,6155,a2e8,92b1,7fbe,5370,
6639,6155,a2e8,92b1,7fbe,ed0c,
6640,6155,a2e8,92b1,7fbe,9f6f,
6641,6155,a2e8,92b1,7fbe,5a73,
6642,6155,a2e8,92b1,7fbe,b096,
6643,6155,a2e8,92b1,7fbe,ad98,
6644,6155,a2e8,92b1,7fbe,78d2,
6645,6155,a2e8,92b1,7fbe,5c3d,
6646,6155,a2e8,92b1,7fbe,1628,
6647,6155,a2e8,92b1,7fbe,5a41,
6648,6155,a2e8,92b1,7fbe,b1c8,
6649,6155,a2e8,92b1,7fbe,9942,
6650,6155,a2e8,92b1,7fbe,9e7d,
6651,6155,a2e8,92b1,7fbe,34e3,
6652,6155,a2e8,92b1,7fbe,b355,
6653,6155,a2e8,92b1,7fbe,5aa9,
6654,6155,a2e8,92b1,7fbe,e5a8,
6655,6155,a2e8,92b1,7fbe,b3ea,
6656,6155,a2e8,92b1,7fbe,a65e,
6657,6155,a2e8,92b1,7fbe,464e,
6658,6155,a2e8,92b1,7fbe,b551,
6659,6155,a2e8,92b1,7fbe,aa15,
6660,6155,a2e8,92b1,7fbe,c035,
6661,6155,a2e8,92b1,7fbe,1dc2,
6662,6155,a2e8,92b1,7fbe,e395,
6663,6155,a2e8,92b1,7fbe,3f8b,
6664,6155,a2e8,92b1,7fbe,237a,
6665,6155,a2e8,92b1,7fbe,3ad4,
6666,6155,a2e8,92b1,7fbe,43d7,
6667,6155,a2e8,92b1,7fbe,b602,
6668,6155,a2e8,92b1,7fbe,f840,
6669,6155,a2e8,92b1,7fbe,4bcb,
6670,6155,a2e8,92b1,7fbe,15a3,
6671,6155,a2e8,92b1,7fbe,640d,
6672,6155,a2e8,92b1,7fbe,7d97,
6673,6155,a2e8,92b1,7fbe,3471,
6674,6155,a2e8,92b1,7fbe,86bf,
6675,6155,a2e8,92b1,7fbe,a451,
6676,6155,a2e8,92b1,7fbe,a9f9,
6677,6155,a2e8,92b1,7fbe,2c49,
6678,6155,a2e8,92b1,7fbe,8655,
6679,6155,a2e8,92b1,7fbe,cc2d,
6680,6155,a2e8,92b1,7fbe,9fe7,
6681,6155,a2e8,92b1,7fbe,f11d,
6682,6155,a2e8,92b1,7fbe,8df5,
6683,6155,a2e8,92b1,7fbe,acbc,
6684,6155,a2e8,92b1,7fbe,6048,
6685,6155,a2e8,92b1,7fbe,3d1d,
6686,6155,a2e8,92b1,7fbe,0890,
6687,6155,a2e8,92b1,7fbe,fd29,
6688,6155,a2e8,92b1,7fbe,78ba,
6689,6155,a2e8,92b1,7fbe,e99b,
6690,6155,a2e8,92b1,7fbe,7256,
6691,6155,a2e8,92b1,7fbe,276c,
6692,6155,a2e8,92b1,7fbe,1552,
6693,6155,a2e8,92b1,7fbe,f54b,
6694,6155,a2e8,92b1,7fbe,f021,
6695,6155,a2e8,92b1,7fbe,cda3,
6696,6155,a2e8,92b1,7fbe,62bf,
6697,6155,a2e8,92b1,7fbe,2fbc,
6698,6155,a2e8,92b1,7fbe,d3f8,
6699,6155,a2e8,92b1,7fbe,6961,
6700,6155,a2e8,92b1,7fbe,e601,
6701,6155,a2e8,92b1,7fbe,cc5c,
6702,6155,a2e8,92b1,7fbe,bf5f,
6703,6155,a2e8,92b1,7fbe,e9da,
6704,6155,a2e8,92b1,7fbe,acbc,
6705,6155,a2e8,92b1,7fbe,1e3b,
6706,6155,a2e8,92b1,7fbe,c17f,
6707,6155,a2e8,92b1,7fbe,3478,
6708,6155,a2e8,92b1,7fbe,7f14,
6709,6155,a2e8,92b1,7fbe,1537,
6710,6155,a2e8,92b1,7fbe,4364,
6711,6155,a2e8,92b1,7fbe,2a3e,
6712,6155,a2e8,92b1,7fbe,df04,
6713,6155,a2e8,92b1,7fbe,d5c2,
6714,6155,a2e8,92b1,7fbe,e6a5,
6715,6155,a2e8,92b1,7fbe,f11f,
6716,6155,a2e8,92b1,7fbe,6f5e,
6717,6155,a2e8,92b1,7fbe,645c,
6718,6155,a2e8,92b1,7fbe,ad9e,
6719,6155,a2e8,92b1,7fbe,ba59,
6720,6155,a2e8,92b1,7fbe,9fc2,
6721,6155,a2e8,92b1,7fbe,156c,
6722,6155,a2e8,92b1,7fbe,6632,
6723,6155,a2e8,92b1,7fbe,c51e,
6724,6155,a2e8,92b1,7fbe,d533,
6725,6155,a2e8,92b1,7fbe,8bb4,
6726,6155,a2e8,92b1,7fbe,84d4,
6727,6155,a2e8,92b1,7fbe,d998,
6728,6155,a2e8,92b1,7fbe,6585,
6729,6155,a2e8,92b1,7fbe,ee39,
6730,6155,a2e8,92b1,7fbe,b2a8,
6731,6155,a2e8,92b1,7fbe,7a11,
6732,6155,a2e8,92b1,7fbe,d16d,
6733,6155,a2e8,92b1,7fbe,a1ba,
6734,6155,a2e8,92b1,7fbe,e6da,
6735,6155,a2e8,92b1,7fbe,bec8,
6736,6155,a2e8,92b1,7fbe,a815,
6737,6155,a2e8,92b1,7fbe,37da,
6738,6155,a2e8,92b1,7fbe,78b2,
6739,6155,a2e8,92b1,7fbe,33e8,
6740,6155,a2e8,92b1,7fbe,da5f,
6741,6155,a2e8,92b1,7fbe,9619,
6742,6155,a2e8,92b1,7fbe,e210,
6743,6155,a2e8,92b1,7fbe,f9e0,
6744,6155,a2e8,92b1,7fbe,4745,
6745,6155,a2e8,92b1,7fbe,dca8,
6746,6155,a2e8,92b1,7fbe,ba10,
6747,6155,a2e8,92b1,7fbe,97f6,
6748,6155,a2e8,92b1,7fbe,4bd6,
6749,6155,a2e8,92b1,7fbe,77f8,
6750,6155,a2e8,92b1,7fbe,5a57,
6751,6155,a2e8,92b1,7fbe,ecce,
6752,6155,a2e8,92b1,7fbe,d0c9,
6753,6155,a2e8,92b1,7fbe,b834,
6754,6155,a2e8,92b1,7fbe,2f84,
6755,6155,a2e8,92b1,7fbe,016c,
6756,6155,a2e8,92b1,7fbe,c1fe,
6757,6155,a2e8,92b1,7fbe,adc4,
6758,6155,a2e8,92b1,7fbe,8efa,
6759,6155,a2e8,92b1,7fbe,8e12,
6760,6155,a2e8,92b1,7fbe,119f,
6761,6155,a2e8,92b1,7fbe,c5d8,
6762,6155,a2e8,92b1,7fbe,1c3c,
6763,6155,a2e8,92b1,7fbe,d73f,
6764,6155,a2e8,92b1,7fbe,adc1,
6765,6155,a2e8,92b1,7fbe,5882,
6766,6155,a2e8,92b1,7fbe,0959,
6767,6155,a2e8,92b1,7fbe,23ca,
6768,6155,a2e8,92b1,7fbe,87a8,
6769,6155,a2e8,92b1,7fbe,95ab,
6770,6155,a2e8,92b1,7fbe,95b3,
6771,6155,a2e8,92b1,7fbe,10a4,
6772,6155,a2e8,92b1,7fbe,93bf,
6773,6155,a2e8,92b1,7fbe,b6bd,
6774,6155,a2e8,92b1,7fbe,2cea,
6775,6155,a2e8,92b1,7fbe,4352,
6776,6155,a2e8,92b1,7fbe,2f25,
6777,6155,a2e8,92b1,7fbe,d155,
6778,6155,a2e8,92b1,7fbe,68ef,
6779,6155,a2e8,92b1,7fbe,5a9c,
6780,6155,a2e8,92b1,7fbe,2037,
6781,6155,a2e8,92b1,7fbe,462c,
6782,6155,a2e8,92b1,7fbe,4215,
6783,6155,a2e8,92b1,7fbe,0a80,
6784,6155,a2e8,92b1,7fbe,4b34,
6785,6155,a2e8,92b1,7fbe,0e24,
6786,6155,a2e8,92b1,7fbe,4c02,
6787,6155,a2e8,92b1,7fbe,3063,
6788,6155,a2e8,92b1,7fbe,dbff,
6789,6155,a2e8,92b1,7fbe,846c,
6790,6155,a2e8,92b1,7fbe,a1b0,
6791,6155,a2e8,92b1,7fbe,4ddc,
6792,6155,a2e8,92b1,7fbe,34e1,
6793,6155,a2e8,92b1,7fbe,8e4f,
6794,6155,a2e8,92b1,7fbe,3fb7,
6795,6155,a2e8,92b1,7fbe,aec5,
6796,6155,a2e8,92b1,7fbe,0921,
6797,6155,a2e8,92b1,7fbe,0a26,
6798,6155,a2e8,92b1,7fbe,760f,
6799,6155,a2e8,92b1,7fbe,26db,
6800,6155,a2e8,92b1,7fbe,bf51,
6801,6155,a2e8,92b1,7fbe,429f,
6802,6155,a2e8,92b1,7fbe,f83e,
6803,6155,a2e8,92b1,7fbe,2bcd,
6804,6155,a2e8,92b1,7fbe,e329,
6805,6155,a2e8,92b1,7fbe,9972,
6806,6155,a2e8,92b1,7fbe,9657,
6807,6155,a2e8,92b1,7fbe,6b67,
6808,6155,a2e8,92b1,7fbe,1b8a,
6809,6155,a2e8,92b1,7fbe,8b23,
6810,6155,a2e8,92b1,7fbe,cc6a,
6811,6155,a2e8,92b1,7fbe,ddb8,
6812,6155,a2e8,92b1,7fbe,d6a6,
6813,6155,a2e8,92b1,7fbe,901a,
6814,6155,a2e8,92b1,7fbe,2499,
6815,6155,a2e8,92b1,7fbe,c11a,
6816,6155,a2e8,92b1,7fbe,c723,
6817,6155,a2e8,92b1,7fbe,f0da,
6818,6155,a2e8,92b1,7fbe,eff7,
6819,6155,a2e8,92b1,7fbe,ada7,
6820,6155,a2e8,92b1,7fbe,0100,
6821,6155,a2e8,92b1,7fbe,be8a,
6822,6155,a2e8,92b1,7fbe,e18a,
6823,6155,a2e8,92b1,7fbe,915c,
6824,6155,a2e8,92b1,7fbe,e1d3,
6825,6155,a2e8,92b1,7fbe,32f5,
6826,6155,a2e8,92b1,7fbe,75ab,
6827,6155,a2e8,92b1,7fbe,acd6,
6828,6155,a2e8,92b1,7fbe,ddb1,
6829,6155,a2e8,92b1,7fbe,4af3,
6830,6155,a2e8,92b1,7fbe,96b6,
6831,6155,a2e8,92b1,7fbe,3cf3,
6832,6155,a2e8,92b1,7fbe,ec73,
6833,6155,a2e8,92b1,7fbe,2e97,
6834,6155,a2e8,92b1,7fbe,13d4,
6835,6155,a2e8,92b1,7fbe,1a9c,
6836,6155,a2e8,92b1,7fbe,7b62,
6837,6155,a2e8,92b1,7fbe,510f,
6838,6155,a2e8,92b1,7fbe,012a,
6839,6155,a2e8,92b1,7fbe,9504,
6840,6155,a2e8,92b1,7fbe,b5a5,
6841,6155,a2e8,92b1,7fbe,5502,
6842,6155,a2e8,92b1,7fbe,0acf,
6843,6155,a2e8,92b1,7fbe,579b,
6844,6155,a2e8,92b1,7fbe,d60b,
6845,6155,a2e8,92b1,7fbe,256c,
6846,6155,a2e8,92b1,7fbe,0d50,
6847,6155,a2e8,92b1,7fbe,f5ef,
6848,6155,a2e8,92b1,7fbe,a605,
6849,6155,a2e8,92b1,7fbe,322e,
6850,6155,a2e8,92b1,7fbe,9618,
6851,6155,a2e8,92b1,7fbe,8cb2,
6852,6155,a2e8,92b1,7fbe,992a,
6853,6155,a2e8,92b1,7fbe,227d,
6854,6155,a2e8,92b1,7fbe,225f,
6855,6155,a2e8,92b1,7fbe,f262,
6856,6155,a2e8,92b1,7fbe,d27e,
6857,6155,a2e8,92b1,7fbe,6bde,
6858,6155,a2e8,92b1,7fbe,539b,
6859,6155,a2e8,92b1,7fbe,0301,
6860,6155,a2e8,92b1,7fbe,a3bc,
6861,6155,a2e8,92b1,7fbe,6fae,
6862,6155,a2e8,92b1,7fbe,99c0,
6863,6155,a2e8,92b1,7fbe,285f,
6864,6155,a2e8,92b1,7fbe,0b02,
6865,6155,a2e8,92b1,7fbe,77c2,
6866,6155,a2e8,92b1,7fbe,5298,
6867,6155,a2e8,92b1,7fbe,7f1f,
6868,6155,a2e8,92b1,7fbe,1a96,
6869,6155,a2e8,92b1,7fbe,8106,
6870,6155,a2e8,92b1,7fbe,3aa2,
6871,6155,a2e8,92b1,7fbe,3984,
6872,6155,a2e8,92b1,7fbe,af9e,
6873,6155,a2e8,92b1,7fbe,edeb,
6874,6155,a2e8,92b1,7fbe,af41,
6875,6155,a2e8,92b1,7fbe,8172,
6876,6155,a2e8,92b1,7fbe,6b2e,
6877,6155,a2e8,92b1,7fbe,df03,
6878,6155,a2e8,92b1,7fbe,f3ee,
6879,6155,a2e8,92b1,7fbe,7d4f,
6880,6155,a2e8,92b1,7fbe,1712,
6881,6155,a2e8,92b1,7fbe,56ea,
6882,6155,a2e8,92b1,7fbe,92ff,
6883,6155,a2e8,92b1,7fbe,a3b4,
6884,6155,a2e8,92b1,7fbe,1a8f,
6885,6155,a2e8,92b1,7fbe,7703,
6886,6155,a2e8,92b1,7fbe,9fcf,
6887,6155,a2e8,92b1,7fbe,5a64,
6888,6155,a2e8,92b1,7fbe,a5d6,
6889,6155,a2e8,92b1,7fbe,2215,
6890,6155,a2e8,92b1,7fbe,275f,
6891,6155,a2e8,92b1,7fbe,ca96,
6892,6155,a2e8,92b1,7fbe,1550,
6893,6155,a2e8,92b1,7fbe,4a61,
6894,6155,a2e8,92b1,7fbe,2638,
6895,6155,a2e8,92b1,7fbe,778d,
6896,6155,a2e8,92b1,7fbe,f4d0,
6897,6155,a2e8,92b1,7fbe,b9e9,
6898,6155,a2e8,92b1,7fbe,aaa2,
6899,6155,a2e8,92b1,7fbe,a0c2,
6900,6155,a2e8,92b1,7fbe,f0a8,
6901,6155,a2e8,92b1,7fbe,aac5,
6902,6155,a2e8,92b1,7fbe,3b9b,
6903,6155,a2e8,92b1,7fbe,361e,
6904,6155,a2e8,92b1,7fbe,c1bb,
6905,6155,a2e8,92b1,7fbe,50d2,
6906,6155,a2e8,92b1,7fbe,5c67,
6907,6155,a2e8,92b1,7fbe,c7de,
6908,6155,a2e8,92b1,7fbe,5333,
6909,6155,a2e8,92b1,7fbe,84ab,
6910,6155,a2e8,92b1,7fbe,fa1e,
6911,6155,a2e8,92b1,7fbe,80b8,
6912,6155,a2e8,92b1,7fbe,c120,
6913,6155,a2e8,92b1,7fbe,cc04,
6914,6155,a2e8,92b1,7fbe,db59,
6915,6155,a2e8,92b1,7fbe,5a00,
6916,6155,a2e8,92b1,7fbe,09f9,
6917,6155,a2e8,92b1,7fbe,c47e,
6918,6155,a2e8,92b1,7fbe,5dff,
6919,6155,a2e8,92b1,7fbe,9fb3,
6920,6155,a2e8,92b1,7fbe,f565,
6921,6155,a2e8,92b1,7fbe,580d,
6922,6155,a2e8,92b1,7fbe,ae6a,
6923,6155,a2e8,92b1,7fbe,edd8,
6924,6155,a2e8,92b1,7fbe,5e1c,
6925,6155,a2e8,92b1,7fbe,d3f7,
6926,6155,a2e8,92b1,7fbe,fdd4,
6927,6155,a2e8,92b1,7fbe,6e8c,
6928,6155,a2e8,92b1,7fbe,2dc3,
6929,6155,a2e8,92b1,7fbe,a61e,
6930,6155,a2e8,92b1,7fbe,8a62,
6931,6155,a2e8,92b1,7fbe,96fa,
6932,6155,a2e8,92b1,7fbe,7820,
6933,6155,a2e8,92b1,7fbe,446d,
6934,6155,a2e8,92b1,7fbe,3ecc,
6935,6155,a2e8,92b1,7fbe,effc,
6936,6155,a2e8,92b1,7fbe,db65,
6937,6155,a2e8,92b1,7fbe,7af0,
6938,6155,a2e8,92b1,7fbe,f56c,
6939,6155,a2e8,92b1,7fbe,dc2b,
6940,6155,a2e8,92b1,7fbe,a0c8,
6941,6155,a2e8,92b1,7fbe,330c,
6942,6155,a2e8,92b1,7fbe,e5a2,
6943,6155,a2e8,92b1,7fbe,684c,
6944,6155,a2e8,92b1,7fbe,b175,
6945,6155,a2e8,92b1,7fbe,88ef,
6946,6155,a2e8,92b1,7fbe,7163,
6947,6155,a2e8,92b1,7fbe,07f1,
6948,6155,a2e8,92b1,7fbe,7d12,
6949,6155,a2e8,92b1,7fbe,4d4f,
6950,6155,a2e8,92b1,7fbe,a37d,
6951,6155,a2e8,92b1,7fbe,453b,
6952,6155,a2e8,92b1,7fbe,c351,
6953,6155,a2e8,92b1,7fbe,b08b,
6954,6155,a2e8,92b1,7fbe,d3cb,
6955,6155,a2e8,92b1,7fbe,4eec,
6956,6155,a2e8,92b1,7fbe,d5a5,
6957,6155,a2e8,92b1,7fbe,51a8,
6958,6155,a2e8,92b1,7fbe,adec,
6959,6155,a2e8,92b1,7fbe,b4d0,
6960,6155,a2e8,92b1,7fbe,0551,
6961,6155,a2e8,92b1,7fbe,e33c,
6962,6155,a2e8,92b1,7fbe,62be,
6963,6155,a2e8,92b1,7fbe,9f83,
6964,6155,a2e8,92b1,7fbe,f37e,
6965,6155,a2e8,92b1,7fbe,5b9b,
6966,6155,a2e8,92b1,7fbe,82d6,
6967,6155,a2e8,92b1,7fbe,c785,
6968,6155,a2e8,92b1,7fbe,faa2,
6969,6155,a2e8,92b1,7fbe,ff14,
6970,6155,a2e8,92b1,7fbe,aa42,
6971,6155,a2e8,92b1,7fbe,4599,
6972,6155,a2e8,92b1,7fbe,f9eb,
6973,6155,a2e8,92b1,7fbe,2b1b,
6974,6155,a2e8,92b1,7fbe,8970,
6975,6155,a2e8,92b1,7fbe,06b9,
6976,6155,a2e8,92b1,7fbe,f3a7,
6977,6155,a2e8,92b1,7fbe,e52d,
6978,6155,a2e8,92b1,7fbe,5f07,
6979,6155,a2e8,92b1,7fbe,031f,
6980,6155,a2e8,92b1,7fbe,fc81,
6981,6155,a2e8,92b1,7fbe,3a29,
6982,6155,a2e8,92b1,7fbe,33e8,
6983,6155,a2e8,92b1,7fbe,e522,
6984,6155,a2e8,92b1,7fbe,635d,
6985,6155,a2e8,92b1,7fbe,9b21,
6986,6155,a2e8,92b1,7fbe,2ea4,
6987,6155,a2e8,92b1,7fbe,4b08,
6988,6155,a2e8,92b1,7fbe,e93c,
6989,6155,a2e8,92b1,7fbe,623e,
6990,6155,a2e8,92b1,7fbe,9b2d,
6991,6155,a2e8,92b1,7fbe,3433,
6992,6155,a2e8,92b1,7fbe,a738,
6993,6155,a2e8,92b1,7fbe,b823,
6994,6155,a2e8,92b1,7fbe,f4e5,
6995,6155,a2e8,92b1,7fbe,39de,
6996,6155,a2e8,92b1,7fbe,ea22,
6997,6155,a2e8,92b1,7fbe,6c3b,
6998,6155,a2e8,92b1,7fbe,16ac,
6999,6155,a2e8,92b1,7fbe,0471,
7000,6155,a2e8,92b1,7fbe,32ce,
7001,6155,a2e8,92b1,7fbe,294a,
7002,6155,a2e8,92b1,7fbe,9d1e,
7003,6155,a2e8,92b1,7fbe,2c8a,
7004,6155,a2e8,92b1,7fbe,a812,
7005,6155,a2e8,92b1,7fbe,1414,
7006,6155,a2e8,92b1,7fbe,8694,
7007,6155,a2e8,92b1,7fbe,2811,
7008,6155,a2e8,92b1,7fbe,1d87,
7009,6155,a2e8,92b1,7fbe,bfd9,
7010,6155,a2e8,92b1,7fbe,190a,
7011,6155,a2e8,92b1,7fbe,11ab,
7012,6155,a2e8,92b1,7fbe,d4ef,
7013,6155,a2e8,92b1,7fbe,18d4,
7014,6155,a2e8,92b1,7fbe,699a,
7015,6155,a2e8,92b1,7fbe,d041,
7016,6155,a2e8,92b1,7fbe,ac9f,
7017,6155,a2e8,92b1,7fbe,c232,
7018,6155,a2e8,92b1,7fbe,9827,
7019,6155,a2e8,92b1,7fbe,bf91,
7020,6155,a2e8,92b1,7fbe,d0a4,
7021,6155,a2e8,92b1,7fbe,7e6d,
7022,6155,a2e8,92b1,7fbe,18e9,
7023,6155,a2e8,92b1,7fbe,af3f,
7024,6155,a2e8,92b1,7fbe,32e6,
7025,6155,a2e8,92b1,7fbe,262c,
7026,6155,a2e8,92b1,7fbe,2e7d,
7027,6155,a2e8,92b1,7fbe,2e7c,
7028,6155,a2e8,92b1,7fbe,17ba,
7029,6155,a2e8,92b1,7fbe,d988,
7030,6155,a2e8,92b1,7fbe,b28b,
7031,6155,a2e8,92b1,7fbe,0f14,
7032,6155,a2e8,92b1,7fbe,3dad,
7033,6155,a2e8,92b1,7fbe,ac94,
7034,6155,a2e8,92b1,7fbe,c8bd,
7035,6155,a2e8,92b1,7fbe,250b,
7036,6155,a2e8,92b1,7fbe,2875,
7037,6155,a2e8,92b1,7fbe,00c0,
7038,6155,a2e8,92b1,7fbe,6c35,
7039,6155,a2e8,92b1,7fbe,7834,
7040,6155,a2e8,92b1,7fbe,be24,
7041,6155,a2e8,92b1,7fbe,8e8c,
7042,6155,a2e8,92b1,7fbe,585f,
7043,6155,a2e8,92b1,7fbe,4a17,
7044,6155,a2e8,92b1,7fbe,0ce4,
7045,6155,a2e8,92b1,7fbe,aacd,
7046,6155,a2e8,92b1,7fbe,92fc,
7047,6155,a2e8,92b1,7fbe,7e25,
7048,6155,a2e8,92b1,7fbe,fa94,
7049,6155,a2e8,92b1,7fbe,1e2c,
7050,6155,a2e8,92b1,7fbe,cd6d,
7051,6155,a2e8,92b1,7fbe,34b3,
7052,6155,a2e8,92b1,7fbe,a732,
7053,6155,a2e8,92b1,7fbe,17dd,
7054,6155,a2e8,92b1,7fbe,b2d0,
7055,6155,a2e8,92b1,7fbe,4eef,
7056,6155,a2e8,92b1,7fbe,9df0,
7057,6155,a2e8,92b1,7fbe,3030,
7058,6155,a2e8,92b1,7fbe,4c11,
7059,6155,a2e8,92b1,7fbe,a010,
7060,6155,a2e8,92b1,7fbe,8a89,
7061,6155,a2e8,92b1,7fbe,28e4,
7062,6155,a2e8,92b1,7fbe,4c7d,
7063,6155,a2e8,92b1,7fbe,5ae8,
7064,6155,a2e8,92b1,7fbe,8458,
7065,6155,a2e8,92b1,7fbe,6d2d,
7066,6155,a2e8,92b1,7fbe,5ad4,
7067,6155,a2e8,92b1,7fbe,0333,
7068,6155,a2e8,92b1,7fbe,989a,
7069,6155,a2e8,92b1,7fbe,5e99,
7070,6155,a2e8,92b1,7fbe,5d27,
7071,6155,a2e8,92b1,7fbe,6b76,
7072,6155,a2e8,92b1,7fbe,3d8f,
7073,6155,a2e8,92b1,7fbe,9757,
7074,6155,a2e8,92b1,7fbe,307e,
7075,6155,a2e8,92b1,7fbe,46da,
7076,6155,a2e8,92b1,7fbe,e1ff,
7077,6155,a2e8,92b1,7fbe,8947,
7078,6155,a2e8,92b1,7fbe,b9fb,
7079,6155,a2e8,92b1,7fbe,17c6,
7080,6155,a2e8,92b1,7fbe,f0a0,
7081,6155,a2e8,92b1,7fbe,0ce6,
7082,6155,a2e8,92b1,7fbe,4c2f,
7083,6155,a2e8,92b1,7fbe,d0d1,
7084,6155,a2e8,92b1,7fbe,c7c5,
7085,6155,a2e8,92b1,7fbe,4ce0,
7086,6155,a2e8,92b1,7fbe,1b68,
7087,6155,a2e8,92b1,7fbe,ddf0,
7088,6155,a2e8,92b1,7fbe,283b,
7089,6155,a2e8,92b1,7fbe,3539,
7090,6155,a2e8,92b1,7fbe,6aac,
7091,6155,a2e8,92b1,7fbe,ba92,
7092,6155,a2e8,92b1,7fbe,e185,
7093,6155,a2e8,92b1,7fbe,b5ab,
7094,6155,a2e8,92b1,7fbe,650d,
7095,6155,a2e8,92b1,7fbe,3e5d,
7096,6155,a2e8,92b1,7fbe,11d2,
7097,6155,a2e8,92b1,7fbe,0a7e,
7098,6155,a2e8,92b1,7fbe,f196,
7099,6155,a2e8,92b1,7fbe,15f0,
7100,6155,a2e8,92b1,7fbe,8d01,
7101,6155,a2e8,92b1,7fbe,bfc7,
7102,6155,a2e8,92b1,7fbe,b570,
7103,6155,a2e8,92b1,7fbe,6f05,
7104,6155,a2e8,92b1,7fbe,09f5,
7105,6155,a2e8,92b1,7fbe,6672,
7106,6155,a2e8,92b1,7fbe,2526,
7107,6155,a2e8,92b1,7fbe,0be6,
7108,6155,a2e8,92b1,7fbe,6341,
7109,6155,a2e8,92b1,7fbe,1f34,
7110,6155,a2e8,92b1,7fbe,8e0e,
7111,6155,a2e8,92b1,7fbe,c5c8,
7112,6155,a2e8,92b1,7fbe,a829,
7113,6155,a2e8,92b1,7fbe,5a0e,
7114,6155,a2e8,92b1,7fbe,ec16,
7115,6155,a2e8,92b1,7fbe,1a0c,
7116,6155,a2e8,92b1,7fbe,be40,
7117,6155,a2e8,92b1,7fbe,be4a,
7118,6155,a2e8,92b1,7fbe,7ef6,
7119,6155,a2e8,92b1,7fbe,af92,
7120,6155,a2e8,92b1,7fbe,5f0e,
7121,6155,a2e8,92b1,7fbe,c292,
7122,6155,a2e8,92b1,7fbe,dac9,
7123,6155,a2e8,92b1,7fbe,88ec,
7124,6155,a2e8,92b1,7fbe,a86d,
7125,6155,a2e8,92b1,7fbe,2f3d,
7126,6155,a2e8,92b1,7fbe,a460,
7127,6155,a2e8,92b1,7fbe,7fbd,
7128,6155,a2e8,92b1,7fbe,e5eb,
7129,6155,a2e8,92b1,7fbe,dc7b,
7130,6155,a2e8,92b1,7fbe,25cf,
7131,6155,a2e8,92b1,7fbe,79e5,
7132,6155,a2e8,92b1,7fbe,4e71,
7133,6155,a2e8,92b1,7fbe,325b,
7134,6155,a2e8,92b1,7fbe,3242,
7135,6155,a2e8,92b1,7fbe,cb18,
7136,6155,a2e8,92b1,7fbe,a407,
7137,6155,a2e8,92b1,7fbe,d70e,
7138,6155,a2e8,92b1,7fbe,22b3,
7139,6155,a2e8,92b1,7fbe,678c,
7140,6155,a2e8,92b1,7fbe,8ba1,
7141,6155,a2e8,92b1,7fbe,f432,
7142,6155,a2e8,92b1,7fbe,4a68,
7143,6155,a2e8,92b1,7fbe,5663,
7144,6155,a2e8,92b1,7fbe,f691,
7145,6155,a2e8,92b1,7fbe,5f90,
7146,6155,a2e8,92b1,7fbe,0eb3,
7147,6155,a2e8,92b1,7fbe,cf7a,
7148,6155,a2e8,92b1,7fbe,ffac,
7149,6155,a2e8,92b1,7fbe,5999,
7150,6155,a2e8,92b1,7fbe,dbf4,
7151,6155,a2e8,92b1,7fbe,75db,
7152,6155,a2e8,92b1,7fbe,dd4c,
7153,6155,a2e8,92b1,7fbe,2d0e,
7154,6155,a2e8,92b1,7fbe,386d,
7155,6155,a2e8,92b1,7fbe,4963,
7156,6155,a2e8,92b1,7fbe,586b,
7157,6155,a2e8,92b1,7fbe,f366,
7158,6155,a2e8,92b1,7fbe,8d13,
7159,6155,a2e8,92b1,7fbe,c9e6,
7160,6155,a2e8,92b1,7fbe,e937,
7161,6155,a2e8,92b1,7fbe,bbea,
7162,6155,a2e8,92b1,7fbe,5b1f,
7163,6155,a2e8,92b1,7fbe,8622,
7164,6155,a2e8,92b1,7fbe,2106,
7165,6155,a2e8,92b1,7fbe,51cf,
7166,6155,a2e8,92b1,7fbe,6a72,
7167,6155,a2e8,92b1,7fbe,5e19,
7168,6155,a2e8,92b1,7fbe,c480,
7169,6155,a2e8,92b1,7fbe,fabb,
7170,6155,a2e8,92b1,7fbe,1a74,
7171,6155,a2e8,92b1,7fbe,aeaf,
7172,6155,a2e8,92b1,7fbe,2a4f,
7173,6155,a2e8,92b1,7fbe,d00f,
7174,6155,a2e8,92b1,7fbe,dc48,
7175,6155,a2e8,92b1,7fbe,c3ce,
7176,6155,a2e8,92b1,7fbe,27b6,
7177,6155,a2e8,92b1,7fbe,3503,
7178,6155,a2e8,92b1,7fbe,55dc,
7179,6155,a2e8,92b1,7fbe,1679,
7180,6155,a2e8,92b1,7fbe,e19a,
7181,6155,a2e8,92b1,7fbe,a434,
7182,6155,a2e8,92b1,7fbe,bf15,
7183,6155,a2e8,92b1,7fbe,bccb,
7184,6155,a2e8,92b1,7fbe,65f4,
7185,6155,a2e8,92b1,7fbe,96b7,
7186,6155,a2e8,92b1,7fbe,a8b1,
7187,6155,a2e8,92b1,7fbe,c053,
7188,6155,a2e8,92b1,7fbe,1ac3,
7189,6155,a2e8,92b1,7fbe,fdf2,
7190,6155,a2e8,92b1,7fbe,2e0d,
7191,6155,a2e8,92b1,7fbe,917d,
7192,6155,a2e8,92b1,7fbe,f47f,
7193,6155,a2e8,92b1,7fbe,6bae,
7194,6155,a2e8,92b1,7fbe,f323,
7195,6155,a2e8,92b1,7fbe,e759,
7196,6155,a2e8,92b1,7fbe,e9ce,
7197,6155,a2e8,92b1,7fbe,e00c,
7198,6155,a2e8,92b1,7fbe,ee65,
7199,6155,a2e8,92b1,7fbe,0537,
7200,6155,a2e8,92b1,7fbe,4cd3,
7201,6155,a2e8,92b1,7fbe,712b,
7202,6155,a2e8,92b1,7fbe,defd,
7203,6155,a2e8,92b1,7fbe,f97d,
7204,6155,a2e8,92b1,7fbe,4ef4,
7205,6155,a2e8,92b1,7fbe,af70,
7206,6155,a2e8,92b1,7fbe,55bb,
7207,6155,a2e8,92b1,7fbe,491a,
7208,6155,a2e8,92b1,7fbe,36ac,
7209,6155,a2e8,92b1,7fbe,11c6,
7210,6155,a2e8,92b1,7fbe,8ab5,
7211,6155,a2e8,92b1,7fbe,b0fd,
7212,6155,a2e8,92b1,7fbe,d1cf,
7213,6155,a2e8,92b1,7fbe,6d69,
7214,6155,a2e8,92b1,7fbe,1475,
7215,6155,a2e8,92b1,7fbe,6cde,
7216,6155,a2e8,92b1,7fbe,54e9,
7217,6155,a2e8,92b1,7fbe,ecb7,
7218,6155,a2e8,92b1,7fbe,e2c8,
7219,6155,a2e8,92b1,7fbe,442b,
7220,6155,a2e8,92b1,7fbe,3547,
7221,6155,a2e8,92b1,7fbe,6df1,
7222,6155,a2e8,92b1,7fbe,6716,
7223,6155,a2e8,92b1,7fbe,2c3d,
7224,6155,a2e8,92b1,7fbe,02ea,
7225,6155,a2e8,92b1,7fbe,bec1,
7226,6155,a2e8,92b1,7fbe,7887,
7227,6155,a2e8,92b1,7fbe,a976,
7228,6155,a2e8,92b1,7fbe,576d,
7229,6155,a2e8,92b1,7fbe,fae7,
7230,6155,a2e8,92b1,7fbe,908f,
7231,6155,a2e8,92b1,7fbe,688f,
7232,6155,a2e8,92b1,7fbe,a9ad,
7233,6155,a2e8,92b1,7fbe,0db2,
7234,6155,a2e8,92b1,7fbe,4357,
7235,6155,a2e8,92b1,7fbe,68d2,
7236,6155,a2e8,92b1,7fbe,53d1,
7237,6155,a2e8,92b1,7fbe,ac19,
7238,6155,a2e8,92b1,7fbe,9707,
7239,6155,a2e8,92b1,7fbe,d9e5,
7240,6155,a2e8,92b1,7fbe,6b30,
7241,6155,a2e8,92b1,7fbe,cab0,
7242,6155,a2e8,92b1,7fbe,9665,
7243,6155,a2e8,92b1,7fbe,1238,
7244,6155,a2e8,92b1,7fbe,6ebc,
7245,6155,a2e8,92b1,7fbe,1254,
7246,6155,a2e8,92b1,7fbe,0bbb,
7247,6155,a2e8,92b1,7fbe,7bd2,
7248,6155,a2e8,92b1,7fbe,06c9,
7249,6155,a2e8,92b1,7fbe,4db9,
7250,6155,a2e8,92b1,7fbe,1cd1,
7251,6155,a2e8,92b1,7fbe,2092,
7252,6155,a2e8,92b1,7fbe,2c06,
7253,6155,a2e8,92b1,7fbe,c7ef,
7254,6155,a2e8,92b1,7fbe,b8bb,
7255,6155,a2e8,92b1,7fbe,f3c4,
7256,6155,a2e8,92b1,7fbe,b46a,
7257,6155,a2e8,92b1,7fbe,c35a,
7258,6155,a2e8,92b1,7fbe,f75e,
7259,6155,a2e8,92b1,7fbe,63fe,
7260,6155,a2e8,92b1,7fbe,195d,
7261,6155,a2e8,92b1,7fbe,c34b,
7262,6155,a2e8,92b1,7fbe,1c38,
7263,6155,a2e8,92b1,7fbe,2748,
7264,6155,a2e8,92b1,7fbe,ca79,
7265,6155,a2e8,92b1,7fbe,bd07,
7266,6155,a2e8,92b1,7fbe,c34b,
7267,6155,a2e8,92b1,7fbe,485e,
7268,6155,a2e8,92b1,7fbe,b167,
7269,6155,a2e8,92b1,7fbe,6ca7,
7270,6155,a2e8,92b1,7fbe,4c5a,
7271,6155,a2e8,92b1,7fbe,bb9d,
7272,6155,a2e8,92b1,7fbe,b91b,
7273,6155,a2e8,92b1,7fbe,a5e1,
7274,6155,a2e8,92b1,7fbe,527b,
7275,6155,a2e8,92b1,7fbe,e71c,
7276,6155,a2e8,92b1,7fbe,2f9c,
7277,6155,a2e8,92b1,7fbe,fb15,
7278,6155,a2e8,92b1,7fbe,96af,
7279,6155,a2e8,92b1,7fbe,81be,
7280,6155,a2e8,92b1,7fbe,c374,
7281,6155,a2e8,92b1,7fbe,ae83,
7282,6155,a2e8,92b1,7fbe,d57c,
7283,6155,a2e8,92b1,7fbe,19df,
7284,6155,a2e8,92b1,7fbe,bc12,
7285,6155,a2e8,92b1,7fbe,8a73,
7286,6155,a2e8,92b1,7fbe,9765,
7287,6155,a2e8,92b1,7fbe,839f,
7288,6155,a2e8,92b1,7fbe,aec9,
7289,6155,a2e8,92b1,7fbe,db41,
7290,6155,a2e8,92b1,7fbe,4968,
7291,6155,a2e8,92b1,7fbe,b57a,
7292,6155,a2e8,92b1,7fbe,f5b7,
7293,6155,a2e8,92b1,7fbe,2805,
7294,6155,a2e8,92b1,7fbe,9f90,
7295,6155,a2e8,92b1,7fbe,a425,
7296,6155,a2e8,92b1,7fbe,29ac,
7297,6155,a2e8,92b1,7fbe,bb5b,
7298,6155,a2e8,92b1,7fbe,3138,
7299,6155,a2e8,92b1,7fbe,e99e,
7300,6155,a2e8,92b1,7fbe,3a22,
7301,6155,a2e8,92b1,7fbe,bac4,
7302,6155,a2e8,92b1,7fbe,f695,
7303,6155,a2e8,92b1,7fbe,e0db,
7304,6155,a2e8,92b1,7fbe,5dc4,
7305,6155,a2e8,92b1,7fbe,0a14,
7306,6155,a2e8,92b1,7fbe,5574,
7307,6155,a2e8,92b1,7fbe,5dcc,
7308,6155,a2e8,92b1,7fbe,aca3,
7309,6155,a2e8,92b1,7fbe,17ee,
7310,6155,a2e8,92b1,7fbe,763b,
7311,6155,a2e8,92b1,7fbe,f01c,
7312,6155,a2e8,92b1,7fbe,7524,
7313,6155,a2e8,92b1,7fbe,9ad8,
7314,6155,a2e8,92b1,7fbe,acc1,
7315,6155,a2e8,92b1,7fbe,dca3,
7316,6155,a2e8,92b1,7fbe,d8e5,
7317,6155,a2e8,92b1,7fbe,e97f,
7318,6155,a2e8,92b1,7fbe,6c0b,
7319,6155,a2e8,92b1,7fbe,b2e1,
7320,6155,a2e8,92b1,7fbe,94cd,
7321,6155,a2e8,92b1,7fbe,b0b0,
7322,6155,a2e8,92b1,7fbe,0277,
7323,6155,a2e8,92b1,7fbe,7890,
7324,6155,a2e8,92b1,7fbe,07bc,
7325,6155,a2e8,92b1,7fbe,2afe,
7326,6155,a2e8,92b1,7fbe,1c0e,
7327,6155,a2e8,92b1,7fbe,8e25,
7328,6155,a2e8,92b1,7fbe,18be,
7329,6155,a2e8,92b1,7fbe,7d3a,
7330,6155,a2e8,92b1,7fbe,b038,
7331,6155,a2e8,92b1,7fbe,741d,
7332,6155,a2e8,92b1,7fbe,3db1,
7333,6155,a2e8,92b1,7fbe,742e,
7334,6155,a2e8,92b1,7fbe,2289,
7335,6155,a2e8,92b1,7fbe,51a7,
7336,6155,a2e8,92b1,7fbe,c7cd,
7337,6155,a2e8,92b1,7fbe,476a,
7338,6155,a2e8,92b1,7fbe,f72a,
7339,6155,a2e8,92b1,7fbe,a25b,
7340,6155,a2e8,92b1,7fbe,8bd7,
7341,6155,a2e8,92b1,7fbe,8814,
7342,6155,a2e8,92b1,7fbe,7132,
7343,6155,a2e8,92b1,7fbe,3fb3,
7344,6155,a2e8,92b1,7fbe,7597,
7345,6155,a2e8,92b1,7fbe,70a5,
7346,6155,a2e8,92b1,7fbe,fa42,
7347,6155,a2e8,92b1,7fbe,d716,
7348,6155,a2e8,92b1,7fbe,72f6,
7349,6155,a2e8,92b1,7fbe,6240,
7350,6155,a2e8,92b1,7fbe,33d0,
7351,6155,a2e8,92b1,7fbe,88c4,
7352,6155,a2e8,92b1,7fbe,c971,
7353,6155,a2e8,92b1,7fbe,701c,
7354,6155,a2e8,92b1,7fbe,454a,
7355,6155,a2e8,92b1,7fbe,30e5,
7356,6155,a2e8,92b1,7fbe,213a,
7357,6155,a2e8,92b1,7fbe,1540,
7358,6155,a2e8,92b1,7fbe,3e0d,
7359,6155,a2e8,92b1,7fbe,7b44,
7360,6155,a2e8,92b1,7fbe,366e,
7361,6155,a2e8,92b1,7fbe,bbea,
7362,6155,a2e8,92b1,7fbe,39ba,
7363,6155,a2e8,92b1,7fbe,5b8e,
7364,6155,a2e8,92b1,7fbe,a721,
7365,6155,a2e8,92b1,7fbe,921c,
7366,6155,a2e8,92b1,7fbe,9b67,
7367,6155,a2e8,92b1,7fbe,e818,
7368,6155,a2e8,92b1,7fbe,4320,
7369,6155,a2e8,92b1,7fbe,a703,
7370,6155,a2e8,92b1,7fbe,6cf3,
7371,6155,a2e8,92b1,7fbe,6cb7,
7372,6155,a2e8,92b1,7fbe,2890,
7373,6155,a2e8,92b1,7fbe,2ba1,
7374,6155,a2e8,92b1,7fbe,2114,
7375,6155,a2e8,92b1,7fbe,0f79,
7376,6155,a2e8,92b1,7fbe,683e,
7377,6155,a2e8,92b1,7fbe,6f25,
7378,6155,a2e8,92b1,7fbe,9c3e,
7379,6155,a2e8,92b1,7fbe,6c2f,
7380,6155,a2e8,92b1,7fbe,1a9e,
7381,6155,a2e8,92b1,7fbe,f412,
7382,6155,a2e8,92b1,7fbe,7a27,
7383,6155,a2e8,92b1,7fbe,27b0,
7384,6155,a2e8,92b1,7fbe,3eea,
7385,6155,a2e8,92b1,7fbe,10bf,
7386,6155,a2e8,92b1,7fbe,29ad,
7387,6155,a2e8,92b1,7fbe,a319,
7388,6155,a2e8,92b1,7fbe,4d79,
7389,6155,a2e8,92b1,7fbe,4ecb,
7390,6155,a2e8,92b1,7fbe,7516,
7391,6155,a2e8,92b1,7fbe,286e,
7392,6155,a2e8,92b1,7fbe,7c51,
7393,6155,a2e8,92b1,7fbe,7385,
7394,6155,a2e8,92b1,7fbe,7c39,
7395,6155,a2e8,92b1,7fbe,12fe,
7396,6155,a2e8,92b1,7fbe,4729,
7397,6155,a2e8,92b1,7fbe,e3db,
7398,6155,a2e8,92b1,7fbe,9919,
7399,6155,a2e8,92b1,7fbe,bff9,
7400,6155,a2e8,92b1,7fbe,6a3e,
7401,6155,a2e8,92b1,7fbe,5c3b,
7402,6155,a2e8,92b1,7fbe,6042,
7403,6155,a2e8,92b1,7fbe,102a,
7404,6155,a2e8,92b1,7fbe,dc31,
7405,6155,a2e8,92b1,7fbe,867d,
7406,6155,a2e8,92b1,7fbe,29c1,
7407,6155,a2e8,92b1,7fbe,1ad4,
7408,6155,a2e8,92b1,7fbe,8153,
7409,6155,a2e8,92b1,7fbe,7db9,
7410,6155,a2e8,92b1,7fbe,e747,
7411,6155,a2e8,92b1,7fbe,3c20,
7412,6155,a2e8,92b1,7fbe,2df1,
7413,6155,a2e8,92b1,7fbe,da6f,
7414,6155,a2e8,92b1,7fbe,31f3,
7415,6155,a2e8,92b1,7fbe,31bc,
7416,6155,a2e8,92b1,7fbe,f6e6,
7417,6155,a2e8,92b1,7fbe,4fe9,
7418,6155,a2e8,92b1,7fbe,64aa,
7419,6155,a2e8,92b1,7fbe,0e54,
7420,6155,a2e8,92b1,7fbe,01d1,
7421,6155,a2e8,92b1,7fbe,97e5,
7422,6155,a2e8,92b1,7fbe,e071,
7423,6155,a2e8,92b1,7fbe,ce06,
7424,6155,a2e8,92b1,7fbe,206d,
7425,6155,a2e8,92b1,7fbe,ae31,
7426,6155,a2e8,92b1,7fbe,552d,
7427,6155,a2e8,92b1,7fbe,e038,
7428,6155,a2e8,92b1,7fbe,f33c,
7429,6155,a2e8,92b1,7fbe,1185,
7430,6155,a2e8,92b1,7fbe,3551,
7431,6155,a2e8,92b1,7fbe,c428,
7432,6155,a2e8,92b1,7fbe,939a,
7433,6155,a2e8,92b1,7fbe,3aac,
7434,6155,a2e8,92b1,7fbe,c0a0,
7435,6155,a2e8,92b1,7fbe,1275,
7436,6155,a2e8,92b1,7fbe,605f,
7437,6155,a2e8,92b1,7fbe,a7a4,
7438,6155,a2e8,92b1,7fbe,97b4,
7439,6155,a2e8,92b1,7fbe,450a,
7440,6155,a2e8,92b1,7fbe,0e66,
7441,6155,a2e8,92b1,7fbe,afd8,
7442,6155,a2e8,92b1,7fbe,6405,
7443,6155,a2e8,92b1,7fbe,4bb2,
7444,6155,a2e8,92b1,7fbe,ddc4,
7445,6155,a2e8,92b1,7fbe,0ed4,
7446,6155,a2e8,92b1,7fbe,c21c,
7447,6155,a2e8,92b1,7fbe,c25b,
7448,6155,a2e8,92b1,7fbe,b2a8,
7449,6155,a2e8,92b1,7fbe,88e4,
7450,6155,a2e8,92b1,7fbe,e8be,
7451,6155,a2e8,92b1,7fbe,0dae,
7452,6155,a2e8,92b1,7fbe,63b5,
7453,6155,a2e8,92b1,7fbe,d951,
7454,6155,a2e8,92b1,7fbe,5f6a,
7455,6155,a2e8,92b1,7fbe,b06e,
7456,6155,a2e8,92b1,7fbe,16bc,
7457,6155,a2e8,92b1,7fbe,978d,
7458,6155,a2e8,92b1,7fbe,8f31,
7459,6155,a2e8,92b1,7fbe,19fd,
7460,6155,a2e8,92b1,7fbe,3e7a,
7461,6155,a2e8,92b1,7fbe,86f0,
7462,6155,a2e8,92b1,7fbe,7ae8,
7463,6155,a2e8,92b1,7fbe,2066,
7464,6155,a2e8,92b1,7fbe,8b63,
7465,6155,a2e8,92b1,7fbe,a5ae,
7466,6155,a2e8,92b1,7fbe,8ec5,
7467,6155,a2e8,92b1,7fbe,e71d,
7468,6155,a2e8,92b1,7fbe,dd11,
7469,6155,a2e8,92b1,7fbe,895a,
7470,6155,a2e8,92b1,7fbe,d1b7,
7471,6155,a2e8,92b1,7fbe,f30c,
7472,6155,a2e8,92b1,7fbe,81bd,
7473,6155,a2e8,92b1,7fbe,e82d,
7474,6155,a2e8,92b1,7fbe,6e88,
7475,6155,a2e8,92b1,7fbe,97a3,
7476,6155,a2e8,92b1,7fbe,1342,
7477,6155,a2e8,92b1,7fbe,8db9,
7478,6155,a2e8,92b1,7fbe,aa5e,
7479,6155,a2e8,92b1,7fbe,0fb8,
7480,6155,a2e8,92b1,7fbe,eb8b,
7481,6155,a2e8,92b1,7fbe,6d46,
7482,6155,a2e8,92b1,7fbe,f47f,
7483,6155,a2e8,92b1,7fbe,cd30,
7484,6155,a2e8,92b1,7fbe,c517,
7485,6155,a2e8,92b1,7fbe,38cf,
7486,6155,a2e8,92b1,7fbe,89e0,
7487,6155,a2e8,92b1,7fbe,5738,
7488,6155,a2e8,92b1,7fbe,00fe,
7489,6155,a2e8,92b1,7fbe,b735,
7490,6155,a2e8,92b1,7fbe,03df,
7491,6155,a2e8,92b1,7fbe,52d5,
7492,6155,a2e8,92b1,7fbe,0e57,
7493,6155,a2e8,92b1,7fbe,133c,
7494,6155,a2e8,92b1,7fbe,b5b0,
7495,6155,a2e8,92b1,7fbe,17a9,
7496,6155,a2e8,92b1,7fbe,c052,
7497,6155,a2e8,92b1,7fbe,22ca,
7498,6155,a2e8,92b1,7fbe,1c02,
7499,6155,a2e8,92b1,7fbe,40bb,
7500,6155,a2e8,92b1,7fbe,f5ac,
7501,6155,a2e8,92b1,7fbe,d14d,
7502,6155,a2e8,92b1,7fbe,06c7,
7503,6155,a2e8,92b1,7fbe,59e8,
7504,6155,a2e8,92b1,7fbe,0139,
7505,6155,a2e8,92b1,7fbe,591c,
7506,6155,a2e8,92b1,7fbe,ec36,
7507,6155,a2e8,92b1,7fbe,d51c,
7508,6155,a2e8,92b1,7fbe,90c8,
7509,6155,a2e8,92b1,7fbe,ef44,
7510,6155,a2e8,92b1,7fbe,d131,
7511,6155,a2e8,92b1,7fbe,0e09,
7512,6155,a2e8,92b1,7fbe,5df5,
7513,6155,a2e8,92b1,7fbe,92ea,
7514,6155,a2e8,92b1,7fbe,3299,
7515,6155,a2e8,92b1,7fbe,2c54,
7516,6155,a2e8,92b1,7fbe,42fa,
7517,6155,a2e8,92b1,7fbe,c8d5,
7518,6155,a2e8,92b1,7fbe,3442,
7519,6155,a2e8,92b1,7fbe,07ab,
7520,6155,a2e8,92b1,7fbe,c130,
7521,6155,a2e8,92b1,7fbe,2a99,
7522,6155,a2e8,92b1,7fbe,952a,
7523,6155,a2e8,92b1,7fbe,a6ff,
7524,6155,a2e8,92b1,7fbe,d333,
7525,6155,a2e8,92b1,7fbe,2030,
7526,6155,a2e8,92b1,7fbe,6052,
7527,6155,a2e8,92b1,7fbe,b1ec,
7528,6155,a2e8,92b1,7fbe,fac4,
7529,6155,a2e8,92b1,7fbe,a47d,
7530,6155,a2e8,92b1,7fbe,c5bb,
7531,6155,a2e8,92b1,7fbe,db35,
7532,6155,a2e8,92b1,7fbe,0b87,
7533,6155,a2e8,92b1,7fbe,d7e0,
7534,6155,a2e8,92b1,7fbe,54c2,
7535,6155,a2e8,92b1,7fbe,255d,
7536,6155,a2e8,92b1,7fbe,67a2,
7537,6155,a2e8,92b1,7fbe,e32a,
7538,6155,a2e8,92b1,7fbe,956f,
7539,6155,a2e8,92b1,7fbe,17c1,
7540,6155,a2e8,92b1,7fbe,3352,
7541,6155,a2e8,92b1,7fbe,cb2e,
7542,6155,a2e8,92b1,7fbe,b1f5,
7543,6155,a2e8,92b1,7fbe,3418,
7544,6155,a2e8,92b1,7fbe,bcb0,
7545,6155,a2e8,92b1,7fbe,5c37,
7546,6155,a2e8,92b1,7fbe,f00b,
7547,6155,a2e8,92b1,7fbe,72ac,
7548,6155,a2e8,92b1,7fbe,3ba8,
7549,6155,a2e8,92b1,7fbe,09dc,
7550,6155,a2e8,92b1,7fbe,0663,
7551,6155,a2e8,92b1,7fbe,abb3,
7552,6155,a2e8,92b1,7fbe,761e,
7553,6155,a2e8,92b1,7fbe,6d5e,
7554,6155,a2e8,92b1,7fbe,6d44,
7555,6155,a2e8,92b1,7fbe,2644,
7556,6155,a2e8,92b1,7fbe,4116,
7557,6155,a2e8,92b1,7fbe,37be,
7558,6155,a2e8,92b1,7fbe,043c,
7559,6155,a2e8,92b1,7fbe,5917,
7560,6155,a2e8,92b1,7fbe,efbd,
7561,6155,a2e8,92b1,7fbe,69c5,
7562,6155,a2e8,92b1,7fbe,ac8e,
7563,6155,a2e8,92b1,7fbe,ee38,
7564,6155,a2e8,92b1,7fbe,1bd1,
7565,6155,a2e8,92b1,7fbe,fc58,
7566,6155,a2e8,92b1,7fbe,33e2,
7567,6155,a2e8,92b1,7fbe,c2da,
7568,6155,a2e8,92b1,7fbe,d2ad,
7569,6155,a2e8,92b1,7fbe,495c,
7570,6155,a2e8,92b1,7fbe,6511,
7571,6155,a2e8,92b1,7fbe,2552,
7572,6155,a2e8,92b1,7fbe,0b61,
7573,6155,a2e8,92b1,7fbe,0873,
7574,6155,a2e8,92b1,7fbe,dfd6,
7575,6155,a2e8,92b1,7fbe,0777,
7576,6155,a2e8,92b1,7fbe,c0b4,
7577,6155,a2e8,92b1,7fbe,3200,
7578,6155,a2e8,92b1,7fbe,cc9f,
7579,6155,a2e8,92b1,7fbe,d900,
7580,6155,a2e8,92b1,7fbe,a66f,
7581,6155,a2e8,92b1,7fbe,f376,
7582,6155,a2e8,92b1,7fbe,bc66,
7583,6155,a2e8,92b1,7fbe,3382,
7584,6155,a2e8,92b1,7fbe,9719,
7585,6155,a2e8,92b1,7fbe,5f87,
7586,6155,a2e8,92b1,7fbe,5d26,
7587,6155,a2e8,92b1,7fbe,9947,
7588,6155,a2e8,92b1,7fbe,912c,
7589,6155,a2e8,92b1,7fbe,2547,
7590,6155,a2e8,92b1,7fbe,9a47,
7591,6155,a2e8,92b1,7fbe,f64d,
7592,6155,a2e8,92b1,7fbe,fcc1,
7593,6155,a2e8,92b1,7fbe,75ea,
7594,6155,a2e8,92b1,7fbe,3db0,
7595,6155,a2e8,92b1,7fbe,1617,
7596,6155,a2e8,92b1,7fbe,7969,
7597,6155,a2e8,92b1,7fbe,9fdb,
7598,6155,a2e8,92b1,7fbe,7495,
7599,6155,a2e8,92b1,7fbe,d584,
7600,6155,a2e8,92b1,7fbe,41e9,
7601,6155,a2e8,92b1,7fbe,5f5d,
7602,6155,a2e8,92b1,7fbe,9081,
7603,6155,a2e8,92b1,7fbe,c7bc,
7604,6155,a2e8,92b1,7fbe,48e1,
7605,6155,a2e8,92b1,7fbe,3c60,
7606,6155,a2e8,92b1,7fbe,e0b8,
7607,6155,a2e8,92b1,7fbe,ee94,
7608,6155,a2e8,92b1,7fbe,c35d,
7609,6155,a2e8,92b1,7fbe,816f,
7610,6155,a2e8,92b1,7fbe,a3e8,
7611,6155,a2e8,92b1,7fbe,07fe,
7612,6155,a2e8,92b1,7fbe,fc88,
7613,6155,a2e8,92b1,7fbe,220a,
7614,6155,a2e8,92b1,7fbe,e26e,
7615,6155,a2e8,92b1,7fbe,7ec9,
7616,6155,a2e8,92b1,7fbe,84b4,
7617,6155,a2e8,92b1,7fbe,6da6,
7618,6155,a2e8,92b1,7fbe,46b2,
7619,6155,a2e8,92b1,7fbe,df3f,
7620,6155,a2e8,92b1,7fbe,d04f,
7621,6155,a2e8,92b1,7fbe,4dd1,
7622,6155,a2e8,92b1,7fbe,04b6,
7623,6155,a2e8,92b1,7fbe,74c5,
7624,6155,a2e8,92b1,7fbe,e3ec,
7625,6155,a2e8,92b1,7fbe,b404,
7626,6155,a2e8,92b1,7fbe,66d6,
7627,6155,a2e8,92b1,7fbe,7240,
7628,6155,a2e8,92b1,7fbe,1112,
7629,6155,a2e8,92b1,7fbe,5815,
7630,6155,a2e8,92b1,7fbe,1572,
7631,6155,a2e8,92b1,7fbe,8d6d,
7632,6155,a2e8,92b1,7fbe,32ff,
7633,6155,a2e8,92b1,7fbe,9ab5,
7634,6155,a2e8,92b1,7fbe,908d,
7635,6155,a2e8,92b1,7fbe,d541,
7636,6155,a2e8,92b1,7fbe,4734,
7637,6155,a2e8,92b1,7fbe,fabe,
7638,6155,a2e8,92b1,7fbe,fac8,
7639,6155,a2e8,92b1,7fbe,e73d,
7640,6155,a2e8,92b1,7fbe,c903,
7641,6155,a2e8,92b1,7fbe,141d,
7642,6155,a2e8,92b1,7fbe,05fb,
7643,6155,a2e8,92b1,7fbe,4e16,
7644,6155,a2e8,92b1,7fbe,7ae0,
7645,6155,a2e8,92b1,7fbe,67ab,
7646,6155,a2e8,92b1,7fbe,0364,
7647,6155,a2e8,92b1,7fbe,83a1,
7648,6155,a2e8,92b1,7fbe,a9b6,
7649,6155,a2e8,92b1,7fbe,931f,
7650,6155,a2e8,92b1,7fbe,f673,
7651,6155,a2e8,92b1,7fbe,4d04,
7652,6155,a2e8,92b1,7fbe,46df,
7653,6155,a2e8,92b1,7fbe,e0dc,
7654,6155,a2e8,92b1,7fbe,7b9e,
7655,6155,a2e8,92b1,7fbe,1843,
7656,6155,a2e8,92b1,7fbe,35c7,
7657,6155,a2e8,92b1,7fbe,af3b,
7658,6155,a2e8,92b1,7fbe,a69c,
7659,6155,a2e8,92b1,7fbe,ecc2,
7660,6155,a2e8,92b1,7fbe,a562,
7661,6155,a2e8,92b1,7fbe,0302,
7662,6155,a2e8,92b1,7fbe,14e1,
7663,6155,a2e8,92b1,7fbe,6312,
7664,6155,a2e8,92b1,7fbe,425d,
7665,6155,a2e8,92b1,7fbe,3831,
7666,6155,a2e8,92b1,7fbe,8ac3,
7667,6155,a2e8,92b1,7fbe,75ee,
7668,6155,a2e8,92b1,7fbe,f8b3,
7669,6155,a2e8,92b1,7fbe,f681,
7670,6155,a2e8,92b1,7fbe,125d,
7671,6155,a2e8,92b1,7fbe,11aa,
7672,6155,a2e8,92b1,7fbe,e91e,
7673,6155,a2e8,92b1,7fbe,fef4,
7674,6155,a2e8,92b1,7fbe,9a05,
7675,6155,a2e8,92b1,7fbe,12ed,
7676,6155,a2e8,92b1,7fbe,34b2,
7677,6155,a2e8,92b1,7fbe,a902,
7678,6155,a2e8,92b1,7fbe,a9dc,
7679,6155,a2e8,92b1,7fbe,4b72,
7680,6155,a2e8,92b1,7fbe,ff1b,
7681,6155,a2e8,92b1,7fbe,1f64,
7682,6155,a2e8,92b1,7fbe,b26d,
7683,6155,a2e8,92b1,7fbe,dc8b,
7684,6155,a2e8,92b1,7fbe,3256,
7685,6155,a2e8,92b1,7fbe,fe4c,
7686,6155,a2e8,92b1,7fbe,3e83,
7687,6155,a2e8,92b1,7fbe,5f9c,
7688,6155,a2e8,92b1,7fbe,9d0c,
7689,6155,a2e8,92b1,7fbe,d3b0,
7690,6155,a2e8,92b1,7fbe,2f24,
7691,6155,a2e8,92b1,7fbe,a624,
7692,6155,a2e8,92b1,7fbe,4e5e,
7693,6155,a2e8,92b1,7fbe,4128,
7694,6155,a2e8,92b1,7fbe,3e3f,
7695,6155,a2e8,92b1,7fbe,da83,
7696,6155,a2e8,92b1,7fbe,a575,
7697,6155,a2e8,92b1,7fbe,539b,
7698,6155,a2e8,92b1,7fbe,4f45,
7699,6155,a2e8,92b1,7fbe,9e05,
7700,6155,a2e8,92b1,7fbe,f7a2,
7701,6155,a2e8,92b1,7fbe,950e,
7702,6155,a2e8,92b1,7fbe,a07f,
7703,6155,a2e8,92b1,7fbe,875f,
7704,6155,a2e8,92b1,7fbe,b982,
7705,6155,a2e8,92b1,7fbe,b8ad,
7706,6155,a2e8,92b1,7fbe,db12,
7707,6155,a2e8,92b1,7fbe,d8f5,
7708,6155,a2e8,92b1,7fbe,29ad,
7709,6155,a2e8,92b1,7fbe,154a,
7710,6155,a2e8,92b1,7fbe,2af1,
7711,6155,a2e8,92b1,7fbe,cf1a,
7712,6155,a2e8,92b1,7fbe,9f98,
7713,6155,a2e8,92b1,7fbe,2c4a,
7714,6155,a2e8,92b1,7fbe,ddd0,
7715,6155,a2e8,92b1,7fbe,f945,
7716,6155,a2e8,92b1,7fbe,1670,
7717,6155,a2e8,92b1,7fbe,9b11,
7718,6155,a2e8,92b1,7fbe,9a26,
7719,6155,a2e8,92b1,7fbe,45a0,
7720,6155,a2e8,92b1,7fbe,d77b,
7721,6155,a2e8,92b1,7fbe,b279,
7722,6155,a2e8,92b1,7fbe,793a,
7723,6155,a2e8,92b1,7fbe,d05c,
7724,6155,a2e8,92b1,7fbe,d62c,
7725,6155,a2e8,92b1,7fbe,9e5b,
7726,6155,a2e8,92b1,7fbe,18e7,
7727,6155,a2e8,92b1,7fbe,b2f7,
7728,6155,a2e8,92b1,7fbe,0a83,
7729,6155,a2e8,92b1,7fbe,06c5,
7730,6155,a2e8,92b1,7fbe,28cf,
7731,6155,a2e8,92b1,7fbe,ece1,
7732,6155,a2e8,92b1,7fbe,63bc,
7733,6155,a2e8,92b1,7fbe,b9a8,
7734,6155,a2e8,92b1,7fbe,7780,
7735,6155,a2e8,92b1,7fbe,5ee8,
7736,6155,a2e8,92b1,7fbe,89e1,
7737,6155,a2e8,92b1,7fbe,ba14,
7738,6155,a2e8,92b1,7fbe,1c04,
7739,6155,a2e8,92b1,7fbe,bb0e,
7740,6155,a2e8,92b1,7fbe,e892,
7741,6155,a2e8,92b1,7fbe,92b9,
7742,6155,a2e8,92b1,7fbe,3325,
7743,6155,a2e8,92b1,7fbe,cef8,
7744,6155,a2e8,92b1,7fbe,c2f3,
7745,6155,a2e8,92b1,7fbe,76c1,
7746,6155,a2e8,92b1,7fbe,9d1b,
7747,6155,a2e8,92b1,7fbe,c309,
7748,6155,a2e8,92b1,7fbe,6dae,
7749,6155,a2e8,92b1,7fbe,4c0f,
7750,6155,a2e8,92b1,7fbe,5d52,
7751,6155,a2e8,92b1,7fbe,d6dd,
7752,6155,a2e8,92b1,7fbe,4336,
7753,6155,a2e8,92b1,7fbe,2d64,
7754,6155,a2e8,92b1,7fbe,55b8,
7755,6155,a2e8,92b1,7fbe,1cf3,
7756,6155,a2e8,92b1,7fbe,10cc,
7757,6155,a2e8,92b1,7fbe,fc7d,
7758,6155,a2e8,92b1,7fbe,a1b6,
7759,6155,a2e8,92b1,7fbe,44be,
7760,6155,a2e8,92b1,7fbe,0a49,
7761,6155,a2e8,92b1,7fbe,4198,
7762,6155,a2e8,92b1,7fbe,3759,
7763,6155,a2e8,92b1,7fbe,003f,
7764,6155,a2e8,92b1,7fbe,37e6,
7765,6155,a2e8,92b1,7fbe,772d,
7766,6155,a2e8,92b1,7fbe,ff87,
7767,6155,a2e8,92b1,7fbe,71b9,
7768,6155,a2e8,92b1,7fbe,c3f1,
7769,6155,a2e8,92b1,7fbe,8b71,
7770,6155,a2e8,92b1,7fbe,aa6f,
7771,6155,a2e8,92b1,7fbe,daaa,
7772,6155,a2e8,92b1,7fbe,73a9,
7773,6155,a2e8,92b1,7fbe,030d,
7774,6155,a2e8,92b1,7fbe,cb06,
7775,6155,a2e8,92b1,7fbe,4ca1,
7776,6155,a2e8,92b1,7fbe,bd74,
7777,6155,a2e8,92b1,7fbe,d575,
7778,6155,a2e8,92b1,7fbe,7091,
7779,6155,a2e8,92b1,7fbe,1e3a,
7780,6155,a2e8,92b1,7fbe,0e11,
7781,6155,a2e8,92b1,7fbe,8354,
7782,6155,a2e8,92b1,7fbe,5d14,
7783,6155,a2e8,92b1,7fbe,d87e,
7784,6155,a2e8,92b1,7fbe,a5c5,
7785,6155,a2e8,92b1,7fbe,974a,
7786,6155,a2e8,92b1,7fbe,44d8,
7787,6155,a2e8,92b1,7fbe,e29c,
7788,6155,a2e8,92b1,7fbe,a49d,
7789,6155,a2e8,92b1,7fbe,a29c,
7790,6155,a2e8,92b1,7fbe,0836,
7791,6155,a2e8,92b1,7fbe,d07a,
7792,6155,a2e8,92b1,7fbe,f976,
7793,6155,a2e8,92b1,7fbe,084d,
7794,6155,a2e8,92b1,7fbe,ec5e,
7795,6155,a2e8,92b1,7fbe,3ae5,
7796,6155,a2e8,92b1,7fbe,28bc,
7797,6155,a2e8,92b1,7fbe,5c8c,
7798,6155,a2e8,92b1,7fbe,a328,
7799,6155,a2e8,92b1,7fbe,8739,
7800,6155,a2e8,92b1,7fbe,4ec8,
7801,6155,a2e8,92b1,7fbe,a154,
7802,6155,a2e8,92b1,7fbe,bd47,
7803,6155,a2e8,92b1,7fbe,c379,
7804,6155,a2e8,92b1,7fbe,b952,
7805,6155,a2e8,92b1,7fbe,18be,
7806,6155,a2e8,92b1,7fbe,40d7,
7807,6155,a2e8,92b1,7fbe,36e7,
7808,6155,a2e8,92b1,7fbe,e791,
7809,6155,a2e8,92b1,7fbe,585a,
7810,6155,a2e8,92b1,7fbe,3b0e,
7811,6155,a2e8,92b1,7fbe,091e,
7812,6155,a2e8,92b1,7fbe,0847,
7813,6155,a2e8,92b1,7fbe,02b2,
7814,6155,a2e8,92b1,7fbe,124a,
7815,6155,a2e8,92b1,7fbe,5473,
7816,6155,a2e8,92b1,7fbe,04d2,
7817,6155,a2e8,92b1,7fbe,af0e,
7818,6155,a2e8,92b1,7fbe,f1cc,
7819,6155,a2e8,92b1,7fbe,fbc5,
7820,6155,a2e8,92b1,7fbe,23e4,
7821,6155,a2e8,92b1,7fbe,ab7a,
7822,6155,a2e8,92b1,7fbe,6804,
7823,6155,a2e8,92b1,7fbe,09a1,
7824,6155,a2e8,92b1,7fbe,c6ee,
7825,6155,a2e8,92b1,7fbe,5999,
7826,6155,a2e8,92b1,7fbe,c641,
7827,6155,a2e8,92b1,7fbe,d2f1,
7828,6155,a2e8,92b1,7fbe,623f,
7829,6155,a2e8,92b1,7fbe,9df1,
7830,6155,a2e8,92b1,7fbe,bede,
7831,6155,a2e8,92b1,7fbe,ede0,
7832,6155,a2e8,92b1,7fbe,0dfc,
7833,6155,a2e8,92b1,7fbe,dd22,
7834,6155,a2e8,92b1,7fbe,ed5e,
7835,6155,a2e8,92b1,7fbe,7e7a,
7836,6155,a2e8,92b1,7fbe,50e8,
7837,6155,a2e8,92b1,7fbe,5275,
7838,6155,a2e8,92b1,7fbe,9ae2,
7839,6155,a2e8,92b1,7fbe,eafb,
7840,6155,a2e8,92b1,7fbe,5265,
7841,6155,a2e8,92b1,7fbe,7d63,
7842,6155,a2e8,92b1,7fbe,0b36,
7843,6155,a2e8,92b1,7fbe,0432,
7844,6155,a2e8,92b1,7fbe,c598,
7845,6155,a2e8,92b1,7fbe,b10c,
7846,6155,a2e8,92b1,7fbe,38c3,
7847,6155,a2e8,92b1,7fbe,7ebb,
7848,6155,a2e8,92b1,7fbe,baca,
7849,6155,a2e8,92b1,7fbe,eebe,
7850,6155,a2e8,92b1,7fbe,ea76,
7851,6155,a2e8,92b1,7fbe,ff73,
7852,6155,a2e8,92b1,7fbe,9292,
7853,6155,a2e8,92b1,7fbe,74f0,
7854,6155,a2e8,92b1,7fbe,4642,
7855,6155,a2e8,92b1,7fbe,c6d1,
7856,6155,a2e8,92b1,7fbe,28db,
7857,6155,a2e8,92b1,7fbe,05fe,
7858,6155,a2e8,92b1,7fbe,92ef,
7859,6155,a2e8,92b1,7fbe,f799,
7860,6155,a2e8,92b1,7fbe,19f7,
7861,6155,a2e8,92b1,7fbe,1af0,
7862,6155,a2e8,92b1,7fbe,9e9a,
7863,6155,a2e8,92b1,7fbe,a3d8,
7864,6155,a2e8,92b1,7fbe,3e90,
7865,6155,a2e8,92b1,7fbe,16ff,
7866,6155,a2e8,92b1,7fbe,a377,
7867,6155,a2e8,92b1,7fbe,629a,
7868,6155,a2e8,92b1,7fbe,2728,
7869,6155,a2e8,92b1,7fbe,887e,
7870,6155,a2e8,92b1,7fbe,4b52,
7871,6155,a2e8,92b1,7fbe,2a08,
7872,6155,a2e8,92b1,7fbe,3403,
7873,6155,a2e8,92b1,7fbe,8153,
7874,6155,a2e8,92b1,7fbe,c58b,
7875,6155,a2e8,92b1,7fbe,a877,
7876,6155,a2e8,92b1,7fbe,1d31,
7877,6155,a2e8,92b1,7fbe,28a0,
7878,6155,a2e8,92b1,7fbe,b3dc,
7879,6155,a2e8,92b1,7fbe,cfc8,
7880,6155,a2e8,92b1,7fbe,6c43,
7881,6155,a2e8,92b1,7fbe,bce2,
7882,6155,a2e8,92b1,7fbe,0fc0,
7883,6155,a2e8,92b1,7fbe,ee87,
7884,6155,a2e8,92b1,7fbe,1b09,
7885,6155,a2e8,92b1,7fbe,457e,
7886,6155,a2e8,92b1,7fbe,e313,
7887,6155,a2e8,92b1,7fbe,7899,
7888,6155,a2e8,92b1,7fbe,c9aa,
7889,6155,a2e8,92b1,7fbe,f6b3,
7890,6155,a2e8,92b1,7fbe,f15d,
7891,6155,a2e8,92b1,7fbe,84e8,
7892,6155,a2e8,92b1,7fbe,5554,
7893,6155,a2e8,92b1,7fbe,a9b9,
7894,6155,a2e8,92b1,7fbe,195a,
7895,6155,a2e8,92b1,7fbe,9d7c,
7896,6155,a2e8,92b1,7fbe,e73b,
7897,6155,a2e8,92b1,7fbe,083e,
7898,6155,a2e8,92b1,7fbe,3664,
7899,6155,a2e8,92b1,7fbe,bc92,
7900,6155,a2e8,92b1,7fbe,1a07,
7901,6155,a2e8,92b1,7fbe,bae4,
7902,6155,a2e8,92b1,7fbe,881e,
7903,6155,a2e8,92b1,7fbe,7511,
7904,6155,a2e8,92b1,7fbe,bfb5,
7905,6155,a2e8,92b1,7fbe,f546,
7906,6155,a2e8,92b1,7fbe,5648,
7907,6155,a2e8,92b1,7fbe,6aa0,
7908,6155,a2e8,92b1,7fbe,79ba,
7909,6155,a2e8,92b1,7fbe,4704,
7910,6155,a2e8,92b1,7fbe,3789,
7911,6155,a2e8,92b1,7fbe,1046,
7912,6155,a2e8,92b1,7fbe,917b,
7913,6155,a2e8,92b1,7fbe,d142,
7914,6155,a2e8,92b1,7fbe,6576,
7915,6155,a2e8,92b1,7fbe,4669,
7916,6155,a2e8,92b1,7fbe,88bf,
7917,6155,a2e8,92b1,7fbe,48bd,
7918,6155,a2e8,92b1,7fbe,cc76,
7919,6155,a2e8,92b1,7fbe,a5a2,
7920,6155,a2e8,92b1,7fbe,3ec8,
7921,6155,a2e8,92b1,7fbe,4d46,
7922,6155,a2e8,92b1,7fbe,3e7d,
7923,6155,a2e8,92b1,7fbe,6e8c,
7924,6155,a2e8,92b1,7fbe,a23c,
7925,6155,a2e8,92b1,7fbe,08a3,
7926,6155,a2e8,92b1,7fbe,eda1,
7927,6155,a2e8,92b1,7fbe,63fe,
7928,6155,a2e8,92b1,7fbe,8743,
7929,6155,a2e8,92b1,7fbe,4299,
7930,6155,a2e8,92b1,7fbe,d7a2,
7931,6155,a2e8,92b1,7fbe,12f0,
7932,6155,a2e8,92b1,7fbe,6757,
7933,6155,a2e8,92b1,7fbe,fe4c,
7934,6155,a2e8,92b1,7fbe,bf07,
7935,6155,a2e8,92b1,7fbe,d983,
7936,6155,a2e8,92b1,7fbe,48c6,
7937,6155,a2e8,92b1,7fbe,b161,
7938,6155,a2e8,92b1,7fbe,b05e,
7939,6155,a2e8,92b1,7fbe,6371,
7940,6155,a2e8,92b1,7fbe,4fe7,
7941,6155,a2e8,92b1,7fbe,0739,
7942,6155,a2e8,92b1,7fbe,db88,
7943,6155,a2e8,92b1,7fbe,9fb2,
7944,6155,a2e8,92b1,7fbe,80a5,
7945,6155,a2e8,92b1,7fbe,6b36,
7946,6155,a2e8,92b1,7fbe,bae8,
7947,6155,a2e8,92b1,7fbe,1bf0,
7948,6155,a2e8,92b1,7fbe,1663,
7949,6155,a2e8,92b1,7fbe,0e52,
7950,6155,a2e8,92b1,7fbe,65b2,
7951,6155,a2e8,92b1,7fbe,2d3b,
7952,6155,a2e8,92b1,7fbe,97ef,
7953,6155,a2e8,92b1,7fbe,cb21,
7954,6155,a2e8,92b1,7fbe,2e9c,
7955,6155,a2e8,92b1,7fbe,33c8,
7956,6155,a2e8,92b1,7fbe,5a50,
7957,6155,a2e8,92b1,7fbe,ea7f,
7958,6155,a2e8,92b1,7fbe,2157,
7959,6155,a2e8,92b1,7fbe,5071,
7960,6155,a2e8,92b1,7fbe,f335,
7961,6155,a2e8,92b1,7fbe,dd82,
7962,6155,a2e8,92b1,7fbe,0f74,
7963,6155,a2e8,92b1,7fbe,a98f,
7964,6155,a2e8,92b1,7fbe,a55a,
7965,6155,a2e8,92b1,7fbe,f761,
7966,6155,a2e8,92b1,7fbe,47eb,
7967,6155,a2e8,92b1,7fbe,e582,
7968,6155,a2e8,92b1,7fbe,c3b0,
7969,6155,a2e8,92b1,7fbe,7577,
7970,6155,a2e8,92b1,7fbe,7b04,
7971,6155,a2e8,92b1,7fbe,c6d6,
7972,6155,a2e8,92b1,7fbe,255b,
7973,6155,a2e8,92b1,7fbe,7a08,
7974,6155,a2e8,92b1,7fbe,a8da,
7975,6155,a2e8,92b1,7fbe,b466,
7976,6155,a2e8,92b1,7fbe,e96d,
7977,6155,a2e8,92b1,7fbe,726f,
7978,6155,a2e8,92b1,7fbe,8794,
7979,6155,a2e8,92b1,7fbe,763c,
7980,6155,a2e8,92b1,7fbe,510a,
7981,6155,a2e8,92b1,7fbe,78fc,
7982,6155,a2e8,92b1,7fbe,aeb7,
7983,6155,a2e8,92b1,7fbe,3e93,
7984,6155,a2e8,92b1,7fbe,0ff4,
7985,6155,a2e8,92b1,7fbe,208a,
7986,6155,a2e8,92b1,7fbe,0a88,
7987,6155,a2e8,92b1,7fbe,9574,
7988,6155,a2e8,92b1,7fbe,ef6e,
7989,6155,a2e8,92b1,7fbe,e906,
7990,6155,a2e8,92b1,7fbe,de9e,
7991,6155,a2e8,92b1,7fbe,4315,
7992,6155,a2e8,92b1,7fbe,137d,
7993,6155,a2e8,92b1,7fbe,6645,
7994,6155,a2e8,92b1,7fbe,cf5b,
7995,6155,a2e8,92b1,7fbe,5ca3,
7996,6155,a2e8,92b1,7fbe,aad5,
7997,6155,a2e8,92b1,7fbe,6b26,
7998,6155,a2e8,92b1,7fbe,23ee,
7999,6155,a2e8,92b1,7fbe,1583,
8000,6155,a2e8,92b1,7fbe,b2c4,
8001,6155,a2e8,92b1,7fbe,4335,
8002,6155,a2e8,92b1,7fbe,e6cd,
8003,6155,a2e8,92b1,7fbe,b930,
8004,6155,a2e8,92b1,7fbe,d42a,
8005,6155,a2e8,92b1,7fbe,356f,
8006,6155,a2e8,92b1,7fbe,c840,
8007,6155,a2e8,92b1,7fbe,7f20,
8008,6155,a2e8,92b1,7fbe,d3bb,
8009,6155,a2e8,92b1,7fbe,f42b,
8010,6155,a2e8,92b1,7fbe,56d4,
8011,6155,a2e8,92b1,7fbe,b44d,
8012,6155,a2e8,92b1,7fbe,0c55,
8013,6155,a2e8,92b1,7fbe,71ee,
8014,6155,a2e8,92b1,7fbe,2dbc,
8015,6155,a2e8,92b1,7fbe,3416,
8016,6155,a2e8,92b1,7fbe,8188,
8017,6155,a2e8,92b1,7fbe,9bea,
8018,6155,a2e8,92b1,7fbe,d8e3,
8019,6155,a2e8,92b1,7fbe,e411,
8020,6155,a2e8,92b1,7fbe,523e,
8021,6155,a2e8,92b1,7fbe,2c29,
8022,6155,a2e8,92b1,7fbe,0c10,
8023,6155,a2e8,92b1,7fbe,7835,
8024,6155,a2e8,92b1,7fbe,034f,
8025,6155,a2e8,92b1,7fbe,6e49,
8026,6155,a2e8,92b1,7fbe,14d4,
8027,6155,a2e8,92b1,7fbe,9065,
8028,6155,a2e8,92b1,7fbe,678f,
8029,6155,a2e8,92b1,7fbe,67ac,
8030,6155,a2e8,92b1,7fbe,85af,
8031,6155,a2e8,92b1,7fbe,c84b,
8032,6155,a2e8,92b1,7fbe,8933,
8033,6155,a2e8,92b1,7fbe,dea1,
8034,6155,a2e8,92b1,7fbe,e236,
8035,6155,a2e8,92b1,7fbe,7dbb,
8036,6155,a2e8,92b1,7fbe,0ce8,
8037,6155,a2e8,92b1,7fbe,239b,
8038,6155,a2e8,92b1,7fbe,d2da,
8039,6155,a2e8,92b1,7fbe,6a45,
8040,6155,a2e8,92b1,7fbe,1da2,
8041,6155,a2e8,92b1,7fbe,da40,
8042,6155,a2e8,92b1,7fbe,ad70,
8043,6155,a2e8,92b1,7fbe,a37a,
8044,6155,a2e8,92b1,7fbe,68d1,
8045,6155,a2e8,92b1,7fbe,778a,
8046,6155,a2e8,92b1,7fbe,81a1,
8047,6155,a2e8,92b1,7fbe,c608,
8048,6155,a2e8,92b1,7fbe,efe9,
8049,6155,a2e8,92b1,7fbe,f821,
8050,6155,a2e8,92b1,7fbe,7502,
8051,6155,a2e8,92b1,7fbe,9100,
8052,6155,a2e8,92b1,7fbe,5c3a,
8053,6155,a2e8,92b1,7fbe,7c52,
8054,6155,a2e8,92b1,7fbe,7681,
8055,6155,a2e8,92b1,7fbe,44c8,
8056,6155,a2e8,92b1,7fbe,c1c0,
8057,6155,a2e8,92b1,7fbe,98fb,
8058,6155,a2e8,92b1,7fbe,f527,
8059,6155,a2e8,92b1,7fbe,0900,
8060,6155,a2e8,92b1,7fbe,9d39,
8061,6155,a2e8,92b1,7fbe,43a6,
8062,6155,a2e8,92b1,7fbe,da23,
8063,6155,a2e8,92b1,7fbe,3381,
8064,6155,a2e8,92b1,7fbe,19de,
8065,6155,a2e8,92b1,7fbe,70e7,
8066,6155,a2e8,92b1,7fbe,7bbf,
8067,6155,a2e8,92b1,7fbe,272a,
8068,6155,a2e8,92b1,7fbe,0d81,
8069,6155,a2e8,92b1,7fbe,ff86,
8070,6155,a2e8,92b1,7fbe,24e5,
8071,6155,a2e8,92b1,7fbe,6c4f,
8072,6155,a2e8,92b1,7fbe,1f6e,
8073,6155,a2e8,92b1,7fbe,5bfa,
8074,6155,a2e8,92b1,7fbe,e954,
8075,6155,a2e8,92b1,7fbe,0e8c,
8076,6155,a2e8,92b1,7fbe,729a,
8077,6155,a2e8,92b1,7fbe,73da,
8078,6155,a2e8,92b1,7fbe,06b7,
8079,6155,a2e8,92b1,7fbe,32d5,
8080,6155,a2e8,92b1,7fbe,73a6,
8081,6155,a2e8,92b1,7fbe,5f50,
8082,6155,a2e8,92b1,7fbe,d325,
8083,6155,a2e8,92b1,7fbe,7931,
8084,6155,a2e8,92b1,7fbe,74b8,
8085,6155,a2e8,92b1,7fbe,31ba,
8086,6155,a2e8,92b1,7fbe,1f87,
8087,6155,a2e8,92b1,7fbe,2a7e,
8088,6155,a2e8,92b1,7fbe,6893,
8089,6155,a2e8,92b1,7fbe,de98,
8090,6155,a2e8,92b1,7fbe,b4b7,
8091,6155,a2e8,92b1,7fbe,8be8,
8092,6155,a2e8,92b1,7fbe,87cb,
8093,6155,a2e8,92b1,7fbe,4eb1,
8094,6155,a2e8,92b1,7fbe,6762,
8095,6155,a2e8,92b1,7fbe,9c31,
8096,6155,a2e8,92b1,7fbe,f263,
8097,6155,a2e8,92b1,7fbe,0a01,
8098,6155,a2e8,92b1,7fbe,dd1a,
8099,6155,a2e8,92b1,7fbe,76b2,
8100,6155,a2e8,92b1,7fbe,89b7,
8101,6155,a2e8,92b1,7fbe,bd3f,
8102,6155,a2e8,92b1,7fbe,c264,
8103,6155,a2e8,92b1,7fbe,5b7c,
8104,6155,a2e8,92b1,7fbe,21d2,
8105,6155,a2e8,92b1,7fbe,2ed4,
8106,6155,a2e8,92b1,7fbe,cece,
8107,6155,a2e8,92b1,7fbe,b7a3,
8108,6155,a2e8,92b1,7fbe,4fa5,
8109,6155,a2e8,92b1,7fbe,ba64,
8110,6155,a2e8,92b1,7fbe,f906,
8111,6155,a2e8,92b1,7fbe,bf2a,
8112,6155,a2e8,92b1,7fbe,9d6e,
8113,6155,a2e8,92b1,7fbe,bfcc,
8114,6155,a2e8,92b1,7fbe,7fa0,
8115,6155,a2e8,92b1,7fbe,b291,
8116,6155,a2e8,92b1,7fbe,5643,
8117,6155,a2e8,92b1,7fbe,ef21,
8118,6155,a2e8,92b1,7fbe,4d12,
8119,6155,a2e8,92b1,7fbe,d017,
8120,6155,a2e8,92b1,7fbe,edb4,
8121,6155,a2e8,92b1,7fbe,b05b,
8122,6155,a2e8,92b1,7fbe,11f8,
8123,6155,a2e8,92b1,7fbe,9958,
8124,6155,a2e8,92b1,7fbe,a0a5,
8125,6155,a2e8,92b1,7fbe,7dc7,
8126,6155,a2e8,92b1,7fbe,71f4,
8127,6155,a2e8,92b1,7fbe,7f6b,
8128,6155,a2e8,92b1,7fbe,31eb,
8129,6155,a2e8,92b1,7fbe,7751,
8130,6155,a2e8,92b1,7fbe,e269,
8131,6155,a2e8,92b1,7fbe,06a0,
8132,6155,a2e8,92b1,7fbe,0937,
8133,6155,a2e8,92b1,7fbe,a98f,
8134,6155,a2e8,92b1,7fbe,2a35,
8135,6155,a2e8,92b1,7fbe,8dea,
8136,6155,a2e8,92b1,7fbe,0713,
8137,6155,a2e8,92b1,7fbe,f69c,
8138,6155,a2e8,92b1,7fbe,98c5,
8139,6155,a2e8,92b1,7fbe,59f9,
8140,6155,a2e8,92b1,7fbe,b70d,
8141,6155,a2e8,92b1,7fbe,5164,
8142,6155,a2e8,92b1,7fbe,c972,
8143,6155,a2e8,92b1,7fbe,2f93,
8144,6155,a2e8,92b1,7fbe,eb3a,
8145,6155,a2e8,92b1,7fbe,3ed7,
8146,6155,a2e8,92b1,7fbe,621f,
8147,6155,a2e8,92b1,7fbe,a71d,
8148,6155,a2e8,92b1,7fbe,037b,
8149,6155,a2e8,92b1,7fbe,a092,
8150,6155,a2e8,92b1,7fbe,5f18,
8151,6155,a2e8,92b1,7fbe,c716,
8152,6155,a2e8,92b1,7fbe,5e7d,
8153,6155,a2e8,92b1,7fbe,70c0,
8154,6155,a2e8,92b1,7fbe,2a16,
8155,6155,a2e8,92b1,7fbe,70e2,
8156,6155,a2e8,92b1,7fbe,f487,
8157,6155,a2e8,92b1,7fbe,91e4,
8158,6155,a2e8,92b1,7fbe,27bd,
8159,6155,a2e8,92b1,7fbe,f76f,
8160,6155,a2e8,92b1,7fbe,cd74,
8161,6155,a2e8,92b1,7fbe,c460,
8162,6155,a2e8,92b1,7fbe,3c1b,
8163,6155,a2e8,92b1,7fbe,6ec8,
8164,6155,a2e8,92b1,7fbe,747f,
8165,6155,a2e8,92b1,7fbe,9450,
8166,6155,a2e8,92b1,7fbe,d1a2,
8167,6155,a2e8,92b1,7fbe,79a4,
8168,6155,a2e8,92b1,7fbe,2c86,
8169,6155,a2e8,92b1,7fbe,47a6,
8170,6155,a2e8,92b1,7fbe,7a11,
8171,6155,a2e8,92b1,7fbe,b0cd,
8172,6155,a2e8,92b1,7fbe,949e,
8173,6155,a2e8,92b1,7fbe,1e78,
8174,6155,a2e8,92b1,7fbe,389a,
8175,6155,a2e8,92b1,7fbe,df73,
8176,6155,a2e8,92b1,7fbe,5110,
8177,6155,a2e8,92b1,7fbe,ef7e,
8178,6155,a2e8,92b1,7fbe,ae52,
8179,6155,a2e8,92b1,7fbe,0c88,
8180,6155,a2e8,92b1,7fbe,676b,
8181,6155,a2e8,92b1,7fbe,f610,
8182,6155,a2e8,92b1,7fbe,1b36,
8183,6155,a2e8,92b1,7fbe,ad51,
8184,6155,a2e8,92b1,7fbe,d362,
8185,6155,a2e8,92b1,7fbe,c3c2,
8186,6155,a2e8,92b1,7fbe,7073,
8187,6155,a2e8,92b1,7fbe,8643,
8188,6155,a2e8,92b1,7fbe,1f9c,
8189,6155,a2e8,92b1,7fbe,0be3,
8190,6155,a2e8,92b1,7fbe,d837,
8191,6155,a2e8,92b1,7fbe,b84f,
8192,6155,a2e8,92b1,7fbe,6d73,
8193,6155,a2e8,92b1,7fbe,8d0c,
8194,6155,a2e8,92b1,7fbe,ec78,
8195,6155,a2e8,92b1,7fbe,2ba7,
8196,6155,a2e8,92b1,7fbe,b83f,
8197,6155,a2e8,92b1,7fbe,614c,
8198,6155,a2e8,92b1,7fbe,f3fa,
8199,6155,a2e8,92b1,7fbe,6e36,
8200,6155,a2e8,92b1,7fbe,467c,
8201,6155,a2e8,92b1,7fbe,1fe7,
8202,6155,a2e8,92b1,7fbe,8229,
8203,6155,a2e8,92b1,7fbe,dd41,
8204,6155,a2e8,92b1,7fbe,752f,
8205,6155,a2e8,92b1,7fbe,75f7,
8206,6155,a2e8,92b1,7fbe,43d5,
8207,6155,a2e8,92b1,7fbe,3518,
8208,6155,a2e8,92b1,7fbe,60f1,
8209,6155,a2e8,92b1,7fbe,29ea,
8210,6155,a2e8,92b1,7fbe,854e,
8211,6155,a2e8,92b1,7fbe,18a4,
8212,6155,a2e8,92b1,7fbe,125b,
8213,6155,a2e8,92b1,7fbe,d780,
8214,6155,a2e8,92b1,7fbe,dd72,
8215,6155,a2e8,92b1,7fbe,8c70,
8216,6155,a2e8,92b1,7fbe,f4cd,
8217,6155,a2e8,92b1,7fbe,f916,
8218,6155,a2e8,92b1,7fbe,37d2,
8219,6155,a2e8,92b1,7fbe,2d7d,
8220,6155,a2e8,92b1,7fbe,d349,
8221,6155,a2e8,92b1,7fbe,d820,
8222,6155,a2e8,92b1,7fbe,fd29,
8223,6155,a2e8,92b1,7fbe,cb9c,
8224,6155,a2e8,92b1,7fbe,f636,
8225,6155,a2e8,92b1,7fbe,445f,
8226,6155,a2e8,92b1,7fbe,e4db,
8227,6155,a2e8,92b1,7fbe,2441,
8228,6155,a2e8,92b1,7fbe,44d0,
8229,6155,a2e8,92b1,7fbe,47e4,
8230,6155,a2e8,92b1,7fbe,189e,
8231,6155,a2e8,92b1,7fbe,0544,
8232,6155,a2e8,92b1,7fbe,c433,
8233,6155,a2e8,92b1,7fbe,f270,
8234,6155,a2e8,92b1,7fbe,e1d2,
8235,6155,a2e8,92b1,7fbe,53ee,
8236,6155,a2e8,92b1,7fbe,b0e7,
8237,6155,a2e8,92b1,7fbe,e9e1,
8238,6155,a2e8,92b1,7fbe,98c7,
8239,6155,a2e8,92b1,7fbe,923f,
8240,6155,a2e8,92b1,7fbe,ebdd,
8241,6155,a2e8,92b1,7fbe,4413,
8242,6155,a2e8,92b1,7fbe,afcb,
8243,6155,a2e8,92b1,7fbe,922f,
8244,6155,a2e8,92b1,7fbe,106b,
8245,6155,a2e8,92b1,7fbe,5ef7,
8246,6155,a2e8,92b1,7fbe,780d,
8247,6155,a2e8,92b1,7fbe,92d6,
8248,6155,a2e8,92b1,7fbe,95fd,
8249,6155,a2e8,92b1,7fbe,96a1,
8250,6155,a2e8,92b1,7fbe,979d,
8251,6155,a2e8,92b1,7fbe,870a,
8252,6155,a2e8,92b1,7fbe,77c8,
8253,6155,a2e8,92b1,7fbe,96ca,
8254,6155,a2e8,92b1,7fbe,77c2,
8255,6155,a2e8,92b1,7fbe,8918,
8256,6155,a2e8,92b1,7fbe,4187,
8257,6155,a2e8,92b1,7fbe,f674,
8258,6155,a2e8,92b1,7fbe,c9d6,
8259,6155,a2e8,92b1,7fbe,d113,
8260,6155,a2e8,92b1,7fbe,a1d2,
8261,6155,a2e8,92b1,7fbe,3be3,
8262,6155,a2e8,92b1,7fbe,d989,
8263,6155,a2e8,92b1,7fbe,3a9b,
8264,6155,a2e8,92b1,7fbe,f689,
8265,6155,a2e8,92b1,7fbe,64e9,
8266,6155,a2e8,92b1,7fbe,3fcb,
8267,6155,a2e8,92b1,7fbe,0f5a,
8268,6155,a2e8,92b1,7fbe,f94f,
8269,6155,a2e8,92b1,7fbe,9974,
8270,6155,a2e8,92b1,7fbe,46ac,
8271,6155,a2e8,92b1,7fbe,c817,
8272,6155,a2e8,92b1,7fbe,337a,
8273,6155,a2e8,92b1,7fbe,cdc7,
8274,6155,a2e8,92b1,7fbe,4114,
8275,6155,a2e8,92b1,7fbe,e0d1,
8276,6155,a2e8,92b1,7fbe,d29c,
8277,6155,a2e8,92b1,7fbe,7761,
8278,6155,a2e8,92b1,7fbe,fa1e,
8279,6155,a2e8,92b1,7fbe,2334,
8280,6155,a2e8,92b1,7fbe,fa2e,
8281,6155,a2e8,92b1,7fbe,e557,
8282,6155,a2e8,92b1,7fbe,eb59,
8283,6155,a2e8,92b1,7fbe,e7ab,
8284,6155,a2e8,92b1,7fbe,0735,
8285,6155,a2e8,92b1,7fbe,fd57,
8286,6155,a2e8,92b1,7fbe,3868,
8287,6155,a2e8,92b1,7fbe,15e7,
8288,6155,a2e8,92b1,7fbe,509d,
8289,6155,a2e8,92b1,7fbe,0272,
8290,6155,a2e8,92b1,7fbe,4e45,
8291,6155,a2e8,92b1,7fbe,9c68,
8292,6155,a2e8,92b1,7fbe,cb54,
8293,6155,a2e8,92b1,7fbe,3f61,
8294,6155,a2e8,92b1,7fbe,516c,
8295,6155,a2e8,92b1,7fbe,daed,
8296,6155,a2e8,92b1,7fbe,73d6,
8297,6155,a2e8,92b1,7fbe,4a07,
8298,6155,a2e8,92b1,7fbe,5e3d,
8299,6155,a2e8,92b1,7fbe,3230,
8300,6155,a2e8,92b1,7fbe,2967,
8301,6155,a2e8,92b1,7fbe,6796,
8302,6155,a2e8,92b1,7fbe,721b,
8303,6155,a2e8,92b1,7fbe,cb83,
8304,6155,a2e8,92b1,7fbe,1b8f,
8305,6155,a2e8,92b1,7fbe,cfd1,
8306,6155,a2e8,92b1,7fbe,0de2,
8307,6155,a2e8,92b1,7fbe,0956,
8308,6155,a2e8,92b1,7fbe,f9db,
8309,6155,a2e8,92b1,7fbe,c798,
8310,6155,a2e8,92b1,7fbe,e49a,
8311,6155,a2e8,92b1,7fbe,c3c6,
8312,6155,a2e8,92b1,7fbe,eab5,
8313,6155,a2e8,92b1,7fbe,bb44,
8314,6155,a2e8,92b1,7fbe,aa09,
8315,6155,a2e8,92b1,7fbe,eaeb,
8316,6155,a2e8,92b1,7fbe,a540,
8317,6155,a2e8,92b1,7fbe,87ad,
8318,6155,a2e8,92b1,7fbe,d476,
8319,6155,a2e8,92b1,7fbe,a230,
8320,6155,a2e8,92b1,7fbe,bb71,
8321,6155,a2e8,92b1,7fbe,8a0e,
8322,6155,a2e8,92b1,7fbe,19ae,
8323,6155,a2e8,92b1,7fbe,ce0d,
8324,6155,a2e8,92b1,7fbe,9bfc,
8325,6155,a2e8,92b1,7fbe,fe39,
8326,6155,a2e8,92b1,7fbe,31ac,
8327,6155,a2e8,92b1,7fbe,12ba,
8328,6155,a2e8,92b1,7fbe,b283,
8329,6155,a2e8,92b1,7fbe,ff7e,
8330,6155,a2e8,92b1,7fbe,0a89,
8331,6155,a2e8,92b1,7fbe,a077,
8332,6155,a2e8,92b1,7fbe,794d,
8333,6155,a2e8,92b1,7fbe,1fe6,
8334,6155,a2e8,92b1,7fbe,49cf,
8335,6155,a2e8,92b1,7fbe,7bc1,
8336,6155,a2e8,92b1,7fbe,2eee,
8337,6155,a2e8,92b1,7fbe,94be,
8338,6155,a2e8,92b1,7fbe,28b7,
8339,6155,a2e8,92b1,7fbe,aeed,
8340,6155,a2e8,92b1,7fbe,2eac,
8341,6155,a2e8,92b1,7fbe,5d84,
8342,6155,a2e8,92b1,7fbe,f081,
8343,6155,a2e8,92b1,7fbe,a9f3,
8344,6155,a2e8,92b1,7fbe,330c,
8345,6155,a2e8,92b1,7fbe,974d,
8346,6155,a2e8,92b1,7fbe,d309,
8347,6155,a2e8,92b1,7fbe,18c4,
8348,6155,a2e8,92b1,7fbe,8a45,
8349,6155,a2e8,92b1,7fbe,aee4,
8350,6155,a2e8,92b1,7fbe,4f9d,
8351,6155,a2e8,92b1,7fbe,2194,
8352,6155,a2e8,92b1,7fbe,4dc5,
8353,6155,a2e8,92b1,7fbe,187f,
8354,6155,a2e8,92b1,7fbe,f181,
8355,6155,a2e8,92b1,7fbe,5769,
8356,6155,a2e8,92b1,7fbe,4808,
8357,6155,a2e8,92b1,7fbe,9f39,
8358,6155,a2e8,92b1,7fbe,8279,
8359,6155,a2e8,92b1,7fbe,e202,
8360,6155,a2e8,92b1,7fbe,f8f3,
8361,6155,a2e8,92b1,7fbe,1f98,
8362,6155,a2e8,92b1,7fbe,0e8f,
8363,6155,a2e8,92b1,7fbe,a5e2,
8364,6155,a2e8,92b1,7fbe,e3c9,
8365,6155,a2e8,92b1,7fbe,ed5d,
8366,6155,a2e8,92b1,7fbe,d6db,
8367,6155,a2e8,92b1,7fbe,2895,
8368,6155,a2e8,92b1,7fbe,099a,
8369,6155,a2e8,92b1,7fbe,dd55,
8370,6155,a2e8,92b1,7fbe,f7a5,
8371,6155,a2e8,92b1,7fbe,38ce,
8372,6155,a2e8,92b1,7fbe,7da4,
8373,6155,a2e8,92b1,7fbe,9a5c,
8374,6155,a2e8,92b1,7fbe,1056,
8375,6155,a2e8,92b1,7fbe,f0fb,
8376,6155,a2e8,92b1,7fbe,f086,
8377,6155,a2e8,92b1,7fbe,e5aa,
8378,6155,a2e8,92b1,7fbe,f832,
8379,6155,a2e8,92b1,7fbe,7bba,
8380,6155,a2e8,92b1,7fbe,2f59,
8381,6155,a2e8,92b1,7fbe,d8eb,
8382,6155,a2e8,92b1,7fbe,caf9,
8383,6155,a2e8,92b1,7fbe,7ebc,
8384,6155,a2e8,92b1,7fbe,6f76,
8385,6155,a2e8,92b1,7fbe,438f,
8386,6155,a2e8,92b1,7fbe,bcf1,
8387,6155,a2e8,92b1,7fbe,738f,
8388,6155,a2e8,92b1,7fbe,96c4,
8389,6155,a2e8,92b1,7fbe,ab42,
8390,6155,a2e8,92b1,7fbe,f6ab,
8391,6155,a2e8,92b1,7fbe,60e1,
8392,6155,a2e8,92b1,7fbe,5cd5,
8393,6155,a2e8,92b1,7fbe,7474,
8394,6155,a2e8,92b1,7fbe,9392,
8395,6155,a2e8,92b1,7fbe,4516,
8396,6155,a2e8,92b1,7fbe,fb49,
8397,6155,a2e8,92b1,7fbe,21bb,
8398,6155,a2e8,92b1,7fbe,195d,
8399,6155,a2e8,92b1,7fbe,63d6,
8400,6155,a2e8,92b1,7fbe,d82f,
8401,6155,a2e8,92b1,7fbe,cba3,
8402,6155,a2e8,92b1,7fbe,1052,
8403,6155,a2e8,92b1,7fbe,6c70,
8404,6155,a2e8,92b1,7fbe,288b,
8405,6155,a2e8,92b1,7fbe,0b38,
8406,6155,a2e8,92b1,7fbe,dd7d,
8407,6155,a2e8,92b1,7fbe,d180,
8408,6155,a2e8,92b1,7fbe,c06b,
8409,6155,a2e8,92b1,7fbe,a2ab,
8410,6155,a2e8,92b1,7fbe,0762,
8411,6155,a2e8,92b1,7fbe,4749,
8412,6155,a2e8,92b1,7fbe,487f,
8413,6155,a2e8,92b1,7fbe,cff2,
8414,6155,a2e8,92b1,7fbe,a209,
8415,6155,a2e8,92b1,7fbe,c03b,
8416,6155,a2e8,92b1,7fbe,9a80,
8417,6155,a2e8,92b1,7fbe,4fbb,
8418,6155,a2e8,92b1,7fbe,e1bd,
8419,6155,a2e8,92b1,7fbe,ab72,
8420,6155,a2e8,92b1,7fbe,992d,
8421,6155,a2e8,92b1,7fbe,8099,
8422,6155,a2e8,92b1,7fbe,b1a5,
8423,6155,a2e8,92b1,7fbe,2de1,
8424,6155,a2e8,92b1,7fbe,e47d,
8425,6155,a2e8,92b1,7fbe,45b5,
8426,6155,a2e8,92b1,7fbe,9fd6,
8427,6155,a2e8,92b1,7fbe,4fb8,
8428,6155,a2e8,92b1,7fbe,3d17,
8429,6155,a2e8,92b1,7fbe,db49,
8430,6155,a2e8,92b1,7fbe,4e80,
8431,6155,a2e8,92b1,7fbe,7684,
8432,6155,a2e8,92b1,7fbe,45f9,
8433,6155,a2e8,92b1,7fbe,d43d,
8434,6155,a2e8,92b1,7fbe,63dc,
8435,6155,a2e8,92b1,7fbe,2e45,
8436,6155,a2e8,92b1,7fbe,bd83,
8437,6155,a2e8,92b1,7fbe,b783,
8438,6155,a2e8,92b1,7fbe,51b6,
8439,6155,a2e8,92b1,7fbe,ea9b,
8440,6155,a2e8,92b1,7fbe,0d14,
8441,6155,a2e8,92b1,7fbe,a4a4,
8442,6155,a2e8,92b1,7fbe,c6aa,
8443,6155,a2e8,92b1,7fbe,52a5,
8444,6155,a2e8,92b1,7fbe,7885,
8445,6155,a2e8,92b1,7fbe,7cfb,
8446,6155,a2e8,92b1,7fbe,79a7,
8447,6155,a2e8,92b1,7fbe,96b6,
8448,6155,a2e8,92b1,7fbe,6861,
8449,6155,a2e8,92b1,7fbe,c00f,
8450,6155,a2e8,92b1,7fbe,54c8,
8451,6155,a2e8,92b1,7fbe,d8ab,
8452,6155,a2e8,92b1,7fbe,75f6,
8453,6155,a2e8,92b1,7fbe,4854,
8454,6155,a2e8,92b1,7fbe,44a1,
8455,6155,a2e8,92b1,7fbe,4621,
8456,6155,a2e8,92b1,7fbe,132f,
8457,6155,a2e8,92b1,7fbe,faf9,
8458,6155,a2e8,92b1,7fbe,6012,
8459,6155,a2e8,92b1,7fbe,28fb,
8460,6155,a2e8,92b1,7fbe,240a,
8461,6155,a2e8,92b1,7fbe,03a4,
8462,6155,a2e8,92b1,7fbe,4898,
8463,6155,a2e8,92b1,7fbe,671c,
8464,6155,a2e8,92b1,7fbe,a04b,
8465,6155,a2e8,92b1,7fbe,5bbb,
8466,6155,a2e8,92b1,7fbe,5e57,
8467,6155,a2e8,92b1,7fbe,cafc,
8468,6155,a2e8,92b1,7fbe,7944,
8469,6155,a2e8,92b1,7fbe,f760,
8470,6155,a2e8,92b1,7fbe,7cb9,
8471,6155,a2e8,92b1,7fbe,e1b9,
8472,6155,a2e8,92b1,7fbe,f1f8,
8473,6155,a2e8,92b1,7fbe,2c99,
8474,6155,a2e8,92b1,7fbe,d2a2,
8475,6155,a2e8,92b1,7fbe,a588,
8476,6155,a2e8,92b1,7fbe,f8ab,
8477,6155,a2e8,92b1,7fbe,b732,
8478,6155,a2e8,92b1,7fbe,6fa9,
8479,6155,a2e8,92b1,7fbe,38ba,
8480,6155,a2e8,92b1,7fbe,f5b0,
8481,6155,a2e8,92b1,7fbe,acca,
8482,6155,a2e8,92b1,7fbe,9a5e,
8483,6155,a2e8,92b1,7fbe,834d,
8484,6155,a2e8,92b1,7fbe,4e3d,
8485,6155,a2e8,92b1,7fbe,d812,
8486,6155,a2e8,92b1,7fbe,9952,
8487,6155,a2e8,92b1,7fbe,9de8,
8488,6155,a2e8,92b1,7fbe,8d3a,
8489,6155,a2e8,92b1,7fbe,bc96,
8490,6155,a2e8,92b1,7fbe,9cea,
8491,6155,a2e8,92b1,7fbe,b351,
8492,6155,a2e8,92b1,7fbe,bcff,
8493,6155,a2e8,92b1,7fbe,cc93,
8494,6155,a2e8,92b1,7fbe,c08d,
8495,6155,a2e8,92b1,7fbe,6ad3,
8496,6155,a2e8,92b1,7fbe,5a27,
8497,6155,a2e8,92b1,7fbe,3703,
8498,6155,a2e8,92b1,7fbe,ad68,
8499,6155,a2e8,92b1,7fbe,d43f,
8500,6155,a2e8,92b1,7fbe,3184,
8501,6155,a2e8,92b1,7fbe,83c4,
8502,6155,a2e8,92b1,7fbe,db7b,
8503,6155,a2e8,92b1,7fbe,a0bf,
8504,6155,a2e8,92b1,7fbe,c58f,
8505,6155,a2e8,92b1,7fbe,fbd2,
8506,6155,a2e8,92b1,7fbe,e07d,
8507,6155,a2e8,92b1,7fbe,7cf1,
8508,6155,a2e8,92b1,7fbe,1832,
8509,6155,a2e8,92b1,7fbe,17eb,
8510,6155,a2e8,92b1,7fbe,2c23,
8511,6155,a2e8,92b1,7fbe,1903,
8512,6155,a2e8,92b1,7fbe,ac09,
8513,6155,a2e8,92b1,7fbe,ca76,
8514,6155,a2e8,92b1,7fbe,e097,
8515,6155,a2e8,92b1,7fbe,0924,
8516,6155,a2e8,92b1,7fbe,b83a,
8517,6155,a2e8,92b1,7fbe,bfa2,
8518,6155,a2e8,92b1,7fbe,0bf8,
8519,6155,a2e8,92b1,7fbe,8ae9,
8520,6155,a2e8,92b1,7fbe,d0ee,
8521,6155,a2e8,92b1,7fbe,0de5,
8522,6155,a2e8,92b1,7fbe,dcb7,
8523,6155,a2e8,92b1,7fbe,4b0d,
8524,6155,a2e8,92b1,7fbe,327b,
8525,6155,a2e8,92b1,7fbe,f98e,
8526,6155,a2e8,92b1,7fbe,7968,
8527,6155,a2e8,92b1,7fbe,5ad5,
8528,6155,a2e8,92b1,7fbe,eadc,
8529,6155,a2e8,92b1,7fbe,43a3,
8530,6155,a2e8,92b1,7fbe,5c3a,
8531,6155,a2e8,92b1,7fbe,3d55,
8532,6155,a2e8,92b1,7fbe,aea5,
8533,6155,a2e8,92b1,7fbe,71e4,
8534,6155,a2e8,92b1,7fbe,ab71,
8535,6155,a2e8,92b1,7fbe,1907,
8536,6155,a2e8,92b1,7fbe,47a0,
8537,6155,a2e8,92b1,7fbe,2db2,
8538,6155,a2e8,92b1,7fbe,064b,
8539,6155,a2e8,92b1,7fbe,c5fc,
8540,6155,a2e8,92b1,7fbe,4191,
8541,6155,a2e8,92b1,7fbe,f08a,
8542,6155,a2e8,92b1,7fbe,0797,
8543,6155,a2e8,92b1,7fbe,62e3,
8544,6155,a2e8,92b1,7fbe,6ca0,
8545,6155,a2e8,92b1,7fbe,9b58,
8546,6155,a2e8,92b1,7fbe,b978,
8547,6155,a2e8,92b1,7fbe,ff21,
8548,6155,a2e8,92b1,7fbe,6f2e,
8549,6155,a2e8,92b1,7fbe,7776,
8550,6155,a2e8,92b1,7fbe,c139,
8551,6155,a2e8,92b1,7fbe,ef19,
8552,6155,a2e8,92b1,7fbe,2a35,
8553,6155,a2e8,92b1,7fbe,7062,
8554,6155,a2e8,92b1,7fbe,0768,
8555,6155,a2e8,92b1,7fbe,90a6,
8556,6155,a2e8,92b1,7fbe,53dc,
8557,6155,a2e8,92b1,7fbe,66eb,
8558,6155,a2e8,92b1,7fbe,2179,
8559,6155,a2e8,92b1,7fbe,2a2d,
8560,6155,a2e8,92b1,7fbe,6cb5,
8561,6155,a2e8,92b1,7fbe,5b5c,
8562,6155,a2e8,92b1,7fbe,3445,
8563,6155,a2e8,92b1,7fbe,e994,
8564,6155,a2e8,92b1,7fbe,bbcd,
8565,6155,a2e8,92b1,7fbe,6cf8,
8566,6155,a2e8,92b1,7fbe,5b5f,
8567,6155,a2e8,92b1,7fbe,4081,
8568,6155,a2e8,92b1,7fbe,9a77,
8569,6155,a2e8,92b1,7fbe,1a64,
8570,6155,a2e8,92b1,7fbe,76c1,
8571,6155,a2e8,92b1,7fbe,758f,
8572,6155,a2e8,92b1,7fbe,11b8,
8573,6155,a2e8,92b1,7fbe,923c,
8574,6155,a2e8,92b1,7fbe,2467,
8575,6155,a2e8,92b1,7fbe,4d36,
8576,6155,a2e8,92b1,7fbe,af9c,
8577,6155,a2e8,92b1,7fbe,3ca2,
8578,6155,a2e8,92b1,7fbe,0948,
8579,6155,a2e8,92b1,7fbe,ba2d,
8580,6155,a2e8,92b1,7fbe,c6e0,
8581,6155,a2e8,92b1,7fbe,f0f4,
8582,6155,a2e8,92b1,7fbe,9309,
8583,6155,a2e8,92b1,7fbe,78e2,
8584,6155,a2e8,92b1,7fbe,a72c,
8585,6155,a2e8,92b1,7fbe,1eb9,
8586,6155,a2e8,92b1,7fbe,5df1,
8587,6155,a2e8,92b1,7fbe,999d,
8588,6155,a2e8,92b1,7fbe,ad0d,
8589,6155,a2e8,92b1,7fbe,9c80,
8590,6155,a2e8,92b1,7fbe,87d9,
8591,6155,a2e8,92b1,7fbe,4028,
8592,6155,a2e8,92b1,7fbe,d10f,
8593,6155,a2e8,92b1,7fbe,b495,
8594,6155,a2e8,92b1,7fbe,5143,
8595,6155,a2e8,92b1,7fbe,3aac,
8596,6155,a2e8,92b1,7fbe,d94f,
8597,6155,a2e8,92b1,7fbe,b739,
8598,6155,a2e8,92b1,7fbe,57f9,
8599,6155,a2e8,92b1,7fbe,5882,
8600,6155,a2e8,92b1,7fbe,dd74,
8601,6155,a2e8,92b1,7fbe,626c,
8602,6155,a2e8,92b1,7fbe,0d60,
8603,6155,a2e8,92b1,7fbe,b975,
8604,6155,a2e8,92b1,7fbe,7181,
8605,6155,a2e8,92b1,7fbe,b97d,
8606,6155,a2e8,92b1,7fbe,6338,
8607,6155,a2e8,92b1,7fbe,196e,
8608,6155,a2e8,92b1,7fbe,041f,
8609,6155,a2e8,92b1,7fbe,178a,
8610,6155,a2e8,92b1,7fbe,077d,
8611,6155,a2e8,92b1,7fbe,7198,
8612,6155,a2e8,92b1,7fbe,812d,
8613,6155,a2e8,92b1,7fbe,86d3,
8614,6155,a2e8,92b1,7fbe,5897,
8615,6155,a2e8,92b1,7fbe,63ac,
8616,6155,a2e8,92b1,7fbe,2be6,
8617,6155,a2e8,92b1,7fbe,bc17,
8618,6155,a2e8,92b1,7fbe,e876,
8619,6155,a2e8,92b1,7fbe,b960,
8620,6155,a2e8,92b1,7fbe,3391,
8621,6155,a2e8,92b1,7fbe,ab3f,
8622,6155,a2e8,92b1,7fbe,eb74,
8623,6155,a2e8,92b1,7fbe,f47a,
8624,6155,a2e8,92b1,7fbe,5124,
8625,6155,a2e8,92b1,7fbe,d70d,
8626,6155,a2e8,92b1,7fbe,54fa,
8627,6155,a2e8,92b1,7fbe,2a53,
8628,6155,a2e8,92b1,7fbe,c934,
8629,6155,a2e8,92b1,7fbe,e42c,
8630,6155,a2e8,92b1,7fbe,27ce,
8631,6155,a2e8,92b1,7fbe,5387,
8632,6155,a2e8,92b1,7fbe,2c49,
8633,6155,a2e8,92b1,7fbe,291d,
8634,6155,a2e8,92b1,7fbe,353c,
8635,6155,a2e8,92b1,7fbe,78f2,
8636,6155,a2e8,92b1,7fbe,fcdd,
8637,6155,a2e8,92b1,7fbe,3527,
8638,6155,a2e8,92b1,7fbe,acdc,
8639,6155,a2e8,92b1,7fbe,6405,
8640,6155,a2e8,92b1,7fbe,1796,
8641,6155,a2e8,92b1,7fbe,8653,
8642,6155,a2e8,92b1,7fbe,aeb5,
8643,6155,a2e8,92b1,7fbe,a03b,
8644,6155,a2e8,92b1,7fbe,2536,
8645,6155,a2e8,92b1,7fbe,baaf,
8646,6155,a2e8,92b1,7fbe,15df,
8647,6155,a2e8,92b1,7fbe,5ff3,
8648,6155,a2e8,92b1,7fbe,67b2,
8649,6155,a2e8,92b1,7fbe,8898,
8650,6155,a2e8,92b1,7fbe,1788,
8651,6155,a2e8,92b1,7fbe,1e69,
8652,6155,a2e8,92b1,7fbe,341c,
8653,6155,a2e8,92b1,7fbe,9706,
8654,6155,a2e8,92b1,7fbe,221d,
8655,6155,a2e8,92b1,7fbe,fcc6,
8656,6155,a2e8,92b1,7fbe,57b3,
8657,6155,a2e8,92b1,7fbe,d8d8,
8658,6155,a2e8,92b1,7fbe,8963,
8659,6155,a2e8,92b1,7fbe,032e,
8660,6155,a2e8,92b1,7fbe,86e6,
8661,6155,a2e8,92b1,7fbe,51e9,
8662,6155,a2e8,92b1,7fbe,a88c,
8663,6155,a2e8,92b1,7fbe,5d11,
8664,6155,a2e8,92b1,7fbe,57b3,
8665,6155,a2e8,92b1,7fbe,6a5d,
8666,6155,a2e8,92b1,7fbe,78e1,
8667,6155,a2e8,92b1,7fbe,8d59,
8668,6155,a2e8,92b1,7fbe,ca4d,
8669,6155,a2e8,92b1,7fbe,392e,
8670,6155,a2e8,92b1,7fbe,56ed,
8671,6155,a2e8,92b1,7fbe,b278,
8672,6155,a2e8,92b1,7fbe,7b45,
8673,6155,a2e8,92b1,7fbe,5e6d,
8674,6155,a2e8,92b1,7fbe,e4f1,
8675,6155,a2e8,92b1,7fbe,2dfd,
8676,6155,a2e8,92b1,7fbe,9210,
8677,6155,a2e8,92b1,7fbe,8445,
8678,6155,a2e8,92b1,7fbe,d9e4,
8679,6155,a2e8,92b1,7fbe,11df,
8680,6155,a2e8,92b1,7fbe,3938,
8681,6155,a2e8,92b1,7fbe,e4c5,
8682,6155,a2e8,92b1,7fbe,9e18,
8683,6155,a2e8,92b1,7fbe,201c,
8684,6155,a2e8,92b1,7fbe,8a84,
8685,6155,a2e8,92b1,7fbe,7e01,
8686,6155,a2e8,92b1,7fbe,1446,
8687,6155,a2e8,92b1,7fbe,5436,
8688,6155,a2e8,92b1,7fbe,d331,
8689,6155,a2e8,92b1,7fbe,0d61,
8690,6155,a2e8,92b1,7fbe,ecab,
8691,6155,a2e8,92b1,7fbe,5229,
8692,6155,a2e8,92b1,7fbe,717f,
8693,6155,a2e8,92b1,7fbe,1870,
8694,6155,a2e8,92b1,7fbe,d27f,
8695,6155,a2e8,92b1,7fbe,5164,
8696,6155,a2e8,92b1,7fbe,c7f3,
8697,6155,a2e8,92b1,7fbe,c5c8,
8698,6155,a2e8,92b1,7fbe,474f,
8699,6155,a2e8,92b1,7fbe,7442,
8700,6155,a2e8,92b1,7fbe,a6c9,
8701,6155,a2e8,92b1,7fbe,cd7c,
8702,6155,a2e8,92b1,7fbe,080c,
8703,6155,a2e8,92b1,7fbe,08c9,
8704,6155,a2e8,92b1,7fbe,852e,
8705,6155,a2e8,92b1,7fbe,6961,
8706,6155,a2e8,92b1,7fbe,7546,
8707,6155,a2e8,92b1,7fbe,bd69,
8708,6155,a2e8,92b1,7fbe,505b,
8709,6155,a2e8,92b1,7fbe,f84f,
8710,6155,a2e8,92b1,7fbe,06ed,
8711,6155,a2e8,92b1,7fbe,c19f,
8712,6155,a2e8,92b1,7fbe,0f79,
8713,6155,a2e8,92b1,7fbe,6e16,
8714,6155,a2e8,92b1,7fbe,f299,
8715,6155,a2e8,92b1,7fbe,fa52,
8716,6155,a2e8,92b1,7fbe,298c,
8717,6155,a2e8,92b1,7fbe,6bfb,
8718,6155,a2e8,92b1,7fbe,6d38,
8719,6155,a2e8,92b1,7fbe,3ff6,
8720,6155,a2e8,92b1,7fbe,a2d8,
8721,6155,a2e8,92b1,7fbe,9dc7,
8722,6155,a2e8,92b1,7fbe,ec21,
8723,6155,a2e8,92b1,7fbe,f9f6,
8724,6155,a2e8,92b1,7fbe,e6e8,
8725,6155,a2e8,92b1,7fbe,9929,
8726,6155,a2e8,92b1,7fbe,bba3,
8727,6155,a2e8,92b1,7fbe,1de4,
8728,6155,a2e8,92b1,7fbe,53d5,
8729,6155,a2e8,92b1,7fbe,0b08,
8730,6155,a2e8,92b1,7fbe,4440,
8731,6155,a2e8,92b1,7fbe,55e7,
8732,6155,a2e8,92b1,7fbe,af75,
8733,6155,a2e8,92b1,7fbe,4971,
8734,6155,a2e8,92b1,7fbe,0ce9,
8735,6155,a2e8,92b1,7fbe,6977,
8736,6155,a2e8,92b1,7fbe,2101,
8737,6155,a2e8,92b1,7fbe,6b91,
8738,6155,a2e8,92b1,7fbe,f3d1,
8739,6155,a2e8,92b1,7fbe,5d73,
8740,6155,a2e8,92b1,7fbe,7d3e,
8741,6155,a2e8,92b1,7fbe,99ad,
8742,6155,a2e8,92b1,7fbe,61ac,
8743,6155,a2e8,92b1,7fbe,3c69,
8744,6155,a2e8,92b1,7fbe,2521,
8745,6155,a2e8,92b1,7fbe,4413,
8746,6155,a2e8,92b1,7fbe,dcb3,
8747,6155,a2e8,92b1,7fbe,bc70,
8748,6155,a2e8,92b1,7fbe,2345,
8749,6155,a2e8,92b1,7fbe,5a74,
8750,6155,a2e8,92b1,7fbe,71ee,
8751,6155,a2e8,92b1,7fbe,e3a5,
8752,6155,a2e8,92b1,7fbe,6202,
8753,6155,a2e8,92b1,7fbe,b06c,
8754,6155,a2e8,92b1,7fbe,46f9,
8755,6155,a2e8,92b1,7fbe,9d0c,
8756,6155,a2e8,92b1,7fbe,4082,
8757,6155,a2e8,92b1,7fbe,578a,
8758,6155,a2e8,92b1,7fbe,8b1d,
8759,6155,a2e8,92b1,7fbe,b0f5,
8760,6155,a2e8,92b1,7fbe,e74c,
8761,6155,a2e8,92b1,7fbe,c35b,
8762,6155,a2e8,92b1,7fbe,3f46,
8763,6155,a2e8,92b1,7fbe,346e,
8764,6155,a2e8,92b1,7fbe,71b6,
8765,6155,a2e8,92b1,7fbe,7c0f,
8766,6155,a2e8,92b1,7fbe,1f2c,
8767,6155,a2e8,92b1,7fbe,f45a,
8768,6155,a2e8,92b1,7fbe,1ee7,
8769,6155,a2e8,92b1,7fbe,0893,
8770,6155,a2e8,92b1,7fbe,18f5,
8771,6155,a2e8,92b1,7fbe,ba19,
8772,6155,a2e8,92b1,7fbe,61a5,
8773,6155,a2e8,92b1,7fbe,42e7,
8774,6155,a2e8,92b1,7fbe,3eb6,
8775,6155,a2e8,92b1,7fbe,85df,
8776,6155,a2e8,92b1,7fbe,61ce,
8777,6155,a2e8,92b1,7fbe,1136,
8778,6155,a2e8,92b1,7fbe,b354,
8779,6155,a2e8,92b1,7fbe,d12c,
8780,6155,a2e8,92b1,7fbe,91e2,
8781,6155,a2e8,92b1,7fbe,a672,
8782,6155,a2e8,92b1,7fbe,389c,
8783,6155,a2e8,92b1,7fbe,e5fc,
8784,6155,a2e8,92b1,7fbe,c5e4,
8785,6155,a2e8,92b1,7fbe,1a85,
8786,6155,a2e8,92b1,7fbe,3c98,
8787,6155,a2e8,92b1,7fbe,03d9,
8788,6155,a2e8,92b1,7fbe,1c13,
8789,6155,a2e8,92b1,7fbe,94e6,
8790,6155,a2e8,92b1,7fbe,e8eb,
8791,6155,a2e8,92b1,7fbe,de1c,
8792,6155,a2e8,92b1,7fbe,7492,
8793,6155,a2e8,92b1,7fbe,9390,
8794,6155,a2e8,92b1,7fbe,f163,
8795,6155,a2e8,92b1,7fbe,3bca,
8796,6155,a2e8,92b1,7fbe,9389,
8797,6155,a2e8,92b1,7fbe,2594,
8798,6155,a2e8,92b1,7fbe,1398,
8799,6155,a2e8,92b1,7fbe,b64d,
8800,6155,a2e8,92b1,7fbe,266e,
8801,6155,a2e8,92b1,7fbe,39cd,
8802,6155,a2e8,92b1,7fbe,bfcc,
8803,6155,a2e8,92b1,7fbe,7894,
8804,6155,a2e8,92b1,7fbe,bdf4,
8805,6155,a2e8,92b1,7fbe,4d30,
8806,6155,a2e8,92b1,7fbe,ea09,
8807,6155,a2e8,92b1,7fbe,de17,
8808,6155,a2e8,92b1,7fbe,0d9f,
8809,6155,a2e8,92b1,7fbe,dcf1,
8810,6155,a2e8,92b1,7fbe,8924,
8811,6155,a2e8,92b1,7fbe,d196,
8812,6155,a2e8,92b1,7fbe,a6ea,
8813,6155,a2e8,92b1,7fbe,b1e8,
8814,6155,a2e8,92b1,7fbe,2ae7,
8815,6155,a2e8,92b1,7fbe,6419,
8816,6155,a2e8,92b1,7fbe,09ea,
8817,6155,a2e8,92b1,7fbe,4c1d,
8818,6155,a2e8,92b1,7fbe,1c8f,
8819,6155,a2e8,92b1,7fbe,83bb,
8820,6155,a2e8,92b1,7fbe,c606,
8821,6155,a2e8,92b1,7fbe,9894,
8822,6155,a2e8,92b1,7fbe,4904,
8823,6155,a2e8,92b1,7fbe,c33d,
8824,6155,a2e8,92b1,7fbe,21bb,
8825,6155,a2e8,92b1,7fbe,0261,
8826,6155,a2e8,92b1,7fbe,aed6,
8827,6155,a2e8,92b1,7fbe,a35e,
8828,6155,a2e8,92b1,7fbe,09f5,
8829,6155,a2e8,92b1,7fbe,ac3f,
8830,6155,a2e8,92b1,7fbe,9fed,
8831,6155,a2e8,92b1,7fbe,a539,
8832,6155,a2e8,92b1,7fbe,9a41,
8833,6155,a2e8,92b1,7fbe,1dc1,
8834,6155,a2e8,92b1,7fbe,44c2,
8835,6155,a2e8,92b1,7fbe,0ce3,
8836,6155,a2e8,92b1,7fbe,5038,
8837,6155,a2e8,92b1,7fbe,20ab,
8838,6155,a2e8,92b1,7fbe,d116,
8839,6155,a2e8,92b1,7fbe,ef41,
8840,6155,a2e8,92b1,7fbe,a54e,
8841,6155,a2e8,92b1,7fbe,a293,
8842,6155,a2e8,92b1,7fbe,1d6a,
8843,6155,a2e8,92b1,7fbe,14c8,
8844,6155,a2e8,92b1,7fbe,74ce,
8845,6155,a2e8,92b1,7fbe,3d5b,
8846,6155,a2e8,92b1,7fbe,e22d,
8847,6155,a2e8,92b1,7fbe,80d9,
8848,6155,a2e8,92b1,7fbe,1a67,
8849,6155,a2e8,92b1,7fbe,7ca3,
8850,6155,a2e8,92b1,7fbe,7312,
8851,6155,a2e8,92b1,7fbe,a8f0,
8852,6155,a2e8,92b1,7fbe,16a4,
8853,6155,a2e8,92b1,7fbe,09df,
8854,6155,a2e8,92b1,7fbe,3828,
8855,6155,a2e8,92b1,7fbe,a5ba,
8856,6155,a2e8,92b1,7fbe,c1e7,
8857,6155,a2e8,92b1,7fbe,6b13,
8858,6155,a2e8,92b1,7fbe,ef8a,
8859,6155,a2e8,92b1,7fbe,e37a,
8860,6155,a2e8,92b1,7fbe,4f4a,
8861,6155,a2e8,92b1,7fbe,0d15,
8862,6155,a2e8,92b1,7fbe,fd31,
8863,6155,a2e8,92b1,7fbe,8d88,
8864,6155,a2e8,92b1,7fbe,1905,
8865,6155,a2e8,92b1,7fbe,c38e,
8866,6155,a2e8,92b1,7fbe,b32e,
8867,6155,a2e8,92b1,7fbe,5ddc,
8868,6155,a2e8,92b1,7fbe,5159,
8869,6155,a2e8,92b1,7fbe,ef40,
8870,6155,a2e8,92b1,7fbe,a3ca,
8871,6155,a2e8,92b1,7fbe,5424,
8872,6155,a2e8,92b1,7fbe,ecda,
8873,6155,a2e8,92b1,7fbe,03ba,
8874,6155,a2e8,92b1,7fbe,9431,
8875,6155,a2e8,92b1,7fbe,1c1b,
8876,6155,a2e8,92b1,7fbe,f4fb,
8877,6155,a2e8,92b1,7fbe,fbd8,
8878,6155,a2e8,92b1,7fbe,3845,
8879,6155,a2e8,92b1,7fbe,a984,
8880,6155,a2e8,92b1,7fbe,2afe,
8881,6155,a2e8,92b1,7fbe,8b1e,
8882,6155,a2e8,92b1,7fbe,9927,
8883,6155,a2e8,92b1,7fbe,d824,
8884,6155,a2e8,92b1,7fbe,0a67,
8885,6155,a2e8,92b1,7fbe,05e8,
8886,6155,a2e8,92b1,7fbe,1e0d,
8887,6155,a2e8,92b1,7fbe,1792,
8888,6155,a2e8,92b1,7fbe,b9c7,
8889,6155,a2e8,92b1,7fbe,8762,
8890,6155,a2e8,92b1,7fbe,49e4,
8891,6155,a2e8,92b1,7fbe,d0da,
8892,6155,a2e8,92b1,7fbe,079e,
8893,6155,a2e8,92b1,7fbe,b36b,
8894,6155,a2e8,92b1,7fbe,e64e,
8895,6155,a2e8,92b1,7fbe,cf14,
8896,6155,a2e8,92b1,7fbe,d1c7,
8897,6155,a2e8,92b1,7fbe,3fb2,
8898,6155,a2e8,92b1,7fbe,94ab,
8899,6155,a2e8,92b1,7fbe,d0ba,
8900,6155,a2e8,92b1,7fbe,eac5,
8901,6155,a2e8,92b1,7fbe,3f29,
8902,6155,a2e8,92b1,7fbe,6237,
8903,6155,a2e8,92b1,7fbe,a8b0,
8904,6155,a2e8,92b1,7fbe,7d4a,
8905,6155,a2e8,92b1,7fbe,cab5,
8906,6155,a2e8,92b1,7fbe,b267,
8907,6155,a2e8,92b1,7fbe,eacd,
8908,6155,a2e8,92b1,7fbe,34ba,
8909,6155,a2e8,92b1,7fbe,c879,
8910,6155,a2e8,92b1,7fbe,2530,
8911,6155,a2e8,92b1,7fbe,57b5,
8912,6155,a2e8,92b1,7fbe,3b09,
8913,6155,a2e8,92b1,7fbe,f600,
8914,6155,a2e8,92b1,7fbe,c7f7,
8915,6155,a2e8,92b1,7fbe,4542,
8916,6155,a2e8,92b1,7fbe,a9a0,
8917,6155,a2e8,92b1,7fbe,d2b3,
8918,6155,a2e8,92b1,7fbe,7884,
8919,6155,a2e8,92b1,7fbe,9b9a,
8920,6155,a2e8,92b1,7fbe,17b0,
8921,6155,a2e8,92b1,7fbe,318d,
8922,6155,a2e8,92b1,7fbe,9609,
8923,6155,a2e8,92b1,7fbe,3037,
8924,6155,a2e8,92b1,7fbe,db46,
8925,6155,a2e8,92b1,7fbe,0f6e,
8926,6155,a2e8,92b1,7fbe,7050,
8927,6155,a2e8,92b1,7fbe,3484,
8928,6155,a2e8,92b1,7fbe,ccbe,
8929,6155,a2e8,92b1,7fbe,45c5,
8930,6155,a2e8,92b1,7fbe,90b1,
8931,6155,a2e8,92b1,7fbe,4675,
8932,6155,a2e8,92b1,7fbe,369d,
8933,6155,a2e8,92b1,7fbe,6a47,
8934,6155,a2e8,92b1,7fbe,c1c0,
8935,6155,a2e8,92b1,7fbe,b17a,
8936,6155,a2e8,92b1,7fbe,5424,
8937,6155,a2e8,92b1,7fbe,c1ad,
8938,6155,a2e8,92b1,7fbe,d76f,
8939,6155,a2e8,92b1,7fbe,ce72,
8940,6155,a2e8,92b1,7fbe,5860,
8941,6155,a2e8,92b1,7fbe,5778,
8942,6155,a2e8,92b1,7fbe,4290,
8943,6155,a2e8,92b1,7fbe,1601,
8944,6155,a2e8,92b1,7fbe,acfb,
8945,6155,a2e8,92b1,7fbe,ed63,
8946,6155,a2e8,92b1,7fbe,75e2,
8947,6155,a2e8,92b1,7fbe,9efe,
8948,6155,a2e8,92b1,7fbe,e8cb,
8949,6155,a2e8,92b1,7fbe,4ef1,
8950,6155,a2e8,92b1,7fbe,5c14,
8951,6155,a2e8,92b1,7fbe,0bd6,
8952,6155,a2e8,92b1,7fbe,5781,
8953,6155,a2e8,92b1,7fbe,6264,
8954,6155,a2e8,92b1,7fbe,399b,
8955,6155,a2e8,92b1,7fbe,7908,
8956,6155,a2e8,92b1,7fbe,40cb,
8957,6155,a2e8,92b1,7fbe,ca48,
8958,6155,a2e8,92b1,7fbe,4b77,
8959,6155,a2e8,92b1,7fbe,4293,
8960,6155,a2e8,92b1,7fbe,1f26,
8961,6155,a2e8,92b1,7fbe,167f,
8962,6155,a2e8,92b1,7fbe,0b6f,
8963,6155,a2e8,92b1,7fbe,2d4f,
8964,6155,a2e8,92b1,7fbe,865b,
8965,6155,a2e8,92b1,7fbe,b723,
8966,6155,a2e8,92b1,7fbe,1cbc,
8967,6155,a2e8,92b1,7fbe,ad78,
8968,6155,a2e8,92b1,7fbe,2a9f,
8969,6155,a2e8,92b1,7fbe,2960,
8970,6155,a2e8,92b1,7fbe,a788,
8971,6155,a2e8,92b1,7fbe,343e,
8972,6155,a2e8,92b1,7fbe,dd21,
8973,6155,a2e8,92b1,7fbe,24a3,
8974,6155,a2e8,92b1,7fbe,700b,
8975,6155,a2e8,92b1,7fbe,9c32,
8976,6155,a2e8,92b1,7fbe,ef8a,
8977,6155,a2e8,92b1,7fbe,82d1,
8978,6155,a2e8,92b1,7fbe,d6fa,
8979,6155,a2e8,92b1,7fbe,8037,
8980,6155,a2e8,92b1,7fbe,c3ae,
8981,6155,a2e8,92b1,7fbe,8a87,
8982,6155,a2e8,92b1,7fbe,9e9d,
8983,6155,a2e8,92b1,7fbe,65b8,
8984,6155,a2e8,92b1,7fbe,c43d,
8985,6155,a2e8,92b1,7fbe,bd2c,
8986,6155,a2e8,92b1,7fbe,8a10,
8987,6155,a2e8,92b1,7fbe,2f1c,
8988,6155,a2e8,92b1,7fbe,541f,
8989,6155,a2e8,92b1,7fbe,0e87,
8990,6155,a2e8,92b1,7fbe,bad7,
8991,6155,a2e8,92b1,7fbe,c6ea,
8992,6155,a2e8,92b1,7fbe,e3fd,
8993,6155,a2e8,92b1,7fbe,89f8,
8994,6155,a2e8,92b1,7fbe,3616,
8995,6155,a2e8,92b1,7fbe,4c83,
8996,6155,a2e8,92b1,7fbe,8ac9,
8997,6155,a2e8,92b1,7fbe,1f19,
8998,6155,a2e8,92b1,7fbe,2142,
8999,6155,a2e8,92b1,7fbe,9e19,
9000,6155,a2e8,92b1,7fbe,9e28,
9001,6155,a2e8,92b1,7fbe,3286,
9002,6155,a2e8,92b1,7fbe,45e1,
9003,6155,a2e8,92b1,7fbe,e2b9,
9004,6155,a2e8,92b1,7fbe,f01d,
9005,6155,a2e8,92b1,7fbe,6b56,
9006,6155,a2e8,92b1,7fbe,3158,
9007,6155,a2e8,92b1,7fbe,eb7a,
9008,6155,a2e8,92b1,7fbe,69f5,
9009,6155,a2e8,92b1,7fbe,1584,
9010,6155,a2e8,92b1,7fbe,aff4,
9011,6155,a2e8,92b1,7fbe,6f79,
9012,6155,a2e8,92b1,7fbe,c7c7,
9013,6155,a2e8,92b1,7fbe,c4d8,
9014,6155,a2e8,92b1,7fbe,23d6,
9015,6155,a2e8,92b1,7fbe,1d13,
9016,6155,a2e8,92b1,7fbe,9363,
9017,6155,a2e8,92b1,7fbe,216a,
9018,6155,a2e8,92b1,7fbe,68b6,
9019,6155,a2e8,92b1,7fbe,9140,
9020,6155,a2e8,92b1,7fbe,f6d4,
9021,6155,a2e8,92b1,7fbe,5ac1,
9022,6155,a2e8,92b1,7fbe,7ca9,
9023,6155,a2e8,92b1,7fbe,f8b1,
9024,6155,a2e8,92b1,7fbe,fa5d,
9025,6155,a2e8,92b1,7fbe,9844,
9026,6155,a2e8,92b1,7fbe,67e7,
9027,6155,a2e8,92b1,7fbe,439a,
9028,6155,a2e8,92b1,7fbe,d8ce,
9029,6155,a2e8,92b1,7fbe,d8a4,
9030,6155,a2e8,92b1,7fbe,b2a1,
9031,6155,a2e8,92b1,7fbe,2b93,
9032,6155,a2e8,92b1,7fbe,c5cf,
9033,6155,a2e8,92b1,7fbe,0e2a,
9034,6155,a2e8,92b1,7fbe,ce8b,
9035,6155,a2e8,92b1,7fbe,8020,
9036,6155,a2e8,92b1,7fbe,b69d,
9037,6155,a2e8,92b1,7fbe,0d9a,
9038,6155,a2e8,92b1,7fbe,466c,
9039,6155,a2e8,92b1,7fbe,217d,
9040,6155,a2e8,92b1,7fbe,7903,
9041,6155,a2e8,92b1,7fbe,99e0,
9042,6155,a2e8,92b1,7fbe,5aa1,
9043,6155,a2e8,92b1,7fbe,8664,
9044,6155,a2e8,92b1,7fbe,b05e,
9045,6155,a2e8,92b1,7fbe,8f73,
9046,6155,a2e8,92b1,7fbe,82da,
9047,6155,a2e8,92b1,7fbe,bef5,
9048,6155,a2e8,92b1,7fbe,e0f5,
9049,6155,a2e8,92b1,7fbe,b963,
9050,6155,a2e8,92b1,7fbe,bcbc,
9051,6155,a2e8,92b1,7fbe,5128,
9052,6155,a2e8,92b1,7fbe,435f,
9053,6155,a2e8,92b1,7fbe,5f80,
9054,6155,a2e8,92b1,7fbe,bfe7,
9055,6155,a2e8,92b1,7fbe,0a15,
9056,6155,a2e8,92b1,7fbe,dd09,
9057,6155,a2e8,92b1,7fbe,6277,
9058,6155,a2e8,92b1,7fbe,9971,
9059,6155,a2e8,92b1,7fbe,0abe,
9060,6155,a2e8,92b1,7fbe,1db0,
9061,6155,a2e8,92b1,7fbe,f8d7,
9062,6155,a2e8,92b1,7fbe,55f8,
9063,6155,a2e8,92b1,7fbe,b999,
9064,6155,a2e8,92b1,7fbe,bcb4,
9065,6155,a2e8,92b1,7fbe,d908,
9066,6155,a2e8,92b1,7fbe,c6b7,
9067,6155,a2e8,92b1,7fbe,cca9,
9068,6155,a2e8,92b1,7fbe,e15c,
9069,6155,a2e8,92b1,7fbe,b9c3,
9070,6155,a2e8,92b1,7fbe,2468,
9071,6155,a2e8,92b1,7fbe,dd65,
9072,6155,a2e8,92b1,7fbe,a2d3,
9073,6155,a2e8,92b1,7fbe,ad7e,
9074,6155,a2e8,92b1,7fbe,2eb4,
9075,6155,a2e8,92b1,7fbe,f986,
9076,6155,a2e8,92b1,7fbe,67e8,
9077,6155,a2e8,92b1,7fbe,3075,
9078,6155,a2e8,92b1,7fbe,118d,
9079,6155,a2e8,92b1,7fbe,6f35,
9080,6155,a2e8,92b1,7fbe,5df0,
9081,6155,a2e8,92b1,7fbe,2913,
9082,6155,a2e8,92b1,7fbe,6927,
9083,6155,a2e8,92b1,7fbe,5138,
9084,6155,a2e8,92b1,7fbe,08f8,
9085,6155,a2e8,92b1,7fbe,9f22,
9086,6155,a2e8,92b1,7fbe,2e8b,
9087,6155,a2e8,92b1,7fbe,62c4,
9088,6155,a2e8,92b1,7fbe,cbe2,
9089,6155,a2e8,92b1,7fbe,b04a,
9090,6155,a2e8,92b1,7fbe,d4c4,
9091,6155,a2e8,92b1,7fbe,21ad,
9092,6155,a2e8,92b1,7fbe,494e,
9093,6155,a2e8,92b1,7fbe,0e68,
9094,6155,a2e8,92b1,7fbe,31ea,
9095,6155,a2e8,92b1,7fbe,3546,
9096,6155,a2e8,92b1,7fbe,99d6,
9097,6155,a2e8,92b1,7fbe,6321,
9098,6155,a2e8,92b1,7fbe,802b,
9099,6155,a2e8,92b1,7fbe,f160,
9100,6155,a2e8,92b1,7fbe,151e,
9101,6155,a2e8,92b1,7fbe,da2a,
9102,6155,a2e8,92b1,7fbe,4c7d,
9103,6155,a2e8,92b1,7fbe,e30b,
9104,6155,a2e8,92b1,7fbe,7c6b,
9105,6155,a2e8,92b1,7fbe,dc19,
9106,6155,a2e8,92b1,7fbe,ef7d,
9107,6155,a2e8,92b1,7fbe,1e23,
9108,6155,a2e8,92b1,7fbe,d683,
9109,6155,a2e8,92b1,7fbe,a449,
9110,6155,a2e8,92b1,7fbe,a1da,
9111,6155,a2e8,92b1,7fbe,295b,
9112,6155,a2e8,92b1,7fbe,a31e,
9113,6155,a2e8,92b1,7fbe,f10f,
9114,6155,a2e8,92b1,7fbe,2f05,
9115,6155,a2e8,92b1,7fbe,5bc8,
9116,6155,a2e8,92b1,7fbe,4f69,
9117,6155,a2e8,92b1,7fbe,91fa,
9118,6155,a2e8,92b1,7fbe,c3ac,
9119,6155,a2e8,92b1,7fbe,1c00,
9120,6155,a2e8,92b1,7fbe,86c1,
9121,6155,a2e8,92b1,7fbe,4d07,
9122,6155,a2e8,92b1,7fbe,e3a9,
9123,6155,a2e8,92b1,7fbe,4228,
9124,6155,a2e8,92b1,7fbe,04ae,
9125,6155,a2e8,92b1,7fbe,010b,
9126,6155,a2e8,92b1,7fbe,4b67,
9127,6155,a2e8,92b1,7fbe,8405,
9128,6155,a2e8,92b1,7fbe,79d0,
9129,6155,a2e8,92b1,7fbe,de83,
9130,6155,a2e8,92b1,7fbe,a6d5,
9131,6155,a2e8,92b1,7fbe,7678,
9132,6155,a2e8,92b1,7fbe,4ddf,
9133,6155,a2e8,92b1,7fbe,458c,
9134,6155,a2e8,92b1,7fbe,427e,
9135,6155,a2e8,92b1,7fbe,f1c3,
9136,6155,a2e8,92b1,7fbe,b511,
9137,6155,a2e8,92b1,7fbe,d64f,
9138,6155,a2e8,92b1,7fbe,81c2,
9139,6155,a2e8,92b1,7fbe,855c,
9140,6155,a2e8,92b1,7fbe,8fe1,
9141,6155,a2e8,92b1,7fbe,c582,
9142,6155,a2e8,92b1,7fbe,8faa,
9143,6155,a2e8,92b1,7fbe,6ed6,
9144,6155,a2e8,92b1,7fbe,c5e6,
9145,6155,a2e8,92b1,7fbe,3d98,
9146,6155,a2e8,92b1,7fbe,f5db,
9147,6155,a2e8,92b1,7fbe,ad82,
9148,6155,a2e8,92b1,7fbe,837d,
9149,6155,a2e8,92b1,7fbe,baf3,
9150,6155,a2e8,92b1,7fbe,691e,
9151,6155,a2e8,92b1,7fbe,c71d,
9152,6155,a2e8,92b1,7fbe,d4ba,
9153,6155,a2e8,92b1,7fbe,29c6,
9154,6155,a2e8,92b1,7fbe,4cfd,
9155,6155,a2e8,92b1,7fbe,c7ac,
9156,6155,a2e8,92b1,7fbe,875a,
9157,6155,a2e8,92b1,7fbe,fefa,
9158,6155,a2e8,92b1,7fbe,7529,
9159,6155,a2e8,92b1,7fbe,4328,
9160,6155,a2e8,92b1,7fbe,2b72,
9161,6155,a2e8,92b1,7fbe,5d81,
9162,6155,a2e8,92b1,7fbe,af5a,
9163,6155,a2e8,92b1,7fbe,6dfc,
9164,6155,a2e8,92b1,7fbe,3bea,
9165,6155,a2e8,92b1,7fbe,c94f,
9166,6155,a2e8,92b1,7fbe,3200,
9167,6155,a2e8,92b1,7fbe,8540,
9168,6155,a2e8,92b1,7fbe,204f,
9169,6155,a2e8,92b1,7fbe,fd6a,
9170,6155,a2e8,92b1,7fbe,5eac,
9171,6155,a2e8,92b1,7fbe,544f,
9172,6155,a2e8,92b1,7fbe,cc4b,
9173,6155,a2e8,92b1,7fbe,f2bf,
9174,6155,a2e8,92b1,7fbe,10b9,
9175,6155,a2e8,92b1,7fbe,827d,
9176,6155,a2e8,92b1,7fbe,7275,
9177,6155,a2e8,92b1,7fbe,48ad,
9178,6155,a2e8,92b1,7fbe,f01d,
9179,6155,a2e8,92b1,7fbe,a5de,
9180,6155,a2e8,92b1,7fbe,0c5f,
9181,6155,a2e8,92b1,7fbe,fb0a,
9182,6155,a2e8,92b1,7fbe,7258,
9183,6155,a2e8,92b1,7fbe,da52,
9184,6155,a2e8,92b1,7fbe,9d25,
9185,6155,a2e8,92b1,7fbe,262e,
9186,6155,a2e8,92b1,7fbe,16b5,
9187,6155,a2e8,92b1,7fbe,baee,
9188,6155,a2e8,92b1,7fbe,b00d,
9189,6155,a2e8,92b1,7fbe,12ec,
9190,6155,a2e8,92b1,7fbe,4903,
9191,6155,a2e8,92b1,7fbe,0e18,
9192,6155,a2e8,92b1,7fbe,18ad,
9193,6155,a2e8,92b1,7fbe,2e12,
9194,6155,a2e8,92b1,7fbe,4b9b,
9195,6155,a2e8,92b1,7fbe,7712,
9196,6155,a2e8,92b1,7fbe,cb82,
9197,6155,a2e8,92b1,7fbe,594e,
9198,6155,a2e8,92b1,7fbe,7fc7,
9199,6155,a2e8,92b1,7fbe,e7ea,
9200,6155,a2e8,92b1,7fbe,d31b,
9201,6155,a2e8,92b1,7fbe,356d,
9202,6155,a2e8,92b1,7fbe,b474,
9203,6155,a2e8,92b1,7fbe,0d45,
9204,6155,a2e8,92b1,7fbe,425e,
9205,6155,a2e8,92b1,7fbe,2763,
9206,6155,a2e8,92b1,7fbe,1009,
9207,6155,a2e8,92b1,7fbe,9f63,
9208,6155,a2e8,92b1,7fbe,36a5,
9209,6155,a2e8,92b1,7fbe,791e,
9210,6155,a2e8,92b1,7fbe,949d,
9211,6155,a2e8,92b1,7fbe,6a0f,
9212,6155,a2e8,92b1,7fbe,e371,
9213,6155,a2e8,92b1,7fbe,2960,
9214,6155,a2e8,92b1,7fbe,5e01,
9215,6155,a2e8,92b1,7fbe,15cf,
9216,6155,a2e8,92b1,7fbe,b1e9,
9217,6155,a2e8,92b1,7fbe,d4e9,
9218,6155,a2e8,92b1,7fbe,dd63,
9219,6155,a2e8,92b1,7fbe,f440,
9220,6155,a2e8,92b1,7fbe,26a5,
9221,6155,a2e8,92b1,7fbe,8c02,
9222,6155,a2e8,92b1,7fbe,3b46,
9223,6155,a2e8,92b1,7fbe,4099,
9224,6155,a2e8,92b1,7fbe,7d4b,
9225,6155,a2e8,92b1,7fbe,d4fe,
9226,6155,a2e8,92b1,7fbe,52ef,
9227,6155,a2e8,92b1,7fbe,fca0,
9228,6155,a2e8,92b1,7fbe,bf43,
9229,6155,a2e8,92b1,7fbe,b415,
9230,6155,a2e8,92b1,7fbe,4bf5,
9231,6155,a2e8,92b1,7fbe,106a,
9232,6155,a2e8,92b1,7fbe,18e2,
9233,6155,a2e8,92b1,7fbe,0925,
9234,6155,a2e8,92b1,7fbe,d9fb,
9235,6155,a2e8,92b1,7fbe,527d,
9236,6155,a2e8,92b1,7fbe,d1f8,
9237,6155,a2e8,92b1,7fbe,ee21,
9238,6155,a2e8,92b1,7fbe,ed5d,
9239,6155,a2e8,92b1,7fbe,7a1e,
9240,6155,a2e8,92b1,7fbe,1f57,
9241,6155,a2e8,92b1,7fbe,8fb1,
9242,6155,a2e8,92b1,7fbe,477f,
9243,6155,a2e8,92b1,7fbe,ba72,
9244,6155,a2e8,92b1,7fbe,ff36,
9245,6155,a2e8,92b1,7fbe,0df9,
9246,6155,a2e8,92b1,7fbe,0563,
9247,6155,a2e8,92b1,7fbe,1b20,
9248,6155,a2e8,92b1,7fbe,fae9,
9249,6155,a2e8,92b1,7fbe,c0a3,
9250,6155,a2e8,92b1,7fbe,bb28,
9251,6155,a2e8,92b1,7fbe,66f5,
9252,6155,a2e8,92b1,7fbe,85be,
9253,6155,a2e8,92b1,7fbe,f9b9,
9254,6155,a2e8,92b1,7fbe,ebcf,
9255,6155,a2e8,92b1,7fbe,09df,
9256,6155,a2e8,92b1,7fbe,8a3d,
9257,6155,a2e8,92b1,7fbe,1be8,
9258,6155,a2e8,92b1,7fbe,d49e,
9259,6155,a2e8,92b1,7fbe,a7e2,
9260,6155,a2e8,92b1,7fbe,8254,
9261,6155,a2e8,92b1,7fbe,2586,
9262,6155,a2e8,92b1,7fbe,0f94,
9263,6155,a2e8,92b1,7fbe,3376,
9264,6155,a2e8,92b1,7fbe,0dae,
9265,6155,a2e8,92b1,7fbe,8520,
9266,6155,a2e8,92b1,7fbe,c906,
9267,6155,a2e8,92b1,7fbe,9822,
9268,6155,a2e8,92b1,7fbe,4f5a,
9269,6155,a2e8,92b1,7fbe,68b3,
9270,6155,a2e8,92b1,7fbe,0fdd,
9271,6155,a2e8,92b1,7fbe,bc4f,
9272,6155,a2e8,92b1,7fbe,8354,
9273,6155,a2e8,92b1,7fbe,7e1a,
9274,6155,a2e8,92b1,7fbe,4142,
9275,6155,a2e8,92b1,7fbe,2572,
9276,6155,a2e8,92b1,7fbe,bd12,
9277,6155,a2e8,92b1,7fbe,c8cd,
9278,6155,a2e8,92b1,7fbe,f387,
9279,6155,a2e8,92b1,7fbe,bf73,
9280,6155,a2e8,92b1,7fbe,6d08,
9281,6155,a2e8,92b1,7fbe,dcac,
9282,6155,a2e8,92b1,7fbe,b490,
9283,6155,a2e8,92b1,7fbe,e910,
9284,6155,a2e8,92b1,7fbe,3f17,
9285,6155,a2e8,92b1,7fbe,dde5,
9286,6155,a2e8,92b1,7fbe,7d2f,
9287,6155,a2e8,92b1,7fbe,9f24,
9288,6155,a2e8,92b1,7fbe,b5ab,
9289,6155,a2e8,92b1,7fbe,1a38,
9290,6155,a2e8,92b1,7fbe,01aa,
9291,6155,a2e8,92b1,7fbe,3ba6,
9292,6155,a2e8,92b1,7fbe,dcd4,
9293,6155,a2e8,92b1,7fbe,bedd,
9294,6155,a2e8,92b1,7fbe,9e6f,
9295,6155,a2e8,92b1,7fbe,1571,
9296,6155,a2e8,92b1,7fbe,7eb6,
9297,6155,a2e8,92b1,7fbe,1db0,
9298,6155,a2e8,92b1,7fbe,3f69,
9299,6155,a2e8,92b1,7fbe,6607,
9300,6155,a2e8,92b1,7fbe,e96e,
9301,6155,a2e8,92b1,7fbe,fdac,
9302,6155,a2e8,92b1,7fbe,ae02,
9303,6155,a2e8,92b1,7fbe,3f8c,
9304,6155,a2e8,92b1,7fbe,a185,
9305,6155,a2e8,92b1,7fbe,e012,
9306,6155,a2e8,92b1,7fbe,c044,
9307,6155,a2e8,92b1,7fbe,c737,
9308,6155,a2e8,92b1,7fbe,5f88,
9309,6155,a2e8,92b1,7fbe,6b30,
9310,6155,a2e8,92b1,7fbe,27bc,
9311,6155,a2e8,92b1,7fbe,b055,
9312,6155,a2e8,92b1,7fbe,f024,
9313,6155,a2e8,92b1,7fbe,8c11,
9314,6155,a2e8,92b1,7fbe,f42f,
9315,6155,a2e8,92b1,7fbe,9f3e,
9316,6155,a2e8,92b1,7fbe,fcc2,
9317,6155,a2e8,92b1,7fbe,1eac,
9318,6155,a2e8,92b1,7fbe,c082,
9319,6155,a2e8,92b1,7fbe,693c,
9320,6155,a2e8,92b1,7fbe,4dfc,
9321,6155,a2e8,92b1,7fbe,6853,
9322,6155,a2e8,92b1,7fbe,48e4,
9323,6155,a2e8,92b1,7fbe,02d7,
9324,6155,a2e8,92b1,7fbe,e372,
9325,6155,a2e8,92b1,7fbe,1084,
9326,6155,a2e8,92b1,7fbe,2f3b,
9327,6155,a2e8,92b1,7fbe,04f5,
9328,6155,a2e8,92b1,7fbe,23a4,
9329,6155,a2e8,92b1,7fbe,73fa,
9330,6155,a2e8,92b1,7fbe,e49c,
9331,6155,a2e8,92b1,7fbe,7277,
9332,6155,a2e8,92b1,7fbe,ca71,
9333,6155,a2e8,92b1,7fbe,eb5f,
9334,6155,a2e8,92b1,7fbe,b7ec,
9335,6155,a2e8,92b1,7fbe,e706,
9336,6155,a2e8,92b1,7fbe,9146,
9337,6155,a2e8,92b1,7fbe,57e1,
9338,6155,a2e8,92b1,7fbe,e86d,
9339,6155,a2e8,92b1,7fbe,15be,
9340,6155,a2e8,92b1,7fbe,3dcf,
9341,6155,a2e8,92b1,7fbe,a4d6,
9342,6155,a2e8,92b1,7fbe,ec9a,
9343,6155,a2e8,92b1,7fbe,5b20,
9344,6155,a2e8,92b1,7fbe,924b,
9345,6155,a2e8,92b1,7fbe,709d,
9346,6155,a2e8,92b1,7fbe,e1a4,
9347,6155,a2e8,92b1,7fbe,bcd2,
9348,6155,a2e8,92b1,7fbe,e019,
9349,6155,a2e8,92b1,7fbe,7dec,
9350,6155,a2e8,92b1,7fbe,75f8,
9351,6155,a2e8,92b1,7fbe,f605,
9352,6155,a2e8,92b1,7fbe,da1a,
9353,6155,a2e8,92b1,7fbe,2402,
9354,6155,a2e8,92b1,7fbe,ff96,
9355,6155,a2e8,92b1,7fbe,5be2,
9356,6155,a2e8,92b1,7fbe,388f,
9357,6155,a2e8,92b1,7fbe,36d2,
9358,6155,a2e8,92b1,7fbe,844c,
9359,6155,a2e8,92b1,7fbe,569f,
9360,6155,a2e8,92b1,7fbe,11c8,
9361,6155,a2e8,92b1,7fbe,a9c4,
9362,6155,a2e8,92b1,7fbe,5da2,
9363,6155,a2e8,92b1,7fbe,d36b,
9364,6155,a2e8,92b1,7fbe,b0c7,
9365,6155,a2e8,92b1,7fbe,4d38,
9366,6155,a2e8,92b1,7fbe,ac72,
9367,6155,a2e8,92b1,7fbe,377d,
9368,6155,a2e8,92b1,7fbe,f308,
9369,6155,a2e8,92b1,7fbe,f707,
9370,6155,a2e8,92b1,7fbe,1ede,
9371,6155,a2e8,92b1,7fbe,7365,
9372,6155,a2e8,92b1,7fbe,f3ce,
9373,6155,a2e8,92b1,7fbe,8dc5,
9374,6155,a2e8,92b1,7fbe,6e1e,
9375,6155,a2e8,92b1,7fbe,fa0b,
9376,6155,a2e8,92b1,7fbe,e0dd,
9377,6155,a2e8,92b1,7fbe,af4d,
9378,6155,a2e8,92b1,7fbe,14e5,
9379,6155,a2e8,92b1,7fbe,08f1,
9380,6155,a2e8,92b1,7fbe,51c6,
9381,6155,a2e8,92b1,7fbe,6de9,
9382,6155,a2e8,92b1,7fbe,3bb7,
9383,6155,a2e8,92b1,7fbe,4e1d,
9384,6155,a2e8,92b1,7fbe,51c9,
9385,6155,a2e8,92b1,7fbe,6945,
9386,6155,a2e8,92b1,7fbe,7f21,
9387,6155,a2e8,92b1,7fbe,6ed6,
9388,6155,a2e8,92b1,7fbe,b797,
9389,6155,a2e8,92b1,7fbe,8c5a,
9390,6155,a2e8,92b1,7fbe,211c,
9391,6155,a2e8,92b1,7fbe,12fd,
9392,6155,a2e8,92b1,7fbe,b2fe,
9393,6155,a2e8,92b1,7fbe,3310,
9394,6155,a2e8,92b1,7fbe,24e3,
9395,6155,a2e8,92b1,7fbe,41eb,
9396,6155,a2e8,92b1,7fbe,af47,
9397,6155,a2e8,92b1,7fbe,f909,
9398,6155,a2e8,92b1,7fbe,4543,
9399,6155,a2e8,92b1,7fbe,105b,
9400,6155,a2e8,92b1,7fbe,2e53,
9401,6155,a2e8,92b1,7fbe,8b3c,
9402,6155,a2e8,92b1,7fbe,3eda,
9403,6155,a2e8,92b1,7fbe,f06a,
9404,6155,a2e8,92b1,7fbe,07aa,
9405,6155,a2e8,92b1,7fbe,db14,
9406,6155,a2e8,92b1,7fbe,d825,
9407,6155,a2e8,92b1,7fbe,55f0,
9408,6155,a2e8,92b1,7fbe,e607,
9409,6155,a2e8,92b1,7fbe,b4be,
9410,6155,a2e8,92b1,7fbe,aff3,
9411,6155,a2e8,92b1,7fbe,31e0,
9412,6155,a2e8,92b1,7fbe,3532,
9413,6155,a2e8,92b1,7fbe,b69e,
9414,6155,a2e8,92b1,7fbe,a36e,
9415,6155,a2e8,92b1,7fbe,ecfb,
9416,6155,a2e8,92b1,7fbe,7a68,
9417,6155,a2e8,92b1,7fbe,6ded,
9418,6155,a2e8,92b1,7fbe,92a9,
9419,6155,a2e8,92b1,7fbe,a636,
9420,6155,a2e8,92b1,7fbe,2d2e,
9421,6155,a2e8,92b1,7fbe,06a4,
9422,6155,a2e8,92b1,7fbe,36ae,
9423,6155,a2e8,92b1,7fbe,7124,
9424,6155,a2e8,92b1,7fbe,8bb7,
9425,6155,a2e8,92b1,7fbe,1049,
9426,6155,a2e8,92b1,7fbe,bd9f,
9427,6155,a2e8,92b1,7fbe,852b,
9428,6155,a2e8,92b1,7fbe,9cb2,
9429,6155,a2e8,92b1,7fbe,b436,
9430,6155,a2e8,92b1,7fbe,e018,
9431,6155,a2e8,92b1,7fbe,9255,
9432,6155,a2e8,92b1,7fbe,39a5,
9433,6155,a2e8,92b1,7fbe,96ad,
9434,6155,a2e8,92b1,7fbe,e711,
9435,6155,a2e8,92b1,7fbe,ff15,
9436,6155,a2e8,92b1,7fbe,8e33,
9437,6155,a2e8,92b1,7fbe,6f19,
9438,6155,a2e8,92b1,7fbe,4a53,
9439,6155,a2e8,92b1,7fbe,8d0a,
9440,6155,a2e8,92b1,7fbe,e261,
9441,6155,a2e8,92b1,7fbe,0c12,
9442,6155,a2e8,92b1,7fbe,bfd8,
9443,6155,a2e8,92b1,7fbe,ef74,
9444,6155,a2e8,92b1,7fbe,7d52,
9445,6155,a2e8,92b1,7fbe,efd3,
9446,6155,a2e8,92b1,7fbe,c31f,
9447,6155,a2e8,92b1,7fbe,e880,
9448,6155,a2e8,92b1,7fbe,0c77,
9449,6155,a2e8,92b1,7fbe,199c,
9450,6155,a2e8,92b1,7fbe,dfe9,
9451,6155,a2e8,92b1,7fbe,fd2c,
9452,6155,a2e8,92b1,7fbe,e2ee,
9453,6155,a2e8,92b1,7fbe,7b38,
9454,6155,a2e8,92b1,7fbe,8063,
9455,6155,a2e8,92b1,7fbe,604b,
9456,6155,a2e8,92b1,7fbe,3d1b,
9457,6155,a2e8,92b1,7fbe,c44a,
9458,6155,a2e8,92b1,7fbe,f756,
9459,6155,a2e8,92b1,7fbe,6293,
9460,6155,a2e8,92b1,7fbe,f055,
9461,6155,a2e8,92b1,7fbe,9018,
9462,6155,a2e8,92b1,7fbe,606e,
9463,6155,a2e8,92b1,7fbe,f65a,
9464,6155,a2e8,92b1,7fbe,74ef,
9465,6155,a2e8,92b1,7fbe,27f9,
9466,6155,a2e8,92b1,7fbe,a121,
9467,6155,a2e8,92b1,7fbe,2242,
9468,6155,a2e8,92b1,7fbe,612d,
9469,6155,a2e8,92b1,7fbe,fa36,
9470,6155,a2e8,92b1,7fbe,301e,
9471,6155,a2e8,92b1,7fbe,b2c9,
9472,6155,a2e8,92b1,7fbe,22a6,
9473,6155,a2e8,92b1,7fbe,ea76,
9474,6155,a2e8,92b1,7fbe,f064,
9475,6155,a2e8,92b1,7fbe,1247,
9476,6155,a2e8,92b1,7fbe,5374,
9477,6155,a2e8,92b1,7fbe,14bf,
9478,6155,a2e8,92b1,7fbe,3404,
9479,6155,a2e8,92b1,7fbe,dcd0,
9480,6155,a2e8,92b1,7fbe,3078,
9481,6155,a2e8,92b1,7fbe,96cc,
9482,6155,a2e8,92b1,7fbe,c91c,
9483,6155,a2e8,92b1,7fbe,7257,
9484,6155,a2e8,92b1,7fbe,19b1,
9485,6155,a2e8,92b1,7fbe,d20d,
9486,6155,a2e8,92b1,7fbe,1640,
9487,6155,a2e8,92b1,7fbe,7cd2,
9488,6155,a2e8,92b1,7fbe,2f41,
9489,6155,a2e8,92b1,7fbe,9fea,
9490,6155,a2e8,92b1,7fbe,aa02,
9491,6155,a2e8,92b1,7fbe,5292,
9492,6155,a2e8,92b1,7fbe,407c,
9493,6155,a2e8,92b1,7fbe,4e6c,
9494,6155,a2e8,92b1,7fbe,55f1,
9495,6155,a2e8,92b1,7fbe,35ba,
9496,6155,a2e8,92b1,7fbe,8b9b,
9497,6155,a2e8,92b1,7fbe,d4fa,
9498,6155,a2e8,92b1,7fbe,f8e1,
9499,6155,a2e8,92b1,7fbe,b8ab,
9500,6155,a2e8,92b1,7fbe,8018,
9501,6155,a2e8,92b1,7fbe,a80e,
9502,6155,a2e8,92b1,7fbe,e957,
9503,6155,a2e8,92b1,7fbe,ae5f,
9504,6155,a2e8,92b1,7fbe,6c29,
9505,6155,a2e8,92b1,7fbe,feb0,
9506,6155,a2e8,92b1,7fbe,ed32,
9507,6155,a2e8,92b1,7fbe,7260,
9508,6155,a2e8,92b1,7fbe,da6d,
9509,6155,a2e8,92b1,7fbe,48a8,
9510,6155,a2e8,92b1,7fbe,d599,
9511,6155,a2e8,92b1,7fbe,560a,
9512,6155,a2e8,92b1,7fbe,5f46,
9513,6155,a2e8,92b1,7fbe,ebba,
9514,6155,a2e8,92b1,7fbe,0a20,
9515,6155,a2e8,92b1,7fbe,0a41,
9516,6155,a2e8,92b1,7fbe,f334,
9517,6155,a2e8,92b1,7fbe,79e0,
9518,6155,a2e8,92b1,7fbe,e512,
9519,6155,a2e8,92b1,7fbe,8b6f,
9520,6155,a2e8,92b1,7fbe,d53e,
9521,6155,a2e8,92b1,7fbe,79c1,
9522,6155,a2e8,92b1,7fbe,db6c,
9523,6155,a2e8,92b1,7fbe,642c,
9524,6155,a2e8,92b1,7fbe,6811,
9525,6155,a2e8,92b1,7fbe,a884,
9526,6155,a2e8,92b1,7fbe,af70,
9527,6155,a2e8,92b1,7fbe,b106,
9528,6155,a2e8,92b1,7fbe,8c38,
9529,6155,a2e8,92b1,7fbe,e775,
9530,6155,a2e8,92b1,7fbe,0e6f,
9531,6155,a2e8,92b1,7fbe,d0f0,
9532,6155,a2e8,92b1,7fbe,7fd6,
9533,6155,a2e8,92b1,7fbe,ed46,
9534,6155,a2e8,92b1,7fbe,6d64,
9535,6155,a2e8,92b1,7fbe,e403,
9536,6155,a2e8,92b1,7fbe,e4ee,
9537,6155,a2e8,92b1,7fbe,3e93,
9538,6155,a2e8,92b1,7fbe,b94e,
9539,6155,a2e8,92b1,7fbe,9347,
9540,6155,a2e8,92b1,7fbe,6aa3,
9541,6155,a2e8,92b1,7fbe,21f5,
9542,6155,a2e8,92b1,7fbe,e32f,
9543,6155,a2e8,92b1,7fbe,7871,
9544,6155,a2e8,92b1,7fbe,e51c,
9545,6155,a2e8,92b1,7fbe,d177,
9546,6155,a2e8,92b1,7fbe,b1e4,
9547,6155,a2e8,92b1,7fbe,ad37,
9548,6155,a2e8,92b1,7fbe,5ea1,
9549,6155,a2e8,92b1,7fbe,8a45,
9550,6155,a2e8,92b1,7fbe,cd02,
9551,6155,a2e8,92b1,7fbe,8b5d,
9552,6155,a2e8,92b1,7fbe,05ed,
9553,6155,a2e8,92b1,7fbe,36bb,
9554,6155,a2e8,92b1,7fbe,df6b,
9555,6155,a2e8,92b1,7fbe,05ba,
9556,6155,a2e8,92b1,7fbe,56be,
9557,6155,a2e8,92b1,7fbe,44ca,
9558,6155,a2e8,92b1,7fbe,26a8,
9559,6155,a2e8,92b1,7fbe,f180,
9560,6155,a2e8,92b1,7fbe,ed54,
9561,6155,a2e8,92b1,7fbe,7c99,
9562,6155,a2e8,92b1,7fbe,5f49,
9563,6155,a2e8,92b1,7fbe,a387,
9564,6155,a2e8,92b1,7fbe,69d3,
9565,6155,a2e8,92b1,7fbe,5fa7,
9566,6155,a2e8,92b1,7fbe,6212,
9567,6155,a2e8,92b1,7fbe,e59c,
9568,6155,a2e8,92b1,7fbe,a282,
9569,6155,a2e8,92b1,7fbe,5485,
9570,6155,a2e8,92b1,7fbe,f550,
9571,6155,a2e8,92b1,7fbe,6038,
9572,6155,a2e8,92b1,7fbe,c4ff,
9573,6155,a2e8,92b1,7fbe,4ec0,
9574,6155,a2e8,92b1,7fbe,3351,
9575,6155,a2e8,92b1,7fbe,facc,
9576,6155,a2e8,92b1,7fbe,a8ca,
9577,6155,a2e8,92b1,7fbe,ab26,
9578,6155,a2e8,92b1,7fbe,14a6,
9579,6155,a2e8,92b1,7fbe,66a0,
9580,6155,a2e8,92b1,7fbe,d819,
9581,6155,a2e8,92b1,7fbe,6628,
9582,6155,a2e8,92b1,7fbe,2328,
9583,6155,a2e8,92b1,7fbe,d00b,
9584,6155,a2e8,92b1,7fbe,8c71,
9585,6155,a2e8,92b1,7fbe,1139,
9586,6155,a2e8,92b1,7fbe,c894,
9587,6155,a2e8,92b1,7fbe,1da3,
9588,6155,a2e8,92b1,7fbe,4932,
9589,6155,a2e8,92b1,7fbe,8953,
9590,6155,a2e8,92b1,7fbe,e84d,
9591,6155,a2e8,92b1,7fbe,bcd5,
9592,6155,a2e8,92b1,7fbe,293e,
9593,6155,a2e8,92b1,7fbe,b049,
9594,6155,a2e8,92b1,7fbe,fa26,
9595,6155,a2e8,92b1,7fbe,be38,
9596,6155,a2e8,92b1,7fbe,91dc,
9597,6155,a2e8,92b1,7fbe,c907,
9598,6155,a2e8,92b1,7fbe,3b5c,
9599,6155,a2e8,92b1,7fbe,3ffa,
9600,6155,a2e8,92b1,7fbe,3412,
9601,6155,a2e8,92b1,7fbe,ab38,
9602,6155,a2e8,92b1,7fbe,12e5,
9603,6155,a2e8,92b1,7fbe,20e7,
9604,6155,a2e8,92b1,7fbe,b747,
9605,6155,a2e8,92b1,7fbe,02bf,
9606,6155,a2e8,92b1,7fbe,4886,
9607,6155,a2e8,92b1,7fbe,4c23,
9608,6155,a2e8,92b1,7fbe,8311,
9609,6155,a2e8,92b1,7fbe,8251,
9610,6155,a2e8,92b1,7fbe,2da6,
9611,6155,a2e8,92b1,7fbe,3b3a,
9612,6155,a2e8,92b1,7fbe,2430,
9613,6155,a2e8,92b1,7fbe,87ed,
9614,6155,a2e8,92b1,7fbe,5db4,
9615,6155,a2e8,92b1,7fbe,f0c1,
9616,6155,a2e8,92b1,7fbe,1640,
9617,6155,a2e8,92b1,7fbe,3569,
9618,6155,a2e8,92b1,7fbe,125d,
9619,6155,a2e8,92b1,7fbe,90f6,
9620,6155,a2e8,92b1,7fbe,dfb1,
9621,6155,a2e8,92b1,7fbe,3bed,
9622,6155,a2e8,92b1,7fbe,33b6,
9623,6155,a2e8,92b1,7fbe,9b1b,
9624,6155,a2e8,92b1,7fbe,7d4b,
9625,6155,a2e8,92b1,7fbe,438a,
9626,6155,a2e8,92b1,7fbe,16af,
9627,6155,a2e8,92b1,7fbe,3b08,
9628,6155,a2e8,92b1,7fbe,b8fa,
9629,6155,a2e8,92b1,7fbe,4559,
9630,6155,a2e8,92b1,7fbe,92bb,
9631,6155,a2e8,92b1,7fbe,f18c,
9632,6155,a2e8,92b1,7fbe,e250,
9633,6155,a2e8,92b1,7fbe,31f3,
9634,6155,a2e8,92b1,7fbe,4b68,
9635,6155,a2e8,92b1,7fbe,ce3d,
9636,6155,a2e8,92b1,7fbe,68ed,
9637,6155,a2e8,92b1,7fbe,9c0c,
9638,6155,a2e8,92b1,7fbe,1970,
9639,6155,a2e8,92b1,7fbe,21b6,
9640,6155,a2e8,92b1,7fbe,ea59,
9641,6155,a2e8,92b1,7fbe,1065,
9642,6155,a2e8,92b1,7fbe,01e8,
9643,6155,a2e8,92b1,7fbe,bd01,
9644,6155,a2e8,92b1,7fbe,cdaf,
9645,6155,a2e8,92b1,7fbe,3770,
9646,6155,a2e8,92b1,7fbe,c0cd,
9647,6155,a2e8,92b1,7fbe,135b,
9648,6155,a2e8,92b1,7fbe,bbe4,
9649,6155,a2e8,92b1,7fbe,f948,
9650,6155,a2e8,92b1,7fbe,412a,
9651,6155,a2e8,92b1,7fbe,321e,
9652,6155,a2e8,92b1,7fbe,5352,
9653,6155,a2e8,92b1,7fbe,0927,
9654,6155,a2e8,92b1,7fbe,ac13,
9655,6155,a2e8,92b1,7fbe,e1ad,
9656,6155,a2e8,92b1,7fbe,d120,
9657,6155,a2e8,92b1,7fbe,3fff,
9658,6155,a2e8,92b1,7fbe,44b6,
9659,6155,a2e8,92b1,7fbe,9812,
9660,6155,a2e8,92b1,7fbe,b554,
9661,6155,a2e8,92b1,7fbe,26f9,
9662,6155,a2e8,92b1,7fbe,6e16,
9663,6155,a2e8,92b1,7fbe,b5a5,
9664,6155,a2e8,92b1,7fbe,d8d1,
9665,6155,a2e8,92b1,7fbe,8dca,
9666,6155,a2e8,92b1,7fbe,eb7e,
9667,6155,a2e8,92b1,7fbe,78c9,
9668,6155,a2e8,92b1,7fbe,6c0a,
9669,6155,a2e8,92b1,7fbe,38c6,
9670,6155,a2e8,92b1,7fbe,803f,
9671,6155,a2e8,92b1,7fbe,2882,
9672,6155,a2e8,92b1,7fbe,ab8a,
9673,6155,a2e8,92b1,7fbe,662c,
9674,6155,a2e8,92b1,7fbe,3644,
9675,6155,a2e8,92b1,7fbe,dce9,
9676,6155,a2e8,92b1,7fbe,cdab,
9677,6155,a2e8,92b1,7fbe,dadf,
9678,6155,a2e8,92b1,7fbe,f309,
9679,6155,a2e8,92b1,7fbe,4b91,
9680,6155,a2e8,92b1,7fbe,b7ff,
9681,6155,a2e8,92b1,7fbe,d9d1,
9682,6155,a2e8,92b1,7fbe,34f4,
9683,6155,a2e8,92b1,7fbe,a287,
9684,6155,a2e8,92b1,7fbe,4525,
9685,6155,a2e8,92b1,7fbe,eaee,
9686,6155,a2e8,92b1,7fbe,b642,
9687,6155,a2e8,92b1,7fbe,9e2f,
9688,6155,a2e8,92b1,7fbe,0708,
9689,6155,a2e8,92b1,7fbe,e959,
9690,6155,a2e8,92b1,7fbe,ccf8,
9691,6155,a2e8,92b1,7fbe,3747,
9692,6155,a2e8,92b1,7fbe,3181,
9693,6155,a2e8,92b1,7fbe,2e47,
9694,6155,a2e8,92b1,7fbe,913f,
9695,6155,a2e8,92b1,7fbe,863a,
9696,6155,a2e8,92b1,7fbe,e509,
9697,6155,a2e8,92b1,7fbe,7dde,
9698,6155,a2e8,92b1,7fbe,5249,
9699,6155,a2e8,92b1,7fbe,db52,
9700,6155,a2e8,92b1,7fbe,f736,
9701,6155,a2e8,92b1,7fbe,2559,
9702,6155,a2e8,92b1,7fbe,466a,
9703,6155,a2e8,92b1,7fbe,691d,
9704,6155,a2e8,92b1,7fbe,0ebe,
9705,6155,a2e8,92b1,7fbe,0bc8,
9706,6155,a2e8,92b1,7fbe,307a,
9707,6155,a2e8,92b1,7fbe,2c03,
9708,6155,a2e8,92b1,7fbe,cf1d,
9709,6155,a2e8,92b1,7fbe,c84a,
9710,6155,a2e8,92b1,7fbe,372a,
9711,6155,a2e8,92b1,7fbe,d756,
9712,6155,a2e8,92b1,7fbe,7006,
9713,6155,a2e8,92b1,7fbe,2dd7,
9714,6155,a2e8,92b1,7fbe,b33e,
9715,6155,a2e8,92b1,7fbe,ef8a,
9716,6155,a2e8,92b1,7fbe,950c,
9717,6155,a2e8,92b1,7fbe,6dc9,
9718,6155,a2e8,92b1,7fbe,a06d,
9719,6155,a2e8,92b1,7fbe,74dd,
9720,6155,a2e8,92b1,7fbe,c0e5,
9721,6155,a2e8,92b1,7fbe,5f80,
9722,6155,a2e8,92b1,7fbe,35d8,
9723,6155,a2e8,92b1,7fbe,33f5,
9724,6155,a2e8,92b1,7fbe,5631,
9725,6155,a2e8,92b1,7fbe,7db5,
9726,6155,a2e8,92b1,7fbe,885d,
9727,6155,a2e8,92b1,7fbe,b568,
9728,6155,a2e8,92b1,7fbe,f354,
9729,6155,a2e8,92b1,7fbe,50b5,
9730,6155,a2e8,92b1,7fbe,6785,
9731,6155,a2e8,92b1,7fbe,cc18,
9732,6155,a2e8,92b1,7fbe,c1ac,
9733,6155,a2e8,92b1,7fbe,42c8,
9734,6155,a2e8,92b1,7fbe,bc22,
9735,6155,a2e8,92b1,7fbe,02f8,
9736,6155,a2e8,92b1,7fbe,2479,
9737,6155,a2e8,92b1,7fbe,7d5c,
9738,6155,a2e8,92b1,7fbe,2d20,
9739,6155,a2e8,92b1,7fbe,9dbd,
9740,6155,a2e8,92b1,7fbe,f153,
9741,6155,a2e8,92b1,7fbe,ad56,
9742,6155,a2e8,92b1,7fbe,ddd7,
9743,6155,a2e8,92b1,7fbe,b46c,
9744,6155,a2e8,92b1,7fbe,361a,
9745,6155,a2e8,92b1,7fbe,5723,
9746,6155,a2e8,92b1,7fbe,0c4f,
9747,6155,a2e8,92b1,7fbe,36a7,
9748,6155,a2e8,92b1,7fbe,7f9c,
9749,6155,a2e8,92b1,7fbe,f19d,
9750,6155,a2e8,92b1,7fbe,6eb3,
9751,6155,a2e8,92b1,7fbe,d4cb,
9752,6155,a2e8,92b1,7fbe,2d24,
9753,6155,a2e8,92b1,7fbe,6408,
9754,6155,a2e8,92b1,7fbe,1d4b,
9755,6155,a2e8,92b1,7fbe,75d8,
9756,6155,a2e8,92b1,7fbe,7617,
9757,6155,a2e8,92b1,7fbe,a8cb,
9758,6155,a2e8,92b1,7fbe,10c8,
9759,6155,a2e8,92b1,7fbe,e329,
9760,6155,a2e8,92b1,7fbe,2af0,
9761,6155,a2e8,92b1,7fbe,0a0d,
9762,6155,a2e8,92b1,7fbe,c1f4,
9763,6155,a2e8,92b1,7fbe,b535,
9764,6155,a2e8,92b1,7fbe,8fe3,
9765,6155,a2e8,92b1,7fbe,c73e,
9766,6155,a2e8,92b1,7fbe,7111,
9767,6155,a2e8,92b1,7fbe,76d8,
9768,6155,a2e8,92b1,7fbe,9aef,
9769,6155,a2e8,92b1,7fbe,a5b2,
9770,6155,a2e8,92b1,7fbe,bd94,
9771,6155,a2e8,92b1,7fbe,b8c2,
9772,6155,a2e8,92b1,7fbe,d3ad,
9773,6155,a2e8,92b1,7fbe,d9b7,
9774,6155,a2e8,92b1,7fbe,3b15,
9775,6155,a2e8,92b1,7fbe,841f,
9776,6155,a2e8,92b1,7fbe,31a5,
9777,6155,a2e8,92b1,7fbe,6e44,
9778,6155,a2e8,92b1,7fbe,a5c0,
9779,6155,a2e8,92b1,7fbe,8446,
9780,6155,a2e8,92b1,7fbe,f716,
9781,6155,a2e8,92b1,7fbe,d3c3,
9782,6155,a2e8,92b1,7fbe,582e,
9783,6155,a2e8,92b1,7fbe,52f3,
9784,6155,a2e8,92b1,7fbe,5d2b,
9785,6155,a2e8,92b1,7fbe,dcae,
9786,6155,a2e8,92b1,7fbe,c6ec,
9787,6155,a2e8,92b1,7fbe,e04c,
9788,6155,a2e8,92b1,7fbe,b6f9,
9789,6155,a2e8,92b1,7fbe,099f,
9790,6155,a2e8,92b1,7fbe,d4ed,
9791,6155,a2e8,92b1,7fbe,eda2,
9792,6155,a2e8,92b1,7fbe,e157,
9793,6155,a2e8,92b1,7fbe,ad16,
9794,6155,a2e8,92b1,7fbe,7728,
9795,6155,a2e8,92b1,7fbe,4ccf,
9796,6155,a2e8,92b1,7fbe,0cfd,
9797,6155,a2e8,92b1,7fbe,17bd,
9798,6155,a2e8,92b1,7fbe,fa02,
9799,6155,a2e8,92b1,7fbe,45d6,
9800,6155,a2e8,92b1,7fbe,ee93,
9801,6155,a2e8,92b1,7fbe,8be5,
9802,6155,a2e8,92b1,7fbe,bd56,
9803,6155,a2e8,92b1,7fbe,e011,
9804,6155,a2e8,92b1,7fbe,9d9e,
9805,6155,a2e8,92b1,7fbe,e3e3,
9806,6155,a2e8,92b1,7fbe,8dd1,
9807,6155,a2e8,92b1,7fbe,d9ba,
9808,6155,a2e8,92b1,7fbe,3f29,
9809,6155,a2e8,92b1,7fbe,f646,
9810,6155,a2e8,92b1,7fbe,a91b,
9811,6155,a2e8,92b1,7fbe,67a9,
9812,6155,a2e8,92b1,7fbe,67f7,
9813,6155,a2e8,92b1,7fbe,fa59,
9814,6155,a2e8,92b1,7fbe,eb3f,
9815,6155,a2e8,92b1,7fbe,c69f,
9816,6155,a2e8,92b1,7fbe,21cb,
9817,6155,a2e8,92b1,7fbe,845a,
9818,6155,a2e8,92b1,7fbe,a8c5,
9819,6155,a2e8,92b1,7fbe,525a,
9820,6155,a2e8,92b1,7fbe,967b,
9821,6155,a2e8,92b1,7fbe,8aa3,
9822,6155,a2e8,92b1,7fbe,db15,
9823,6155,a2e8,92b1,7fbe,bb45,
9824,6155,a2e8,92b1,7fbe,40c5,
9825,6155,a2e8,92b1,7fbe,0d16,
9826,6155,a2e8,92b1,7fbe,e6e2,
9827,6155,a2e8,92b1,7fbe,b871,
9828,6155,a2e8,92b1,7fbe,4694,
9829,6155,a2e8,92b1,7fbe,4735,
9830,6155,a2e8,92b1,7fbe,c7de,
9831,6155,a2e8,92b1,7fbe,b910,
9832,6155,a2e8,92b1,7fbe,e691,
9833,6155,a2e8,92b1,7fbe,2e77,
9834,6155,a2e8,92b1,7fbe,ce6c,
9835,6155,a2e8,92b1,7fbe,8dd5,
9836,6155,a2e8,92b1,7fbe,de93,
9837,6155,a2e8,92b1,7fbe,c287,
9838,6155,a2e8,92b1,7fbe,043a,
9839,6155,a2e8,92b1,7fbe,aa88,
9840,6155,a2e8,92b1,7fbe,930c,
9841,6155,a2e8,92b1,7fbe,f7e7,
9842,6155,a2e8,92b1,7fbe,2094,
9843,6155,a2e8,92b1,7fbe,40d3,
9844,6155,a2e8,92b1,7fbe,2930,
9845,6155,a2e8,92b1,7fbe,f48c,
9846,6155,a2e8,92b1,7fbe,d61b,
9847,6155,a2e8,92b1,7fbe,635d,
9848,6155,a2e8,92b1,7fbe,7e76,
9849,6155,a2e8,92b1,7fbe,38bc,
9850,6155,a2e8,92b1,7fbe,19ef,
9851,6155,a2e8,92b1,7fbe,6382,
9852,6155,a2e8,92b1,7fbe,4c96,
9853,6155,a2e8,92b1,7fbe,1524,
9854,6155,a2e8,92b1,7fbe,9618,
9855,6155,a2e8,92b1,7fbe,a18c,
9856,6155,a2e8,92b1,7fbe,209c,
9857,6155,a2e8,92b1,7fbe,d359,
9858,6155,a2e8,92b1,7fbe,f9c9,
9859,6155,a2e8,92b1,7fbe,68b5,
9860,6155,a2e8,92b1,7fbe,f220,
9861,6155,a2e8,92b1,7fbe,434a,
9862,6155,a2e8,92b1,7fbe,b963,
9863,6155,a2e8,92b1,7fbe,069a,
9864,6155,a2e8,92b1,7fbe,cce1,
9865,6155,a2e8,92b1,7fbe,0e93,
9866,6155,a2e8,92b1,7fbe,8df2,
9867,6155,a2e8,92b1,7fbe,850a,
9868,6155,a2e8,92b1,7fbe,7f74,
9869,6155,a2e8,92b1,7fbe,ca86,
9870,6155,a2e8,92b1,7fbe,1ba7,
9871,6155,a2e8,92b1,7fbe,e2f8,
9872,6155,a2e8,92b1,7fbe,9b8f,
9873,6155,a2e8,92b1,7fbe,e2e5,
9874,6155,a2e8,92b1,7fbe,298a,
9875,6155,a2e8,92b1,7fbe,206a,
9876,6155,a2e8,92b1,7fbe,4dde,
9877,6155,a2e8,92b1,7fbe,43db,
9878,6155,a2e8,92b1,7fbe,aae7,
9879,6155,a2e8,92b1,7fbe,7a70,
9880,6155,a2e8,92b1,7fbe,558f,
9881,6155,a2e8,92b1,7fbe,a4eb,
9882,6155,a2e8,92b1,7fbe,462f,
9883,6155,a2e8,92b1,7fbe,3324,
9884,6155,a2e8,92b1,7fbe,ce1e,
9885,6155,a2e8,92b1,7fbe,5aa3,
9886,6155,a2e8,92b1,7fbe,2717,
9887,6155,a2e8,92b1,7fbe,77c1,
9888,6155,a2e8,92b1,7fbe,b37d,
9889,6155,a2e8,92b1,7fbe,e96b,
9890,6155,a2e8,92b1,7fbe,6f17,
9891,6155,a2e8,92b1,7fbe,6235,
9892,6155,a2e8,92b1,7fbe,2649,
9893,6155,a2e8,92b1,7fbe,c918,
9894,6155,a2e8,92b1,7fbe,0432,
9895,6155,a2e8,92b1,7fbe,7110,
9896,6155,a2e8,92b1,7fbe,163b,
9897,6155,a2e8,92b1,7fbe,f673,
9898,6155,a2e8,92b1,7fbe,f9c5,
9899,6155,a2e8,92b1,7fbe,772b,
9900,6155,a2e8,92b1,7fbe,6214,
9901,6155,a2e8,92b1,7fbe,62ac,
9902,6155,a2e8,92b1,7fbe,addc,
9903,6155,a2e8,92b1,7fbe,0cc0,
9904,6155,a2e8,92b1,7fbe,8fca,
9905,6155,a2e8,92b1,7fbe,b105,
9906,6155,a2e8,92b1,7fbe,3273,
9907,6155,a2e8,92b1,7fbe,bda1,
9908,6155,a2e8,92b1,7fbe,c812,
9909,6155,a2e8,92b1,7fbe,33f1,
9910,6155,a2e8,92b1,7fbe,f38f,
9911,6155,a2e8,92b1,7fbe,d83b,
9912,6155,a2e8,92b1,7fbe,77ca,
9913,6155,a2e8,92b1,7fbe,906f,
9914,6155,a2e8,92b1,7fbe,fb80,
9915,6155,a2e8,92b1,7fbe,421d,
9916,6155,a2e8,92b1,7fbe,ca6a,
9917,6155,a2e8,92b1,7fbe,adc3,
9918,6155,a2e8,92b1,7fbe,3757,
9919,6155,a2e8,92b1,7fbe,e338,
9920,6155,a2e8,92b1,7fbe,5185,
9921,6155,a2e8,92b1,7fbe,8468,
9922,6155,a2e8,92b1,7fbe,50d9,
9923,6155,a2e8,92b1,7fbe,cc20,
9924,6155,a2e8,92b1,7fbe,2c8e,
9925,6155,a2e8,92b1,7fbe,7297,
9926,6155,a2e8,92b1,7fbe,74fc,
9927,6155,a2e8,92b1,7fbe,689c,
9928,6155,a2e8,92b1,7fbe,dbda,
9929,6155,a2e8,92b1,7fbe,4a10,
9930,6155,a2e8,92b1,7fbe,f7a8,
9931,6155,a2e8,92b1,7fbe,81a8,
9932,6155,a2e8,92b1,7fbe,965c,
9933,6155,a2e8,92b1,7fbe,9fdb,
9934,6155,a2e8,92b1,7fbe,d11b,
9935,6155,a2e8,92b1,7fbe,65bd,
9936,6155,a2e8,92b1,7fbe,1b85,
9937,6155,a2e8,92b1,7fbe,9324,
9938,6155,a2e8,92b1,7fbe,320e,
9939,6155,a2e8,92b1,7fbe,6cfc,
9940,6155,a2e8,92b1,7fbe,2400,
9941,6155,a2e8,92b1,7fbe,c17a,
9942,6155,a2e8,92b1,7fbe,c0c2,
9943,6155,a2e8,92b1,7fbe,1a0c,
9944,6155,a2e8,92b1,7fbe,aedb,
9945,6155,a2e8,92b1,7fbe,1dc7,
9946,6155,a2e8,92b1,7fbe,7565,
9947,6155,a2e8,92b1,7fbe,daad,
9948,6155,a2e8,92b1,7fbe,e6a5,
9949,6155,a2e8,92b1,7fbe,78f2,
9950,6155,a2e8,92b1,7fbe,836a,
9951,6155,a2e8,92b1,7fbe,c9c5,
9952,6155,a2e8,92b1,7fbe,0e31,
9953,6155,a2e8,92b1,7fbe,07a4,
9954,6155,a2e8,92b1,7fbe,a309,
9955,6155,a2e8,92b1,7fbe,9f6d,
9956,6155,a2e8,92b1,7fbe,1feb,
9957,6155,a2e8,92b1,7fbe,2728,
9958,6155,a2e8,92b1,7fbe,486a,
9959,6155,a2e8,92b1,7fbe,48f7,
9960,6155,a2e8,92b1,7fbe,0274,
9961,6155,a2e8,92b1,7fbe,adf2,
9962,6155,a2e8,92b1,7fbe,a759,
9963,6155,a2e8,92b1,7fbe,5f51,
9964,6155,a2e8,92b1,7fbe,4cd1,
9965,6155,a2e8,92b1,7fbe,1138,
9966,6155,a2e8,92b1,7fbe,fc28,
9967,6155,a2e8,92b1,7fbe,5913,
9968,6155,a2e8,92b1,7fbe,6310,
9969,6155,a2e8,92b1,7fbe,932c,
9970,6155,a2e8,92b1,7fbe,cc3c,
9971,6155,a2e8,92b1,7fbe,7431,
9972,6155,a2e8,92b1,7fbe,3193,
9973,6155,a2e8,92b1,7fbe,2e7d,
9974,6155,a2e8,92b1,7fbe,df42,
9975,6155,a2e8,92b1,7fbe,6e67,
9976,6155,a2e8,92b1,7fbe,a646,
9977,6155,a2e8,92b1,7fbe,92b7,
9978,6155,a2e8,92b1,7fbe,9c49,
9979,6155,a2e8,92b1,7fbe,cb36,
9980,6155,a2e8,92b1,7fbe,f26b,
9981,6155,a2e8,92b1,7fbe,b934,
9982,6155,a2e8,92b1,7fbe,d84e,
9983,6155,a2e8,92b1,7fbe,4317,
9984,6155,a2e8,92b1,7fbe,ac00,
9985,6155,a2e8,92b1,7fbe,a741,
9986,6155,a2e8,92b1,7fbe,cd2d,
9987,6155,a2e8,92b1,7fbe,de92,
9988,6155,a2e8,92b1,7fbe,1276,
9989,6155,a2e8,92b1,7fbe,ab79,
9990,6155,a2e8,92b1,7fbe,ddda,
9991,6155,a2e8,92b1,7fbe,bb53,
9992,6155,a2e8,92b1,7fbe,c99e,
9993,6155,a2e8,92b1,7fbe,799c,
9994,6155,a2e8,92b1,7fbe,e2e1,
9995,6155,a2e8,92b1,7fbe,6881,
9996,6155,a2e8,92b1,7fbe,559e,
9997,6155,a2e8,92b1,7fbe,61bc,
9998,6155,a2e8,92b1,7fbe,e231,
9999,6155,a2e8,92b1,7fbe,9215,
10000,6155,a2e8,92b1,7fbe,1659,
